time_preceding,time_following,callsign_preceding,callsign_following,X_pre,Y_pre,X_fol,Y_fol,distance_nm
04:01:23:438,04:01:24:789,RYR82GJ,RYR1FB,28.189831088876414,9.403146061838717,17.64150406638069,10.230940333570665,10.580758305992331
04:01:24:789,04:01:27:438,RYR1FB,RYR82GJ,17.64150406638069,10.230940333570665,28.451345875759745,9.26288733189064,10.85310124148214
04:01:27:438,04:01:28:758,RYR82GJ,RYR1FB,28.451345875759745,9.26288733189064,17.763250594086678,10.290640997548516,10.737395324164762
04:03:47:234,04:03:48:617,RYR1FB,VLG6152,25.311359808323434,10.075825222834451,17.580776571465258,10.207406117530038,7.731702963373692
04:03:48:617,04:03:51:227,VLG6152,RYR1FB,17.580776571465258,10.207406117530038,25.57480076223676,10.049305288852771,7.995587447753191
04:03:51:227,04:03:52:578,RYR1FB,VLG6152,25.57480076223676,10.049305288852771,17.700124366235805,10.257117768663036,7.877418001382145
04:03:52:578,04:03:55:219,VLG6152,RYR1FB,17.700124366235805,10.257117768663036,25.842082277457735,10.073331342892391,8.144031930095002
04:03:55:219,04:03:56:547,RYR1FB,VLG6152,25.842082277457735,10.073331342892391,17.833851015408133,10.324034160727582,8.012154507330663
04:03:56:547,04:03:59:203,VLG6152,RYR1FB,17.833851015408133,10.324034160727582,26.10882816249936,10.126701906348735,8.277329690395346
04:03:59:203,04:04:00:484,RYR1FB,VLG6152,26.10882816249936,10.126701906348735,17.979265860403416,10.388316702304827,8.13377068309174
04:04:00:484,04:04:03:188,VLG6152,RYR1FB,17.979265860403416,10.388316702304827,26.37278726317664,10.198127001534234,8.395675890664872
04:04:03:188,04:04:04:398,RYR1FB,VLG6152,26.37278726317664,10.198127001534234,18.13827063087476,10.464179157935392,8.238813501808497
04:04:04:398,04:04:07:172,VLG6152,RYR1FB,18.13827063087476,10.464179157935392,26.623944302576287,10.310224602096133,8.4870701462797
04:04:07:172,04:04:08:281,RYR1FB,VLG6152,26.623944302576287,10.310224602096133,18.299689460488548,10.540400296032882,8.327436551910825
04:04:08:281,04:04:11:156,VLG6152,RYR1FB,18.299689460488548,10.540400296032882,26.871045520578416,10.44801754119807,8.571853899958292
04:04:11:156,04:04:12:117,RYR1FB,VLG6152,26.871045520578416,10.44801754119807,18.45334404715645,10.60861942914758,8.419233401092008
04:04:12:117,04:04:15:141,VLG6152,RYR1FB,18.45334404715645,10.60861942914758,27.112153478008985,10.59943057989549,8.658814306518613
04:04:15:141,04:04:15:914,RYR1FB,VLG6152,27.112153478008985,10.59943057989549,18.609038059278696,10.674845352632188,8.50344984181101
04:04:15:914,04:04:19:117,VLG6152,RYR1FB,18.609038059278696,10.674845352632188,27.36572254624076,10.750848944556047,8.757014317116731
04:04:19:117,04:04:19:688,RYR1FB,VLG6152,27.36572254624076,10.750848944556047,18.758151467278616,10.748298522194078,8.607571456807069
04:04:19:688,04:04:23:102,VLG6152,RYR1FB,18.758151467278616,10.748298522194078,27.628341326008474,10.900707229470076,8.871499114803967
04:04:23:102,04:04:23:500,RYR1FB,VLG6152,27.628341326008474,10.900707229470076,18.9178677549617,10.801361313886934,8.711040089613144
04:04:23:500,04:04:27:086,VLG6152,RYR1FB,18.9178677549617,10.801361313886934,27.88762600270628,11.048822544590832,8.973171127515812
04:04:27:086,04:04:27:375,RYR1FB,VLG6152,27.88762600270628,11.048822544590832,19.08820920668675,10.837574634443628,8.801952148791324
04:04:27:375,04:04:31:078,VLG6152,RYR1FB,19.08820920668675,10.837574634443628,28.1520133184978,11.195199558488662,9.07085666095442
04:04:31:078,04:04:31:305,RYR1FB,VLG6152,28.1520133184978,11.195199558488662,19.26244797333448,10.8538492621502,8.896116683741226
04:04:31:305,04:04:35:063,VLG6152,RYR1FB,19.26244797333448,10.8538492621502,28.418156292921743,11.34115538331978,9.168667410757616
04:04:35:063,04:04:35:258,RYR1FB,VLG6152,28.418156292921743,11.34115538331978,19.452549780563967,10.845523659353718,8.979295681746635
04:04:35:258,04:04:39:047,VLG6152,RYR1FB,19.452549780563967,10.845523659353718,28.689843760746808,11.486256518176113,9.259489115102241
04:04:39:047,04:04:39:234,RYR1FB,VLG6152,28.689843760746808,11.486256518176113,19.64027855420517,10.835329881603409,9.07294527227233
04:04:39:234,04:04:43:031,VLG6152,RYR1FB,19.64027855420517,10.835329881603409,28.9633376659992,11.630903879314896,9.356942299054769
04:04:43:031,04:04:43:211,RYR1FB,VLG6152,28.9633376659992,11.630903879314896,19.833281017540436,10.821932331886073,9.165826169452238
04:04:43:211,04:04:47:016,VLG6152,RYR1FB,19.833281017540436,10.821932331886073,29.227891670587404,11.771862258884337,9.442514293796462
04:04:47:016,04:04:47:195,RYR1FB,VLG6152,29.227891670587404,11.771862258884337,20.03712796452657,10.80410276840172,9.241574321081028
04:04:47:195,04:04:51:008,VLG6152,RYR1FB,20.03712796452657,10.80410276840172,29.502500805233847,11.911500222566676,9.52993243077253
04:04:51:008,04:04:51:180,RYR1FB,VLG6152,29.502500805233847,11.911500222566676,20.23600877029273,10.784321230726324,9.334795504630693
04:04:51:180,04:04:54:992,VLG6152,RYR1FB,20.23600877029273,10.784321230726324,29.7761542754502,12.050841289270307,9.623847947586793
04:04:54:992,04:04:55:164,RYR1FB,VLG6152,29.7761542754502,12.050841289270307,20.44155417310879,10.75937693132395,9.423515228325257
04:04:55:164,04:04:58:984,VLG6152,RYR1FB,20.44155417310879,10.75937693132395,30.048243318146685,12.190455625149427,9.712695946919688
04:04:58:984,04:04:59:164,RYR1FB,VLG6152,30.048243318146685,12.190455625149427,20.661973306685105,10.72969288843598,9.499257471036014
04:04:59:164,04:05:02:977,VLG6152,RYR1FB,20.661973306685105,10.72969288843598,30.323098504621186,12.330342192427718,9.792824836816223
04:05:02:977,04:05:03:156,RYR1FB,VLG6152,30.323098504621186,12.330342192427718,20.87794834201829,10.69824368423252,9.585124262865376
04:05:35:109,04:05:36:500,VLG6152,VLG9YD,22.74795210969015,10.37873713341034,17.453808632351873,10.146260597665824,5.299245276293144
04:05:36:500,04:05:39:102,VLG9YD,VLG6152,17.453808632351873,10.146260597665824,22.98091658413964,10.341413815280372,5.530552150469324
04:05:39:102,04:05:40:477,VLG6152,VLG9YD,22.98091658413964,10.341413815280372,17.56003240732852,10.200258201899816,5.422721656658212
04:05:40:477,04:05:43:094,VLG9YD,VLG6152,17.56003240732852,10.200258201899816,23.214520781945712,10.305379960263886,5.655465441744164
04:05:43:094,04:05:44:438,VLG6152,VLG9YD,23.214520781945712,10.305379960263886,17.69221736777747,10.25884495371539,5.522499479852279
04:05:44:438,04:05:47:086,VLG9YD,VLG6152,17.69221736777747,10.25884495371539,23.45182259747053,10.270238603898234,5.759616499140559
04:05:47:086,04:05:48:391,VLG6152,VLG9YD,23.45182259747053,10.270238603898234,17.84083149673111,10.328569368637302,5.611294290151965
04:05:48:391,04:05:51:078,VLG9YD,VLG6152,17.84083149673111,10.328569368637302,23.681922889844863,10.237009224268544,5.841808959795279
04:05:51:078,04:05:52:320,VLG6152,VLG9YD,23.681922889844863,10.237009224268544,18.010621279928838,10.405311184710458,5.673798330970593
04:05:52:320,04:05:55:070,VLG9YD,VLG6152,18.010621279928838,10.405311184710458,23.91648064533568,10.204183011800788,5.909283153302244
04:05:55:070,04:05:56:227,VLG6152,VLG9YD,23.91648064533568,10.204183011800788,18.179029369199696,10.48011347880906,5.744082587207277
04:05:56:227,04:05:59:063,VLG9YD,VLG6152,18.179029369199696,10.48011347880906,24.15123257319252,10.172580242854837,5.980116035747017
04:05:59:063,04:06:00:086,VLG6152,VLG9YD,24.15123257319252,10.172580242854837,18.346141288987543,10.555781312833355,5.81772531819656
04:06:00:086,04:06:03:063,VLG9YD,VLG6152,18.346141288987543,10.555781312833355,24.39838098964457,10.139024167654512,6.066571677007259
04:06:03:063,04:06:03:898,VLG6152,VLG9YD,24.39838098964457,10.139024167654512,18.507865409004594,10.633524470738267,5.911235433943755
04:06:03:898,04:06:07:055,VLG9YD,VLG6152,18.507865409004594,10.633524470738267,24.6465930918018,10.107241175006266,6.1612459511780004
04:06:07:055,04:06:07:672,VLG6152,VLG9YD,24.6465930918018,10.107241175006266,18.670113387983907,10.703906699710132,6.006190090108484
04:06:07:672,04:06:11:047,VLG9YD,VLG6152,18.670113387983907,10.703906699710132,24.90257960114013,10.074992576701542,6.264117501472456
04:06:11:047,04:06:11:453,VLG6152,VLG9YD,24.90257960114013,10.074992576701542,18.84303562348673,10.755929693931472,6.097683869694867
04:06:11:453,04:06:15:039,VLG9YD,VLG6152,18.84303562348673,10.755929693931472,25.16175206129504,10.04307337971046,6.358800322871736
04:06:15:039,04:06:15:297,VLG6152,VLG9YD,25.16175206129504,10.04307337971046,19.02440667581524,10.786744994618562,6.182237123524964
04:06:15:297,04:06:19:031,VLG9YD,VLG6152,19.02440667581524,10.786744994618562,25.43165555428217,10.008891489570813,6.454292700670679
04:06:19:031,04:06:19:203,VLG6152,VLG9YD,25.43165555428217,10.008891489570813,19.219653494219788,10.7936829342827,6.261379017909094
04:06:19:203,04:06:23:031,VLG9YD,VLG6152,19.219653494219788,10.7936829342827,25.704824506788,9.972832362377446,6.536913547206526
04:06:23:031,04:06:23:156,VLG6152,VLG9YD,25.704824506788,9.972832362377446,19.423087011832724,10.786589269080253,6.334226571471335
04:06:23:156,04:06:27:023,VLG9YD,VLG6152,19.423087011832724,10.786589269080253,25.977828876098474,9.938184851427364,6.609419865846849
04:06:27:023,04:06:27:117,VLG6152,VLG9YD,25.977828876098474,9.938184851427364,19.63589691781723,10.771669729865735,6.396467619401696
04:06:27:117,04:06:31:016,VLG9YD,VLG6152,19.63589691781723,10.771669729865735,26.24526220308436,9.895912246541808,6.667132865309651
04:06:31:016,04:06:31:094,VLG6152,VLG9YD,26.24526220308436,9.895912246541808,19.852140389798212,10.75168619286752,6.450143840777896
04:06:31:094,04:06:35:016,VLG9YD,VLG6152,19.852140389798212,10.75168619286752,26.51617201105568,9.82610712194635,6.728002234366955
04:06:35:016,04:06:35:070,VLG6152,VLG9YD,26.51617201105568,9.82610712194635,20.06789712696328,10.728665325985668,6.511133564326224
04:06:35:070,04:06:39:016,VLG9YD,VLG6152,20.06789712696328,10.728665325985668,26.76013795863128,9.691667315344429,6.772108403083804
04:06:39:016,04:06:39:055,VLG6152,VLG9YD,26.76013795863128,9.691667315344429,20.28612945250009,10.70272800419604,6.552482724433546
04:06:39:055,04:06:43:016,VLG9YD,VLG6152,20.28612945250009,10.70272800419604,26.996670141147877,9.56542237388095,6.806233938878674
04:06:43:016,04:06:43:039,VLG6152,VLG9YD,26.996670141147877,9.56542237388095,20.51186696670152,10.67357861366422,6.57880554987607
04:06:43:039,04:06:47:016,VLG9YD,VLG6152,20.51186696670152,10.67357861366422,27.197708222163783,9.384353342925577,6.809006909377634
04:06:47:016,04:06:47:031,VLG6152,VLG9YD,27.197708222163783,9.384353342925577,20.74131712321545,10.642083120154997,6.577755712635492
04:06:51:023,04:06:51:031,VLG9YD,VLG6152,20.97739929712136,10.608649129726798,27.377999261478124,9.17509280595378,6.55917400570784
04:06:51:031,04:06:55:016,VLG6152,VLG9YD,27.377999261478124,9.17509280595378,21.22193170809417,10.572825496879164,6.3127509373575155
04:06:55:016,04:06:55:039,VLG9YD,VLG6152,21.22193170809417,10.572825496879164,27.525603690818222,8.943126149960845,6.510929305953656
04:06:55:039,04:06:59:008,VLG6152,VLG9YD,27.525603690818222,8.943126149960845,21.46877737766688,10.535531561691576,6.2626591782558165
04:06:59:008,04:06:59:047,VLG9YD,VLG6152,21.46877737766688,10.535531561691576,27.64123830244013,8.694089193833385,6.44128743823747
04:06:59:047,04:07:03:000,VLG6152,VLG9YD,27.64123830244013,8.694089193833385,21.722170071183506,10.496954461683377,6.18754328472062
04:07:26:953,04:07:28:320,VLG9YD,RYR28RR,23.27295307277712,10.277843114160529,17.599869886685735,10.216266373019906,5.6734173591727135
04:07:28:320,04:07:30:953,RYR28RR,VLG9YD,17.599869886685735,10.216266373019906,23.52600144628712,10.24464237458659,5.926199495390654
04:07:30:953,04:07:32:281,VLG9YD,RYR28RR,23.52600144628712,10.24464237458659,17.71800960040238,10.267518124369944,5.8080368956982165
04:07:32:281,04:07:34:945,RYR28RR,VLG9YD,17.71800960040238,10.267518124369944,23.78239895894306,10.21104364883403,6.064652311416418
04:07:34:945,04:07:36:242,VLG9YD,RYR28RR,23.78239895894306,10.21104364883403,17.85180220054803,10.33000639098961,5.931789784264679
04:07:36:242,04:07:38:938,RYR28RR,VLG9YD,17.85180220054803,10.33000639098961,24.035000545020235,10.178713267787105,6.185049019709723
04:07:38:938,04:07:40:180,VLG9YD,RYR28RR,24.035000545020235,10.178713267787105,17.99436325382244,10.392565275946062,6.0444215244474035
04:07:40:180,04:07:42:930,RYR28RR,VLG9YD,17.99436325382244,10.392565275946062,24.29530636823302,10.144997852651258,6.3058047670471815
04:07:42:930,04:07:44:094,VLG9YD,RYR28RR,24.29530636823302,10.144997852651258,18.1515528647219,10.46645301761768,6.152157388671779
04:07:44:094,04:07:46:922,RYR28RR,VLG9YD,18.1515528647219,10.46645301761768,24.548640551047544,10.114092726736263,6.406784578954502
04:07:46:922,04:07:47:977,VLG9YD,RYR28RR,24.548640551047544,10.114092726736263,18.308694863665963,10.533922697633509,6.254053036706323
04:07:47:977,04:07:50:914,RYR28RR,VLG9YD,18.308694863665963,10.533922697633509,24.801283501777817,10.082468464859325,6.508265371666161
04:07:50:914,04:07:51:805,VLG9YD,RYR28RR,24.801283501777817,10.082468464859325,18.46696156206089,10.596437765274883,6.3551395639866834
04:07:51:805,04:07:54:906,RYR28RR,VLG9YD,18.46696156206089,10.596437765274883,25.05835116777989,10.05034967763152,6.613972265881256
04:07:54:906,04:07:55:602,VLG9YD,RYR28RR,25.05835116777989,10.05034967763152,18.62421019280271,10.666307160872986,6.463557356985505
04:07:55:602,04:07:58:898,RYR28RR,VLG9YD,18.62421019280271,10.666307160872986,25.313906099413717,10.030162148879874,6.719874388648331
04:07:58:898,04:07:59:383,VLG9YD,RYR28RR,25.313906099413717,10.030162148879874,18.78696308915445,10.723965307571657,6.563714488167732
04:07:59:383,04:08:02:891,RYR28RR,VLG9YD,18.78696308915445,10.723965307571657,25.5714121262828,10.037928593203974,6.819046495724472
04:08:02:891,04:08:03:203,VLG9YD,RYR28RR,25.5714121262828,10.037928593203974,18.955720567344883,10.775891111912646,6.656723179013926
04:08:03:203,04:08:06:883,RYR28RR,VLG9YD,18.955720567344883,10.775891111912646,25.834945290422283,10.11777184453301,6.910633383467512
04:08:06:883,04:08:07:078,VLG9YD,RYR28RR,25.834945290422283,10.11777184453301,19.135187760096105,10.81936167274844,6.736392153981067
04:08:07:078,04:08:10:859,RYR28RR,VLG9YD,19.135187760096105,10.81936167274844,26.09382048176803,10.202561664453327,6.985915230329959
04:08:10:859,04:08:11:000,VLG9YD,RYR28RR,26.09382048176803,10.202561664453327,19.323665246626025,10.83912078386391,6.8000153985432625
04:08:11:000,04:08:14:844,RYR28RR,VLG9YD,19.323665246626025,10.83912078386391,26.345932349351106,10.319584662416633,7.041459581898017
04:08:14:844,04:08:14:961,VLG9YD,RYR28RR,26.345932349351106,10.319584662416633,19.499969190017723,10.844006480675622,6.866019940432447
04:09:06:828,04:09:08:180,RYR28RR,RYR91MD,22.337730807431434,10.369391915667784,17.61041839423197,10.21709579946864,4.729764979256272
04:09:08:180,04:09:10:820,RYR91MD,RYR28RR,17.61041839423197,10.21709579946864,22.57515047750016,10.333615494051944,4.966099223521241
04:09:10:820,04:09:12:141,RYR28RR,RYR91MD,22.57515047750016,10.333615494051944,17.730522624074375,10.272233583007209,4.845016695243931
04:09:12:141,04:09:14:813,RYR91MD,RYR28RR,17.730522624074375,10.272233583007209,22.817265553900253,10.299589558316113,5.086816488091413
04:09:14:813,04:09:16:094,RYR28RR,RYR91MD,22.817265553900253,10.299589558316113,17.867984860267796,10.337375168405416,4.949424929897694
04:09:16:094,04:09:18:805,RYR91MD,RYR28RR,17.867984860267796,10.337375168405416,23.06355053527179,10.26675427657322,5.196045611197316
04:09:18:805,04:09:20:031,RYR28RR,RYR91MD,23.06355053527179,10.26675427657322,18.01929611384094,10.40468177487435,5.046139778376366
04:09:20:031,04:09:22:797,RYR91MD,RYR28RR,18.01929611384094,10.40468177487435,23.30977329044282,10.236016242170114,5.293165103987197
04:09:22:797,04:09:23:938,RYR28RR,RYR91MD,23.30977329044282,10.236016242170114,18.17983511407288,10.47528842111736,5.135515248638242
04:09:23:938,04:09:26:797,RYR91MD,RYR28RR,18.17983511407288,10.47528842111736,23.552517101709192,10.206050633223152,5.379423828506344
04:09:26:797,04:09:27:805,RYR28RR,RYR91MD,23.552517101709192,10.206050633223152,18.34880996638537,10.552658830975044,5.215237788727266
04:09:27:805,04:09:30:789,RYR91MD,RYR28RR,18.34880996638537,10.552658830975044,23.803086090293863,10.175610870513475,5.467293041380394
04:09:30:789,04:09:31:617,RYR28RR,RYR91MD,23.803086090293863,10.175610870513475,18.51452497877224,10.625415672941196,5.307655131089987
04:09:31:617,04:09:34:781,RYR91MD,RYR28RR,18.51452497877224,10.625415672941196,24.05358044585025,10.144998141488504,5.559850400136131
04:09:34:781,04:09:35:383,RYR28RR,RYR91MD,24.05358044585025,10.144998141488504,18.68224524304596,10.69732299435594,5.3996578228606
04:09:35:383,04:09:38:773,RYR91MD,RYR28RR,18.68224524304596,10.69732299435594,24.30021449529404,10.115239385430211,5.648043895631908
04:09:38:773,04:09:39:156,RYR28RR,RYR91MD,24.30021449529404,10.115239385430211,18.857517144706,10.75919728419996,5.480660199783051
04:09:39:156,04:09:42:766,RYR91MD,RYR28RR,18.857517144706,10.75919728419996,24.563436675014646,10.085008087393,5.7456112607318675
04:09:42:766,04:09:42:992,RYR28RR,RYR91MD,24.563436675014646,10.085008087393,19.0379582474925,10.814592711122216,5.573437500878134
04:09:42:992,04:09:46:758,RYR91MD,RYR28RR,19.0379582474925,10.814592711122216,24.827920732003815,10.057844366307105,5.839206592460044
04:09:46:758,04:09:46:891,RYR28RR,RYR91MD,24.827920732003815,10.057844366307105,19.22535554220893,10.850339621934468,5.658337691945689
04:09:46:891,04:09:50:750,RYR91MD,RYR28RR,19.22535554220893,10.850339621934468,25.099906224684528,10.030971505134472,5.93141718578308
04:09:50:750,04:09:50:836,RYR28RR,RYR91MD,25.099906224684528,10.030971505134472,19.424587060410605,10.856491021030369,5.73504403535839
04:09:50:836,04:09:54:742,RYR91MD,RYR28RR,19.424587060410605,10.856491021030369,25.376038858069705,10.005691678556616,6.011957919098695
04:09:54:742,04:09:54:805,RYR28RR,RYR91MD,25.376038858069705,10.005691678556616,19.619677256580644,10.836169724935436,5.815960167729392
04:09:54:805,04:09:58:734,RYR91MD,RYR28RR,19.619677256580644,10.836169724935436,25.65554550863422,9.977276873752247,6.096671426767386
04:09:58:734,04:09:58:789,RYR28RR,RYR91MD,25.65554550863422,9.977276873752247,19.81970014996049,10.808761371705398,5.894782228436443
04:09:58:789,04:10:02:734,RYR91MD,RYR28RR,19.81970014996049,10.808761371705398,25.946556013799796,9.946908796045737,6.18717646737454
04:10:02:734,04:10:02:781,RYR28RR,RYR91MD,25.946556013799796,9.946908796045737,20.027289770531944,10.773718344261969,5.97673212447336
04:10:02:781,04:10:06:727,RYR91MD,RYR28RR,20.027289770531944,10.773718344261969,26.241336606715763,9.91572012606022,6.273000799037372
04:10:06:727,04:10:06:773,RYR28RR,RYR91MD,26.241336606715763,9.91572012606022,20.23104528800808,10.74037413537215,6.066601682227636
04:10:06:773,04:10:10:719,RYR91MD,RYR28RR,20.23104528800808,10.74037413537215,26.53588865765115,9.8833911499382,6.3628193242504905
04:10:10:719,04:10:10:758,RYR28RR,RYR91MD,26.53588865765115,9.8833911499382,20.44418911289592,10.711631912720827,6.147746424886588
04:10:10:758,04:10:14:719,RYR91MD,RYR28RR,20.44418911289592,10.711631912720827,26.84559247017049,9.844801365183647,6.45982663394845
04:10:14:719,04:10:14:750,RYR28RR,RYR91MD,26.84559247017049,9.844801365183647,20.66929681301392,10.683791984182688,6.23301959754496
04:10:14:750,04:10:18:711,RYR91MD,RYR28RR,20.66929681301392,10.683791984182688,27.15464948878665,9.804472187954929,6.544692707315642
04:10:18:711,04:10:18:734,RYR28RR,RYR91MD,27.15464948878665,9.804472187954929,20.89861458151441,10.656047998681064,6.313727434916927
04:10:18:734,04:10:22:703,RYR91MD,RYR28RR,20.89861458151441,10.656047998681064,27.47521614062276,9.76203358189228,6.6370889586242985
04:10:22:703,04:10:22:727,RYR28RR,RYR91MD,27.47521614062276,9.76203358189228,21.13496514620261,10.626739469327424,6.398945143069339
04:10:22:727,04:10:26:695,RYR91MD,RYR28RR,21.13496514620261,10.626739469327424,27.800010381346585,9.719451152744648,6.726514704951072
04:10:26:695,04:10:26:719,RYR28RR,RYR91MD,27.800010381346585,9.719451152744648,21.37129378288642,10.596015289836105,6.488201737750773
04:10:26:719,04:10:30:688,RYR91MD,RYR28RR,21.37129378288642,10.596015289836105,28.12727194988032,9.669394634773242,6.8192277298303665
04:10:30:688,04:10:30:711,RYR28RR,RYR91MD,28.12727194988032,9.669394634773242,21.618443488731558,10.562000665895326,6.569748356174359
04:10:30:711,04:10:34:688,RYR91MD,RYR28RR,21.618443488731558,10.562000665895326,28.45230755125416,9.606894232082729,6.900284510434926
04:10:34:688,04:10:34:703,RYR28RR,RYR91MD,28.45230755125416,9.606894232082729,21.87250158928829,10.524668011990547,6.643504738329605
04:10:34:703,04:10:38:688,RYR91MD,RYR28RR,21.87250158928829,10.524668011990547,28.787392343416123,9.534873109081689,6.985371005991516
04:10:38:688,04:10:38:695,RYR28RR,RYR91MD,28.787392343416123,9.534873109081689,22.12617740760644,10.487405432719893,6.728974828949026
04:10:38:695,04:10:40:070,RYR91MD,RYR699N,22.12617740760644,10.487405432719893,17.567277219757646,10.19876187135295,4.568028680764425
04:10:40:070,04:10:42:680,RYR699N,RYR28RR,17.567277219757646,10.19876187135295,29.12210790597904,9.46472944573916,11.578122291161725
04:10:42:680,04:10:42:695,RYR28RR,RYR91MD,29.12210790597904,9.46472944573916,22.37880522602097,10.448474996115,6.814681675721468
04:10:42:695,04:10:44:031,RYR91MD,RYR699N,22.37880522602097,10.448474996115,17.683318072627348,10.251078770476488,4.699634547236717
04:10:44:031,04:10:46:672,RYR699N,RYR28RR,17.683318072627348,10.251078770476488,29.45276081152737,9.394102298627274,11.800601300677418
04:10:46:672,04:10:46:688,RYR28RR,RYR91MD,29.45276081152737,9.394102298627274,22.634971731876966,10.409353711739715,6.892966224088662
04:10:46:688,04:10:47:992,RYR91MD,RYR699N,22.634971731876966,10.409353711739715,17.81862527284371,10.316173487604754,4.817247737828315
04:10:47:992,04:10:50:672,RYR699N,RYR28RR,17.81862527284371,10.316173487604754,29.78303435880891,9.321300101528482,12.00570105535905
04:10:50:672,04:10:50:680,RYR28RR,RYR91MD,29.78303435880891,9.321300101528482,22.89169315646397,10.369189939310232,6.970556411023675
04:10:50:680,04:10:51:930,RYR91MD,RYR699N,22.89169315646397,10.369189939310232,17.969919717747015,10.380419966641798,4.921786250496214
04:10:51:930,04:10:54:664,RYR699N,RYR28RR,17.969919717747015,10.380419966641798,30.113267215358423,9.248470009031474,12.195991109962293
04:10:54:664,04:10:54:672,RYR28RR,RYR91MD,30.113267215358423,9.248470009031474,23.140882041913848,10.331413797995909,7.055984853790886
04:10:54:672,04:10:55:852,RYR91MD,RYR699N,23.140882041913848,10.331413797995909,18.12601755412635,10.452732694205036,5.016331737978418
04:10:55:852,04:10:58:656,RYR699N,RYR28RR,18.12601755412635,10.452732694205036,30.454915682334335,9.175009408115269,12.394930651340749
04:10:58:656,04:10:58:664,RYR28RR,RYR91MD,30.454915682334335,9.175009408115269,23.402345836402542,10.293618002700828,7.140730118106066
04:10:58:664,04:10:59:727,RYR91MD,RYR699N,23.402345836402542,10.293618002700828,18.290719152749976,10.526687781310178,5.116937450734565
04:10:59:727,04:11:02:656,RYR699N,RYR28RR,18.290719152749976,10.526687781310178,30.78492956272161,9.10124101065326,12.575261121130639
04:11:02:656,04:11:02:656,RYR28RR,RYR91MD,30.78492956272161,9.10124101065326,23.66364883189589,10.257189131086744,7.214489261504477
04:11:02:656,04:11:03:563,RYR91MD,RYR699N,23.66364883189589,10.257189131086744,18.456793570889243,10.592623507653183,5.217648697455122
04:11:03:563,04:11:06:656,RYR699N,RYR28RR,18.456793570889243,10.592623507653183,31.119313719464568,9.028188509309516,12.758795921916716
04:11:06:656,04:11:06:656,RYR28RR,RYR91MD,31.119313719464568,9.028188509309516,23.921312811995584,10.222792606347294,7.296457771589154
04:11:06:656,04:11:07:344,RYR91MD,RYR699N,23.921312811995584,10.222792606347294,18.625567560195417,10.662618631482909,5.313978237097947
04:11:07:344,04:11:10:648,RYR699N,RYR91MD,18.625567560195417,10.662618631482909,24.186267111825845,10.186954318008572,5.581006723039836
04:11:10:648,04:11:11:117,RYR91MD,RYR699N,24.186267111825845,10.186954318008572,18.79554178842809,10.72634127707688,5.417643196440201
04:11:11:117,04:11:14:641,RYR699N,RYR91MD,18.79554178842809,10.72634127707688,24.451237541995088,10.148988747399873,5.68508842503265
04:11:14:641,04:11:14:938,RYR91MD,RYR699N,24.451237541995088,10.148988747399873,18.97914339768511,10.777719222962537,5.5080955270486
04:11:14:938,04:11:18:641,RYR699N,RYR91MD,18.97914339768511,10.777719222962537,24.71400293335532,10.097753605254312,5.775029622013455
04:11:18:641,04:11:18:813,RYR91MD,RYR699N,24.71400293335532,10.097753605254312,19.166619577717057,10.808768737958603,5.592763593550772
04:11:18:813,04:11:22:641,RYR699N,RYR91MD,19.166619577717057,10.808768737958603,24.96417190538323,9.973938787511242,5.857350428153619
04:11:22:641,04:11:22:750,RYR91MD,RYR699N,24.96417190538323,9.973938787511242,19.358956747565536,10.818477242815751,5.6684814693105725
04:11:22:750,04:11:26:641,RYR699N,RYR91MD,19.358956747565536,10.818477242815751,25.194381609442093,9.854690361510691,5.914479560467072
04:11:26:641,04:11:26:711,RYR91MD,RYR699N,25.194381609442093,9.854690361510691,19.550989928148294,10.812105854574492,5.724029533017336
04:11:26:711,04:11:30:648,RYR699N,RYR91MD,19.550989928148294,10.812105854574492,25.40940569615432,9.684814942505737,5.965888040455875
04:11:30:648,04:11:30:688,RYR91MD,RYR699N,25.40940569615432,9.684814942505737,19.75077102727007,10.79273218522848,5.766075522625518
04:11:30:688,04:11:34:656,RYR699N,RYR91MD,19.75077102727007,10.79273218522848,25.59525962391944,9.484499410751049,5.989116792030478
04:11:34:656,04:11:34:664,RYR91MD,RYR699N,25.59525962391944,9.484499410751049,19.945762991547284,10.769224973706384,5.793732128023803
04:11:38:648,04:11:38:664,RYR699N,RYR91MD,20.156213634499668,10.74253562004022,25.74914458915126,9.25092658003187,5.788417244094849
04:11:38:664,04:11:42:633,RYR91MD,RYR699N,25.74914458915126,9.25092658003187,20.37399087453683,10.714762358545316,5.57091488376814
04:11:42:633,04:11:42:672,RYR699N,RYR91MD,20.37399087453683,10.714762358545316,25.86942670271332,9.002099749906398,5.756129615691058
04:11:42:672,04:11:46:633,RYR91MD,RYR699N,25.86942670271332,9.002099749906398,20.595224862996144,10.683741477866803,5.53580382124346
04:11:46:633,04:11:46:695,RYR699N,RYR91MD,20.595224862996144,10.683741477866803,25.950183006622595,8.738667598290641,5.697270321566347
04:11:46:695,04:11:50:617,RYR91MD,RYR699N,25.950183006622595,8.738667598290641,20.822712150016287,10.647977632994731,5.471418663744236
04:11:50:617,04:11:50:703,RYR699N,RYR91MD,20.822712150016287,10.647977632994731,25.98509311673696,8.458908876417993,5.607334417223596
04:11:50:703,04:11:54:609,RYR91MD,RYR699N,25.98509311673696,8.458908876417993,21.057484981226413,10.60943538276669,5.376438058013694
04:11:54:609,04:11:54:719,RYR699N,RYR91MD,21.057484981226413,10.60943538276669,25.9782745020916,8.18021865676791,5.487737549348446
04:11:54:719,04:11:55:977,RYR91MD,VLG53PC,25.9782745020916,8.18021865676791,17.51793342506947,10.175903256809477,8.69253289682536
04:11:55:977,04:11:58:602,VLG53PC,RYR699N,17.51793342506947,10.175903256809477,21.29972421328735,10.56882947963653,3.802148416676389
04:11:58:602,04:11:58:734,RYR699N,RYR91MD,21.29972421328735,10.56882947963653,25.94589843457922,7.903229869353744,5.356524636080454
04:11:58:734,04:11:59:945,RYR91MD,VLG53PC,25.94589843457922,7.903229869353744,17.62387058361651,10.225862428750409,8.64006768249928
04:11:59:945,04:12:02:594,VLG53PC,RYR699N,17.62387058361651,10.225862428750409,21.541498121439385,10.52841660395622,3.929293136690438
04:12:02:594,04:12:02:750,RYR699N,RYR91MD,21.541498121439385,10.52841660395622,25.899764839808764,7.627796514705133,5.235273220244879
04:12:02:750,04:12:03:906,RYR91MD,VLG53PC,25.899764839808764,7.627796514705133,17.751246822023916,10.285337719647885,8.570931754607132
04:12:03:906,04:12:06:586,VLG53PC,RYR699N,17.751246822023916,10.285337719647885,21.79024929500504,10.487349068920704,4.044051132463914
04:12:06:586,04:12:06:766,RYR699N,RYR91MD,21.79024929500504,10.487349068920704,25.84891523681577,7.351892789045157,5.12872843014966
04:12:06:766,04:12:07:859,RYR91MD,VLG53PC,25.84891523681577,7.351892789045157,17.890996865695627,10.349453286673638,8.503754096771273
04:12:07:859,04:12:10:578,VLG53PC,RYR699N,17.890996865695627,10.349453286673638,22.034980927200984,10.448401886226875,4.145165223168309
04:12:10:578,04:12:10:781,RYR699N,RYR91MD,22.034980927200984,10.448401886226875,25.79328985285088,7.0791060840140005,5.0474785966291105
04:12:10:781,04:12:11:789,RYR91MD,VLG53PC,25.79328985285088,7.0791060840140005,18.05064515525207,10.42240882184776,8.433636232969837
04:12:11:789,04:12:14:570,VLG53PC,RYR699N,18.05064515525207,10.42240882184776,22.2793736280146,10.410070630439773,4.228746472339024
04:12:14:570,04:12:14:797,RYR699N,RYR91MD,22.2793736280146,10.410070630439773,25.74069692226913,6.803066472590681,4.999123717421852
04:12:14:797,04:12:15:688,RYR91MD,VLG53PC,25.74069692226913,6.803066472590681,18.21155909525961,10.49163678928204,8.38411995377465
04:12:15:688,04:12:18:570,VLG53PC,RYR699N,18.21155909525961,10.49163678928204,22.532364026139863,10.372930558702013,4.322435241839678
04:12:18:570,04:12:19:547,RYR699N,VLG53PC,22.532364026139863,10.372930558702013,18.378250065050796,10.563738120981965,4.1584937570637655
04:12:19:547,04:12:22:563,VLG53PC,RYR699N,18.378250065050796,10.563738120981965,22.77861530950627,10.340221917429762,4.406038331410893
04:12:22:563,04:12:23:359,RYR699N,VLG53PC,22.77861530950627,10.340221917429762,18.536940239856506,10.630158865540858,4.251572747862645
04:12:23:359,04:12:26:555,VLG53PC,RYR699N,18.536940239856506,10.630158865540858,23.028540447220003,10.308439798046589,4.503107325078672
04:12:26:555,04:12:27:148,RYR699N,VLG53PC,23.028540447220003,10.308439798046589,18.690982089917807,10.69719895678089,4.354945026805956
04:12:27:148,04:12:30:547,VLG53PC,RYR699N,18.690982089917807,10.69719895678089,23.278536810313643,10.277311427300312,4.60673027754387
04:12:30:547,04:12:30:938,RYR699N,VLG53PC,23.278536810313643,10.277311427300312,18.853393663408312,10.757663697141124,4.451138076238979
04:12:30:938,04:12:34:547,VLG53PC,RYR699N,18.853393663408312,10.757663697141124,23.540486640262426,10.244073215536169,4.7151474798218524
04:12:34:547,04:12:34:789,RYR699N,VLG53PC,23.540486640262426,10.244073215536169,19.020665543582883,10.799472002786798,4.553817141571336
04:12:34:789,04:12:38:531,VLG53PC,RYR699N,19.020665543582883,10.799472002786798,23.790470917804075,10.213318244006166,4.805686167123487
04:12:38:531,04:12:38:695,RYR699N,VLG53PC,23.790470917804075,10.213318244006166,19.196296623317117,10.819326563012975,4.633970600988984
04:12:38:695,04:12:42:523,VLG53PC,RYR699N,19.196296623317117,10.819326563012975,24.05211994641423,10.18127072810081,4.89756423067624
04:12:42:523,04:12:42:641,RYR699N,VLG53PC,24.05211994641423,10.18127072810081,19.3791679262359,10.814910884644744,4.71571632213747
04:12:42:641,04:12:46:523,VLG53PC,RYR699N,19.3791679262359,10.814910884644744,24.30980247634684,10.149448927811148,4.975338851047282
04:12:46:523,04:12:46:609,RYR699N,VLG53PC,24.30980247634684,10.149448927811148,19.56966346331005,10.792468402926175,4.783554317480944
04:12:46:609,04:12:50:516,VLG53PC,RYR699N,19.56966346331005,10.792468402926175,24.56754180538567,10.118127550632568,5.043166020196104
04:12:50:516,04:12:50:586,RYR699N,VLG53PC,24.56754180538567,10.118127550632568,19.76589207363751,10.76682643059384,4.845270929809827
04:12:50:586,04:12:54:508,VLG53PC,RYR699N,19.76589207363751,10.76682643059384,24.820828723387397,10.08672526453329,5.100482538844882
04:12:54:508,04:12:54:570,RYR699N,VLG53PC,24.820828723387397,10.08672526453329,19.96517409547717,10.74084906030316,4.899516282832253
04:12:54:570,04:12:58:500,VLG53PC,RYR699N,19.96517409547717,10.74084906030316,25.08196371885861,10.0549224708163,5.162560540672531
04:12:58:500,04:12:58:555,RYR699N,VLG53PC,25.08196371885861,10.0549224708163,20.16775956139559,10.714434202826988,4.958261613296192
04:12:58:555,04:13:02:500,VLG53PC,RYR699N,20.16775956139559,10.714434202826988,25.335273216454112,10.023962811362871,5.213439183269204
04:13:02:500,04:13:02:547,RYR699N,VLG53PC,25.335273216454112,10.023962811362871,20.37726910879084,10.68514145263588,5.001895833309756
04:13:02:547,04:13:06:492,VLG53PC,RYR699N,20.37726910879084,10.68514145263588,25.59222282207564,9.991099049887314,5.260935001358211
04:13:06:492,04:13:06:531,RYR699N,VLG53PC,25.59222282207564,9.991099049887314,20.59069669903305,10.654684782429635,5.045355248534159
04:13:06:531,04:13:10:484,VLG53PC,RYR699N,20.59069669903305,10.654684782429635,25.85278597874297,9.956121639143028,5.3082552738914615
04:13:10:484,04:13:10:523,RYR699N,VLG53PC,25.85278597874297,9.956121639143028,20.81472971872332,10.62104573656426,5.0817452646167345
04:13:10:523,04:13:14:477,VLG53PC,RYR699N,20.81472971872332,10.62104573656426,26.106729002466427,9.929502093519687,5.336992507899267
04:13:14:477,04:13:14:516,RYR699N,VLG53PC,26.106729002466427,9.929502093519687,21.04213242953849,10.587250257164346,5.107129437687214
04:13:14:516,04:13:18:469,VLG53PC,RYR699N,21.04213242953849,10.587250257164346,26.355987015550447,9.92400352182865,5.35508606776901
04:13:18:469,04:13:18:500,RYR699N,VLG53PC,26.355987015550447,9.92400352182865,21.273579759589907,10.552195771019443,5.121082797356799
04:13:18:500,04:13:22:453,VLG53PC,RYR699N,21.273579759589907,10.552195771019443,26.61232239878748,9.9955974980779,5.367678698006036
04:13:22:453,04:13:22:492,RYR699N,VLG53PC,26.61232239878748,9.9955974980779,21.51642554780686,10.514820103916527,5.122280432604998
04:13:22:492,04:13:26:438,VLG53PC,RYR699N,21.51642554780686,10.514820103916527,26.85043713211224,10.055593885619212,5.353743391410877
04:13:26:438,04:13:26:484,RYR699N,VLG53PC,26.85043713211224,10.055593885619212,21.759597244536334,10.477615495191808,5.108302359872614
04:13:26:484,04:13:30:422,VLG53PC,RYR699N,21.759597244536334,10.477615495191808,27.08214862151613,10.170970150795776,5.331377357478017
04:13:30:422,04:13:30:477,RYR699N,VLG53PC,27.08214862151613,10.170970150795776,22.00915765574245,10.438586046605293,5.080044842962639
04:13:34:477,04:13:35:836,VLG53PC,SWR7YT,22.261666748099948,10.398334084027246,17.53257556925604,10.177954799484343,4.734223316117958
04:13:35:836,04:13:38:469,SWR7YT,VLG53PC,17.53257556925604,10.177954799484343,22.51755081749065,10.359182502637566,4.988268407564084
04:13:38:469,04:13:39:805,VLG53PC,SWR7YT,22.51755081749065,10.359182502637566,17.654530367517143,10.23489737502808,4.864608379901248
04:13:39:805,04:13:42:461,SWR7YT,VLG53PC,17.654530367517143,10.23489737502808,22.769944677770745,10.320831009770002,5.116136057136019
04:13:42:461,04:13:43:766,VLG53PC,SWR7YT,22.769944677770745,10.320831009770002,17.794509294301974,10.295427181577946,4.975500237117856
04:13:43:766,04:13:46:453,SWR7YT,VLG53PC,17.794509294301974,10.295427181577946,23.022372177751187,10.285084693098469,5.227873113916774
04:13:46:453,04:13:47:703,VLG53PC,SWR7YT,23.022372177751187,10.285084693098469,17.946739956863098,10.362908601568249,5.076228816990707
04:13:47:703,04:13:50:445,SWR7YT,VLG53PC,17.946739956863098,10.362908601568249,23.27196107809645,10.251262669774638,5.3263913491327175
04:13:50:445,04:13:51:625,VLG53PC,SWR7YT,23.27196107809645,10.251262669774638,18.102324665737747,10.429672572827956,5.172714058353936
04:13:51:625,04:13:54:438,SWR7YT,VLG53PC,18.102324665737747,10.429672572827956,23.533309162517718,10.216659672005797,5.4351602644430885
04:13:54:438,04:13:55:516,VLG53PC,SWR7YT,23.533309162517718,10.216659672005797,18.262186652184216,10.503539295168205,5.278923416486582
04:13:55:516,04:13:58:430,SWR7YT,VLG53PC,18.262186652184216,10.503539295168205,23.787166461189454,10.18485329583364,5.534163229982237
04:13:58:430,04:13:59:375,VLG53PC,SWR7YT,23.787166461189454,10.18485329583364,18.41403148494953,10.570268895937796,5.3869401943679
04:13:59:375,04:14:02:422,SWR7YT,VLG53PC,18.41403148494953,10.570268895937796,24.044795581570632,10.152111644538063,5.646269547116525
04:14:02:422,04:14:03:188,VLG53PC,SWR7YT,24.044795581570632,10.152111644538063,18.565505942808304,10.636611918159131,5.500668637591897
04:14:03:188,04:14:06:414,SWR7YT,VLG53PC,18.565505942808304,10.636611918159131,24.310515324587,10.120373952426684,5.768156935624136
04:14:06:414,04:14:06:977,VLG53PC,SWR7YT,24.310515324587,10.120373952426684,18.727571283887603,10.68134812072304,5.611056600951083
04:14:06:977,04:14:10:406,SWR7YT,VLG53PC,18.727571283887603,10.68134812072304,24.572998062293884,10.088184363135872,5.8754452992964
04:14:10:406,04:14:10:813,VLG53PC,SWR7YT,24.572998062293884,10.088184363135872,18.891274057607284,10.707925964163932,5.715423634121688
04:14:10:813,04:14:14:406,SWR7YT,VLG53PC,18.891274057607284,10.707925964163932,24.851180029048404,10.055126117856489,5.995550585872706
04:14:14:406,04:14:14:695,VLG53PC,SWR7YT,24.851180029048404,10.055126117856489,19.06413716376982,10.70720176915078,5.823664463169441
04:14:14:695,04:14:18:398,SWR7YT,VLG53PC,19.06413716376982,10.70720176915078,25.12149354086296,10.022730425586142,6.095905781692505
04:14:18:398,04:14:18:625,VLG53PC,SWR7YT,25.12149354086296,10.022730425586142,19.244556025706363,10.692784327740554,5.915011985520178
04:14:18:625,04:14:22:391,SWR7YT,VLG53PC,19.244556025706363,10.692784327740554,25.407395419591865,9.988847400414835,6.202911944601486
04:14:22:391,04:14:22:570,VLG53PC,SWR7YT,25.407395419591865,9.988847400414835,19.426381111676065,10.67964200940436,6.020774812538873
04:14:22:570,04:14:26:383,SWR7YT,VLG53PC,19.426381111676065,10.67964200940436,25.68600824794444,9.956629486343948,6.301244241704141
04:14:26:383,04:14:26:531,VLG53PC,SWR7YT,25.68600824794444,9.956629486343948,19.617783704765078,10.66007657617043,6.108861343542651
04:14:26:531,04:14:30:375,SWR7YT,VLG53PC,19.617783704765078,10.66007657617043,25.983320956934783,9.920231014226225,6.40838793803003
04:14:30:375,04:14:30:500,VLG53PC,SWR7YT,25.983320956934783,9.920231014226225,19.81029163896546,10.637969691968443,6.2146150138231375
04:14:30:500,04:14:34:367,SWR7YT,VLG53PC,19.81029163896546,10.637969691968443,26.276777641715785,9.884675513614605,6.5102145389309305
04:14:34:367,04:14:34:477,VLG53PC,SWR7YT,26.276777641715785,9.884675513614605,20.003238420606216,10.612502411315193,6.315617654023756
04:14:34:477,04:14:38:367,SWR7YT,VLG53PC,20.003238420606216,10.612502411315193,26.581184499092025,9.84588656515114,6.622467400226041
04:14:38:367,04:14:38:469,VLG53PC,SWR7YT,26.581184499092025,9.84588656515114,20.2066882164097,10.582303493012066,6.416892764381443
04:14:38:469,04:14:42:359,SWR7YT,VLG53PC,20.2066882164097,10.582303493012066,26.889175329948262,9.807303584325826,6.727277226417285
04:14:42:359,04:14:42:445,VLG53PC,SWR7YT,26.889175329948262,9.807303584325826,20.41627123830648,10.549926783787663,6.515364655640687
04:14:42:445,04:14:46:352,SWR7YT,VLG53PC,20.41627123830648,10.549926783787663,27.19609619534744,9.764510432248125,6.8251670524157255
04:14:46:352,04:14:46:438,VLG53PC,SWR7YT,27.19609619534744,9.764510432248125,20.62927803655813,10.517072656558897,6.60979959091534
04:14:46:438,04:14:50:352,SWR7YT,VLG53PC,20.62927803655813,10.517072656558897,27.501457604698675,9.714366580621675,6.918900856430514
04:14:50:352,04:14:50:422,VLG53PC,SWR7YT,27.501457604698675,9.714366580621675,20.84207759481836,10.484963040275002,6.703816899321147
04:14:50:422,04:14:54:344,SWR7YT,VLG53PC,20.84207759481836,10.484963040275002,27.80153933906506,9.65849413645005,7.008363476491707
04:14:54:344,04:14:54:406,VLG53PC,SWR7YT,27.80153933906506,9.65849413645005,21.06625746783163,10.44880968438988,6.7814910270737006
04:14:54:406,04:14:58:336,SWR7YT,VLG53PC,21.06625746783163,10.44880968438988,28.108503046905877,9.59622507100708,7.093667832579129
04:14:58:336,04:14:58:398,VLG53PC,SWR7YT,28.108503046905877,9.59622507100708,21.29858368009304,10.411752962430132,6.858577660432337
04:15:14:352,04:15:15:703,SWR7YT,RYR32FE,22.268066875961463,10.279346393852196,17.511570209888358,10.17126874578654,4.7577243838179575
04:15:15:703,04:15:18:352,RYR32FE,SWR7YT,17.511570209888358,10.17126874578654,22.523144533518074,10.249405834438312,5.012183417023725
04:15:18:352,04:15:19:680,SWR7YT,RYR32FE,22.523144533518074,10.249405834438312,17.616768691556718,10.221852859602633,4.906453206645744
04:15:19:680,04:15:22:336,RYR32FE,SWR7YT,17.616768691556718,10.221852859602633,22.77391937777136,10.221256327653917,5.157150720715317
04:15:22:336,04:15:23:648,SWR7YT,RYR32FE,22.77391937777136,10.221256327653917,17.73947500550386,10.279998313836249,5.034787061872285
04:15:23:648,04:15:26:328,RYR32FE,SWR7YT,17.73947500550386,10.279998313836249,23.03583675144329,10.192057994908934,5.297091772241031
04:15:26:328,04:15:27:602,SWR7YT,RYR32FE,23.03583675144329,10.192057994908934,17.8728528359932,10.33862119743392,5.165063763742974
04:15:27:602,04:15:30:320,RYR32FE,SWR7YT,17.8728528359932,10.33862119743392,23.29032640275243,10.16644158689416,5.420209005639967
04:15:30:320,04:15:31:539,SWR7YT,RYR32FE,23.29032640275243,10.16644158689416,18.025584380882957,10.410005828280982,5.270373050982313
04:15:31:539,04:15:34:313,RYR32FE,SWR7YT,18.025584380882957,10.410005828280982,23.545118540109325,10.143102734009762,5.525983586348975
04:15:34:313,04:15:35:445,SWR7YT,RYR32FE,23.545118540109325,10.143102734009762,18.18190102144569,10.478524193445738,5.373696093746899
04:15:35:445,04:15:38:305,RYR32FE,SWR7YT,18.18190102144569,10.478524193445738,23.795333353792195,10.120246621837344,5.6248542530585395
04:15:38:305,04:15:39:313,SWR7YT,RYR32FE,23.795333353792195,10.120246621837344,18.34023419070092,10.546530663356728,5.47172961349638
04:15:39:313,04:15:42:297,RYR32FE,SWR7YT,18.34023419070092,10.546530663356728,24.057034342239437,10.095454674752949,5.73456829413738
04:15:42:297,04:15:43:133,SWR7YT,RYR32FE,24.057034342239437,10.095454674752949,18.50076295038365,10.613151802466108,5.580337095193937
04:15:43:133,04:15:46:281,RYR32FE,SWR7YT,18.50076295038365,10.613151802466108,24.30673284276944,10.071156182796742,5.831213050732329
04:15:46:281,04:15:46:922,SWR7YT,RYR32FE,24.30673284276944,10.071156182796742,18.660699031740062,10.679893779296034,5.678755079828557
04:15:46:922,04:15:50:281,RYR32FE,SWR7YT,18.660699031740062,10.679893779296034,24.553019816899603,10.04756527363151,5.926152510212598
04:15:50:281,04:15:50:711,SWR7YT,RYR32FE,24.553019816899603,10.04756527363151,18.831602787207085,10.730741622885056,5.762060634168557
04:15:50:711,04:15:54:273,RYR32FE,SWR7YT,18.831602787207085,10.730741622885056,24.811231367836733,10.02107903119654,6.021592725876186
04:15:54:273,04:15:54:547,SWR7YT,RYR32FE,24.811231367836733,10.02107903119654,19.004144550973844,10.77787869614182,5.85619356164429
04:15:54:547,04:15:58:266,RYR32FE,SWR7YT,19.004144550973844,10.77787869614182,25.058246835758084,9.99620266612516,6.104356795808412
04:15:58:266,04:15:58:438,SWR7YT,RYR32FE,25.058246835758084,9.99620266612516,19.18090392194043,10.808185525045923,5.933167441576524
04:15:58:438,04:16:02:258,RYR32FE,SWR7YT,19.18090392194043,10.808185525045923,25.30176017598403,9.971298224513893,6.177803949338019
04:16:02:258,04:16:02:375,SWR7YT,RYR32FE,25.30176017598403,9.971298224513893,19.36096922169625,10.818418751065884,6.000884130613855
04:16:02:375,04:16:06:250,RYR32FE,SWR7YT,19.36096922169625,10.818418751065884,25.549070209186272,9.945587855316914,6.249354174948714
04:16:06:250,04:16:06:336,SWR7YT,RYR32FE,25.549070209186272,9.945587855316914,19.55463151997285,10.811095224129811,6.056599557854898
04:16:06:336,04:16:10:242,RYR32FE,SWR7YT,19.55463151997285,10.811095224129811,25.797315432676072,9.919433406065146,6.30604180383527
04:16:10:242,04:16:10:313,SWR7YT,RYR32FE,25.797315432676072,9.919433406065146,19.747548093419333,10.794681692807664,6.11275260603464
04:16:10:313,04:16:14:234,RYR32FE,SWR7YT,19.747548093419333,10.794681692807664,26.05293547504421,9.89012933571002,6.369939167612603
04:16:14:234,04:16:14:297,SWR7YT,RYR32FE,26.05293547504421,9.89012933571002,19.94262360838376,10.770329029840257,6.1733834004861965
04:16:14:297,04:16:18:234,RYR32FE,SWR7YT,19.94262360838376,10.770329029840257,26.301766571566752,9.862065856599523,6.423678168936012
04:16:18:234,04:16:18:281,SWR7YT,RYR32FE,26.301766571566752,9.862065856599523,20.15207280536477,10.740783893263536,6.212155729376249
04:16:18:281,04:16:22:227,RYR32FE,SWR7YT,20.15207280536477,10.740783893263536,26.550900283888517,9.836378486529885,6.462425414628754
04:16:22:227,04:16:22:266,SWR7YT,RYR32FE,26.550900283888517,9.836378486529885,20.35766105874301,10.71138353088186,6.254745872337447
04:16:22:266,04:16:26:219,RYR32FE,SWR7YT,20.35766105874301,10.71138353088186,26.80405590025888,9.808503895870963,6.509316253496972
04:16:26:219,04:16:26:258,SWR7YT,RYR32FE,26.80405590025888,9.808503895870963,20.577915528930543,10.678995277625203,6.28669859061121
04:16:26:258,04:16:30:219,RYR32FE,SWR7YT,20.577915528930543,10.678995277625203,27.05730696125787,9.77886535583614,6.541616559338887
04:16:30:219,04:16:30:250,SWR7YT,RYR32FE,27.05730696125787,9.77886535583614,20.801634977957367,10.644928291201754,6.315338230899825
04:16:30:250,04:16:34:211,RYR32FE,SWR7YT,20.801634977957367,10.644928291201754,27.30624131839921,9.750553400690832,6.565806126355898
04:16:34:211,04:16:34:242,SWR7YT,RYR32FE,27.30624131839921,9.750553400690832,21.03296512334393,10.609629748699057,6.3318248863305095
04:16:34:242,04:16:38:203,RYR32FE,SWR7YT,21.03296512334393,10.609629748699057,27.55977557421584,9.723947352837046,6.586629484641644
04:16:38:203,04:16:38:227,SWR7YT,RYR32FE,27.55977557421584,9.723947352837046,21.272087385609154,10.57390748034388,6.344876277398597
04:16:50:203,04:16:51:563,RYR32FE,RYR57ZC,22.01092174414052,10.46620101609254,17.57695584595698,10.205709576346376,4.441611123954415
04:16:51:563,04:16:54:195,RYR57ZC,RYR32FE,17.57695584595698,10.205709576346376,22.25615323066325,10.431938376974289,4.684663022595707
04:16:54:195,04:16:55:531,RYR32FE,RYR57ZC,22.25615323066325,10.431938376974289,17.695474184122897,10.2560488026429,4.56406951173081
04:16:55:531,04:16:58:195,RYR57ZC,RYR32FE,17.695474184122897,10.2560488026429,22.501256762184504,10.397337959836577,4.807859067562293
04:16:58:195,04:16:59:492,RYR32FE,RYR57ZC,22.501256762184504,10.397337959836577,17.827930389749802,10.318807523950852,4.673986137404997
04:16:59:492,04:17:02:188,RYR57ZC,RYR32FE,17.827930389749802,10.318807523950852,22.75441930001662,10.361386614858008,4.926672909983413
04:17:02:188,04:17:03:438,RYR32FE,RYR57ZC,22.75441930001662,10.361386614858008,17.97293932361252,10.387780523222752,4.781552823419621
04:17:03:438,04:17:06:180,RYR57ZC,RYR32FE,17.97293932361252,10.387780523222752,22.99606884587936,10.327914622774196,5.023486251947469
04:17:06:180,04:17:07:359,RYR32FE,RYR57ZC,22.99606884587936,10.327914622774196,18.12636900481839,10.452608871667248,4.871296049075261
04:17:07:359,04:17:10:172,RYR57ZC,RYR32FE,18.12636900481839,10.452608871667248,23.246148956517917,10.295030222816832,5.12220438721435
04:17:10:172,04:17:11:242,RYR32FE,RYR57ZC,23.246148956517917,10.295030222816832,18.2874497966266,10.527582475764978,4.964149263333861
04:17:11:242,04:17:14:164,RYR57ZC,RYR32FE,18.2874497966266,10.527582475764978,23.49239400954039,10.263102724667428,5.211659409275071
04:17:14:164,04:17:15:078,RYR32FE,RYR57ZC,23.49239400954039,10.263102724667428,18.443609278948465,10.589116211993066,5.059299561182003
04:17:15:078,04:17:18:156,RYR57ZC,RYR32FE,18.443609278948465,10.589116211993066,23.74248901402906,10.230624514617032,5.3109926326380235
04:17:18:156,04:17:18:875,RYR32FE,RYR57ZC,23.74248901402906,10.230624514617032,18.60297365314829,10.65576129682875,5.1570688795398825
04:17:18:875,04:17:22:148,RYR57ZC,RYR32FE,18.60297365314829,10.65576129682875,23.9920712462157,10.197674683820289,5.40853179824456
04:17:22:148,04:17:22:664,RYR32FE,RYR57ZC,23.9920712462157,10.197674683820289,18.76347533120514,10.713284740300216,5.25395745822217
04:17:22:664,04:17:26:141,RYR57ZC,RYR32FE,18.76347533120514,10.713284740300216,24.24594918219104,10.164355475051964,5.50988592123196
04:17:26:141,04:17:26:477,RYR32FE,RYR57ZC,24.24594918219104,10.164355475051964,18.92594585810893,10.766870616327498,5.354013435144798
04:17:26:477,04:17:30:133,RYR57ZC,RYR32FE,18.92594585810893,10.766870616327498,24.49559949673545,10.132049646440471,5.605714880198062
04:17:30:133,04:17:30:344,RYR32FE,RYR57ZC,24.49559949673545,10.132049646440471,19.1015701570386,10.801468388304404,5.435409273409788
04:17:30:344,04:17:34:133,RYR57ZC,RYR32FE,19.1015701570386,10.801468388304404,24.74912603690345,10.099311128243986,5.691037887244434
04:17:34:133,04:17:34:266,RYR32FE,RYR57ZC,24.74912603690345,10.099311128243986,19.285931186045385,10.82255253472343,5.510859834044815
04:17:34:266,04:17:38:125,RYR57ZC,RYR32FE,19.285931186045385,10.82255253472343,25.00245259249281,10.065464639290363,5.7664372945331595
04:17:38:125,04:17:38:211,RYR32FE,RYR57ZC,25.00245259249281,10.065464639290363,19.46940578927865,10.83096422335788,5.585749416127254
04:17:38:211,04:17:42:125,RYR57ZC,RYR32FE,19.46940578927865,10.83096422335788,25.25189980808789,10.032232531550244,5.837397484586992
04:17:42:125,04:17:42:188,RYR32FE,RYR57ZC,25.25189980808789,10.032232531550244,19.66104705459267,10.81921946919636,5.645970505704993
04:17:42:188,04:17:46:117,RYR57ZC,RYR32FE,19.66104705459267,10.81921946919636,25.504769502836545,9.998335011051102,5.901096791761156
04:17:46:117,04:17:46:172,RYR32FE,RYR57ZC,25.504769502836545,9.998335011051102,19.85693161695712,10.79788994718437,5.704152950357314
04:17:46:172,04:17:50:109,RYR57ZC,RYR32FE,19.85693161695712,10.79788994718437,25.76210225481478,9.96498123588582,5.963621146884942
04:17:50:109,04:17:50:156,RYR32FE,RYR57ZC,25.76210225481478,9.96498123588582,20.05794587474288,10.766870372039149,5.760245324202407
04:17:50:156,04:17:54:102,RYR57ZC,RYR32FE,20.05794587474288,10.766870372039149,26.00768927863741,9.932634831184195,6.007944366404538
04:17:54:102,04:17:54:148,RYR32FE,RYR57ZC,26.00768927863741,9.932634831184195,20.26600550912123,10.732680860894822,5.797155005585179
04:17:54:148,04:17:58:094,RYR57ZC,RYR32FE,20.26600550912123,10.732680860894822,26.260835104080435,9.898022426912846,6.052655332497961
04:17:58:094,04:17:58:133,RYR32FE,RYR57ZC,26.260835104080435,9.898022426912846,20.477518317748792,10.69678573007125,5.838216839544236
04:17:58:133,04:18:02:086,RYR57ZC,RYR32FE,20.477518317748792,10.69678573007125,26.513858903703444,9.86541585782695,6.093322864752765
04:18:02:086,04:18:02:125,RYR32FE,RYR57ZC,26.513858903703444,9.86541585782695,20.70416271999359,10.657325838286564,5.863419749955173
04:18:02:125,04:18:06:086,RYR57ZC,RYR32FE,20.70416271999359,10.657325838286564,26.76325032570137,9.832244361771108,6.1150063006124995
04:18:06:086,04:18:06:117,RYR32FE,RYR57ZC,26.76325032570137,9.832244361771108,20.938113742362127,10.615083730611154,5.877504035895091
04:18:06:117,04:18:10:078,RYR57ZC,RYR32FE,20.938113742362127,10.615083730611154,27.01239705147263,9.800345677261824,6.128679777481761
04:18:10:078,04:18:10:109,RYR32FE,RYR57ZC,27.01239705147263,9.800345677261824,21.168056154126145,10.575100953208358,5.895469978042777
04:18:10:109,04:18:11:461,RYR57ZC,VLG1510,21.168056154126145,10.575100953208358,17.535170320035668,10.175439462036248,3.6548035229080607
04:18:11:461,04:18:14:070,VLG1510,RYR32FE,17.535170320035668,10.175439462036248,27.25789473520817,9.76772613536138,9.731269198318364
04:18:14:070,04:18:14:102,RYR32FE,RYR57ZC,27.25789473520817,9.76772613536138,21.408875220054128,10.533866861137534,5.898983039503133
04:18:14:102,04:18:15:430,RYR57ZC,VLG1510,21.408875220054128,10.533866861137534,17.655053414005586,10.23442795433207,3.7657458504889028
04:18:15:430,04:18:18:070,VLG1510,RYR32FE,17.655053414005586,10.23442795433207,27.514909108495228,9.732753080039618,9.87261019161884
04:18:18:070,04:18:18:094,RYR32FE,RYR57ZC,27.514909108495228,9.732753080039618,21.65366383603653,10.494679579289729,5.910560729252258
04:18:18:094,04:18:19:391,RYR57ZC,VLG1510,21.65366383603653,10.494679579289729,17.798946924470965,10.30187509315208,3.859535728320748
04:18:19:391,04:18:22:086,VLG1510,RYR57ZC,17.798946924470965,10.30187509315208,21.890933914573534,10.460172547585405,4.09504769340343
04:18:22:086,04:18:23:336,RYR57ZC,VLG1510,21.890933914573534,10.460172547585405,17.95135830613798,10.369216462702592,3.940625455934321
04:18:23:336,04:18:26:078,VLG1510,RYR57ZC,17.95135830613798,10.369216462702592,22.13268375588443,10.428541778190947,4.181746287109625
04:18:26:078,04:18:27:250,RYR57ZC,VLG1510,22.13268375588443,10.428541778190947,18.113853458342625,10.441339499829043,4.018850674274807
04:18:27:250,04:18:30:070,VLG1510,RYR57ZC,18.113853458342625,10.441339499829043,22.370408356805903,10.3971484070312,4.256784285856449
04:18:30:070,04:18:31:141,RYR57ZC,VLG1510,22.370408356805903,10.3971484070312,18.274732790733413,10.507818492290667,4.0971705127190585
04:18:31:141,04:18:34:063,VLG1510,RYR57ZC,18.274732790733413,10.507818492290667,22.612682592885918,10.36672718335366,4.3402436848007175
04:18:34:063,04:18:34:984,RYR57ZC,VLG1510,22.612682592885918,10.36672718335366,18.433377581716957,10.580615774418538,4.184774630224393
04:18:34:984,04:18:38:055,VLG1510,RYR57ZC,18.433377581716957,10.580615774418538,22.86344521995578,10.337038403454835,4.436758863744623
04:18:38:055,04:18:38:789,RYR57ZC,VLG1510,22.86344521995578,10.337038403454835,18.586610085010488,10.650110648953255,4.288278559329364
04:18:38:789,04:18:42:047,VLG1510,RYR57ZC,18.586610085010488,10.650110648953255,23.102014193166884,10.308755947521352,4.528288561050998
04:18:42:047,04:18:42:570,RYR57ZC,VLG1510,23.102014193166884,10.308755947521352,18.74745038763233,10.708497558657555,4.372873116401314
04:18:42:570,04:18:46:039,VLG1510,RYR57ZC,18.74745038763233,10.708497558657555,23.34835578500181,10.279718505809557,4.620842125814822
04:18:46:039,04:18:46:398,RYR57ZC,VLG1510,23.34835578500181,10.279718505809557,18.91907946494187,10.7383532739933,4.452957957361678
04:18:46:398,04:18:50:031,VLG1510,RYR57ZC,18.91907946494187,10.7383532739933,23.594400127104656,10.249230747585978,4.700836536180061
04:18:50:031,04:18:50:281,RYR57ZC,VLG1510,23.594400127104656,10.249230747585978,19.09866063360693,10.739771608349844,4.522422351956322
04:18:50:281,04:18:54:031,VLG1510,RYR57ZC,19.09866063360693,10.739771608349844,23.844305081267027,10.218268047233783,4.774212729640757
04:18:54:031,04:18:54:227,RYR57ZC,VLG1510,23.844305081267027,10.218268047233783,19.283509317629274,10.726285681273446,4.589002060809227
04:18:54:227,04:18:58:023,VLG1510,RYR57ZC,19.283509317629274,10.726285681273446,24.098053964611324,10.186714592772434,4.844685450814086
04:18:58:023,04:18:58:180,RYR57ZC,VLG1510,24.098053964611324,10.186714592772434,19.47466873382653,10.702942083895568,4.6521158427999465
04:18:58:180,04:19:02:016,VLG1510,RYR57ZC,19.47466873382653,10.702942083895568,24.347714167875115,10.154618526182515,4.903797561711215
04:19:02:016,04:19:02:148,RYR57ZC,VLG1510,24.347714167875115,10.154618526182515,19.665418732893023,10.676194654959067,4.711255904593133
04:19:02:148,04:19:06:008,VLG1510,RYR57ZC,19.665418732893023,10.676194654959067,24.59328716347143,10.12469392242183,4.95863290908698
04:19:06:008,04:19:06:125,RYR57ZC,VLG1510,24.59328716347143,10.12469392242183,19.86482441007461,10.64357188697682,4.756847102058438
04:19:06:125,04:19:10:008,VLG1510,RYR57ZC,19.86482441007461,10.64357188697682,24.846309603599927,10.091933901040193,5.011935674052508
04:19:10:008,04:19:10:102,RYR57ZC,VLG1510,24.846309603599927,10.091933901040193,20.070883261965854,10.609285026071666,4.80336849835029
04:19:10:102,04:19:14:000,VLG1510,RYR57ZC,20.070883261965854,10.609285026071666,25.099328737340304,10.05926516024422,5.058437085861464
04:19:14:000,04:19:14:086,RYR57ZC,VLG1510,25.099328737340304,10.05926516024422,20.28088245006595,10.574755627898863,4.845942121568397
04:19:14:086,04:19:17:992,VLG1510,RYR57ZC,20.28088245006595,10.574755627898863,25.34846588525757,10.027243662816336,5.097074771330813
04:19:17:992,04:19:18:070,RYR57ZC,VLG1510,25.34846588525757,10.027243662816336,20.501543178833668,10.53897025221406,4.8738612848894505
04:19:18:070,04:19:21:984,VLG1510,RYR57ZC,20.501543178833668,10.53897025221406,25.597246826555057,9.993099987965447,5.124858047867465
04:19:21:984,04:19:22:055,RYR57ZC,VLG1510,25.597246826555057,9.993099987965447,20.727146461238565,10.50362611962453,4.89678613984342
04:19:22:055,04:19:25:977,VLG1510,RYR57ZC,20.727146461238565,10.50362611962453,25.84960725044556,9.959549636855616,5.151273993495718
04:19:25:977,04:19:26:047,RYR57ZC,VLG1510,25.84960725044556,9.959549636855616,20.95958583479932,10.46742810650536,4.916324845391383
04:19:26:047,04:19:29:969,VLG1510,RYR57ZC,20.95958583479932,10.46742810650536,26.09451840517256,9.926180203279111,5.163378912594615
04:19:29:969,04:19:30:031,RYR57ZC,VLG1510,26.09451840517256,9.926180203279111,21.199468571052776,10.432155576098856,4.921130353528162
04:19:30:031,04:19:33:969,VLG1510,RYR57ZC,21.199468571052776,10.432155576098856,26.343001652267617,9.893404007512398,5.171671471604301
04:19:33:969,04:19:34:023,RYR57ZC,VLG1510,26.343001652267617,9.893404007512398,21.442487667620718,10.398778522933773,4.926503903840656
04:19:34:023,04:19:37:961,VLG1510,RYR57ZC,21.442487667620718,10.398778522933773,26.588014710111,9.860815661037494,5.173572516721731
04:19:37:961,04:19:38:016,RYR57ZC,VLG1510,26.588014710111,9.860815661037494,21.68517447094099,10.367311368122865,4.928932979065607
04:20:33:836,04:21:07:234,VLG1510,VLG8FU,25.146049768555557,10.605063947997383,17.536799837247337,10.184735780112293,7.620850365007293
04:22:45:734,04:22:47:109,VLG8FU,RYR73JP,22.312992573449264,10.403956316354632,17.502739969343693,10.169029527592397,4.815985954234352
04:22:47:109,04:22:49:727,RYR73JP,VLG8FU,17.502739969343693,10.169029527592397,22.570302903411022,10.370615094151628,5.071570844558723
04:22:49:727,04:22:51:078,VLG8FU,RYR73JP,22.570302903411022,10.370615094151628,17.61102980321525,10.22185890483482,4.961503611425215
04:22:51:078,04:22:53:719,RYR73JP,VLG8FU,17.61102980321525,10.22185890483482,22.82759539854453,10.337568509477892,5.217848725574536
04:22:53:719,04:22:55:047,VLG8FU,RYR73JP,22.82759539854453,10.337568509477892,17.739888819849778,10.279648454905358,5.0880362580877465
04:22:55:047,04:22:57:711,RYR73JP,VLG8FU,17.739888819849778,10.279648454905358,23.092850432649872,10.302597662368145,5.353010806474666
04:22:57:711,04:22:58:992,VLG8FU,RYR73JP,23.092850432649872,10.302597662368145,17.884994708989694,10.34422919213234,5.20802212195096
04:22:58:992,04:23:01:703,RYR73JP,VLG8FU,17.884994708989694,10.34422919213234,23.354241847175828,10.268483030878055,5.469771635041264
04:23:01:703,04:23:02:922,VLG8FU,RYR73JP,23.354241847175828,10.268483030878055,18.039449163237435,10.415307705265455,5.316820361668619
04:23:02:922,04:23:05:695,RYR73JP,VLG8FU,18.039449163237435,10.415307705265455,23.61526079510185,10.2348541085624,5.5787309358489034
04:23:05:695,04:23:06:820,VLG8FU,RYR73JP,23.61526079510185,10.2348541085624,18.204205617011784,10.482012296973313,5.416696900365931
04:23:06:820,04:23:09:688,RYR73JP,VLG8FU,18.204205617011784,10.482012296973313,23.884140579331085,10.19850168624578,5.687006193294699
04:23:09:688,04:23:10:680,VLG8FU,RYR73JP,23.884140579331085,10.19850168624578,18.36671712885745,10.550599241592492,5.528646689771153
04:23:10:680,04:23:13:680,RYR73JP,VLG8FU,18.36671712885745,10.550599241592492,24.15267548904312,10.16275794565877,5.798942577456169
04:23:13:680,04:23:14:492,VLG8FU,RYR73JP,24.15267548904312,10.16275794565877,18.53118634714366,10.615422007718577,5.639684825021165
04:23:14:492,04:23:17:680,RYR73JP,VLG8FU,18.53118634714366,10.615422007718577,24.417401773169317,10.12813306221393,5.9063510357913405
04:23:17:680,04:23:18:281,VLG8FU,RYR73JP,24.417401773169317,10.12813306221393,18.694335036549766,10.676201714984764,5.74924970060887
04:23:18:281,04:23:21:672,RYR73JP,VLG8FU,18.694335036549766,10.676201714984764,24.681739186288503,10.093948509966742,6.015648530878646
04:23:21:672,04:23:22:078,VLG8FU,RYR73JP,24.681739186288503,10.093948509966742,18.86041727890793,10.73697714527792,5.8567289996361565
04:23:22:078,04:23:25:664,RYR73JP,VLG8FU,18.86041727890793,10.73697714527792,24.949642779156065,10.057536118524508,6.1270145504730005
04:23:25:664,04:23:25:914,VLG8FU,RYR73JP,24.949642779156065,10.057536118524508,19.035288730617054,10.79188589067506,5.959769576026186
04:23:25:914,04:23:29:656,RYR73JP,VLG8FU,19.035288730617054,10.79188589067506,25.2135624688945,10.02119139218766,6.226157434171379
04:23:29:656,04:23:29:805,VLG8FU,RYR73JP,25.2135624688945,10.02119139218766,19.220050284752684,10.830504424334388,6.047906735843315
04:23:29:805,04:23:33:648,RYR73JP,VLG8FU,19.220050284752684,10.830504424334388,25.473030961898644,9.984822259381264,6.309908531261016
04:23:33:648,04:23:33:750,VLG8FU,RYR73JP,25.473030961898644,9.984822259381264,19.415972563046694,10.8363354485358,6.1166192589049615
04:23:33:750,04:23:37:648,RYR73JP,VLG8FU,19.415972563046694,10.8363354485358,25.736866887827063,9.948243779984704,6.382978292050706
04:23:37:648,04:23:37:719,VLG8FU,RYR73JP,25.736866887827063,9.948243779984704,19.60757742239499,10.826098670339526,6.191834829804205
04:23:37:719,04:23:41:641,RYR73JP,VLG8FU,19.60757742239499,10.826098670339526,25.997942073765167,9.916356720727364,6.45479595280638
04:23:41:641,04:23:41:703,VLG8FU,RYR73JP,25.997942073765167,9.916356720727364,19.81210653514085,10.790521788716047,6.247297485873332
04:23:41:703,04:23:45:633,RYR73JP,VLG8FU,19.81210653514085,10.790521788716047,26.2506342663199,9.909641324918072,6.4985067312931655
04:23:45:633,04:23:45:695,VLG8FU,RYR73JP,26.2506342663199,9.909641324918072,20.021693340270463,10.744728912010313,6.284669946650273
04:23:45:695,04:23:49:617,RYR73JP,VLG8FU,20.021693340270463,10.744728912010313,26.51674587340434,9.933957545783414,6.545460840648442
04:23:49:617,04:23:49:688,VLG8FU,RYR73JP,26.51674587340434,9.933957545783414,20.234960081889746,10.6958960240964,6.327826086043179
04:23:49:688,04:23:53:602,RYR73JP,VLG8FU,20.234960081889746,10.6958960240964,26.772761363627023,10.03236637827136,6.571386245715153
04:23:53:602,04:23:53:672,VLG8FU,RYR73JP,26.772761363627023,10.03236637827136,20.459900432924684,10.648293396835394,6.342836843446722
04:23:53:672,04:23:57:586,RYR73JP,VLG8FU,20.459900432924684,10.648293396835394,27.01294924179556,10.114623152916216,6.574743540297885
04:23:57:586,04:23:57:664,VLG8FU,RYR73JP,27.01294924179556,10.114623152916216,20.68876411891,10.600780735286476,6.342843736323885
04:24:29:602,04:24:30:961,RYR73JP,ITY075,22.64805512883404,10.290302462045046,17.535747045323728,10.1803152415552,5.113491090184472
04:24:30:961,04:24:33:594,ITY075,RYR73JP,17.535747045323728,10.1803152415552,22.902434950538343,10.259503777832128,5.367272109391745
04:24:33:594,04:24:34:930,RYR73JP,ITY075,22.902434950538343,10.259503777832128,17.651147237099302,10.232690140785198,5.251356169642992
04:24:34:930,04:24:37:586,ITY075,RYR73JP,17.651147237099302,10.232690140785198,23.15709070842905,10.230586889638191,5.505943873047023
04:24:37:586,04:24:38:898,RYR73JP,ITY075,23.15709070842905,10.230586889638191,17.778475324292373,10.298273365066924,5.379041263034491
04:24:38:898,04:24:41:578,ITY075,RYR73JP,17.778475324292373,10.298273365066924,23.41492716687152,10.200455798477778,5.637300564104002
04:24:41:578,04:24:42:844,RYR73JP,ITY075,23.41492716687152,10.200455798477778,17.920376160206786,10.362111026895208,5.496928522158092
04:24:42:844,04:24:45:570,ITY075,RYR73JP,17.920376160206786,10.362111026895208,23.67269196467384,10.170342981146469,5.75551145404922
04:24:45:570,04:24:46:773,RYR73JP,ITY075,23.67269196467384,10.170342981146469,18.074789264984386,10.426605110924848,5.603765244400327
04:24:46:773,04:24:49:563,ITY075,RYR73JP,18.074789264984386,10.426605110924848,23.9259072510885,10.140225913947026,5.858122116495416
04:24:49:563,04:24:50:680,RYR73JP,ITY075,23.9259072510885,10.140225913947026,18.220666110418406,10.496869807489547,5.716377466542579
04:24:50:680,04:24:53:555,ITY075,RYR73JP,18.220666110418406,10.496869807489547,24.18310397997954,10.110411990169132,5.974948953166441
04:24:53:555,04:24:54:555,RYR73JP,ITY075,24.18310397997954,10.110411990169132,18.364025965265675,10.559966325912692,5.836417397865926
04:24:54:555,04:24:57:547,ITY075,RYR73JP,18.364025965265675,10.559966325912692,24.44031110698307,10.080975690180129,6.095135203797786
04:24:57:547,04:24:58:391,RYR73JP,ITY075,24.44031110698307,10.080975690180129,18.50404511464284,10.621869920179924,5.960857362818056
04:24:58:391,04:25:01:539,ITY075,RYR73JP,18.50404511464284,10.621869920179924,24.68928046744871,10.05321562407367,6.211320638807796
04:25:01:539,04:25:02:203,RYR73JP,ITY075,24.68928046744871,10.05321562407367,18.644171790065855,10.669436122846918,6.0764353550809584
04:25:02:203,04:25:05:531,ITY075,RYR73JP,18.644171790065855,10.669436122846918,24.945502801481105,10.021666339099584,6.334538515800469
04:25:05:531,04:25:06:023,RYR73JP,ITY075,24.945502801481105,10.021666339099584,18.790448084182827,10.704030571699302,6.192763479971376
04:25:06:023,04:25:09:523,ITY075,RYR73JP,18.790448084182827,10.704030571699302,25.190432956728134,9.99111403342098,6.439569578734243
04:25:09:523,04:25:09:883,RYR73JP,ITY075,25.190432956728134,9.99111403342098,18.94045540100109,10.720421518270348,6.292384989377965
04:25:09:883,04:25:13:523,ITY075,RYR73JP,18.94045540100109,10.720421518270348,25.43883547506788,9.960837180652106,6.542622712107375
04:25:13:523,04:25:13:789,RYR73JP,ITY075,25.43883547506788,9.960837180652106,19.107341292348245,10.721266367769513,6.376995462945901
04:25:13:789,04:25:17:516,ITY075,RYR73JP,19.107341292348245,10.721266367769513,25.68826518946976,9.9305509250001,6.628256954217983
04:25:17:516,04:25:17:719,RYR73JP,ITY075,25.68826518946976,9.9305509250001,19.27260292836346,10.7185984255191,6.463879725958538
04:25:17:719,04:25:21:508,ITY075,RYR73JP,19.27260292836346,10.7185984255191,25.938085332490207,9.8995543806773,6.715615297730661
04:25:21:508,04:25:21:672,RYR73JP,ITY075,25.938085332490207,9.8995543806773,19.44321682585824,10.712876418511865,6.545594675479618
04:26:01:484,04:26:02:828,ITY075,RYR2A,21.561292350281786,10.484691374475863,17.608377994174216,10.218994746570036,3.9618337427007018
04:26:02:828,04:26:05:477,RYR2A,ITY075,17.608377994174216,10.218994746570036,21.80784835209306,10.451727938251768,4.20591441015499
04:26:05:477,04:26:06:797,ITY075,RYR2A,21.80784835209306,10.451727938251768,17.72112763654478,10.26998651638436,4.090759850115116
04:26:06:797,04:26:09:469,RYR2A,ITY075,17.72112763654478,10.26998651638436,22.056516812762062,10.41402002690315,4.33778111036211
04:26:09:469,04:26:10:750,ITY075,RYR2A,22.056516812762062,10.41402002690315,17.852895171837563,10.329177656088849,4.20447774734677
04:26:10:750,04:26:13:461,RYR2A,ITY075,17.852895171837563,10.329177656088849,22.30791461509492,10.374612296136702,4.455251120455205
04:26:13:461,04:26:14:688,ITY075,RYR2A,22.30791461509492,10.374612296136702,17.999814545682266,10.39375231623842,4.308142586828203
04:26:14:688,04:26:17:453,RYR2A,ITY075,17.999814545682266,10.39375231623842,22.551952772188397,10.33657444388038,4.552497308324934
04:26:17:453,04:26:18:602,ITY075,RYR2A,22.551952772188397,10.33657444388038,18.155481522795636,10.468985531708949,4.398464748399956
04:26:18:602,04:26:21:445,RYR2A,ITY075,18.155481522795636,10.468985531708949,22.79978381295929,10.29780187515393,4.647456036014855
04:26:21:445,04:26:22:484,ITY075,RYR2A,22.79978381295929,10.29780187515393,18.309983106017544,10.533587784144329,4.4959876982630895
04:26:22:484,04:26:25:445,RYR2A,ITY075,18.309983106017544,10.533587784144329,23.056182960778752,10.259924178380489,4.754082964195617
04:26:25:445,04:26:26:320,ITY075,RYR2A,23.056182960778752,10.259924178380489,18.46565882218484,10.600141010974191,4.603114093762339
04:26:26:320,04:26:29:438,RYR2A,ITY075,18.46565882218484,10.600141010974191,23.305279948386627,10.223360717709468,4.854265756483808
04:26:29:438,04:26:30:117,ITY075,RYR2A,23.305279948386627,10.223360717709468,18.62147473396108,10.669121825252551,4.704969102095994
04:26:30:117,04:26:33:430,RYR2A,ITY075,18.62147473396108,10.669121825252551,23.55411869635569,10.188027542519642,4.956049653567476
04:26:33:430,04:26:33:898,ITY075,RYR2A,23.55411869635569,10.188027542519642,18.78138602856662,10.728937860002254,4.803286488409798
04:26:33:898,04:26:37:422,RYR2A,ITY075,18.78138602856662,10.728937860002254,23.815240831775924,10.152120195709925,5.066795120945098
04:26:37:422,04:26:37:719,ITY075,RYR2A,23.815240831775924,10.152120195709925,18.949068235781475,10.774708938371914,4.90583861093053
04:26:37:719,04:26:41:414,RYR2A,ITY075,18.949068235781475,10.774708938371914,24.07710537153472,10.117921984358633,5.1699259151970836
04:26:41:414,04:26:41:594,ITY075,RYR2A,24.07710537153472,10.117921984358633,19.11899801110193,10.81627499715305,5.007047585958901
04:26:41:594,04:26:45:406,RYR2A,ITY075,19.11899801110193,10.81627499715305,24.3397096874042,10.085514674603171,5.271607065790474
04:26:45:406,04:26:45:516,ITY075,RYR2A,24.3397096874042,10.085514674603171,19.29184071491536,10.845625404303329,5.104777123912545
04:26:45:516,04:26:49:398,RYR2A,ITY075,19.29184071491536,10.845625404303329,24.614074868898133,10.052406957514972,5.381019596149605
04:26:49:398,04:26:49:469,ITY075,RYR2A,24.614074868898133,10.052406957514972,19.477370033678607,10.853059612431874,5.198728809814293
04:26:49:469,04:26:53:391,RYR2A,ITY075,19.477370033678607,10.853059612431874,24.892491703403515,10.020044552279597,5.47881892275742
04:26:53:391,04:26:53:438,ITY075,RYR2A,24.892491703403515,10.020044552279597,19.661872360723237,10.84907517858094,5.295910732571562
04:26:53:438,04:26:57:383,RYR2A,ITY075,19.661872360723237,10.84907517858094,25.178597291461404,9.986499104195596,5.583752452028122
04:26:57:383,04:26:57:422,ITY075,RYR2A,25.178597291461404,9.986499104195596,19.849621645341934,10.830384532961478,5.3953798803993225
04:26:57:422,04:27:01:383,RYR2A,ITY075,19.849621645341934,10.830384532961478,25.464350830076626,9.9537248730457,5.682756019506305
04:27:01:383,04:27:01:406,ITY075,RYR2A,25.464350830076626,9.9537248730457,20.047509495941213,10.805179202528835,5.483351576763384
04:27:01:406,04:27:05:375,RYR2A,ITY075,20.047509495941213,10.805179202528835,25.758656168732426,9.922300629199269,5.778985282329294
04:27:05:375,04:27:05:398,ITY075,RYR2A,25.758656168732426,9.922300629199269,20.25283481743174,10.778544477440343,5.572003435039249
04:27:05:398,04:27:09:367,RYR2A,ITY075,20.25283481743174,10.778544477440343,26.063959802981707,9.88830221204782,5.878920384626271
04:27:09:367,04:27:09:391,ITY075,RYR2A,26.063959802981707,9.88830221204782,20.46555447053016,10.747674041697229,5.663979361545809
04:27:09:391,04:27:13:359,RYR2A,ITY075,20.46555447053016,10.747674041697229,26.36039514177194,9.854009801048392,5.962196098279615
04:27:13:359,04:27:13:383,ITY075,RYR2A,26.36039514177194,9.854009801048392,20.685024912179564,10.71136704551676,5.739763818101386
04:27:13:383,04:27:17:352,RYR2A,ITY075,20.685024912179564,10.71136704551676,26.66470419607372,9.819546529107468,6.045817411378008
04:27:17:352,04:27:17:375,ITY075,RYR2A,26.66470419607372,9.819546529107468,20.907269728276088,10.671378883914969,5.820109106510041
04:27:17:375,04:27:21:344,RYR2A,ITY075,20.907269728276088,10.671378883914969,26.968900842534666,9.78455620779518,6.12615917392194
04:27:21:344,04:27:21:367,ITY075,RYR2A,26.968900842534666,9.78455620779518,21.1371061062751,10.631652455670451,5.8929960036495155
04:27:21:367,04:27:25:336,RYR2A,ITY075,21.1371061062751,10.631652455670451,27.272809536271076,9.75062401173064,6.198634341521963
04:27:25:336,04:27:25:359,ITY075,RYR2A,27.272809536271076,9.75062401173064,21.37066082421754,10.592661975333696,5.961911384056625
04:27:25:359,04:27:29:328,RYR2A,ITY075,21.37066082421754,10.592661975333696,27.576707311258133,9.716807650880972,6.267546074579061
04:27:29:328,04:27:29:352,ITY075,RYR2A,27.576707311258133,9.716807650880972,21.608357469807206,10.556679298526138,6.027153906651589
04:27:33:344,04:27:34:711,RYR2A,TVF32ER,21.84601592433059,10.52278635941066,17.551839452552784,10.19189405930861,4.306906231279817
04:27:34:711,04:27:37:336,TVF32ER,RYR2A,17.551839452552784,10.19189405930861,22.08768487529038,10.48930730437946,4.545585587942786
04:27:37:336,04:27:38:680,RYR2A,TVF32ER,22.08768487529038,10.48930730437946,17.670462951396487,10.246885916329202,4.423869081959033
04:27:38:680,04:27:41:336,TVF32ER,RYR2A,17.670462951396487,10.246885916329202,22.32890748506483,10.45585076249674,4.663128968857528
04:27:41:336,04:27:42:641,RYR2A,TVF32ER,22.32890748506483,10.45585076249674,17.80925169028716,10.308649151858011,4.522052279379574
04:27:42:641,04:27:45:328,TVF32ER,RYR2A,17.80925169028716,10.308649151858011,22.566580636226643,10.422677304323068,4.758695316935964
04:27:45:328,04:27:46:586,RYR2A,TVF32ER,22.566580636226643,10.422677304323068,17.95741464658452,10.374497928958505,4.609417791032199
04:27:46:586,04:27:49:320,TVF32ER,RYR2A,17.95741464658452,10.374497928958505,22.804048015514216,10.3884666109581,4.846653498745254
04:27:49:320,04:27:50:508,RYR2A,TVF32ER,22.804048015514216,10.3884666109581,18.106512226672024,10.440910060542503,4.697828519950206
04:27:50:508,04:27:53:313,TVF32ER,RYR2A,18.106512226672024,10.440910060542503,23.045496388249045,10.354410681871965,4.939741561136479
04:27:53:313,04:27:54:406,RYR2A,TVF32ER,23.045496388249045,10.354410681871965,18.253779355176185,10.507092496686209,4.79414891942413
04:27:54:406,04:27:57:305,TVF32ER,RYR2A,18.253779355176185,10.507092496686209,23.286752731215213,10.319333636759875,5.036474401145957
04:27:57:305,04:27:58:273,RYR2A,TVF32ER,23.286752731215213,10.319333636759875,18.398527734573083,10.57289714851133,4.894797040970001
04:27:58:273,04:28:01:297,TVF32ER,RYR2A,18.398527734573083,10.57289714851133,23.53616383269571,10.283032808933331,5.145806643480853
04:28:01:297,04:28:02:094,RYR2A,TVF32ER,23.53616383269571,10.283032808933331,18.54185854682185,10.64219858064854,5.007203345189744
04:28:02:094,04:28:05:289,TVF32ER,RYR2A,18.54185854682185,10.64219858064854,23.78566983643896,10.247354599342376,5.2586555896625855
04:28:05:289,04:28:05:891,RYR2A,TVF32ER,23.78566983643896,10.247354599342376,18.69089459532327,10.695969882542364,5.1144882862126115
04:28:05:891,04:28:09:281,TVF32ER,RYR2A,18.69089459532327,10.695969882542364,24.031319293736846,10.21241227242945,5.362272272248383
04:28:09:281,04:28:09:711,RYR2A,TVF32ER,24.031319293736846,10.21241227242945,18.8506961526022,10.7264757176839,5.206065439101461
04:28:09:711,04:28:13:281,TVF32ER,RYR2A,18.8506961526022,10.7264757176839,24.288315332072123,10.176733795861717,5.465337914671691
04:28:13:281,04:28:13:586,RYR2A,TVF32ER,24.288315332072123,10.176733795861717,19.011789602251167,10.734368908921876,5.305909978201685
04:28:13:586,04:28:17:273,TVF32ER,RYR2A,19.011789602251167,10.734368908921876,24.5374877499553,10.141807068052472,5.557379738221551
04:28:17:273,04:28:17:508,RYR2A,TVF32ER,24.5374877499553,10.141807068052472,19.177735800879265,10.728706975827444,5.391789355804863
04:28:17:508,04:28:21:273,TVF32ER,RYR2A,19.177735800879265,10.728706975827444,24.79466216747975,10.107354239688195,5.651189346546393
04:28:21:273,04:28:21:461,RYR2A,TVF32ER,24.79466216747975,10.107354239688195,19.347409160756268,10.712030518890153,5.480711516024862
04:28:21:461,04:28:25:266,TVF32ER,RYR2A,19.347409160756268,10.712030518890153,25.043244286615025,10.074309325340476,5.7314244391485145
04:28:25:266,04:28:25:422,RYR2A,TVF32ER,25.043244286615025,10.074309325340476,19.509587039411382,10.697804827514274,5.568672119164527
04:28:25:422,04:28:29:258,TVF32ER,RYR2A,19.509587039411382,10.697804827514274,25.3037124233385,10.03857647857869,5.831506750464145
04:28:29:258,04:28:29:391,RYR2A,TVF32ER,25.3037124233385,10.03857647857869,19.67489845138436,10.682093184385568,5.665479722099326
04:28:29:391,04:28:33:250,TVF32ER,RYR2A,19.67489845138436,10.682093184385568,25.55640293982966,10.001109142970137,5.9207967632967
04:28:33:250,04:28:33:359,RYR2A,TVF32ER,25.55640293982966,10.001109142970137,19.85390362196511,10.662514910563573,5.740727833615832
04:28:33:359,04:28:37:250,TVF32ER,RYR2A,19.85390362196511,10.662514910563573,25.80806227985421,9.951735412671423,5.996433341407168
04:28:37:250,04:28:37:344,RYR2A,TVF32ER,25.80806227985421,9.951735412671423,20.036349276872745,10.642258900174724,5.8128730999032685
04:28:37:344,04:28:41:242,TVF32ER,RYR2A,20.036349276872745,10.642258900174724,26.06814583943606,9.87859002709929,6.079947361602313
04:28:41:242,04:28:41:320,RYR2A,TVF32ER,26.06814583943606,9.87859002709929,20.22097848586434,10.621712299448149,5.894200265713394
04:28:41:320,04:28:45:242,TVF32ER,RYR2A,20.22097848586434,10.621712299448149,26.320710483232816,9.78046019581499,6.1574698977411195
04:28:45:242,04:28:45:305,RYR2A,TVF32ER,26.320710483232816,9.78046019581499,20.408848992491645,10.600682844779664,5.9684898826740955
04:28:45:305,04:28:49:242,TVF32ER,RYR2A,20.408848992491645,10.600682844779664,26.57956431708019,9.655675637390962,6.242656985541374
04:28:49:242,04:28:49:289,RYR2A,TVF32ER,26.57956431708019,9.655675637390962,20.603326207249083,10.578656276040862,6.047091466541603
04:28:49:289,04:28:53:250,TVF32ER,RYR2A,20.603326207249083,10.578656276040862,26.829606103899213,9.509686433283104,6.317377452405001
04:28:53:250,04:28:53:281,RYR2A,TVF32ER,26.829606103899213,9.509686433283104,20.80567814311274,10.554357615796176,6.113840524279182
04:28:53:281,04:28:57:250,TVF32ER,RYR2A,20.80567814311274,10.554357615796176,27.0759468027708,9.35110828888637,6.38467524679204
04:28:57:250,04:28:57:266,RYR2A,TVF32ER,27.0759468027708,9.35110828888637,21.01181182430092,10.53044316079986,6.177747467905523
04:28:57:266,04:29:01:250,TVF32ER,RYR2A,21.01181182430092,10.53044316079986,27.33162014412949,9.188039572899804,6.46080680659787
04:29:01:250,04:29:01:258,RYR2A,TVF32ER,27.33162014412949,9.188039572899804,21.22455960095793,10.504401877064032,6.247319280602478
04:29:05:250,04:29:05:250,TVF32ER,RYR2A,21.445588788308147,10.477321958628046,27.597712188882667,9.026732175816647,6.320825345941258
04:29:05:250,04:29:09:234,RYR2A,TVF32ER,27.597712188882667,9.026732175816647,21.67423082552156,10.44921911451926,6.091888094250083
04:29:09:234,04:29:09:250,TVF32ER,RYR2A,21.67423082552156,10.44921911451926,27.859077750382276,8.866778164474592,6.384077916530887
04:29:09:250,04:29:13:227,RYR2A,TVF32ER,27.859077750382276,8.866778164474592,21.90610743770961,10.421265273005028,6.152583661694443
04:29:13:227,04:29:13:250,TVF32ER,RYR2A,21.90610743770961,10.421265273005028,28.123189618343822,8.707028454083083,6.44908665720248
04:29:13:250,04:29:17:219,RYR2A,TVF32ER,28.123189618343822,8.707028454083083,22.14577242666626,10.39284566868142,6.210595459728365
04:29:17:219,04:29:17:250,TVF32ER,RYR2A,22.14577242666626,10.39284566868142,28.38648496991919,8.548939214956155,6.507417618195729
04:29:17:250,04:29:18:578,RYR2A,VLG911N,28.38648496991919,8.548939214956155,17.531373301385848,10.179125261450322,10.976837244056824
04:29:18:578,04:29:21:211,VLG911N,TVF32ER,17.531373301385848,10.179125261450322,22.39566419130942,10.36207832476908,4.867730239564554
04:29:21:211,04:29:22:547,TVF32ER,VLG911N,22.39566419130942,10.36207832476908,17.650184685183532,10.238819479276197,4.74707999575034
04:29:22:547,04:29:25:203,VLG911N,TVF32ER,17.650184685183532,10.238819479276197,22.640954785284496,10.331848312107835,4.99163706170629
04:29:25:203,04:29:26:508,TVF32ER,VLG911N,22.640954785284496,10.331848312107835,17.786458861138115,10.301839460789692,4.854588675543095
04:29:26:508,04:29:29:195,VLG911N,TVF32ER,17.786458861138115,10.301839460789692,22.88944685170502,10.300975820545656,5.102988063649036
04:29:29:195,04:29:30:461,TVF32ER,VLG911N,22.88944685170502,10.300975820545656,17.932344552940194,10.368048499097435,4.957556045535708
04:29:30:461,04:29:33:188,VLG911N,TVF32ER,17.932344552940194,10.368048499097435,23.137890127270104,10.270208777346769,5.206464955954084
04:29:33:188,04:29:34:383,TVF32ER,VLG911N,23.137890127270104,10.270208777346769,18.09553605899268,10.43761460854119,5.045132234361335
04:29:34:383,04:29:37:180,VLG911N,TVF32ER,18.09553605899268,10.43761460854119,23.389341827326795,10.237710088891506,5.297578817707571
04:29:37:180,04:29:38:266,TVF32ER,VLG911N,23.389341827326795,10.237710088891506,18.256432500424093,10.508751855382132,5.140060485771262
04:29:38:266,04:29:41:172,VLG911N,TVF32ER,18.256432500424093,10.508751855382132,23.63685776614575,10.205870015908191,5.3889436301281775
04:29:41:172,04:29:42:117,TVF32ER,VLG911N,23.63685776614575,10.205870015908191,18.4160513381525,10.576057926198027,5.233914295009079
04:29:42:117,04:29:45:172,VLG911N,TVF32ER,18.4160513381525,10.576057926198027,23.887539186451452,10.173163245004504,5.4863014315855025
04:29:45:172,04:29:45:922,TVF32ER,VLG911N,23.887539186451452,10.173163245004504,18.572923689062083,10.646892845636,5.335687174076618
04:29:45:922,04:29:49:156,VLG911N,TVF32ER,18.572923689062083,10.646892845636,24.13501845011978,10.141646007487523,5.584995299769241
04:29:49:156,04:29:49:711,TVF32ER,VLG911N,24.13501845011978,10.141646007487523,18.720146694756952,10.71908774021328,5.445573898288355
04:29:49:711,04:29:53:156,VLG911N,TVF32ER,18.720146694756952,10.71908774021328,24.3824517080155,10.110082830279762,5.69496137331027
04:29:53:156,04:29:53:508,TVF32ER,VLG911N,24.3824517080155,10.110082830279762,18.87982189573723,10.7787884464294,5.543113028979622
04:30:41:102,04:30:42:477,VLG911N,TAP1041,21.25909870168578,10.606716279937697,17.50580090875828,10.16594483947182,3.7790903383122227
04:30:42:477,04:30:45:094,TAP1041,VLG911N,17.50580090875828,10.16594483947182,21.493585619815377,10.56708449986292,4.007909670748507
04:30:45:094,04:30:46:445,VLG911N,TAP1041,21.493585619815377,10.56708449986292,17.620793056489322,10.223391295634777,3.8880132789364548
04:30:46:445,04:30:49:086,TAP1041,VLG911N,17.620793056489322,10.223391295634777,21.73654174831115,10.5257525492179,4.1268401497879035
04:30:49:086,04:30:50:406,VLG911N,TAP1041,21.73654174831115,10.5257525492179,17.75141116609342,10.285199811973712,3.9923841719857958
04:30:50:406,04:30:53:078,TAP1041,VLG911N,17.75141116609342,10.285199811973712,21.993655038804626,10.482525195993237,4.246830627978261
04:30:53:078,04:30:54:359,VLG911N,TAP1041,21.993655038804626,10.482525195993237,17.897417423118682,10.35450643534919,4.098237597704323
04:30:54:359,04:30:57:070,TAP1041,VLG911N,17.897417423118682,10.35450643534919,22.242437702099945,10.439791397056217,4.345857193863114
04:30:57:070,04:30:58:281,VLG911N,TAP1041,22.242437702099945,10.439791397056217,18.057461514188045,10.42292397282795,4.185010179604073
04:30:58:281,04:31:01:070,TAP1041,VLG911N,18.057461514188045,10.42292397282795,22.506438224631165,10.395571200636365,4.449060793494717
04:31:01:070,04:31:02:180,VLG911N,TAP1041,22.506438224631165,10.395571200636365,18.218250636909776,10.497439603978147,4.289397388805004
04:31:02:180,04:31:05:070,TAP1041,VLG911N,18.218250636909776,10.497439603978147,22.77070287669999,10.352839007236405,4.554748152000173
04:31:05:070,04:31:06:047,VLG911N,TAP1041,22.77070287669999,10.352839007236405,18.37697063173465,10.564311341821876,4.3988184309815725
04:31:06:047,04:31:09:063,TAP1041,VLG911N,18.37697063173465,10.564311341821876,23.034848921329083,10.311821912066426,4.664716612272753
04:31:09:063,04:31:09:859,VLG911N,TAP1041,23.034848921329083,10.311821912066426,18.533032684322723,10.642430570873074,4.513939689124349
04:31:09:859,04:31:13:055,TAP1041,VLG911N,18.533032684322723,10.642430570873074,23.306262475941548,10.269415562883466,4.787782664217641
04:31:13:055,04:31:13:648,VLG911N,TAP1041,23.306262475941548,10.269415562883466,18.69055293832168,10.699244273781291,4.635679805205176
04:31:13:648,04:31:17:047,TAP1041,VLG911N,18.69055293832168,10.699244273781291,23.574295876867048,10.230451139014455,4.90619120020778
04:31:17:047,04:31:17:453,VLG911N,TAP1041,23.574295876867048,10.230451139014455,18.856572269383587,10.730889797154026,4.744191700086253
04:31:17:453,04:31:21:039,TAP1041,VLG911N,18.856572269383587,10.730889797154026,23.845638286092928,10.190302416296436,5.0182680712997465
04:31:21:039,04:31:21:328,VLG911N,TAP1041,23.845638286092928,10.190302416296436,19.028158053652877,10.736773550964202,4.848375654894712
04:31:21:328,04:31:25:031,TAP1041,VLG911N,19.028158053652877,10.736773550964202,24.117432646292905,10.150370857707973,5.122946808034364
04:31:25:031,04:31:25:258,VLG911N,TAP1041,24.117432646292905,10.150370857707973,19.1994808906816,10.71770381164846,4.950567255491754
04:31:25:258,04:31:29:023,TAP1041,VLG911N,19.1994808906816,10.71770381164846,24.389605934932487,10.11528808626008,5.2249691560003955
04:31:29:023,04:31:29:211,VLG911N,TAP1041,24.389605934932487,10.11528808626008,19.38468777658313,10.692074655681228,5.038044116364972
04:31:29:211,04:31:33:016,TAP1041,VLG911N,19.38468777658313,10.692074655681228,24.660601784217945,10.096916987209308,5.309376730492778
04:31:33:016,04:31:33:172,VLG911N,TAP1041,24.660601784217945,10.096916987209308,19.569999055084907,10.664469203329636,5.122143268581994
04:31:33:172,04:31:37:008,TAP1041,VLG911N,19.569999055084907,10.664469203329636,24.93995229459477,10.13458811401939,5.396032965367345
04:31:37:008,04:31:37:148,VLG911N,TAP1041,24.93995229459477,10.13458811401939,19.76169561509788,10.637795982942858,5.202649363362926
04:31:37:148,04:31:40:992,TAP1041,VLG911N,19.76169561509788,10.637795982942858,25.202006595731465,10.169157274263751,5.4604583878347395
04:31:40:992,04:31:41:125,VLG911N,TAP1041,25.202006595731465,10.169157274263751,19.955838903571426,10.611278406684384,5.264764624367997
04:31:41:125,04:31:44:977,TAP1041,VLG911N,19.955838903571426,10.611278406684384,25.464042804708683,10.236075414147964,5.520967985970575
04:31:44:977,04:31:45:102,VLG911N,TAP1041,25.464042804708683,10.236075414147964,20.16035058482125,10.582368172579931,5.3149854033512565
04:31:45:102,04:31:48:961,TAP1041,VLG911N,20.16035058482125,10.582368172579931,25.729768333339887,10.305060535319642,5.576317206113485
04:31:48:961,04:31:49:078,VLG911N,TAP1041,25.729768333339887,10.305060535319642,20.36882973637149,10.556046136143678,5.366810636894735
04:31:49:078,04:31:52:945,TAP1041,VLG911N,20.36882973637149,10.556046136143678,26.006459685852292,10.374298502522295,5.64055880650223
04:31:52:945,04:31:53:063,VLG911N,TAP1041,26.006459685852292,10.374298502522295,20.581815448709232,10.532222125659713,5.426942506634307
04:31:53:063,04:31:56:938,TAP1041,VLG911N,20.581815448709232,10.532222125659713,26.27863258920005,10.445788103984736,5.697472805752819
04:31:56:938,04:31:57:047,VLG911N,TAP1041,26.27863258920005,10.445788103984736,20.801184717423983,10.506510775111469,5.477784445449907
04:31:57:047,04:32:00:922,TAP1041,VLG911N,20.801184717423983,10.506510775111469,26.561119562580146,10.519260266350186,5.759948955500474
04:32:00:922,04:32:01:031,VLG911N,TAP1041,26.561119562580146,10.519260266350186,21.024162621628125,10.481167733332564,5.537087971761732
04:32:01:031,04:32:04:906,TAP1041,VLG911N,21.024162621628125,10.481167733332564,26.84312101246841,10.595424216553806,5.820080007894103
04:32:04:906,04:32:05:023,VLG911N,TAP1041,26.84312101246841,10.595424216553806,21.258264480009068,10.453658763131353,5.5866555229347945
04:32:05:023,04:32:08:898,TAP1041,VLG911N,21.258264480009068,10.453658763131353,27.131597918288005,10.67434000693767,5.877477850964084
04:32:08:898,04:32:09:008,VLG911N,TAP1041,27.131597918288005,10.67434000693767,21.496284424116027,10.427247604287526,5.640728041046139
04:32:09:008,04:32:12:891,TAP1041,VLG911N,21.496284424116027,10.427247604287526,27.4303933991676,10.754020361174524,5.943099339774757
04:32:12:891,04:32:13:000,VLG911N,TAP1041,27.4303933991676,10.754020361174524,21.73764437529883,10.401079444368571,5.703679403640656
04:32:20:977,04:32:22:344,TAP1041,RYR2VR,22.22460392246376,10.357079141091178,17.51147733755235,10.171360765409382,4.7167842350975295
04:32:22:344,04:32:24:969,RYR2VR,TAP1041,17.51147733755235,10.171360765409382,22.47274945075377,10.33224124526592,4.9638798847301855
04:32:24:969,04:32:26:313,TAP1041,RYR2VR,22.47274945075377,10.33224124526592,17.61324095353646,10.219801066660215,4.86080915365869
04:32:26:313,04:32:28:961,RYR2VR,TAP1041,17.61324095353646,10.219801066660215,22.719920670518903,10.303252587415294,5.1073615388139695
04:32:28:961,04:32:30:281,TAP1041,RYR2VR,22.719920670518903,10.303252587415294,17.737130773544603,10.276868359468892,4.982859749669208
04:32:30:281,04:32:32:953,RYR2VR,TAP1041,17.737130773544603,10.276868359468892,22.971346937077104,10.274073892494654,5.234216909493775
04:32:32:953,04:32:34:234,TAP1041,RYR2VR,22.971346937077104,10.274073892494654,17.875243567615165,10.341709430393632,5.096552179486463
04:32:34:234,04:32:36:945,RYR2VR,TAP1041,17.875243567615165,10.341709430393632,23.2181886022307,10.244248495446756,5.343833855647416
04:32:36:945,04:32:38:172,TAP1041,RYR2VR,23.2181886022307,10.244248495446756,18.025795135206955,10.409878349104666,5.195034471956236
04:32:38:172,04:32:40:938,RYR2VR,TAP1041,18.025795135206955,10.409878349104666,23.472638180252368,10.212858081940096,5.450405135678739
04:32:40:938,04:32:42:078,TAP1041,RYR2VR,23.472638180252368,10.212858081940096,18.184308256553567,10.481873190606205,5.295167845364186
04:32:42:078,04:32:44:930,RYR2VR,TAP1041,18.184308256553567,10.481873190606205,23.730831457754,10.178296143093506,5.554824807789281
04:32:44:930,04:32:45:938,TAP1041,RYR2VR,23.730831457754,10.178296143093506,18.34951808229351,10.556501769695702,5.394587393017517
04:32:45:938,04:32:48:922,RYR2VR,TAP1041,18.34951808229351,10.556501769695702,23.9850850149192,10.144126215673367,5.6506343227693785
04:32:48:922,04:32:49:750,TAP1041,RYR2VR,23.9850850149192,10.144126215673367,18.51605037386077,10.629486384254689,5.4905295189391685
04:32:49:750,04:32:52:922,RYR2VR,TAP1041,18.51605037386077,10.629486384254689,24.244207982394634,10.110808918048567,5.751592466626472
04:32:52:922,04:32:53:523,TAP1041,RYR2VR,24.244207982394634,10.110808918048567,18.681958629262347,10.701540599411173,5.59353035084159
04:32:53:523,04:32:56:914,RYR2VR,TAP1041,18.681958629262347,10.701540599411173,24.511394252292565,10.07848821484637,5.862637116261383
04:32:56:914,04:32:57:297,TAP1041,RYR2VR,24.511394252292565,10.07848821484637,18.84797394152795,10.771928973271171,5.70571552934651
04:32:57:297,04:33:00:906,RYR2VR,TAP1041,18.84797394152795,10.771928973271171,24.78620437647207,10.04682984763502,5.98233645330108
04:33:00:906,04:33:01:125,TAP1041,RYR2VR,24.78620437647207,10.04682984763502,19.027869886292525,10.829914887482742,5.811337047566992
04:33:01:125,04:33:04:898,RYR2VR,TAP1041,19.027869886292525,10.829914887482742,25.06915705605219,10.014578243592924,6.096058112450395
04:33:04:898,04:33:05:016,TAP1041,RYR2VR,25.06915705605219,10.014578243592924,19.209222059324027,10.86867484542616,5.921850991973927
04:33:05:016,04:33:08:891,RYR2VR,TAP1041,19.209222059324027,10.86867484542616,25.352285123702288,9.983739467693225,6.206475202213553
04:33:08:891,04:33:08:953,TAP1041,RYR2VR,25.352285123702288,9.983739467693225,19.39249457852856,10.898664828855166,6.029609585938336
04:33:08:953,04:33:12:883,RYR2VR,TAP1041,19.39249457852856,10.898664828855166,25.65123508571429,9.95313132316092,6.329760370399337
04:33:12:883,04:33:12:914,TAP1041,RYR2VR,25.65123508571429,9.95313132316092,19.58698905961668,10.909942603311237,6.139264425879011
04:33:12:914,04:33:16:883,RYR2VR,TAP1041,19.58698905961668,10.909942603311237,25.9448969482458,9.916897548630438,6.434992711799941
04:33:16:883,04:33:16:891,TAP1041,RYR2VR,25.9448969482458,9.916897548630438,19.781173190559198,10.910850579383771,6.243351118463062
04:33:16:891,04:33:20:875,RYR2VR,TAP1041,19.781173190559198,10.910850579383771,26.24510247087282,9.854445805638786,6.5496849379864805
04:33:20:875,04:33:20:875,TAP1041,RYR2VR,26.24510247087282,9.854445805638786,19.9846261591112,10.898049227354816,6.346863142682829
04:33:24:867,04:33:24:875,RYR2VR,TAP1041,20.19372440920722,10.872962453387023,26.530270014372576,9.727206933096134,6.439298557965566
04:33:24:875,04:33:28:859,TAP1041,RYR2VR,26.530270014372576,9.727206933096134,20.41365179607166,10.838836530139336,6.216810982286101
04:33:28:859,04:33:28:875,RYR2VR,TAP1041,20.41365179607166,10.838836530139336,26.8088087850776,9.589461387664128,6.516054877045345
04:33:28:875,04:33:32:859,TAP1041,RYR2VR,26.8088087850776,9.589461387664128,20.64061143366689,10.799914884282614,6.285845705505823
04:33:32:859,04:33:32:883,RYR2VR,TAP1041,20.64061143366689,10.799914884282614,27.073013343961485,9.445689953190335,6.573410035860643
04:33:32:883,04:33:36:852,TAP1041,RYR2VR,27.073013343961485,9.445689953190335,20.88138331533881,10.754088408251562,6.3283638429335465
04:33:36:852,04:33:36:883,RYR2VR,TAP1041,20.88138331533881,10.754088408251562,27.318120652931107,9.251663618715517,6.60975550238942
04:33:36:883,04:33:40:852,TAP1041,RYR2VR,27.318120652931107,9.251663618715517,21.118613660605963,10.708678351657309,6.368420438373851
04:33:40:852,04:33:40:891,RYR2VR,TAP1041,21.118613660605963,10.708678351657309,27.526164287748987,9.029565279793864,6.62390562640378
04:33:40:891,04:33:44:844,TAP1041,RYR2VR,27.526164287748987,9.029565279793864,21.36310463644845,10.664261487792505,6.376169379645887
04:33:44:844,04:33:44:898,RYR2VR,TAP1041,21.36310463644845,10.664261487792505,27.6962757409563,8.765731165101265,6.611616566706758
04:33:44:898,04:33:48:836,TAP1041,RYR2VR,27.6962757409563,8.765731165101265,21.608054629587663,10.62033111982858,6.364430633842222
04:33:48:836,04:33:48:914,RYR2VR,TAP1041,21.608054629587663,10.62033111982858,27.826286758862928,8.477958431527387,6.576942416437145
04:33:48:914,04:33:52:836,TAP1041,RYR2VR,27.826286758862928,8.477958431527387,21.860744745517295,10.577631972357864,6.324264422923465
04:33:52:836,04:33:52:922,RYR2VR,TAP1041,21.860744745517295,10.577631972357864,27.918318776454623,8.18030019457943,6.514706654411434
04:33:52:922,04:33:56:828,TAP1041,RYR2VR,27.918318776454623,8.18030019457943,22.11700303097313,10.537171405502573,6.261797368459778
04:33:56:828,04:33:56:930,RYR2VR,TAP1041,22.11700303097313,10.537171405502573,27.96487021482497,7.86799039429903,6.428225094887454
04:33:56:930,04:34:00:820,TAP1041,RYR2VR,27.96487021482497,7.86799039429903,22.37324717130916,10.496681231859425,6.1786943426787975
04:34:00:820,04:34:00:953,RYR2VR,TAP1041,22.37324717130916,10.496681231859425,27.97285555004969,7.55309831656673,6.32615952805999
04:34:00:953,04:34:04:820,TAP1041,RYR2VR,27.97285555004969,7.55309831656673,22.6219432014046,10.45856752549198,6.08884342768766
04:34:24:789,04:34:26:180,RYR2VR,RYR81RY,23.914621827891477,10.27130625456388,17.52618658892178,10.178789371423012,6.3891051154426854
04:34:26:180,04:34:28:781,RYR81RY,RYR2VR,17.52618658892178,10.178789371423012,24.17203124764088,10.233308840085485,6.646068281344123
04:34:28:781,04:34:30:148,RYR2VR,RYR81RY,24.17203124764088,10.233308840085485,17.635385922619427,10.231237545989885,6.536645653191249
04:34:30:148,04:34:32:773,RYR81RY,RYR2VR,17.635385922619427,10.231237545989885,24.4407749999526,10.194396472811036,6.8054887964464825
04:34:32:773,04:34:34:109,RYR2VR,RYR81RY,24.4407749999526,10.194396472811036,17.7606890738979,10.287693112793916,6.680737402600565
04:34:34:109,04:34:36:766,RYR81RY,RYR2VR,17.7606890738979,10.287693112793916,24.70908617327276,10.155307660639954,6.949658132494213
04:34:36:766,04:34:38:055,RYR2VR,RYR81RY,24.70908617327276,10.155307660639954,17.902195808721796,10.35106555596492,6.8097046623622965
04:34:38:055,04:34:40:766,RYR81RY,RYR2VR,17.902195808721796,10.35106555596492,24.973477421991312,10.116514104536126,7.075170530632522
04:34:40:766,04:34:41:984,RYR2VR,RYR81RY,24.973477421991312,10.116514104536126,18.05756157140705,10.422938238538544,6.922700903712494
04:34:41:984,04:34:44:758,RYR81RY,RYR2VR,18.05756157140705,10.422938238538544,25.23780187045941,10.077323719802571,7.188553411340604
04:34:44:758,04:34:45:891,RYR2VR,RYR81RY,25.23780187045941,10.077323719802571,18.21751486344533,10.489325376367102,7.032366246567554
04:34:45:891,04:34:48:758,RYR81RY,RYR2VR,18.21751486344533,10.489325376367102,25.50154356413704,10.037045870863972,7.298056649793746
04:34:48:758,04:34:49:750,RYR2VR,RYR81RY,25.50154356413704,10.037045870863972,18.378198885751424,10.559645560844922,7.142489050957858
04:34:49:750,04:34:52:750,RYR81RY,RYR2VR,18.378198885751424,10.559645560844922,25.77313411362284,9.996355255665796,7.416357798294422
04:34:52:750,04:34:53:563,RYR2VR,RYR81RY,25.77313411362284,9.996355255665796,18.53964785934315,10.625498324597826,7.260795024791599
04:34:53:563,04:34:56:742,RYR81RY,RYR2VR,18.53964785934315,10.625498324597826,26.029388423861302,9.95898132955489,7.519338975499757
04:34:56:742,04:34:57:344,RYR2VR,RYR81RY,26.029388423861302,9.95898132955489,18.7014901895504,10.68736876765979,7.364009831091064
04:34:57:344,04:35:00:734,RYR81RY,RYR2VR,18.7014901895504,10.68736876765979,26.300898091708618,9.917874012897348,7.63826699199443
04:35:00:734,04:35:01:148,RYR2VR,RYR81RY,26.300898091708618,9.917874012897348,18.869414210698395,10.736112880037636,7.476394018336232
04:35:01:148,04:35:04:734,RYR81RY,RYR2VR,18.869414210698395,10.736112880037636,26.5606941444584,9.877911380660116,7.739011360179872
04:35:04:734,04:35:05:000,RYR2VR,RYR81RY,26.5606941444584,9.877911380660116,19.04141341097355,10.76733165187447,7.571700678698508
04:35:05:000,04:35:08:727,RYR81RY,RYR2VR,19.04141341097355,10.76733165187447,26.820740669197956,9.839607444202372,7.834449871947236
04:35:08:727,04:35:08:914,RYR2VR,RYR81RY,26.820740669197956,9.839607444202372,19.22226792327755,10.78177289561897,7.656661400920003
04:35:08:914,04:35:12:719,RYR81RY,RYR2VR,19.22226792327755,10.78177289561897,27.080964917767037,9.79973128631122,7.919818443222664
04:35:12:719,04:35:12:859,RYR2VR,RYR81RY,27.080964917767037,9.79973128631122,19.39889624409074,10.779142609465133,7.744251135326179
04:35:12:859,04:35:16:719,RYR81RY,RYR2VR,19.39889624409074,10.779142609465133,27.344244690857582,9.756803601826116,8.010851327236114
04:35:16:719,04:35:16:828,RYR2VR,RYR81RY,27.344244690857582,9.756803601826116,19.591886230045315,10.763724152863205,7.817477259386712
04:35:16:828,04:35:20:711,RYR81RY,RYR2VR,19.591886230045315,10.763724152863205,27.597981957314968,9.70356354707469,8.075983488360489
04:35:20:711,04:35:20:797,RYR2VR,RYR81RY,27.597981957314968,9.70356354707469,19.78309045680006,10.745665182832322,7.884066525852561
04:35:48:703,04:35:50:047,RYR81RY,KLM73T,21.352173079692868,10.555523098044826,17.608555088349675,10.218829279947588,3.758728294550344
04:35:50:047,04:35:52:695,KLM73T,RYR81RY,17.608555088349675,10.218829279947588,21.59397876973853,10.51942324853797,3.9967435061719954
04:35:52:695,04:35:54:016,RYR81RY,KLM73T,21.59397876973853,10.51942324853797,17.726520626839424,10.275646967538176,3.8751334637989823
04:35:54:016,04:35:56:688,KLM73T,RYR81RY,17.726520626839424,10.275646967538176,21.842984061926632,10.481606476341366,4.121612613004336
04:35:56:688,04:35:57:969,RYR81RY,KLM73T,21.842984061926632,10.481606476341366,17.858362325844833,10.334834426621134,3.987323966551327
04:35:57:969,04:36:00:688,KLM73T,RYR81RY,17.858362325844833,10.334834426621134,22.084456531962637,10.446300813088726,4.22756395508035
04:36:00:688,04:36:01:914,RYR81RY,KLM73T,22.084456531962637,10.446300813088726,18.008408999481322,10.406805785953862,4.07623887232034
04:36:01:914,04:36:04:680,KLM73T,RYR81RY,18.008408999481322,10.406805785953862,22.329814262801342,10.410724170604755,4.321407039794822
04:36:04:680,04:36:05:820,RYR81RY,KLM73T,22.329814262801342,10.410724170604755,18.167053339592933,10.476659534733464,4.163283076615583
04:36:05:820,04:36:08:672,KLM73T,RYR81RY,18.167053339592933,10.476659534733464,22.575182763989453,10.37542099231658,4.409291809882976
04:36:08:672,04:36:09:688,RYR81RY,KLM73T,22.575182763989453,10.37542099231658,18.330822817713507,10.54452754324936,4.247727437009104
04:36:09:688,04:36:12:664,KLM73T,RYR81RY,18.330822817713507,10.54452754324936,22.82115393064667,10.341364092795974,4.494924792627314
04:36:12:664,04:36:13:508,RYR81RY,KLM73T,22.82115393064667,10.341364092795974,18.495481241111264,10.608518380759303,4.333914585056985
04:36:13:508,04:36:16:656,KLM73T,RYR81RY,18.495481241111264,10.608518380759303,23.0706280022372,10.30711148461886,4.585064231053057
04:36:16:656,04:36:17:297,RYR81RY,KLM73T,23.0706280022372,10.30711148461886,18.65495223998035,10.672879843000828,4.430798904190536
04:36:17:297,04:36:20:648,KLM73T,RYR81RY,18.65495223998035,10.672879843000828,23.32077392006874,10.274498711666132,4.682798252774333
04:36:20:648,04:36:21:086,RYR81RY,KLM73T,23.32077392006874,10.274498711666132,18.812683343422165,10.740407465814195,4.532102339360998
04:36:21:086,04:36:24:641,KLM73T,RYR81RY,18.812683343422165,10.740407465814195,23.56691672088593,10.24190060623053,4.7802974903705
04:36:24:641,04:36:24:898,RYR81RY,KLM73T,23.56691672088593,10.24190060623053,18.97856318211113,10.803498427422252,4.622594543062859
04:36:24:898,04:36:28:633,KLM73T,RYR81RY,18.97856318211113,10.803498427422252,23.81658937604896,10.209267903165328,4.874382768021733
04:36:28:633,04:36:28:773,RYR81RY,KLM73T,23.81658937604896,10.209267903165328,19.151787520919147,10.859272959549576,4.709870796629949
04:36:28:773,04:36:32:625,KLM73T,RYR81RY,19.151787520919147,10.859272959549576,24.074346157619303,10.175205471937495,4.969862358190537
04:36:32:625,04:36:32:703,RYR81RY,KLM73T,24.074346157619303,10.175205471937495,19.33855711105646,10.884599946272498,4.788625942142656
04:36:32:703,04:36:36:617,KLM73T,RYR81RY,19.33855711105646,10.884599946272498,24.32503005234259,10.143949159867908,5.041178035100575
04:36:36:617,04:36:36:664,RYR81RY,KLM73T,24.32503005234259,10.143949159867908,19.53508313068412,10.881555998116545,4.8464064377780565
04:36:36:664,04:36:40:617,KLM73T,RYR81RY,19.53508313068412,10.881555998116545,24.575262354203424,10.112594352134067,5.098500624515773
04:36:40:617,04:36:40:648,RYR81RY,KLM73T,24.575262354203424,10.112594352134067,19.72742216596289,10.865753259208043,4.90599661944695
04:36:40:648,04:36:44:609,KLM73T,RYR81RY,19.72742216596289,10.865753259208043,24.8332430443005,10.08024629016156,5.165890827349029
04:36:44:609,04:36:44:633,RYR81RY,KLM73T,24.8332430443005,10.08024629016156,19.9322278776844,10.836003221269856,4.958943254597621
04:36:44:633,04:36:48:602,KLM73T,RYR81RY,19.9322278776844,10.836003221269856,25.09074135471738,10.047580132910792,5.218416642908894
04:36:48:602,04:36:48:625,RYR81RY,KLM73T,25.09074135471738,10.047580132910792,20.142922902107973,10.79701461089681,5.004254137908698
04:36:48:625,04:36:52:594,KLM73T,RYR81RY,20.142922902107973,10.79701461089681,25.34802596969365,10.013719379640635,5.263710607879056
04:36:52:594,04:36:52:617,RYR81RY,KLM73T,25.34802596969365,10.013719379640635,20.35344317882902,10.75760121315138,5.049674983306195
04:36:52:617,04:36:56:586,KLM73T,RYR81RY,20.35344317882902,10.75760121315138,25.601649322807777,9.981818521213675,5.305233879369172
04:36:56:586,04:36:56:609,RYR81RY,KLM73T,25.601649322807777,9.981818521213675,20.57683446193798,10.718896217680028,5.078587196912749
04:36:56:609,04:37:00:586,KLM73T,RYR81RY,20.57683446193798,10.718896217680028,25.85882214560137,9.950040235875182,5.337652425095588
04:37:00:586,04:37:00:602,RYR81RY,KLM73T,25.85882214560137,9.950040235875182,20.803441739635076,10.680872208205,5.10793367427646
04:37:00:602,04:37:04:578,KLM73T,RYR81RY,20.803441739635076,10.680872208205,26.116261268433465,9.917415596059143,5.367393906190486
04:37:04:578,04:37:04:594,RYR81RY,KLM73T,26.116261268433465,9.917415596059143,21.038055991380155,10.64332374807358,5.129825677452705
04:37:04:594,04:37:08:578,KLM73T,RYR81RY,21.038055991380155,10.64332374807358,26.36914047109601,9.883786164654843,5.384919597402811
04:37:08:578,04:37:08:594,RYR81RY,KLM73T,26.36914047109601,9.883786164654843,21.27586915676086,10.605714196193787,5.144180475464582
04:37:08:594,04:37:12:570,KLM73T,RYR81RY,21.27586915676086,10.605714196193787,26.61850220771975,9.850358599861128,5.395765932109118
04:37:12:570,04:37:12:586,RYR81RY,KLM73T,26.61850220771975,9.850358599861128,21.51335862019254,10.568459375469564,5.155401029328331
04:37:12:586,04:37:16:563,KLM73T,RYR81RY,21.51335862019254,10.568459375469564,26.87577673016165,9.816899584336165,5.4148287235861075
04:37:16:563,04:37:16:578,RYR81RY,KLM73T,26.87577673016165,9.816899584336165,21.7543651541407,10.530881260959724,5.170940568751065
04:37:16:578,04:37:20:555,KLM73T,RYR81RY,21.7543651541407,10.530881260959724,27.12485623615004,9.78176988739845,5.422484883514266
04:37:20:555,04:37:20:570,RYR81RY,KLM73T,27.12485623615004,9.78176988739845,21.996289018755693,10.494326635919863,5.177831478833143
04:37:20:570,04:37:24:547,KLM73T,RYR81RY,21.996289018755693,10.494326635919863,27.37754809869257,9.747196154250451,5.4328770685560945
04:37:24:547,04:37:24:563,RYR81RY,KLM73T,27.37754809869257,9.747196154250451,22.238234694911867,10.460088286854642,5.18852170227792
04:37:24:563,04:37:28:547,KLM73T,RYR81RY,22.238234694911867,10.460088286854642,27.63484252348084,9.714006578806211,5.447936670929317
04:37:28:547,04:37:28:555,RYR81RY,KLM73T,27.63484252348084,9.714006578806211,22.480658760129145,10.4286946375709,5.203497793574923
04:37:36:547,04:37:37:914,KLM73T,AFR32SN,22.972156304131463,10.359067462302962,17.571202604152685,10.200355633601871,5.403285140901237
04:37:37:914,04:37:40:539,AFR32SN,KLM73T,17.571202604152685,10.200355633601871,23.213448028202546,10.32157500414353,5.64354742701841
04:37:40:539,04:37:41:883,KLM73T,AFR32SN,23.213448028202546,10.32157500414353,17.695785975897937,10.255718886437656,5.518055051526905
04:37:41:883,04:37:44:531,AFR32SN,KLM73T,17.695785975897937,10.255718886437656,23.458878396686444,10.282854402722323,5.76315630421334
04:37:44:531,04:37:45:836,KLM73T,AFR32SN,23.458878396686444,10.282854402722323,17.835737789724398,10.317646169625604,5.623248238581482
04:37:45:836,04:37:48:531,AFR32SN,KLM73T,17.835737789724398,10.317646169625604,23.708136628165448,10.243342720398177,5.872868900315321
04:37:48:531,04:37:49:781,KLM73T,AFR32SN,23.708136628165448,10.243342720398177,17.985440307649398,10.384349325227708,5.724433250502052
04:37:49:781,04:37:52:523,AFR32SN,KLM73T,17.985440307649398,10.384349325227708,23.962127449141235,10.203907539960332,5.979410374371736
04:37:52:523,04:37:53:695,KLM73T,AFR32SN,23.962127449141235,10.203907539960332,18.147071395762826,10.459897658471336,5.820687918511708
04:37:53:695,04:37:56:516,AFR32SN,KLM73T,18.147071395762826,10.459897658471336,24.22431814515688,10.164042982877591,6.084443938610271
04:37:56:516,04:37:57:570,KLM73T,AFR32SN,24.22431814515688,10.164042982877591,18.3039113741696,10.53146827030944,5.931797170824065
04:37:57:570,04:38:00:508,AFR32SN,KLM73T,18.3039113741696,10.53146827030944,24.482690268355267,10.125292693695826,6.192114923212556
04:38:00:508,04:38:01:406,KLM73T,AFR32SN,24.482690268355267,10.125292693695826,18.461496337519996,10.60155715121224,6.040000346541455
04:38:01:406,04:38:04:500,AFR32SN,KLM73T,18.461496337519996,10.60155715121224,24.7561442925932,10.08632017504265,6.315699646113614
04:38:04:500,04:38:05:203,KLM73T,AFR32SN,24.7561442925932,10.08632017504265,18.61606907427301,10.675256857401983,6.168255028973602
04:38:05:203,04:38:08:492,AFR32SN,KLM73T,18.61606907427301,10.675256857401983,25.03385681650576,10.04922933799545,6.448248596278469
04:38:08:492,04:38:08:984,KLM73T,AFR32SN,25.03385681650576,10.04922933799545,18.773937879628388,10.735989641378962,6.297477654631206
04:38:08:984,04:38:12:492,AFR32SN,KLM73T,18.773937879628388,10.735989641378962,25.31508204165979,10.013729965524936,6.580898569940296
04:38:12:492,04:38:12:813,KLM73T,AFR32SN,25.31508204165979,10.013729965524936,18.937728000193097,10.778034627030443,6.422990439492386
04:38:12:813,04:38:16:477,AFR32SN,KLM73T,18.937728000193097,10.778034627030443,25.598439321380347,9.98938572292308,6.707238060345089
04:38:16:477,04:38:16:703,KLM73T,AFR32SN,25.598439321380347,9.98938572292308,19.10718466404309,10.791927566384135,6.540677368354788
04:38:16:703,04:38:20:477,AFR32SN,KLM73T,19.10718466404309,10.791927566384135,25.89220400446744,10.03099119750932,6.8275553170522825
04:38:20:477,04:38:20:648,KLM73T,AFR32SN,25.89220400446744,10.03099119750932,19.290364685552028,10.776867868154342,6.643840335272216
04:38:20:648,04:38:24:461,AFR32SN,KLM73T,19.290364685552028,10.776867868154342,26.172347764903627,10.069129921664628,6.918278984356094
04:38:24:461,04:38:24:609,KLM73T,AFR32SN,26.172347764903627,10.069129921664628,19.46608859243184,10.759261759865334,6.7416759075514925
04:38:24:609,04:38:28:445,AFR32SN,KLM73T,19.46608859243184,10.759261759865334,26.451596936851946,10.174637393305648,7.0099295631224585
04:38:28:445,04:38:28:578,KLM73T,AFR32SN,26.451596936851946,10.174637393305648,19.647517186321,10.738045718996805,6.827366270608555
04:38:28:578,04:38:32:422,AFR32SN,KLM73T,19.647517186321,10.738045718996805,26.711447422622303,10.309264825358596,7.076931781364079
04:38:32:422,04:38:32:555,KLM73T,AFR32SN,26.711447422622303,10.309264825358596,19.8309099686894,10.71425621350184,6.892446131776705
04:38:32:555,04:38:36:406,AFR32SN,KLM73T,19.8309099686894,10.71425621350184,26.95504570420221,10.475563027887883,7.128133305071474
04:38:36:406,04:38:36:539,KLM73T,AFR32SN,26.95504570420221,10.475563027887883,20.01303584934724,10.689001849656504,6.945290271510723
04:38:36:539,04:38:40:383,AFR32SN,KLM73T,20.01303584934724,10.689001849656504,27.18007256125504,10.661603074383056,7.167089082934624
04:38:40:383,04:38:40:523,KLM73T,AFR32SN,27.18007256125504,10.661603074383056,20.197042841727463,10.66026869587293,6.983029847019947
04:38:40:523,04:38:44:359,AFR32SN,KLM73T,20.197042841727463,10.66026869587293,27.367111435455648,10.891442380190243,7.173794317590108
04:38:44:359,04:38:44:508,KLM73T,AFR32SN,27.367111435455648,10.891442380190243,20.37698098353639,10.630008042215072,6.995017630279528
04:38:44:508,04:38:48:336,AFR32SN,KLM73T,20.37698098353639,10.630008042215072,27.52416463498593,11.143259057030845,7.165588653541101
04:38:48:336,04:38:48:500,KLM73T,AFR32SN,27.52416463498593,11.143259057030845,20.55241909315429,10.598850306358528,6.992969096732657
04:38:48:500,04:38:52:313,AFR32SN,KLM73T,20.55241909315429,10.598850306358528,27.646342297954945,11.41271249943389,7.140456435335675
04:38:52:313,04:38:52:492,KLM73T,AFR32SN,27.646342297954945,11.41271249943389,20.734931282930024,10.563920944307608,6.963336077101371
04:38:52:492,04:38:56:289,AFR32SN,KLM73T,20.734931282930024,10.563920944307608,27.72123003370764,11.695978121719294,7.077423520466061
04:38:56:289,04:38:56:484,KLM73T,AFR32SN,27.72123003370764,11.695978121719294,20.910492804373455,10.531299067630506,6.909603382689332
04:38:56:484,04:39:00:266,AFR32SN,KLM73T,20.910492804373455,10.531299067630506,27.75883483091915,11.990473910620976,7.002069675100945
04:39:00:266,04:39:00:477,KLM73T,AFR32SN,27.75883483091915,11.990473910620976,21.094669331358578,10.49831658559431,6.829175300734645
04:39:00:477,04:39:04:242,AFR32SN,KLM73T,21.094669331358578,10.49831658559431,27.751911474076863,12.288079010263104,6.893629122859792
04:39:04:242,04:39:04:469,KLM73T,AFR32SN,27.751911474076863,12.288079010263104,21.282920318348943,10.465910433780865,6.720725027406297
04:39:04:469,04:39:08:211,AFR32SN,KLM73T,21.282920318348943,10.465910433780865,27.700199923164124,12.583333143421966,6.757585105470796
04:39:08:211,04:39:08:461,KLM73T,AFR32SN,27.700199923164124,12.583333143421966,21.467510312337623,10.43560845109377,6.592354749172775
04:39:56:359,04:39:57:734,AFR32SN,VLG8SJ,24.034232258261717,10.165045511727206,17.55836746879316,10.191029540204868,6.4759169189555355
04:39:57:734,04:40:00:352,VLG8SJ,AFR32SN,17.55836746879316,10.191029540204868,24.27179292943916,10.146739438135288,6.713571555349008
04:40:00:352,04:40:01:703,AFR32SN,VLG8SJ,24.27179292943916,10.146739438135288,17.67886046875167,10.249809017677984,6.593738072551408
04:40:01:703,04:40:04:344,VLG8SJ,AFR32SN,17.67886046875167,10.249809017677984,24.528627926371662,10.122890594905767,6.850943183935249
04:40:04:344,04:40:05:656,AFR32SN,VLG8SJ,24.528627926371662,10.122890594905767,17.813549289420546,10.310169820222317,6.717689677908055
04:40:05:656,04:40:08:336,VLG8SJ,AFR32SN,17.813549289420546,10.310169820222317,24.78107719123069,10.097104083475076,6.970784896313937
04:40:08:336,04:40:09:602,AFR32SN,VLG8SJ,24.78107719123069,10.097104083475076,17.961288289289165,10.376681865952786,6.825517152824388
04:40:09:602,04:40:12:336,VLG8SJ,AFR32SN,17.961288289289165,10.376681865952786,25.04453545512668,10.06890047186136,7.089930874056113
04:40:12:336,04:40:13:523,AFR32SN,VLG8SJ,25.04453545512668,10.06890047186136,18.12614248472701,10.448437477883228,6.928795684086496
04:40:13:523,04:40:16:328,VLG8SJ,AFR32SN,18.12614248472701,10.448437477883228,25.3115793288756,10.038652433184009,7.197112367061334
04:40:16:328,04:40:17:398,AFR32SN,VLG8SJ,25.3115793288756,10.038652433184009,18.29312876413976,10.525922929719794,7.035345113527485
04:40:17:398,04:40:20:320,VLG8SJ,AFR32SN,18.29312876413976,10.525922929719794,25.580984838465252,10.021003200963452,7.3053261455304215
04:40:20:320,04:40:21:227,AFR32SN,VLG8SJ,25.580984838465252,10.021003200963452,18.459391512103025,10.596495767590838,7.144808129007411
04:40:21:227,04:40:24:305,VLG8SJ,AFR32SN,18.459391512103025,10.596495767590838,25.86621301681246,10.059638170553882,7.426252142374539
04:40:24:305,04:40:25:016,AFR32SN,VLG8SJ,25.86621301681246,10.059638170553882,18.621891007552595,10.67063696451326,7.270042702767755
04:40:25:016,04:40:28:297,VLG8SJ,AFR32SN,18.621891007552595,10.67063696451326,26.14023265803911,10.080395891768164,7.541475034593404
04:40:28:297,04:40:28:789,AFR32SN,VLG8SJ,26.14023265803911,10.080395891768164,18.782673403256176,10.739703631558266,7.387040333136753
04:40:28:789,04:40:32:281,VLG8SJ,AFR32SN,18.782673403256176,10.739703631558266,26.42482401527939,10.156909716797747,7.6643404624226275
04:40:32:281,04:40:32:602,AFR32SN,VLG8SJ,26.42482401527939,10.156909716797747,18.951051640990528,10.792802662296255,7.5007755159595435
04:40:32:602,04:40:36:266,VLG8SJ,AFR32SN,18.951051640990528,10.792802662296255,26.69903689111267,10.260875830939042,7.7662231226013585
04:40:36:266,04:40:36:492,AFR32SN,VLG8SJ,26.69903689111267,10.260875830939042,19.12629879753464,10.81105743281879,7.5926979413759605
04:40:36:492,04:40:40:242,VLG8SJ,AFR32SN,19.12629879753464,10.81105743281879,26.962734570608973,10.407453728289472,7.846822387172331
04:40:40:242,04:40:40:438,AFR32SN,VLG8SJ,26.962734570608973,10.407453728289472,19.310272361844948,10.805573715482538,7.662811323578585
04:40:40:438,04:40:44:227,VLG8SJ,AFR32SN,19.310272361844948,10.805573715482538,27.20134979550008,10.587030199266238,7.894103136672426
04:40:44:227,04:40:44:398,AFR32SN,VLG8SJ,27.20134979550008,10.587030199266238,19.49460531257272,10.784253884584516,7.709267650508822
04:40:44:398,04:40:48:203,VLG8SJ,AFR32SN,19.49460531257272,10.784253884584516,27.41997575385264,10.795040901740434,7.925377782241841
04:40:48:203,04:40:48:375,AFR32SN,VLG8SJ,27.41997575385264,10.795040901740434,19.68417118884379,10.759781165935124,7.735884921389459
04:40:48:375,04:40:52:188,VLG8SJ,AFR32SN,19.68417118884379,10.759781165935124,27.603242777767143,11.028921147195472,7.9236438057251055
04:40:52:188,04:40:52:359,AFR32SN,VLG8SJ,27.603242777767143,11.028921147195472,19.87983479299232,10.732298748338934,7.729101871937444
04:40:52:359,04:40:56:164,VLG8SJ,AFR32SN,19.87983479299232,10.732298748338934,27.78021020873084,11.279395174054,7.919295815199467
04:40:56:164,04:40:56:344,AFR32SN,VLG8SJ,27.78021020873084,11.279395174054,20.07842767597883,10.703488154982962,7.723284474653206
04:40:56:344,04:41:00:141,VLG8SJ,AFR32SN,20.07842767597883,10.703488154982962,27.91449430652369,11.55065791624191,7.881728036587549
04:41:00:141,04:41:00:328,AFR32SN,VLG8SJ,27.91449430652369,11.55065791624191,20.283376254658705,10.669936657203234,7.681772754880367
04:41:00:328,04:41:04:109,VLG8SJ,AFR32SN,20.283376254658705,10.669936657203234,28.020626491347368,11.837472641167787,7.82484386419249
04:41:04:109,04:41:04:313,AFR32SN,VLG8SJ,28.020626491347368,11.837472641167787,20.492463734245227,10.636003904111073,7.623435027829933
04:42:48:070,04:44:57:336,VLG8SJ,EJU73YK,27.25450996177197,10.434004092329475,17.573492075694535,10.198230298820553,9.68388850577374
04:47:39:734,04:49:01:023,EJU73YK,UPS242,26.23745109527115,9.961512411983056,17.51879483755119,10.175108207998951,8.721272275554472
04:51:03:570,04:51:28:836,UPS242,VLG365N,23.65885714389267,9.493160536889476,17.491612840927534,10.169065132537217,6.204171928216826
04:54:23:094,05:00:11:922,VLG365N,VLG3YR,27.279171650036183,11.32655862387782,18.164602015838025,10.4649072261565,9.155207411514075
05:03:11:523,05:06:03:477,VLG3YR,VLG1265,16.75835233863991,1.0047796392018362,18.14310392682696,10.461852838439045,9.55791663788282
05:08:55:305,05:08:59:203,VLG1265,VLG73QE,13.437956177998592,2.664598815935761,18.20375930957077,10.490622822220748,9.162943371856672
05:08:59:203,05:08:59:313,VLG73QE,VLG1265,18.20375930957077,10.490622822220748,13.22240337145248,2.4909793858728437,9.423810380675668
05:08:59:313,05:09:03:266,VLG1265,VLG73QE,13.22240337145248,2.4909793858728437,18.09156552088052,10.435346660078883,9.3178168808417
05:11:59:070,05:12:03:063,VLG73QE,VLG6001,13.231083395483063,2.5053039095917007,16.25361158608734,7.391206714725852,5.7452347980056775
05:12:03:063,05:12:03:070,VLG6001,VLG73QE,16.25361158608734,7.391206714725852,13.008134491195545,2.332677423949691,6.010144770228723
05:12:03:070,05:12:07:039,VLG73QE,VLG6001,13.008134491195545,2.332677423949691,16.247841819526013,7.142454735733848,5.799108669631202
05:12:07:039,05:12:07:070,VLG6001,VLG73QE,16.247841819526013,7.142454735733848,12.788581016823576,2.1636585956171026,6.062581653549493
05:12:07:070,05:12:11:016,VLG73QE,VLG6001,12.788581016823576,2.1636585956171026,16.240962942886554,6.880272488053286,5.84511655775386
05:12:11:016,05:12:11:070,VLG6001,VLG73QE,16.240962942886554,6.880272488053286,12.56472863119234,1.98911220654374,6.118672046604098
05:12:11:070,05:12:14:992,VLG73QE,VLG6001,12.56472863119234,1.98911220654374,16.236109694616978,6.611807746298198,5.903249356594959
05:13:14:766,05:13:34:867,VLG6001,VLG4SW,16.456074168921948,2.406295796770655,18.16382865388312,10.469462936777674,8.242031891990832
05:15:02:781,05:15:06:719,VLG4SW,VLG4VF,16.417023241991934,7.101374438437701,18.206896430277794,10.489361908504566,3.831723519184894
05:15:06:719,05:15:06:758,VLG4VF,VLG4SW,18.206896430277794,10.489361908504566,16.425872592172034,6.85329489371872,4.048830602521502
05:15:10:742,05:15:10:789,VLG4SW,VLG4VF,16.436989666074947,6.607566323704032,18.086343057834416,10.438151426817624,4.170581355531173
05:15:10:789,05:15:14:727,VLG4VF,VLG4SW,18.086343057834416,10.438151426817624,16.445809964106324,6.356988606489371,4.398549624324674
05:15:14:727,05:15:14:852,VLG4SW,VLG4VF,16.445809964106324,6.356988606489371,17.948539405069535,10.371108670111717,4.286181944098159
05:15:14:852,05:15:18:711,VLG4VF,VLG4SW,17.948539405069535,10.371108670111717,16.452703019548856,6.104971325242086,4.52078027972372
05:15:18:711,05:15:18:891,VLG4SW,VLG4VF,16.452703019548856,6.104971325242086,17.79701101952961,10.298425836275358,4.403660379152502
05:15:18:891,05:15:22:688,VLG4VF,VLG4SW,17.79701101952961,10.298425836275358,16.45690784796628,5.843701225026838,4.651929478452717
05:15:22:688,05:15:22:930,VLG4SW,VLG4VF,16.45690784796628,5.843701225026838,17.632515247478604,10.223287306273775,4.534625342940696
05:15:22:930,05:15:26:672,VLG4VF,VLG4SW,17.632515247478604,10.223287306273775,16.45961902287415,5.581200439614683,4.787969927986203
05:15:26:672,05:15:26:953,VLG4SW,VLG4VF,16.45961902287415,5.581200439614683,17.463183833740786,10.142311442969516,4.670211549227114
05:15:26:953,05:15:30:656,VLG4VF,VLG4SW,17.463183833740786,10.142311442969516,16.459762832525357,5.31218073716681,4.9332561600649045
05:15:54:586,05:15:54:938,VLG4SW,VLG4VF,16.456820574719835,3.643849497979216,16.51642461644225,9.307205892601065,5.663670037554609
05:15:54:938,05:15:58:570,VLG4VF,VLG4SW,16.51642461644225,9.307205892601065,16.458648080852342,3.365857657537702,5.941629151870327
05:15:58:570,05:15:58:906,VLG4SW,VLG4VF,16.458648080852342,3.365857657537702,16.49307957227465,9.114601386323388,5.748846839745716
05:15:58:906,05:16:02:563,VLG4VF,VLG4SW,16.49307957227465,9.114601386323388,16.46284863265522,3.0835655790957244,6.031111573978093
05:16:02:563,05:16:02:875,VLG4SW,VLG4VF,16.46284863265522,3.0835655790957244,16.477856297949213,8.915579966314967,5.8320336969833955
05:16:02:875,05:16:06:547,VLG4VF,VLG4SW,16.477856297949213,8.915579966314967,16.48584166066208,2.809503172940905,6.106082014892931
05:16:06:547,05:16:06:836,VLG4SW,VLG4VF,16.48584166066208,2.809503172940905,16.470702236202417,8.710790148890712,5.901306395594775
05:16:06:836,05:16:10:531,VLG4VF,VLG4SW,16.470702236202417,8.710790148890712,16.58097733994582,2.524128705300011,6.187644173360116
05:16:10:531,05:16:10:813,VLG4SW,VLG4VF,16.58097733994582,2.524128705300011,16.4681881611542,8.504486863479508,5.981421662026224
05:16:10:813,05:16:14:516,VLG4VF,VLG4SW,16.4681881611542,8.504486863479508,16.65903059007418,2.2650103519968137,6.242394410001689
05:16:14:516,05:16:14:781,VLG4SW,VLG4VF,16.65903059007418,2.2650103519968137,16.46876839149667,8.292363634204179,6.030355486432242
05:16:14:781,05:16:18:500,VLG4VF,VLG4SW,16.46876839149667,8.292363634204179,16.805722125165868,2.0068875583222514,6.294501355875434
05:16:18:500,05:16:18:750,VLG4SW,VLG4VF,16.805722125165868,2.0068875583222514,16.47340108984749,8.082363592857435,6.084558021477521
05:16:18:750,05:16:22:477,VLG4VF,VLG4SW,16.47340108984749,8.082363592857435,16.972635799811812,1.7686782897842737,6.333392250751189
05:16:22:477,05:16:22:727,VLG4SW,VLG4VF,16.972635799811812,1.7686782897842737,16.47771971268299,7.863303727556463,6.1146873313390895
05:16:22:727,05:16:26:461,VLG4VF,VLG4SW,16.47771971268299,7.863303727556463,17.176159617260303,1.5535729046216866,6.348269162393726
05:16:26:461,05:16:26:703,VLG4SW,VLG4VF,17.176159617260303,1.5535729046216866,16.484312398370086,7.6422102748115215,6.1278183393405445
05:16:26:703,05:16:30:438,VLG4VF,VLG4SW,16.484312398370086,7.6422102748115215,17.40812323491867,1.368504087130641,6.341357566883447
05:16:30:438,05:16:30:680,VLG4SW,VLG4VF,17.40812323491867,1.368504087130641,16.493338801569386,7.4231822168948,6.123394305002951
05:16:30:680,05:16:34:414,VLG4VF,VLG4SW,16.493338801569386,7.4231822168948,17.66214973612734,1.223820075961435,6.3085822460502285
05:16:34:414,05:16:34:656,VLG4SW,VLG4VF,17.66214973612734,1.223820075961435,16.49791150774221,7.191790152919941,6.080470170299781
05:16:34:656,05:16:38:391,VLG4VF,VLG4SW,16.49791150774221,7.191790152919941,17.946948755943072,1.116377084316261,6.245826838844791
05:16:38:391,05:16:38:641,VLG4SW,VLG4VF,17.946948755943072,1.116377084316261,16.50056670161854,6.951562015995508,6.011772137562152
05:16:38:641,05:16:42:367,VLG4VF,VLG4SW,16.50056670161854,6.951562015995508,18.243735014550943,1.0445972076739838,6.158804187012325
05:16:42:367,05:16:42:570,VLG4SW,DLH03K,18.243735014550943,1.0445972076739838,18.23690102647694,10.494741834590355,9.450147097957224
05:16:42:570,05:16:42:617,DLH03K,VLG4VF,18.23690102647694,10.494741834590355,16.502170298486288,6.705513346907756,4.167438449515522
05:16:42:617,05:16:46:344,VLG4VF,VLG4SW,16.502170298486288,6.705513346907756,18.54217797080076,1.009207644298102,6.050580960592559
05:16:46:344,05:16:46:602,VLG4SW,VLG4VF,18.54217797080076,1.009207644298102,16.502908826614416,6.44970808689971,5.810134568870054
05:16:46:602,05:16:46:641,VLG4VF,DLH03K,16.502908826614416,6.44970808689971,18.118607640102372,10.443450831040105,4.308185669429817
05:16:46:641,05:16:50:320,DLH03K,VLG4SW,18.118607640102372,10.443450831040105,18.84429300873401,0.9871435379247308,9.484111285517113
05:16:50:320,05:16:50:586,VLG4SW,VLG4VF,18.84429300873401,0.9871435379247308,16.504702828584616,6.195303989285503,5.709519900847173
05:16:50:586,05:16:50:703,VLG4VF,DLH03K,16.504702828584616,6.195303989285503,17.97884493229839,10.37929342931274,4.436086403148738
05:16:50:703,05:16:54:297,DLH03K,VLG4SW,17.97884493229839,10.37929342931274,19.146097521834346,0.970193957002368,9.481225210256834
05:16:54:297,05:16:54:563,VLG4SW,VLG4VF,19.146097521834346,0.970193957002368,16.50267160455401,5.928324243073952,5.618786035596094
05:16:54:563,05:16:54:750,VLG4VF,DLH03K,16.50267160455401,5.928324243073952,17.831644162847873,10.31094468498011,4.5796866703424
05:16:54:750,05:16:58:273,DLH03K,VLG4SW,17.831644162847873,10.31094468498011,19.449223832779747,0.9623697856958264,9.487487372118345
05:16:58:273,05:16:58:555,VLG4SW,VLG4VF,19.449223832779747,0.9623697856958264,16.500470553431924,5.655002482572737,5.542196994898576
05:16:58:555,05:16:58:797,VLG4VF,DLH03K,16.500470553431924,5.655002482572737,17.67843693587031,10.23990524522248,4.733807995800868
05:16:58:797,05:17:02:539,DLH03K,VLG4VF,17.67843693587031,10.23990524522248,16.500173645335696,5.383105254517073,4.997680515152755
05:17:02:539,05:17:02:820,VLG4VF,DLH03K,16.500173645335696,5.383105254517073,17.526855908034584,10.168090405069226,4.893890002804018
05:17:02:820,05:17:06:523,DLH03K,VLG4VF,17.526855908034584,10.168090405069226,16.499540644063146,5.112677172078593,5.158738179815439
05:17:06:523,05:17:06:836,VLG4VF,DLH03K,16.499540644063146,5.112677172078593,17.38123450681544,10.100221308373769,5.064877153407322
05:17:06:836,05:17:10:508,DLH03K,VLG4VF,17.38123450681544,10.100221308373769,16.495780737824855,4.836192974896207,5.337979268662832
05:17:10:508,05:17:10:844,VLG4VF,DLH03K,16.495780737824855,4.836192974896207,17.235653109543016,10.018003533023254,5.234364506484889
05:17:10:844,05:17:14:500,DLH03K,VLG4VF,17.235653109543016,10.018003533023254,16.49154595726608,4.564955130660724,5.503583590041877
05:17:14:500,05:17:14:844,VLG4VF,DLH03K,16.49154595726608,4.564955130660724,17.11455029877838,9.903666017937264,5.374938915696459
05:17:14:844,05:17:18:484,DLH03K,VLG4VF,17.11455029877838,9.903666017937264,16.486815151418135,4.290631301787816,5.648027101557702
05:17:18:484,05:17:18:828,VLG4VF,DLH03K,16.486815151418135,4.290631301787816,17.009316518946623,9.772775528054297,5.506987651761718
05:17:18:828,05:17:22:477,DLH03K,VLG4VF,17.009316518946623,9.772775528054297,16.479729250998105,4.013663265501721,5.783410475407795
05:17:22:477,05:17:22:805,VLG4VF,DLH03K,16.479729250998105,4.013663265501721,16.938802167696604,9.623589840914098,5.628678719234569
05:17:22:805,05:17:26:461,DLH03K,VLG4VF,16.938802167696604,9.623589840914098,16.472133246677668,3.7378209390687855,5.904240463241174
05:17:26:461,05:17:26:773,VLG4VF,DLH03K,16.472133246677668,3.7378209390687855,16.90019672376262,9.462465107858318,5.740626202747402
05:17:26:773,05:17:30:453,DLH03K,VLG4VF,16.90019672376262,9.462465107858318,16.464705439306424,3.462182225369022,6.016065768318309
05:17:30:453,05:17:30:742,VLG4VF,DLH03K,16.464705439306424,3.462182225369022,16.87474871548018,9.29959787671766,5.851799464689931
05:17:30:742,05:17:34:445,DLH03K,VLG4VF,16.87474871548018,9.29959787671766,16.45602517476236,3.1829964109073634,6.130916970168814
05:17:34:445,05:17:34:719,VLG4VF,DLH03K,16.45602517476236,3.1829964109073634,16.854141022413135,9.131406051136624,5.9617173260834075
05:17:34:719,05:17:38:438,DLH03K,VLG4VF,16.854141022413135,9.131406051136624,16.447589354044954,2.904548126163755,6.240115694187919
05:17:38:438,05:17:38:688,VLG4VF,DLH03K,16.447589354044954,2.904548126163755,16.836156720054223,8.965766944062228,6.073661017572016
05:17:38:688,05:17:42:422,DLH03K,VLG4VF,16.836156720054223,8.965766944062228,16.43801644175739,2.622760309109156,6.3554896626665185
05:17:42:422,05:17:42:664,VLG4VF,DLH03K,16.43801644175739,2.622760309109156,16.823356625256046,8.804060593911275,6.193299626847836
05:17:42:664,05:17:46:414,DLH03K,VLG4VF,16.823356625256046,8.804060593911275,16.426186190572476,2.3418772474024103,6.47437703243202
05:17:46:414,05:17:46:641,VLG4VF,DLH03K,16.426186190572476,2.3418772474024103,16.810041300688916,8.636178226122809,6.305994731704354
05:17:46:641,05:17:50:406,DLH03K,VLG4VF,16.810041300688916,8.636178226122809,16.416746319494866,2.0607647216675358,6.587165072837116
05:17:50:406,05:17:50:617,VLG4VF,DLH03K,16.416746319494866,2.0607647216675358,16.799359093437147,8.468700332904017,6.4193482015338965
05:17:50:617,05:17:54:398,DLH03K,VLG4VF,16.799359093437147,8.468700332904017,16.40962127742376,1.7794530065437306,6.7005914185577025
05:17:54:398,05:17:54:594,VLG4VF,DLH03K,16.40962127742376,1.7794530065437306,16.793135568768804,8.301536861887035,6.533349908568779
05:17:54:594,05:17:58:391,DLH03K,VLG4VF,16.793135568768804,8.301536861887035,16.39838285936836,1.495330163844684,6.8176447045923085
05:17:58:391,05:17:58:578,VLG4VF,DLH03K,16.39838285936836,1.495330163844684,16.785228378587934,8.132434706873406,6.648368684935633
05:17:58:578,05:18:02:383,DLH03K,VLG4VF,16.785228378587934,8.132434706873406,16.388875406044885,1.2151015939014094,6.9286790281165835
05:18:02:383,05:18:02:555,VLG4VF,DLH03K,16.388875406044885,1.2151015939014094,16.777819363996244,7.964959508177841,6.761054597128102
05:18:02:555,05:18:06:375,DLH03K,VLG4VF,16.777819363996244,7.964959508177841,16.384193711985098,0.9301159878880864,7.045847323699538
05:18:06:375,05:18:06:547,VLG4VF,DLH03K,16.384193711985098,0.9301159878880864,16.769143850063355,7.795342144243537,6.87601023753699
05:18:06:547,05:18:10:367,DLH03K,VLG4VF,16.769143850063355,7.795342144243537,16.396889465651753,0.6495770945959608,7.155454665601514
05:18:10:367,05:18:10:500,VLG4VF,VLG593U,16.396889465651753,0.6495770945959608,18.18353242438944,10.473628535951931,9.985193026898143
05:18:10:500,05:18:10:531,VLG593U,DLH03K,18.18353242438944,10.473628535951931,16.760365615434175,7.622208884808681,3.1868476262660894
05:18:10:531,05:18:14:352,DLH03K,VLG4VF,16.760365615434175,7.622208884808681,16.448933850438884,0.3779379295340361,7.250962102899442
05:18:14:352,05:18:14:508,VLG4VF,DLH03K,16.448933850438884,0.3779379295340361,16.752086632801127,7.445789782207528,7.074350247251975
05:18:14:508,05:18:14:563,DLH03K,VLG593U,16.752086632801127,7.445789782207528,18.06276300290821,10.424406921447904,3.2542330293532453
05:18:14:563,05:18:18:336,VLG593U,VLG4VF,18.06276300290821,10.424406921447904,16.548798032826493,0.1027636101134079,10.432085629300149
05:18:18:336,05:18:18:500,VLG4VF,DLH03K,16.548798032826493,0.1027636101134079,16.74008494931876,7.259289149523663,7.159081538902344
05:18:18:500,05:18:18:617,DLH03K,VLG593U,16.74008494931876,7.259289149523663,17.921395401916904,10.36133059222899,3.3193607061720454
05:18:18:617,05:18:22:320,VLG593U,VLG4VF,17.921395401916904,10.36133059222899,16.691239884387652,-0.1494906230165209,10.582563263036171
05:18:22:320,05:18:22:477,VLG4VF,DLH03K,16.691239884387652,-0.1494906230165209,16.729312614316054,7.069053834814779,7.218644860529654
05:18:22:477,05:18:22:656,DLH03K,VLG593U,16.729312614316054,7.069053834814779,17.769044148959964,10.285813238129466,3.3806186893742445
05:18:22:656,05:18:26:469,VLG593U,DLH03K,17.769044148959964,10.285813238129466,16.71788984784725,6.872172562084081,3.571815788908962
05:18:26:469,05:18:26:695,DLH03K,VLG593U,16.71788984784725,6.872172562084081,17.60311015704159,10.207903012291794,3.4511900313157318
05:18:26:695,05:18:30:453,VLG593U,DLH03K,17.60311015704159,10.207903012291794,16.707364276493127,6.671658422886331,3.647929067103547
05:18:30:453,05:18:30:719,DLH03K,VLG593U,16.707364276493127,6.671658422886331,17.426801535727876,10.129207683084337,3.5316054219959203
05:18:30:719,05:18:34:438,VLG593U,DLH03K,17.426801535727876,10.129207683084337,16.697514506861108,6.467577693385827,3.7335497521705565
05:18:34:438,05:18:34:734,DLH03K,VLG593U,16.697514506861108,6.467577693385827,17.2536741586508,10.046455214364212,3.621833495405775
05:18:34:734,05:18:38:430,VLG593U,DLH03K,17.2536741586508,10.046455214364212,16.684937102166437,6.252758290793484,3.836091524889428
05:18:38:430,05:18:38:758,DLH03K,VLG593U,16.684937102166437,6.252758290793484,17.0858463246312,9.967199193573952,3.7360138416373507
05:18:38:758,05:18:42:414,VLG593U,DLH03K,17.0858463246312,9.967199193573952,16.671207788268717,6.034950369968298,3.9540493075561
05:18:42:414,05:18:42:766,DLH03K,VLG593U,16.671207788268717,6.034950369968298,16.922868687891057,9.87845961428606,3.8517394148040203
05:18:42:766,05:18:46:398,VLG593U,DLH03K,16.922868687891057,9.87845961428606,16.655773146556808,5.810652916739888,4.076566123197578
05:18:46:398,05:18:46:766,DLH03K,VLG593U,16.655773146556808,5.810652916739888,16.76620836085818,9.776922325001538,3.967806567295085
05:18:46:766,05:18:50:391,VLG593U,DLH03K,16.76620836085818,9.776922325001538,16.641014620538886,5.5861939512386645,4.192597974439757
05:18:50:391,05:18:50:742,DLH03K,VLG593U,16.641014620538886,5.5861939512386645,16.652251838657484,9.628897371532084,4.042719037915343
05:18:50:742,05:18:54:375,VLG593U,DLH03K,16.652251838657484,9.628897371532084,16.623805467877464,5.351236458103558,4.277755496318686
05:18:54:375,05:18:54:727,DLH03K,VLG593U,16.623805467877464,5.351236458103558,16.557504477667468,9.477335666052948,4.126631858446233
05:18:54:727,05:18:58:367,VLG593U,DLH03K,16.557504477667468,9.477335666052948,16.60837998939976,5.115693584917841,4.361938784717481
05:18:58:367,05:18:58:695,DLH03K,VLG593U,16.60837998939976,5.115693584917841,16.5142012968191,9.28805070070312,4.173419883953717
05:18:58:695,05:19:02:359,VLG593U,DLH03K,16.5142012968191,9.28805070070312,16.59127415880718,4.877595173287958,4.411128901467514
05:19:02:359,05:19:02:664,DLH03K,VLG593U,16.59127415880718,4.877595173287958,16.46937523121351,9.111781649314588,4.235940800142904
05:19:02:664,05:19:06:344,VLG593U,DLH03K,16.46937523121351,9.111781649314588,16.573894563248853,4.631800290838166,4.481200426567123
05:19:06:344,05:19:06:633,DLH03K,VLG593U,16.573894563248853,4.631800290838166,16.457941822457776,8.924739811839663,4.294505183263087
05:19:06:633,05:19:10:336,VLG593U,DLH03K,16.457941822457776,8.924739811839663,16.554926825011595,4.3786839489975,4.547090278277084
05:19:10:336,05:19:10:602,DLH03K,VLG593U,16.554926825011595,4.3786839489975,16.45312724125415,8.727883951171886,4.35039122541489
05:19:10:602,05:19:14:320,VLG593U,DLH03K,16.45312724125415,8.727883951171886,16.536415206937,4.126369738487501,4.602267912102031
05:19:14:320,05:19:14:570,DLH03K,VLG593U,16.536415206937,4.126369738487501,16.447551030284867,8.532279984093178,4.406806319118772
05:19:14:570,05:19:18:320,VLG593U,DLH03K,16.447551030284867,8.532279984093178,16.51697551446816,3.871120873604284,4.661676094742934
05:19:18:320,05:19:18:547,DLH03K,VLG593U,16.51697551446816,3.871120873604284,16.441173696739572,8.327721603080501,4.457245335130087
05:19:22:523,05:19:26:367,VLG593U,VLG38HJ,16.4450199053163,8.125536711795553,18.22606013793149,10.498785568334116,2.967223356145534
05:19:26:367,05:19:26:500,VLG38HJ,VLG593U,18.22606013793149,10.498785568334116,16.438885868100517,7.905843636045259,3.14918080379132
05:19:26:500,05:19:30:438,VLG593U,VLG38HJ,16.438885868100517,7.905843636045259,18.10839055502979,10.444252367535402,3.038217370068212
05:19:30:438,05:19:30:469,VLG38HJ,VLG593U,18.10839055502979,10.444252367535402,16.442380841067628,7.694104795867038,3.2154159968765597
05:19:34:445,05:19:34:492,VLG593U,VLG38HJ,16.445009655256072,7.472517534245387,17.970922280533422,10.384364419636771,3.2874399802801446
05:19:34:492,05:19:38:422,VLG38HJ,VLG593U,17.970922280533422,10.384364419636771,16.45035656287897,7.247958576875701,3.4855647623034898
05:19:38:422,05:19:38:547,VLG593U,VLG38HJ,16.45035656287897,7.247958576875701,17.825305599192095,10.315902524937393,3.361958494822141
05:19:38:547,05:19:42:406,VLG38HJ,VLG593U,17.825305599192095,10.315902524937393,16.45543822809059,7.013770998055646,3.574997795137072
05:19:42:406,05:19:42:578,VLG593U,VLG38HJ,16.45543822809059,7.013770998055646,17.66479860463131,10.241363572845428,3.4467240024673935
05:19:42:578,05:19:46:383,VLG38HJ,VLG593U,17.66479860463131,10.241363572845428,16.4624332454274,6.781467142675355,3.662863055659762
05:19:46:383,05:19:46:609,VLG593U,VLG38HJ,16.4624332454274,6.781467142675355,17.498232335153777,10.162763511162556,3.536388678556519
05:19:46:609,05:19:50:367,VLG38HJ,VLG593U,17.498232335153777,10.162763511162556,16.46629168099401,6.540150465827611,3.766726269579276
05:19:50:367,05:19:50:625,VLG593U,VLG38HJ,16.46629168099401,6.540150465827611,17.340608621241874,10.09129750534804,3.657195019177825
05:19:50:625,05:19:54:352,VLG38HJ,VLG593U,17.340608621241874,10.09129750534804,16.471349519948024,6.296254886559784,3.89332247105238
05:19:54:352,05:19:54:641,VLG593U,VLG38HJ,16.471349519948024,6.296254886559784,17.177493209234328,10.012082975968852,3.782329612812759
05:19:54:641,05:19:58:328,VLG38HJ,VLG593U,17.177493209234328,10.012082975968852,16.474989986514274,6.046461625270227,4.0273643335373634
05:19:58:328,05:19:58:648,VLG593U,VLG38HJ,16.474989986514274,6.046461625270227,17.021925891632897,9.92646044045127,3.9183580349572744
05:19:58:648,05:20:02:320,VLG38HJ,VLG593U,17.021925891632897,9.92646044045127,16.47706286315752,5.785826039693646,4.176329603914999
05:20:02:320,05:20:02:648,VLG593U,VLG38HJ,16.47706286315752,5.785826039693646,16.895144637795394,9.80696724395132,4.042816957872717
05:20:02:648,05:20:06:305,VLG38HJ,VLG593U,16.895144637795394,9.80696724395132,16.482575472997585,5.525601637500488,4.301198062382394
05:20:06:305,05:20:06:633,VLG593U,VLG38HJ,16.482575472997585,5.525601637500488,16.77979442256869,9.667936458257484,4.152984092341319
05:20:06:633,05:20:10:289,VLG38HJ,VLG593U,16.77979442256869,9.667936458257484,16.487925758786833,5.2589854332761385,4.418601187885354
05:20:10:289,05:20:10:602,VLG593U,VLG38HJ,16.487925758786833,5.2589854332761385,16.704510599259073,9.50235884700576,4.248897141785121
05:20:10:602,05:20:14:273,VLG38HJ,VLG593U,16.704510599259073,9.50235884700576,16.48913373185551,4.978925557663907,4.528557818791611
05:20:14:273,05:20:14:570,VLG593U,VLG38HJ,16.48913373185551,4.978925557663907,16.67194516840748,9.307913292336726,4.332846042531617
05:20:14:570,05:20:18:258,VLG38HJ,VLG593U,16.67194516840748,9.307913292336726,16.489859401549825,4.696144680453914,4.615361844540432
05:20:18:258,05:20:18:539,VLG593U,VLG38HJ,16.489859401549825,4.696144680453914,16.639687980879305,9.130002430655423,4.436388525840121
05:20:18:539,05:20:22:250,VLG38HJ,VLG593U,16.639687980879305,9.130002430655423,16.489566329752794,4.406589669747508,4.725797776042124
05:20:22:250,05:20:22:508,VLG593U,VLG38HJ,16.489566329752794,4.406589669747508,16.630908730923533,8.942248017738386,4.537860104065357
05:20:22:508,05:20:26:234,VLG38HJ,VLG593U,16.630908730923533,8.942248017738386,16.48444250265477,4.111253518245467,4.833214273147232
05:20:26:234,05:20:26:477,VLG593U,VLG38HJ,16.48444250265477,4.111253518245467,16.622207987278212,8.740313165434697,4.6311092133515075
05:20:26:477,05:20:30:227,VLG38HJ,VLG593U,16.622207987278212,8.740313165434697,16.458921225881234,3.81448390327668,4.928534922913675
05:20:30:227,05:20:30:445,VLG593U,VLG38HJ,16.458921225881234,3.81448390327668,16.618444742083568,8.535518793510231,4.723729266905977
05:20:30:445,05:20:34:219,VLG38HJ,VLG593U,16.618444742083568,8.535518793510231,16.372815182081737,3.523010922084908,5.018522595530234
05:20:34:219,05:20:34:273,VLG593U,IBE04RC,16.372815182081737,3.523010922084908,18.22643195461316,10.49864624360121,7.217713161257909
05:20:34:273,05:20:34:414,IBE04RC,VLG38HJ,18.22643195461316,10.49864624360121,16.61912664104833,8.327629312847899,2.7012487639296148
05:20:34:414,05:20:38:219,VLG38HJ,VLG593U,16.61912664104833,8.327629312847899,16.26146733961278,3.250805201230248,5.089406963115223
05:20:38:219,05:20:38:344,VLG593U,IBE04RC,16.26146733961278,3.250805201230248,18.113674415478705,10.450324006107644,7.433958708095644
05:20:38:344,05:20:38:391,IBE04RC,VLG38HJ,18.113674415478705,10.450324006107644,16.620222597617918,8.11487201167505,2.7721353413155843
05:20:38:391,05:20:42:219,VLG38HJ,VLG593U,16.620222597617918,8.11487201167505,16.128881123522703,2.981352274661119,5.1569798656265515
05:20:42:219,05:20:42:375,VLG593U,VLG38HJ,16.128881123522703,2.981352274661119,16.62125210735496,7.892221612392832,4.935490536714001
05:20:42:375,05:20:42:406,VLG38HJ,IBE04RC,16.62125210735496,7.892221612392832,17.9828941208235,10.385976859807386,2.841282141366866
05:20:42:406,05:20:46:219,IBE04RC,VLG593U,17.9828941208235,10.385976859807386,15.99263146498115,2.713063087601714,7.926837401823258
05:20:46:219,05:20:46:344,VLG593U,VLG38HJ,15.99263146498115,2.713063087601714,16.62079621631617,7.665219347632783,4.991837595373541
05:20:46:344,05:20:46:453,VLG38HJ,IBE04RC,16.62079621631617,7.665219347632783,17.836714366872535,10.321883377409373,2.921698258883214
05:20:46:453,05:20:50:219,IBE04RC,VLG593U,17.836714366872535,10.321883377409373,15.85658376508405,2.440699277057046,8.126129461421689
05:20:50:219,05:20:50:328,VLG593U,VLG38HJ,15.85658376508405,2.440699277057046,16.61572999084882,7.426610341602362,5.043373091062002
05:20:50:328,05:20:50:492,VLG38HJ,IBE04RC,16.61572999084882,7.426610341602362,17.67708560756208,10.246224296356557,3.0127559806551507
05:20:50:492,05:20:54:219,IBE04RC,VLG593U,17.67708560756208,10.246224296356557,15.726089197197972,2.1710430603553967,8.307523035629746
05:20:54:219,05:20:54:305,VLG593U,VLG38HJ,15.726089197197972,2.1710430603553967,16.611434391731784,7.186078516824284,5.092584485614766
05:20:54:305,05:20:54:516,VLG38HJ,IBE04RC,16.611434391731784,7.186078516824284,17.509824291461943,10.16742253410096,3.1137624445818903
05:20:54:516,05:20:58:211,IBE04RC,VLG593U,17.509824291461943,10.16742253410096,15.590474093638464,1.895022501971964,8.492143867920094
05:20:58:211,05:20:58:281,VLG593U,VLG38HJ,15.590474093638464,1.895022501971964,16.60429325623015,6.940660302351208,5.146483275699437
05:20:58:281,05:20:58:539,VLG38HJ,IBE04RC,16.60429325623015,6.940660302351208,17.351188581742925,10.090302897450275,3.236989512515482
05:20:58:539,05:21:02:211,IBE04RC,VLG593U,17.351188581742925,10.090302897450275,15.453267296810546,1.624177382434619,8.676254171000206
05:21:02:211,05:21:02:266,VLG593U,VLG38HJ,15.453267296810546,1.624177382434619,16.596636309387613,6.689392001649306,5.192657492809212
05:21:02:266,05:21:02:555,VLG38HJ,IBE04RC,16.596636309387613,6.689392001649306,17.185193989913667,10.007242300365078,3.3696484605956374
05:21:02:555,05:21:06:203,IBE04RC,VLG593U,17.185193989913667,10.007242300365078,15.319970111689312,1.356137993716925,8.849896374557419
05:21:06:203,05:21:06:250,VLG593U,VLG38HJ,15.319970111689312,1.356137993716925,16.588408399367953,6.436748027053918,5.236557457002992
05:21:06:250,05:21:10:203,VLG38HJ,VLG593U,16.588408399367953,6.436748027053918,15.179945881116012,1.0825859076653772,5.536318150722174
05:21:10:203,05:21:10:234,VLG593U,VLG38HJ,15.179945881116012,1.0825859076653772,16.57669340337679,6.174018892596425,5.279544817594173
05:21:10:234,05:21:10:570,VLG38HJ,IBE04RC,16.57669340337679,6.174018892596425,16.87089749744166,9.852112381585084,3.6898411568393152
05:21:10:570,05:21:14:203,IBE04RC,VLG593U,16.87089749744166,9.852112381585084,15.040756579600345,0.8007338994629565,9.234547536603
05:21:14:203,05:21:14:219,VLG593U,VLG38HJ,15.040756579600345,0.8007338994629565,16.565662399832345,5.9128142630536,5.334669943341057
05:21:14:219,05:21:18:203,VLG38HJ,VLG593U,16.565662399832345,5.9128142630536,14.904969513337006,0.5303315596898668,5.63285193443481
05:21:18:203,05:21:18:211,VLG593U,VLG38HJ,14.904969513337006,0.5303315596898668,16.553457035819182,5.649470964614195,5.378020022166933
05:21:18:211,05:21:18:555,VLG38HJ,IBE04RC,16.553457035819182,5.649470964614195,16.619261996748232,9.604620235790602,3.955696658007302
05:21:18:555,05:21:22:195,IBE04RC,VLG593U,16.619261996748232,9.604620235790602,14.76449316155903,0.2534322907132959,9.533356356296991
05:21:22:195,05:21:22:195,VLG593U,VLG38HJ,14.76449316155903,0.2534322907132959,16.541964904635,5.386935628588681,5.432518966134518
05:21:22:195,05:21:22:531,VLG38HJ,IBE04RC,16.541964904635,5.386935628588681,16.52227661022423,9.455735905395423,4.068847910831693
05:21:22:531,05:21:26:180,IBE04RC,VLG38HJ,16.52227661022423,9.455735905395423,16.527455936312883,5.122180661345219,4.333558339131223
05:21:26:180,05:21:26:195,VLG38HJ,VLG593U,16.527455936312883,5.122180661345219,14.62393055387208,-0.0232526897287618,5.486245824964537
05:21:26:195,05:21:26:508,VLG593U,IBE04RC,14.62393055387208,-0.0232526897287618,16.45459085004197,9.291834403856926,9.493269441086117
05:21:26:508,05:21:30:172,IBE04RC,VLG38HJ,16.45459085004197,9.291834403856926,16.51558489029836,4.85737083208664,4.434883024647266
05:21:30:172,05:21:30:188,VLG38HJ,VLG593U,16.51558489029836,4.85737083208664,14.484537849541912,-0.3001749231116136,5.543052435141584
05:21:30:188,05:21:30:484,VLG593U,IBE04RC,14.484537849541912,-0.3001749231116136,16.403672236801917,9.102892738969098,9.596913996386123
05:21:30:484,05:21:34:156,IBE04RC,VLG38HJ,16.403672236801917,9.102892738969098,16.501858933270537,4.585649553224945,4.518310151651323
05:21:34:156,05:21:34:188,VLG38HJ,VLG593U,16.501858933270537,4.585649553224945,14.34663381002942,-0.5736468425593881,5.591362502235291
05:21:34:188,05:21:34:453,VLG593U,IBE04RC,14.34663381002942,-0.5736468425593881,16.377308153487228,8.916377007445035,9.704853989773909
05:21:34:453,05:21:38:148,IBE04RC,VLG38HJ,16.377308153487228,8.916377007445035,16.49047489482366,4.317990252244993,4.599779066623079
05:21:38:148,05:21:38:188,VLG38HJ,VLG593U,16.49047489482366,4.317990252244993,14.205541049467616,-0.8538333436518012,5.65408542425107
05:21:38:188,05:21:38:422,VLG593U,IBE04RC,14.205541049467616,-0.8538333436518012,16.357627736307588,8.719144185254788,9.811899707835602
05:21:38:422,05:21:42:133,IBE04RC,VLG38HJ,16.357627736307588,8.719144185254788,16.480091580523457,4.054301452661388,4.666449947547877
05:21:42:133,05:21:42:180,VLG38HJ,VLG593U,16.480091580523457,4.054301452661388,14.062536966535196,-1.1335287176153024,5.72347378671808
05:21:42:180,05:21:42:391,VLG593U,IBE04RC,14.062536966535196,-1.1335287176153024,16.33454273998131,8.50929329893945,9.90686765216562
05:21:42:391,05:21:46:125,IBE04RC,VLG38HJ,16.33454273998131,8.50929329893945,16.465226212414983,3.771154027850277,4.739941130668689
05:21:46:125,05:21:46:219,VLG38HJ,EJU14CG,16.465226212414983,3.771154027850277,18.176234674457607,10.472589340930286,6.91641418746573
05:21:46:219,05:21:46:367,EJU14CG,IBE04RC,18.176234674457607,10.472589340930286,16.321358252225977,8.307026691733299,2.8513554898237237
05:21:46:367,05:21:50:109,IBE04RC,VLG38HJ,16.321358252225977,8.307026691733299,16.45363665777921,3.4916967308013187,4.817146479942756
05:21:50:109,05:21:50:273,VLG38HJ,EJU14CG,16.45363665777921,3.4916967308013187,18.055358902811665,10.41969710151976,7.110745621023626
05:21:50:273,05:21:50:344,EJU14CG,IBE04RC,18.055358902811665,10.41969710151976,16.305814014663397,8.091490290746638,2.912293644084692
05:21:50:344,05:21:54:109,IBE04RC,VLG38HJ,16.305814014663397,8.091490290746638,16.44102251383249,3.200400081883616,4.892958692803698
05:21:54:109,05:21:54:320,VLG38HJ,IBE04RC,16.44102251383249,3.200400081883616,16.29913700159106,7.874486621944228,4.676239566420843
05:21:54:320,05:21:54:336,IBE04RC,EJU14CG,16.29913700159106,7.874486621944228,17.920780329786723,10.357062001742673,2.965283730145043
05:21:54:336,05:21:58:102,EJU14CG,VLG38HJ,17.920780329786723,10.357062001742673,16.429644699932563,2.90967466695434,7.595200035613693
05:21:58:102,05:21:58:297,VLG38HJ,IBE04RC,16.429644699932563,2.90967466695434,16.297232757256495,7.658018977477858,4.750190166071702
05:21:58:297,05:21:58:375,IBE04RC,EJU14CG,16.297232757256495,7.658018977477858,17.769402409256767,10.285580774218335,3.0118705948231983
05:21:58:375,05:22:02:086,EJU14CG,VLG38HJ,17.769402409256767,10.285580774218335,16.420501242028028,2.610758431301252,7.792459968090328
05:22:02:086,05:22:02:273,VLG38HJ,IBE04RC,16.420501242028028,2.610758431301252,16.29175295531784,7.4332012638310525,4.824161170022085
05:22:02:273,05:22:02:414,IBE04RC,EJU14CG,16.29175295531784,7.4332012638310525,17.61241750737906,10.215151051188192,3.079512863822377
05:22:02:414,05:22:06:078,EJU14CG,VLG38HJ,17.61241750737906,10.215151051188192,16.41216389150921,2.304437690165858,8.00124956632812
05:22:06:078,05:22:06:250,VLG38HJ,IBE04RC,16.41216389150921,2.304437690165858,16.29084465166586,7.204930263043491,4.901994065151958
05:22:06:250,05:22:06:430,IBE04RC,EJU14CG,16.29084465166586,7.204930263043491,17.457547405300435,10.131429545710878,3.1504909723392682
05:22:06:430,05:22:10:070,EJU14CG,VLG38HJ,17.457547405300435,10.131429545710878,16.405466873571466,1.9985775867982676,8.200619149236951
05:22:10:070,05:22:10:234,VLG38HJ,IBE04RC,16.405466873571466,1.9985775867982676,16.297392354393615,6.9757718677088105,4.978367504677024
05:22:10:234,05:22:10:453,IBE04RC,EJU14CG,16.297392354393615,6.9757718677088105,17.29390256138268,10.060361800827003,3.241562531886048
05:22:10:453,05:22:14:055,EJU14CG,VLG38HJ,17.29390256138268,10.060361800827003,16.413454476150374,1.6935151700608837,8.413044120504278
05:22:14:055,05:22:14:211,VLG38HJ,IBE04RC,16.413454476150374,1.6935151700608837,16.310278160731595,6.741299045068631,5.0488382228837185
05:22:14:211,05:22:14:461,IBE04RC,EJU14CG,16.310278160731595,6.741299045068631,17.13722401752585,9.98500435225524,3.347456283499421
05:22:14:461,05:22:18:039,EJU14CG,VLG38HJ,17.13722401752585,9.98500435225524,16.462059902746574,1.392951749955247,8.618539000467294
05:22:18:039,05:22:18:188,VLG38HJ,IBE04RC,16.462059902746574,1.392951749955247,16.319821011683,6.489757738768234,5.0987903653446
05:22:18:188,05:22:18:469,IBE04RC,EJU14CG,16.319821011683,6.489757738768234,16.976688574995535,9.904590456181069,3.4774354751231935
05:22:18:469,05:22:22:023,EJU14CG,VLG38HJ,16.976688574995535,9.904590456181069,16.55444398410335,1.0895109484447465,8.825186526201616
05:22:22:023,05:22:22:172,VLG38HJ,IBE04RC,16.55444398410335,1.0895109484447465,16.334168618828574,6.238557551324537,5.153756121041706
05:22:30:133,05:22:30:445,IBE04RC,EJU14CG,16.3622644229461,5.698029495084935,16.57768163141943,9.548270900172929,3.8562628866767383
05:22:30:445,05:22:34:117,EJU14CG,IBE04RC,16.57768163141943,9.548270900172929,16.37881616227913,5.415634437618838,4.137418471275051
05:22:34:117,05:22:34:438,IBE04RC,EJU14CG,16.37881616227913,5.415634437618838,16.483837898817992,9.396085197734068,3.981835985930053
05:22:34:438,05:22:38:102,EJU14CG,IBE04RC,16.483837898817992,9.396085197734068,16.397370057856797,5.127109956023624,4.269850852413611
05:22:38:102,05:22:38:406,IBE04RC,EJU14CG,16.397370057856797,5.127109956023624,16.416334734179813,9.216908334145558,4.0898423481396975
05:22:38:406,05:22:42:086,EJU14CG,IBE04RC,16.416334734179813,9.216908334145558,16.41017343635418,4.822237984415439,4.394674668776738
05:22:42:086,05:22:42:383,IBE04RC,EJU14CG,16.41017343635418,4.822237984415439,16.37560407668899,9.036196087778118,4.214099896481293
05:22:42:383,05:22:46:070,EJU14CG,IBE04RC,16.37560407668899,9.036196087778118,16.425595255469375,4.52717498151887,4.509298221968383
05:22:46:070,05:22:46:352,IBE04RC,EJU14CG,16.425595255469375,4.52717498151887,16.35123547604691,8.84471904960935,4.31818435881321
05:22:46:352,05:22:50:055,EJU14CG,IBE04RC,16.35123547604691,8.84471904960935,16.435560016086267,4.215182846743709,4.630304102507358
05:22:50:055,05:22:50:320,IBE04RC,EJU14CG,16.435560016086267,4.215182846743709,16.334672436538323,8.646642830804304,4.4326082495566155
05:22:50:320,05:22:54:047,EJU14CG,IBE04RC,16.334672436538323,8.646642830804304,16.436239277017066,3.9031213227309713,4.7446087426298
05:22:54:047,05:22:54:297,IBE04RC,EJU14CG,16.436239277017066,3.9031213227309713,16.319732536313936,8.442042459084698,4.540416159634255
05:22:54:297,05:22:58:039,EJU14CG,IBE04RC,16.319732536313936,8.442042459084698,16.367029316491145,3.611994590792525,4.830279432435446
05:22:58:039,05:22:58:266,IBE04RC,EJU14CG,16.367029316491145,3.611994590792525,16.308280192172848,8.2303458466223,4.618724908655269
05:22:58:266,05:23:02:039,EJU14CG,IBE04RC,16.308280192172848,8.2303458466223,16.290633900222378,3.3147867907797126,4.91559072982034
05:23:02:039,05:23:02:250,IBE04RC,EJU14CG,16.290633900222378,3.3147867907797126,16.300943992533874,8.015159891512393,4.700384408119705
05:23:02:250,05:23:06:031,EJU14CG,IBE04RC,16.300943992533874,8.015159891512393,16.17725739022875,3.0361822075357185,4.980513743895053
05:23:06:031,05:23:06:219,IBE04RC,EJU14CG,16.17725739022875,3.0361822075357185,16.30056621576719,7.795018021358689,4.760433107331706
05:23:06:219,05:23:10:031,EJU14CG,IBE04RC,16.30056621576719,7.795018021358689,16.046345019674067,2.7628256106760465,5.038609815680809
05:23:10:031,05:23:10:195,IBE04RC,EJU14CG,16.046345019674067,2.7628256106760465,16.302386354925083,7.568540365207017,4.812530671826809
05:23:10:195,05:23:14:031,EJU14CG,IBE04RC,16.302386354925083,7.568540365207017,15.912027314720762,2.490451293395102,5.093070665278937
05:23:14:031,05:23:14:055,IBE04RC,VLG23TK,15.912027314720762,2.490451293395102,18.250555591374575,10.506619526287864,8.350309433712532
05:23:14:055,05:23:14:172,VLG23TK,EJU14CG,18.250555591374575,10.506619526287864,16.307050071048053,7.334894698966492,3.719818824591656
05:23:14:172,05:23:18:023,EJU14CG,IBE04RC,16.307050071048053,7.334894698966492,15.780374192531523,2.2175917912177665,5.144334410850904
05:23:18:023,05:23:18:125,IBE04RC,VLG23TK,15.780374192531523,2.2175917912177665,18.138636637993454,10.459736801617344,8.572884936480296
05:23:18:125,05:23:18:148,VLG23TK,EJU14CG,18.138636637993454,10.459736801617344,16.314961101106555,7.095136092897954,3.827052441887195
05:23:18:148,05:23:22:023,EJU14CG,IBE04RC,16.314961101106555,7.095136092897954,15.64578819519883,1.9459033926630145,5.192532116334939
05:23:22:023,05:23:22:125,IBE04RC,EJU14CG,15.64578819519883,1.9459033926630145,16.326104637009628,6.858082331524792,4.959065676959252
05:23:22:125,05:23:22:188,EJU14CG,VLG23TK,16.326104637009628,6.858082331524792,18.006402321256562,10.398782403376927,3.919178141715342
05:23:22:188,05:23:26:023,VLG23TK,IBE04RC,18.006402321256562,10.398782403376927,15.507646844429196,1.6670193031546527,9.082261049506233
05:23:26:023,05:23:26:109,IBE04RC,EJU14CG,15.507646844429196,1.6670193031546527,16.334235933464694,6.612576394213564,5.01415840027373
05:23:26:109,05:23:26:234,EJU14CG,VLG23TK,16.334235933464694,6.612576394213564,17.85633694766744,10.326582954046456,4.013805703309365
05:23:26:234,05:23:30:016,VLG23TK,IBE04RC,17.85633694766744,10.326582954046456,15.368475888443577,1.388720787895927,9.277652329717228
05:23:30:016,05:23:30:086,IBE04RC,EJU14CG,15.368475888443577,1.388720787895927,16.34425423847013,6.36469966140066,5.070750352555918
05:23:30:086,05:23:30:273,EJU14CG,VLG23TK,16.34425423847013,6.36469966140066,17.6947975951554,10.251461254328207,4.11471542619212
05:23:30:273,05:23:34:016,VLG23TK,IBE04RC,17.6947975951554,10.251461254328207,15.2255679578159,1.1118846086912235,9.467257061228915
05:23:34:016,05:23:34:070,IBE04RC,EJU14CG,15.2255679578159,1.1118846086912235,16.353968310189558,6.115222710896563,5.12900375513771
05:23:34:070,05:23:34:305,EJU14CG,VLG23TK,16.353968310189558,6.115222710896563,17.524072657993653,10.169891842393408,4.2201286651787555
05:23:34:305,05:23:38:016,VLG23TK,IBE04RC,17.524072657993653,10.169891842393408,15.079836693193569,0.8362463741508219,9.64837951049126
05:23:38:016,05:23:38:055,IBE04RC,EJU14CG,15.079836693193569,0.8362463741508219,16.36258552447198,5.860384864938175,5.18530733310545
05:23:38:055,05:23:38:328,EJU14CG,VLG23TK,16.36258552447198,5.860384864938175,17.359321320365474,10.093357988868934,4.34874047452082
05:23:38:328,05:23:42:016,VLG23TK,IBE04RC,17.359321320365474,10.093357988868934,14.93533421507115,0.5604670680465472,9.836245360651139
05:23:42:016,05:23:42:039,IBE04RC,EJU14CG,14.93533421507115,0.5604670680465472,16.370178042058786,5.603739719076252,5.243412613982302
05:23:42:039,05:23:42:344,EJU14CG,VLG23TK,16.370178042058786,5.603739719076252,17.194651031415425,10.014992379507298,4.487639217265427
05:23:42:344,05:23:46:016,VLG23TK,IBE04RC,17.194651031415425,10.014992379507298,14.784680180473451,0.27873934984852,10.030083876016677
05:23:46:016,05:23:46:023,IBE04RC,EJU14CG,14.784680180473451,0.27873934984852,16.379715761170157,5.3527615727838125,5.3188194199962915
05:23:46:023,05:23:46:359,EJU14CG,VLG23TK,16.379715761170157,5.3527615727838125,17.032049622499663,9.937128891133444,4.630546747003992
05:23:46:359,05:23:50:008,VLG23TK,EJU14CG,17.032049622499663,9.937128891133444,16.384778182851072,5.096135942648422,4.884073406887581
05:23:50:008,05:23:50:359,EJU14CG,VLG23TK,16.384778182851072,5.096135942648422,16.88120291714421,9.834529412573282,4.764326835203959
05:23:50:359,05:23:53:992,VLG23TK,EJU14CG,16.88120291714421,9.834529412573282,16.390290075119363,4.841120791309353,5.017481945894558
05:23:53:992,05:23:54:344,EJU14CG,VLG23TK,16.390290075119363,4.841120791309353,16.759413953038138,9.70285184389626,4.8757236657687635
05:23:54:344,05:23:57:984,VLG23TK,EJU14CG,16.759413953038138,9.70285184389626,16.397078979684014,4.586417693373344,5.129248000394667
05:23:57:984,05:23:58:320,EJU14CG,VLG23TK,16.397078979684014,4.586417693373344,16.6754698597546,9.539670507127044,4.961069936925443
05:23:58:320,05:24:01:969,VLG23TK,EJU14CG,16.6754698597546,9.539670507127044,16.402571786731702,4.325423108722667,5.22138384817918
05:24:01:969,05:24:02:297,EJU14CG,VLG23TK,16.402571786731702,4.325423108722667,16.60136829036629,9.374413870506793,5.052902904513283
05:24:02:297,05:24:05:953,VLG23TK,EJU14CG,16.60136829036629,9.374413870506793,16.408511957394133,4.065279716588526,5.312635789273428
05:24:05:953,05:24:06:266,EJU14CG,VLG23TK,16.408511957394133,4.065279716588526,16.579101091212603,9.187049099318251,5.124609474139914
05:24:06:266,05:24:09:945,VLG23TK,EJU14CG,16.579101091212603,9.187049099318251,16.415721316552638,3.805666828481228,5.3838618198879304
05:24:09:945,05:24:10:227,EJU14CG,VLG23TK,16.415721316552638,3.805666828481228,16.55872397588035,8.999655842931293,5.195957240278519
05:24:10:227,05:24:13:930,VLG23TK,EJU14CG,16.55872397588035,8.999655842931293,16.425099228924314,3.545815120895385,5.455477448797329
05:24:13:930,05:24:14:195,EJU14CG,VLG23TK,16.425099228924314,3.545815120895385,16.547074348976675,8.80488557594071,5.260484766734187
05:24:14:195,05:24:17:922,VLG23TK,EJU14CG,16.547074348976675,8.80488557594071,16.431862428697126,3.2838391441699257,5.5222484087863535
05:24:17:922,05:24:18:172,EJU14CG,VLG23TK,16.431862428697126,3.2838391441699257,16.541772149944403,8.60579350969839,5.3230891797519355
05:24:18:172,05:24:21:914,VLG23TK,EJU14CG,16.541772149944403,8.60579350969839,16.437656187906768,3.0187313893827685,5.5880321464552
05:24:21:914,05:24:22:148,EJU14CG,VLG23TK,16.437656187906768,3.0187313893827685,16.54082776558533,8.399204466852456,5.381462153710348
05:24:22:148,05:24:25:898,VLG23TK,EJU14CG,16.54082776558533,8.399204466852456,16.443865039087296,2.757701472029691,5.642336201514774
05:24:25:898,05:24:26:117,EJU14CG,VLG23TK,16.443865039087296,2.757701472029691,16.543207098661274,8.1902663752604,5.433473131673192
05:24:46:000,05:24:46:016,VLG23TK,VLG7830,16.550214622908026,7.046244310009445,18.12789461395324,10.451855439516956,3.753300057225622
05:24:46:016,05:24:49:984,VLG7830,VLG23TK,18.12789461395324,10.451855439516956,16.550749857629075,6.811942841168236,3.9669067680018077
05:24:49:984,05:24:50:070,VLG23TK,VLG7830,16.550749857629075,6.811942841168236,17.995197639076675,10.391970681633714,3.860444110699805
05:24:50:070,05:24:53:961,VLG7830,VLG23TK,17.995197639076675,10.391970681633714,16.54711001994844,6.5726095646937805,4.0846636451812195
05:24:53:961,05:24:54:125,VLG23TK,VLG7830,16.54711001994844,6.5726095646937805,17.854350023824164,10.32801504422877,3.976423863656191
05:24:54:125,05:24:57:953,VLG7830,VLG23TK,17.854350023824164,10.32801504422877,16.544551379014422,6.338834098550193,4.198706599336332
05:24:57:953,05:24:58:164,VLG23TK,VLG7830,16.544551379014422,6.338834098550193,17.699139139537262,10.252861950316174,4.080770383291489
05:24:58:164,05:25:01:938,VLG7830,VLG23TK,17.699139139537262,10.252861950316174,16.539246926384394,6.098786800124039,4.3129676905324095
05:25:01:938,05:25:02:195,VLG23TK,VLG7830,16.539246926384394,6.098786800124039,17.528349616548535,10.17114380490954,4.190753596444855
05:25:02:195,05:25:05:922,VLG7830,VLG23TK,17.528349616548535,10.17114380490954,16.536389571858983,5.863739452051309,4.42014897817738
05:25:05:922,05:25:06:219,VLG23TK,VLG7830,16.536389571858983,5.863739452051309,17.35946411831532,10.092481696813923,4.308098499531349
05:25:06:219,05:25:09:906,VLG7830,VLG23TK,17.35946411831532,10.092481696813923,16.5312492938776,5.626503122192797,4.5421255403603
05:25:09:906,05:25:10:234,VLG23TK,VLG7830,16.5312492938776,5.626503122192797,17.191494817079636,10.016998293761423,4.43986170983689
05:25:10:234,05:25:13:898,VLG7830,VLG23TK,17.191494817079636,10.016998293761423,16.524432598320782,5.391265704613531,4.673582564799765
05:25:13:898,05:25:14:250,VLG23TK,VLG7830,16.524432598320782,5.391265704613531,17.020089183793832,9.936752869853503,4.572431412288666
05:25:14:250,05:25:17:883,VLG7830,VLG23TK,17.020089183793832,9.936752869853503,16.517611845192356,5.156440051283128,4.806648949028446
05:25:17:883,05:25:18:250,VLG23TK,VLG7830,16.517611845192356,5.156440051283128,16.85524220284441,9.85066038889502,4.706346654939197
05:25:18:250,05:25:21:875,VLG7830,VLG23TK,16.85524220284441,9.85066038889502,16.510218699010764,4.917982495415413,4.944729761980938
05:25:21:875,05:25:22:242,VLG23TK,VLG7830,16.510218699010764,4.917982495415413,16.71798382060402,9.72503393999168,4.811539248156814
05:25:22:242,05:25:25:859,VLG7830,VLG23TK,16.71798382060402,9.72503393999168,16.50493718232269,4.683658544505988,5.045875023055119
05:25:25:859,05:25:26:227,VLG23TK,VLG7830,16.50493718232269,4.683658544505988,16.604165098068474,9.58320707523894,4.900553232469848
05:25:26:227,05:25:29:852,VLG7830,VLG23TK,16.604165098068474,9.58320707523894,16.497892113571254,4.446817098867532,5.137489263891713
05:25:29:852,05:25:30:203,VLG23TK,VLG7830,16.497892113571254,4.446817098867532,16.520757357921,9.411992033557691,4.965227583049401
05:25:30:203,05:25:33:844,VLG7830,VLG23TK,16.520757357921,9.411992033557691,16.490814378841776,4.210092588564752,5.201985622607389
05:25:33:844,05:25:34:180,VLG23TK,VLG7830,16.490814378841776,4.210092588564752,16.465702915958527,9.236400225893634,5.026370365446501
05:25:34:180,05:25:37:836,VLG7830,VLG23TK,16.465702915958527,9.236400225893634,16.47790408070532,3.967330068801228,5.269084283704615
05:25:37:836,05:25:38:148,VLG23TK,VLG7830,16.47790408070532,3.967330068801228,16.420403248682167,9.04423173169006,5.07722727877399
05:25:38:148,05:25:41:820,VLG7830,VLG23TK,16.420403248682167,9.04423173169006,16.425355175150955,3.730896880828868,5.313337158411074
05:25:41:820,05:25:42:125,VLG23TK,VLG7830,16.425355175150955,3.730896880828868,16.387711995113268,8.855918819122932,5.12516018061863
05:25:42:125,05:25:45:820,VLG7830,VLG23TK,16.387711995113268,8.855918819122932,16.352898776721354,3.487781636934117,5.36825006561476
05:25:45:820,05:25:46:094,VLG23TK,VLG7830,16.352898776721354,3.487781636934117,16.356740184250715,8.655157006876214,5.167376797785897
05:25:46:094,05:25:49:813,VLG7830,VLG23TK,16.356740184250715,8.655157006876214,16.271362093064326,3.251297472977553,5.404533955907954
05:25:49:813,05:25:50:070,VLG23TK,VLG7830,16.271362093064326,3.251297472977553,16.32490681067345,8.449089548160092,5.198067861582248
05:25:50:070,05:25:53:813,VLG7830,VLG23TK,16.32490681067345,8.449089548160092,16.15960225573688,3.0152748554467834,5.4363285138620725
05:25:53:813,05:25:53:898,VLG23TK,VLG6UW,16.15960225573688,3.0152748554467834,18.17134808163829,10.47473650640197,7.725974979904013
05:25:53:898,05:25:54:047,VLG6UW,VLG7830,18.17134808163829,10.47473650640197,16.29718683933629,8.239304887937449,2.917127848240093
05:25:54:047,05:25:57:813,VLG7830,VLG23TK,16.29718683933629,8.239304887937449,16.048794299065623,2.7833048687140893,5.461651312911454
05:25:57:813,05:25:57:961,VLG23TK,VLG6UW,16.048794299065623,2.7833048687140893,18.049056126248697,10.414303907583774,7.88880179168648
05:25:57:961,05:25:58:023,VLG6UW,VLG7830,18.049056126248697,10.414303907583774,16.268338350568587,8.0239529445349,2.9807270125209047
05:25:58:023,05:26:01:805,VLG7830,VLG23TK,16.268338350568587,8.0239529445349,15.928612618604612,2.53754493176843,5.496916085907314
05:26:01:805,05:26:02:000,VLG23TK,VLG7830,15.928612618604612,2.53754493176843,16.23811492874591,7.803285419399926,5.27482839181185
05:26:02:000,05:26:02:016,VLG7830,VLG6UW,16.23811492874591,7.803285419399926,17.912129853683894,10.353523196810176,3.0505800579964277
05:26:02:016,05:26:05:805,VLG6UW,VLG23TK,17.912129853683894,10.353523196810176,15.804608991176632,2.2981285405710805,8.326525521108351
05:26:05:805,05:26:05:977,VLG23TK,VLG7830,15.804608991176632,2.2981285405710805,16.20362555655832,7.574213691684456,5.291151929518566
05:26:05:977,05:26:06:055,VLG7830,VLG6UW,16.20362555655832,7.574213691684456,17.756968985105484,10.280636866522611,3.120513132212666
05:26:06:055,05:26:09:805,VLG6UW,VLG23TK,17.756968985105484,10.280636866522611,15.67975139121629,2.0473482207955658,8.491282285745816
05:26:09:805,05:26:09:961,VLG23TK,VLG7830,15.67975139121629,2.0473482207955658,16.16896893005096,7.343094873446823,5.318295442091427
05:26:09:961,05:26:10:094,VLG7830,VLG6UW,16.16896893005096,7.343094873446823,17.591476052930336,10.202736335375102,3.1939123039654462
05:26:10:094,05:26:13:805,VLG6UW,VLG23TK,17.591476052930336,10.202736335375102,15.551839917307715,1.802289592992813,8.644513927187509
05:26:13:805,05:26:13:945,VLG23TK,VLG7830,15.551839917307715,1.802289592992813,16.132667521919217,7.105988461069954,5.3354083620208
05:26:13:945,05:26:14:125,VLG7830,VLG6UW,16.132667521919217,7.105988461069954,17.4130638482468,10.132257634430712,3.2859884147858427
05:26:14:125,05:26:17:805,VLG6UW,VLG23TK,17.4130638482468,10.132257634430712,15.424721348236329,1.5531202378865523,8.806537592387281
05:26:17:805,05:26:17:930,VLG23TK,VLG7830,15.424721348236329,1.5531202378865523,16.090793827581525,6.86008019195523,5.34859575045915
05:26:17:930,05:26:18:141,VLG7830,VLG6UW,16.090793827581525,6.86008019195523,17.247875277763345,10.053074169740611,3.3961813886376233
05:26:18:141,05:26:21:906,VLG6UW,VLG7830,17.247875277763345,10.053074169740611,16.052182500589932,6.609910385958957,3.6448673582628857
05:26:21:906,05:26:22:156,VLG7830,VLG6UW,16.052182500589932,6.609910385958957,17.082324846946452,9.977683532165084,3.5218019845050956
05:26:22:156,05:26:25:898,VLG6UW,VLG7830,17.082324846946452,9.977683532165084,16.00296505152225,6.349458058482694,3.785371534718354
05:26:25:898,05:26:26:164,VLG7830,VLG6UW,16.00296505152225,6.349458058482694,16.920235017928412,9.900715860682784,3.6678080878036377
05:26:26:164,05:26:29:883,VLG6UW,VLG7830,16.920235017928412,9.900715860682784,15.955549822292133,6.089285626059159,3.9316177281219633
05:26:29:883,05:26:30:156,VLG7830,VLG6UW,15.955549822292133,6.089285626059159,16.774833062016917,9.79746933811738,3.7976112846456305
05:26:30:156,05:26:33:867,VLG6UW,VLG7830,16.774833062016917,9.79746933811738,15.904756016977652,5.82311236500774,4.068482200281757
05:26:33:867,05:26:34:148,VLG7830,VLG6UW,15.904756016977652,5.82311236500774,16.65349029152423,9.66392551129845,3.91311239790021
05:26:34:148,05:26:37:852,VLG6UW,VLG7830,16.65349029152423,9.66392551129845,15.852567171761809,5.549854612963607,4.191307337847658
05:26:37:852,05:26:38:125,VLG7830,VLG6UW,15.852567171761809,5.549854612963607,16.56198115381164,9.507192126403542,4.020421419852248
05:26:38:125,05:26:41:844,VLG6UW,VLG7830,16.56198115381164,9.507192126403542,15.79695739715174,5.2703884111940855,4.3053184631879065
05:26:41:844,05:26:42:094,VLG7830,VLG6UW,15.79695739715174,5.2703884111940855,16.50086809299614,9.33064449166134,4.120821484448879
05:26:42:094,05:26:45:836,VLG6UW,VLG7830,16.50086809299614,9.33064449166134,15.726885375540812,4.985245340853587,4.413790097723302
05:26:45:836,05:26:46:063,VLG7830,VLG6UW,15.726885375540812,4.985245340853587,16.465270792107855,9.148633571988208,4.228358379625496
05:26:46:063,05:26:49:836,VLG6UW,VLG7830,16.465270792107855,9.148633571988208,15.593989727881237,4.724528956403936,4.509083315100081
05:26:49:836,05:26:50:039,VLG7830,VLG6UW,15.593989727881237,4.724528956403936,16.449602304284248,8.964362017569758,4.325304297671292
05:26:50:039,05:26:53:828,VLG6UW,VLG7830,16.449602304284248,8.964362017569758,15.46260750087764,4.463476817063764,4.607833149115269
05:26:53:828,05:26:54:008,VLG7830,VLG6UW,15.46260750087764,4.463476817063764,16.429056390126945,8.763774149942758,4.407559484192744
05:26:54:008,05:26:57:828,VLG6UW,VLG7830,16.429056390126945,8.763774149942758,15.29216162896916,4.224680267604906,4.679305821446696
05:26:57:828,05:26:57:977,VLG7830,VLG6UW,15.29216162896916,4.224680267604906,16.417851923046303,8.56612633928137,4.485011999031272
05:26:57:977,05:27:01:828,VLG6UW,VLG7830,16.417851923046303,8.56612633928137,15.0959599308875,4.003510157004969,4.750248926709426
05:27:01:828,05:27:01:953,VLG7830,VLG6UW,15.0959599308875,4.003510157004969,16.406187136517104,8.358693069277683,4.548001047682838
05:27:01:953,05:27:05:836,VLG6UW,VLG7830,16.406187136517104,8.358693069277683,14.866057894698528,3.813001056658168,4.799511845500282
05:27:05:836,05:27:05:922,VLG7830,VLG6UW,14.866057894698528,3.813001056658168,16.408547471166504,8.156042175826766,4.608826342606281
05:27:05:922,05:27:09:836,VLG6UW,VLG7830,16.408547471166504,8.156042175826766,14.628283735719387,3.62388256795457,4.869271986547513
05:27:09:836,05:27:09:898,VLG7830,VLG6UW,14.628283735719387,3.62388256795457,16.409247769964523,7.940295958546531,4.669395833483846
05:27:09:898,05:27:13:844,VLG6UW,VLG7830,16.409247769964523,7.940295958546531,14.389383386592543,3.441950677652028,4.931020421105607
05:27:13:844,05:27:13:875,VLG7830,VLG6UW,14.389383386592543,3.441950677652028,16.41501955082108,7.720736145099986,4.734047628221998
05:27:13:875,05:27:17:844,VLG6UW,VLG7830,16.41501955082108,7.720736145099986,14.150114777012094,3.253019169416425,5.009020723577992
05:27:17:844,05:27:17:852,VLG7830,VLG6UW,14.150114777012094,3.253019169416425,16.419043246344124,7.492674128806609,4.808607966306587
05:27:21:828,05:27:21:844,VLG6UW,VLG7830,16.427165139749146,7.261605358644423,13.914978872066785,3.063571367839173,4.892296927976478
05:27:21:844,05:27:25:805,VLG7830,VLG6UW,13.914978872066785,3.063571367839173,16.434862418144107,7.025731278270217,4.69558561221262
05:27:25:805,05:27:25:852,VLG6UW,VLG7830,16.434862418144107,7.025731278270217,13.673093222257766,2.8709361480151747,4.988956971726425
05:27:25:852,05:27:29:758,VLG7830,VLG3BV,13.673093222257766,2.8709361480151747,18.19978037924645,10.492326998570451,8.864338391226612
05:27:29:758,05:27:29:789,VLG3BV,VLG6UW,18.19978037924645,10.492326998570451,16.441477581667858,6.784338473940734,4.103755307856254
05:27:29:789,05:27:29:859,VLG6UW,VLG7830,16.441477581667858,6.784338473940734,13.431929538742835,2.683999450433311,5.086271672882961
05:27:29:859,05:27:33:773,VLG7830,VLG6UW,13.431929538742835,2.683999450433311,16.448261803722435,6.540891847139646,4.896312826252842
05:27:33:773,05:27:33:828,VLG6UW,VLG3BV,16.448261803722435,6.540891847139646,18.08103415708973,10.432215960653023,4.219993947191304
05:27:33:828,05:27:33:859,VLG3BV,VLG7830,18.08103415708973,10.432215960653023,13.18930255952811,2.490651045432303,9.32724457303696
05:27:33:859,05:27:37:750,VLG7830,VLG6UW,13.18930255952811,2.490651045432303,16.44834137637762,6.281374495752372,4.99909174616133
05:27:37:750,05:27:37:859,VLG6UW,VLG7830,16.44834137637762,6.281374495752372,12.943910873054556,2.295364540516064,5.3074766618294325
05:27:37:859,05:27:37:883,VLG7830,VLG3BV,12.943910873054556,2.295364540516064,17.94956117392799,10.375197858933952,9.504748360059308
05:27:37:883,05:27:41:734,VLG3BV,VLG6UW,17.94956117392799,10.375197858933952,16.448773952109228,6.019890519232944,4.606632643094947
05:27:41:734,05:27:41:859,VLG6UW,VLG7830,16.448773952109228,6.019890519232944,12.706109164265213,2.106172939655257,5.415230835972084
05:27:41:859,05:27:41:922,VLG7830,VLG3BV,12.706109164265213,2.106172939655257,17.798059718663033,10.302582931462302,9.649305529530436
05:27:41:922,05:27:45:719,VLG3BV,VLG6UW,17.798059718663033,10.302582931462302,16.444929217798755,5.749930364279114,4.749484977326372
05:27:45:719,05:27:45:859,VLG6UW,VLG7830,16.444929217798755,5.749930364279114,12.460489328576504,1.9091616694774616,5.534190581990633
05:27:45:859,05:27:45:961,VLG7830,VLG3BV,12.460489328576504,1.9091616694774616,17.636012106264005,10.2253827940407,9.79518094855802
05:27:45:961,05:27:49:703,VLG3BV,VLG6UW,17.636012106264005,10.2253827940407,16.44189675780708,5.481222089524437,4.892133711960114
05:27:49:703,05:27:49:859,VLG6UW,VLG7830,16.44189675780708,5.481222089524437,12.21150106686497,1.7150676520516015,5.663935641304365
05:27:49:859,05:27:49:984,VLG7830,VLG3BV,12.21150106686497,1.7150676520516015,17.473746600340164,10.148293468168829,9.940348370163175
05:27:49:984,05:27:53:688,VLG3BV,VLG6UW,17.473746600340164,10.148293468168829,16.436073935509185,5.20273359449603,5.053249155090212
05:27:53:688,05:27:53:859,VLG6UW,VLG7830,16.436073935509185,5.20273359449603,11.967326777998013,1.523930187551791,5.788203146461665
05:27:53:859,05:27:54:008,VLG7830,VLG3BV,11.967326777998013,1.523930187551791,17.308426878231288,10.073396639525786,10.08071063438192
05:27:54:008,05:27:57:672,VLG3BV,VLG6UW,17.308426878231288,10.073396639525786,16.433061508766052,4.928995010569468,5.218345777166115
05:27:57:672,05:27:58:016,VLG6UW,VLG3BV,16.433061508766052,4.928995010569468,17.14329849416592,9.996119980350596,5.116658287868097
05:27:58:016,05:28:01:664,VLG3BV,VLG6UW,17.14329849416592,9.996119980350596,16.427842499973334,4.653639840795319,5.390173589149859
05:28:01:664,05:28:02:023,VLG6UW,VLG3BV,16.427842499973334,4.653639840795319,16.98016112794564,9.918805516578516,5.294055672190343
05:28:02:023,05:28:05:648,VLG3BV,VLG6UW,16.98016112794564,9.918805516578516,16.423869411138384,4.37477981724823,5.571865166084247
05:28:05:648,05:28:06:031,VLG6UW,VLG3BV,16.423869411138384,4.37477981724823,16.822575452814387,9.824135079809016,5.463921603140722
05:28:06:031,05:28:09:641,VLG3BV,VLG6UW,16.822575452814387,9.824135079809016,16.417510736735522,4.101253012767168,5.737199367067632
05:28:09:641,05:28:10:023,VLG6UW,VLG3BV,16.417510736735522,4.101253012767168,16.702927472726785,9.682461578020243,5.588501745730979
05:28:10:023,05:28:13:633,VLG3BV,VLG6UW,16.702927472726785,9.682461578020243,16.36663569373614,3.8326702439314735,5.859449702232861
05:28:13:633,05:28:14:000,VLG6UW,VLG3BV,16.36663569373614,3.8326702439314735,16.59578509180724,9.53252860268188,5.704462705325825
05:28:14:000,05:28:17:625,VLG3BV,VLG6UW,16.59578509180724,9.53252860268188,16.294526908079604,3.562490636367338,5.977634131702939
05:28:17:625,05:28:17:969,VLG6UW,VLG3BV,16.294526908079604,3.562490636367338,16.534381055690364,9.356437168795244,5.798909072641115
05:28:17:969,05:28:21:625,VLG3BV,VLG6UW,16.534381055690364,9.356437168795244,16.21468196570607,3.306436111941444,6.058442068392573
05:28:21:625,05:28:21:938,VLG6UW,VLG3BV,16.21468196570607,3.306436111941444,16.488075123955937,9.168361317907085,5.868297107280199
05:28:21:938,05:28:25:617,VLG3BV,VLG6UW,16.488075123955937,9.168361317907085,16.09569175152122,3.049968478579135,6.130962049083551
05:28:25:617,05:28:25:914,VLG6UW,VLG3BV,16.09569175152122,3.049968478579135,16.456511260916976,8.971417158198781,5.932431641724145
05:28:25:914,05:28:29:617,VLG3BV,VLG6UW,16.456511260916976,8.971417158198781,15.97305706294382,2.803023641425664,6.18731012147496
05:28:29:617,05:28:29:883,VLG6UW,VLG3BV,15.97305706294382,2.803023641425664,16.41908292098016,8.7595332798377,5.973185593846264
05:28:29:883,05:28:33:617,VLG3BV,VLG6UW,16.41908292098016,8.7595332798377,15.846474516525022,2.553463690456113,6.232429713450414
05:28:33:617,05:28:33:859,VLG6UW,VLG3BV,15.846474516525022,2.553463690456113,16.387974260932623,8.557153656873004,6.028060648836269
05:28:33:859,05:28:37:609,VLG3BV,VLG6UW,16.387974260932623,8.557153656873004,15.713889029289462,2.3097895068734258,6.283625523709968
05:28:37:609,05:28:37:828,VLG6UW,VLG3BV,15.713889029289462,2.3097895068734258,16.34328793842316,8.339960761740528,6.06292902398207
05:28:37:828,05:28:41:609,VLG3BV,VLG6UW,16.34328793842316,8.339960761740528,15.581107877386891,2.058276673927222,6.327754216507476
05:28:41:609,05:28:41:813,VLG6UW,VLG3BV,15.581107877386891,2.058276673927222,16.29428426397486,8.119066356927267,6.102605356726458
05:28:41:813,05:28:45:609,VLG3BV,VLG6UW,16.29428426397486,8.119066356927267,15.452843504622878,1.8093094806833168,6.3656150047585065
05:28:45:609,05:28:45:633,VLG6UW,VLG2472,15.452843504622878,1.8093094806833168,18.232437809610328,10.504673381236591,9.128827847175328
05:28:45:633,05:28:45:797,VLG2472,VLG3BV,18.232437809610328,10.504673381236591,16.24378342121025,7.897409547810359,3.2791113085095693
05:28:45:797,05:28:49:609,VLG3BV,VLG6UW,16.24378342121025,7.897409547810359,15.326527150111684,1.5561904448015311,6.407216148939705
05:28:49:609,05:28:49:703,VLG6UW,VLG2472,15.326527150111684,1.5561904448015311,18.121718611893684,10.446192613272796,9.31907902442311
05:28:49:703,05:28:49:773,VLG2472,VLG3BV,18.121718611893684,10.446192613272796,16.19602133873279,7.675720921402141,3.3739922026163525
05:28:49:773,05:28:53:602,VLG3BV,VLG6UW,16.19602133873279,7.675720921402141,15.200438906334693,1.298642039429323,6.454325638407425
05:28:53:602,05:28:53:758,VLG6UW,VLG2472,15.200438906334693,1.298642039429323,17.988356256416715,10.39168661022641,9.510832913966617
05:28:53:758,05:28:53:758,VLG2472,VLG3BV,17.988356256416715,10.39168661022641,16.13943675124099,7.437667086429139,3.4849296526034363
05:28:53:758,05:28:57:602,VLG3BV,VLG6UW,16.13943675124099,7.437667086429139,15.077284170463152,1.040654645245145,6.484592221374896
05:28:57:602,05:28:57:742,VLG6UW,VLG3BV,15.077284170463152,1.040654645245145,16.083804774674874,7.1918962057535305,6.2330455206446524
05:28:57:742,05:28:57:813,VLG3BV,VLG2472,16.083804774674874,7.1918962057535305,17.84518709649837,10.325164911472074,3.5944179592623184
05:28:57:813,05:29:01:727,VLG2472,VLG3BV,17.84518709649837,10.325164911472074,16.02460082883779,6.9319938425301295,3.8507329511534425
05:29:01:727,05:29:01:852,VLG3BV,VLG2472,16.02460082883779,6.9319938425301295,17.683603090789767,10.250884983040962,3.7104348677376167
05:29:01:852,05:29:05:711,VLG2472,VLG3BV,17.683603090789767,10.250884983040962,15.973094515623233,6.674054637709744,3.964789389740707
05:29:05:711,05:29:05:875,VLG3BV,VLG2472,15.973094515623233,6.674054637709744,17.512738952875804,10.170029702833627,3.819993016895545
05:29:05:875,05:29:09:695,VLG2472,VLG3BV,17.512738952875804,10.170029702833627,15.915688786553568,6.398504645390849,4.095725881045829
05:29:09:695,05:29:09:898,VLG3BV,VLG2472,15.915688786553568,6.398504645390849,17.341760385736112,10.094198665782832,3.96129202386748
05:29:09:898,05:29:13:680,VLG2472,VLG3BV,17.341760385736112,10.094198665782832,15.862084173812187,6.11789605345946,4.242690674195234
05:29:13:680,05:29:13:914,VLG3BV,VLG2472,15.862084173812187,6.11789605345946,17.167603293140512,10.014394957538698,4.109389721165725
05:29:13:914,05:29:17:664,VLG2472,VLG3BV,17.167603293140512,10.014394957538698,15.811948943854926,5.837168371810528,4.3916990633752615
05:29:17:664,05:29:17:930,VLG3BV,VLG2472,15.811948943854926,5.837168371810528,16.993373006908584,9.931854504996137,4.261715305609318
05:29:17:930,05:29:21:648,VLG2472,VLG3BV,16.993373006908584,9.931854504996137,15.76280834415546,5.548786590360845,4.552534869006725
05:29:21:648,05:29:21:938,VLG3BV,VLG2472,15.76280834415546,5.548786590360845,16.827906887830327,9.85311080378026,4.434144995595767
05:29:21:938,05:29:25:641,VLG2472,VLG3BV,16.827906887830327,9.85311080378026,15.711156743433584,5.250105301062581,4.736537822403552
05:29:25:641,05:29:25:938,VLG3BV,VLG2472,15.711156743433584,5.250105301062581,16.672692909098817,9.743714581385309,4.595331996938278
05:29:25:938,05:29:29:625,VLG2472,VLG3BV,16.672692909098817,9.743714581385309,15.649726448660171,4.95268650257199,4.899021374842123
05:29:29:625,05:29:29:922,VLG3BV,VLG2472,15.649726448660171,4.95268650257199,16.55097274723847,9.598433244062386,4.732357517851933
05:29:29:922,05:29:33:625,VLG2472,VLG3BV,16.55097274723847,9.598433244062386,15.559221057073554,4.665116023207863,5.03201651592329
05:29:33:625,05:29:33:898,VLG3BV,VLG2472,15.559221057073554,4.665116023207863,16.461742528592335,9.444902624376864,4.864247625200339
05:29:33:898,05:29:37:617,VLG2472,VLG3BV,16.461742528592335,9.444902624376864,15.399158169870375,4.405270747740906,5.15043444491878
05:29:37:617,05:29:37:875,VLG3BV,VLG2472,15.399158169870375,4.405270747740906,16.403182171774734,9.258685105202586,4.956177470754574
05:29:37:875,05:29:41:617,VLG2472,VLG3BV,16.403182171774734,9.258685105202586,15.243310913520714,4.157030286411821,5.231843195835937
05:29:41:617,05:29:41:844,VLG3BV,VLG2472,15.243310913520714,4.157030286411821,16.368533458817332,9.08001509315709,5.049941106972294
05:29:41:844,05:29:45:617,VLG2472,VLG3BV,16.368533458817332,9.08001509315709,15.042491270378417,3.9260398276627018,5.3218275923640945
05:29:45:617,05:29:45:813,VLG3BV,VLG2472,15.042491270378417,3.9260398276627018,16.353080462890052,8.883574793886522,5.127845256329418
05:29:45:813,05:29:49:625,VLG2472,VLG3BV,16.353080462890052,8.883574793886522,14.815298691697594,3.725788160746629,5.382149731176973
05:29:49:625,05:29:49:781,VLG3BV,VLG2472,14.815298691697594,3.725788160746629,16.34374635280323,8.68225865266912,5.186786287291743
05:29:49:781,05:29:53:625,VLG2472,VLG3BV,16.34374635280323,8.68225865266912,14.576709032735168,3.5336146607083103,5.443432358950321
05:29:53:625,05:29:53:750,VLG3BV,VLG2472,14.576709032735168,3.5336146607083103,16.333469131973313,8.477768868747305,5.246986456924099
05:29:53:750,05:29:57:625,VLG2472,VLG3BV,16.333469131973313,8.477768868747305,14.333595905854358,3.3455753946177365,5.50807614112637
05:29:57:625,05:29:57:719,VLG3BV,VLG2472,14.333595905854358,3.3455753946177365,16.32775795926659,8.265322394684691,5.308539614615031
05:29:57:719,05:30:01:633,VLG2472,VLG3BV,16.32775795926659,8.265322394684691,14.08718871355834,3.152504878938158,5.582208657345065
05:30:01:633,05:30:01:695,VLG3BV,VLG2472,14.08718871355834,3.152504878938158,16.33399118976722,8.04964001217887,5.387954517283798
05:30:01:695,05:30:05:633,VLG2472,VLG3BV,16.33399118976722,8.04964001217887,13.844905316375126,2.9684586998395326,5.658087310565877
05:30:05:633,05:30:05:664,VLG3BV,VLG2472,13.844905316375126,2.9684586998395326,16.341842861213234,7.824093766691459,5.460026465619399
05:30:05:664,05:30:09:633,VLG2472,VLG3BV,16.341842861213234,7.824093766691459,13.596712189579128,2.776065939723612,5.7461576158497465
05:30:09:633,05:30:09:641,VLG3BV,VLG2472,13.596712189579128,2.776065939723612,16.351713082840504,7.592715210486092,5.548886385519865
05:30:13:617,05:30:13:641,VLG2472,VLG3BV,16.363085025990348,7.356362919197623,13.347095687818117,2.5862302663043955,5.643612071551938
05:30:13:641,05:30:17:594,VLG3BV,VLG2472,13.347095687818117,2.5862302663043955,16.3755348428394,7.11467680604762,5.447776773967378
05:30:17:594,05:30:17:641,VLG2472,VLG3BV,16.3755348428394,7.11467680604762,13.097505435886044,2.3929672099011703,5.748044737403533
05:30:17:641,05:30:21:570,VLG3BV,VLG2472,13.097505435886044,2.3929672099011703,16.386155827347327,6.864160478639692,5.550386531014856
05:30:21:570,05:30:21:641,VLG2472,VLG3BV,16.386155827347327,6.864160478639692,12.850862607841352,2.199733341581885,5.852792381829908
05:30:21:641,05:30:25:555,VLG3BV,VLG3LK,12.850862607841352,2.199733341581885,18.16249773035752,10.474436221817072,9.832811166239278
05:30:25:555,05:30:25:555,VLG3LK,VLG2472,18.16249773035752,10.474436221817072,16.398541632856762,6.611512370964263,4.24661297876291
05:30:29:531,05:30:29:617,VLG2472,VLG3LK,16.40656094423962,6.342415657502392,18.03386293289918,10.414148799904698,4.384874290698961
05:30:29:617,05:30:33:516,VLG3LK,VLG2472,18.03386293289918,10.414148799904698,16.41493298817589,6.068318214078265,4.637583168701804
05:30:33:516,05:30:33:664,VLG2472,VLG3LK,16.41493298817589,6.068318214078265,17.892933320310203,10.348111018174256,4.527815304071154
05:30:33:664,05:30:37:500,VLG3LK,VLG2472,17.892933320310203,10.348111018174256,16.42260933102359,5.788803310593428,4.790526005135307
05:30:37:500,05:30:37:711,VLG2472,VLG3LK,16.42260933102359,5.788803310593428,17.732948023868268,10.270180381666702,4.6690178777883435
05:30:37:711,05:30:41:484,VLG3LK,VLG2472,17.732948023868268,10.270180381666702,16.42896324259531,5.508042852953917,4.937441660634199
05:30:41:484,05:30:41:742,VLG2472,VLG3LK,16.42896324259531,5.508042852953917,17.567903033706052,10.19266581845087,4.821086617831798
05:30:41:742,05:30:45:469,VLG3LK,VLG2472,17.567903033706052,10.19266581845087,16.43440269595288,5.225602781920866,5.094755953384737
05:30:45:469,05:30:45:773,VLG2472,VLG3LK,16.43440269595288,5.225602781920866,17.400971693640155,10.116871918292698,4.985856936547
05:30:45:773,05:30:49:453,VLG3LK,VLG2472,17.400971693640155,10.116871918292698,16.4358512861042,4.937520787605036,5.268504107998582
05:30:49:453,05:30:49:781,VLG2472,VLG3LK,16.4358512861042,4.937520787605036,17.23911134932485,10.03411006597107,5.159500848097697
05:30:49:781,05:30:53:438,VLG3LK,VLG2472,17.23911134932485,10.03411006597107,16.43844343908897,4.654848568581794,5.438522166892051
05:30:53:438,05:30:53:797,VLG2472,VLG3LK,16.43844343908897,4.654848568581794,17.076378398197036,9.954723789205309,5.3381306059548
05:30:53:797,05:30:57:422,VLG3LK,VLG2472,17.076378398197036,9.954723789205309,16.440866516486683,4.36554623249954,5.625191651150963
05:30:57:422,05:30:57:805,VLG2472,VLG3LK,16.440866516486683,4.36554623249954,16.91296107109312,9.872070156407643,5.526724074265093
05:30:57:805,05:31:01:414,VLG3LK,VLG2472,16.91296107109312,9.872070156407643,16.436136828751625,4.0797451069758655,5.811917999796572
05:31:01:414,05:31:01:797,VLG2472,VLG3LK,16.436136828751625,4.0797451069758655,16.762635623197852,9.768102419355856,5.697719752329149
05:31:01:797,05:31:05:406,VLG3LK,VLG2472,16.762635623197852,9.768102419355856,16.378140502256358,3.801345856196994,5.979132075981193
05:31:05:406,05:31:05:789,VLG2472,VLG3LK,16.378140502256358,3.801345856196994,16.637340830828418,9.634244513214432,5.838654943852025
05:31:05:789,05:31:09:398,VLG3LK,VLG2472,16.637340830828418,9.634244513214432,16.311095475563114,3.5296726753936074,6.113283353072005
05:31:09:398,05:31:09:773,VLG2472,VLG3LK,16.311095475563114,3.5296726753936074,16.529700408691358,9.485228397526214,5.959566433576728
05:31:09:773,05:31:13:398,VLG3LK,VLG2472,16.529700408691358,9.485228397526214,16.20674940551192,3.2646371713487605,6.228968819447608
05:31:13:398,05:31:13:750,VLG2472,VLG3LK,16.20674940551192,3.2646371713487605,16.44730178705816,9.320283112464086,6.060421867528207
05:31:13:750,05:31:17:398,VLG3LK,VLG2472,16.44730178705816,9.320283112464086,16.092419517181224,3.0070862448347118,6.32316345786809
05:31:17:398,05:31:17:727,VLG2472,VLG3LK,16.092419517181224,3.0070862448347118,16.391167772151608,9.13537184367878,6.13556312825868
05:31:17:727,05:31:21:398,VLG3LK,VLG2472,16.391167772151608,9.13537184367878,15.967252875247429,2.7485206118493006,6.400904037504312
05:31:21:398,05:31:21:695,VLG2472,VLG3LK,15.967252875247429,2.7485206118493006,16.354281201892793,8.941472246005475,6.205033510676919
05:31:21:695,05:31:25:391,VLG3LK,VLG2472,16.354281201892793,8.941472246005475,15.846854645394796,2.4924991934201923,6.46890525075229
05:31:25:391,05:31:25:664,VLG2472,VLG3LK,15.846854645394796,2.4924991934201923,16.32927958717195,8.741996590962959,6.268089944021424
05:31:25:664,05:31:29:391,VLG3LK,VLG2472,16.32927958717195,8.741996590962959,15.723810300575648,2.233765812911188,6.5363339049800535
05:31:29:391,05:31:29:641,VLG2472,VLG3LK,15.723810300575648,2.233765812911188,16.30163745663222,8.529166067421615,6.321862746593474
05:31:29:641,05:31:33:383,VLG3LK,VLG2472,16.30163745663222,8.529166067421615,15.601560142915076,1.9832139160374096,6.583281690266103
05:31:33:383,05:31:33:609,VLG2472,VLG3LK,15.601560142915076,1.9832139160374096,16.2829969481088,8.31422610995738,6.367579722236384
05:31:33:609,05:31:37:383,VLG3LK,VLG2472,16.2829969481088,8.31422610995738,15.47643443166258,1.725549833166111,6.637860963690646
05:31:37:383,05:31:37:586,VLG2472,VLG3LK,15.47643443166258,1.725549833166111,16.272200874217745,8.093854968823118,6.417830983434537
05:31:37:586,05:31:41:383,VLG3LK,VLG2472,16.272200874217745,8.093854968823118,15.351059145438471,1.4718965230573613,6.68571879022345
05:31:41:383,05:31:41:555,VLG2472,VLG3LK,15.351059145438471,1.4718965230573613,16.26300156892516,7.8624578514988706,6.455301160776845
05:31:41:555,05:31:45:375,VLG3LK,VLG2472,16.26300156892516,7.8624578514988706,15.221064746986118,1.2116882796816797,6.7318918766065945
05:31:45:375,05:31:45:531,VLG2472,VLG3LK,15.221064746986118,1.2116882796816797,16.260073115522037,7.626141526859598,6.498057313545258
05:31:45:531,05:31:49:375,VLG3LK,VLG2472,16.260073115522037,7.626141526859598,15.09324450466888,0.9592145773284836,6.768264471597557
05:31:49:375,05:31:49:508,VLG2472,VLG3LK,15.09324450466888,0.9592145773284836,16.26131487886049,7.382896743530631,6.529018377325005
05:32:01:445,05:32:05:398,VLG3LK,VLG55PB,16.285174845709772,6.621177962719743,18.197111138220635,10.48489406110824,4.310893466042349
05:32:05:398,05:32:05:422,VLG55PB,VLG3LK,18.197111138220635,10.48489406110824,16.296779466823022,6.363004932340731,4.538857835531823
05:32:09:406,05:32:09:469,VLG3LK,VLG55PB,16.30670972991899,6.100307142439735,18.07578939711381,10.430562185164936,4.677686565379212
05:32:09:469,05:32:13:391,VLG55PB,VLG3LK,18.07578939711381,10.430562185164936,16.31882904962477,5.839285285310932,4.915967171755909
05:32:13:391,05:32:13:523,VLG3LK,VLG55PB,16.31882904962477,5.839285285310932,17.942778264134684,10.365574073593969,4.808794157192018
05:32:13:523,05:32:17:367,VLG55PB,VLG3LK,17.942778264134684,10.365574073593969,16.332211124722402,5.583882572835761,5.0456416954613355
05:32:17:367,05:32:17:563,VLG3LK,VLG55PB,16.332211124722402,5.583882572835761,17.787771558748272,10.295819181509655,4.931632871703125
05:32:17:563,05:32:21:352,VLG55PB,VLG3LK,17.787771558748272,10.295819181509655,16.347648131942183,5.330106646840767,5.170324599230054
05:32:21:352,05:32:21:602,VLG3LK,VLG55PB,16.347648131942183,5.330106646840767,17.62484076660587,10.21963228110314,5.053581101966014
05:32:21:602,05:32:25:344,VLG55PB,VLG3LK,17.62484076660587,10.21963228110314,16.359859024920787,5.070958596348167,5.301793990611571
05:32:25:344,05:32:25:625,VLG3LK,VLG55PB,16.359859024920787,5.070958596348167,17.467958840481284,10.14324683845087,5.191916140715152
05:32:25:625,05:32:29:328,VLG55PB,VLG3LK,17.467958840481284,10.14324683845087,16.373019013012566,4.817205111756717,5.437427121375003
05:32:29:328,05:32:29:648,VLG3LK,VLG55PB,16.373019013012566,4.817205111756717,17.30818679063542,10.06862141750097,5.334033369650088
05:32:29:648,05:32:33:313,VLG55PB,VLG3LK,17.30818679063542,10.06862141750097,16.384815203465326,4.560717992484847,5.5847663538681145
05:32:33:313,05:32:33:656,VLG3LK,VLG55PB,16.384815203465326,4.560717992484847,17.15202594241871,9.992807688075793,5.486001346965815
05:32:33:656,05:32:37:297,VLG55PB,VLG3LK,17.15202594241871,9.992807688075793,16.397669236808802,4.3092261472684426,5.733424209868365
05:32:37:297,05:32:37:664,VLG3LK,VLG55PB,16.397669236808802,4.3092261472684426,17.000959264370014,9.907311310123468,5.630498765467619
05:32:37:664,05:32:41:289,VLG55PB,VLG3LK,17.000959264370014,9.907311310123468,16.405943621160663,4.043784744577549,5.893639571650659
05:32:41:289,05:32:41:656,VLG3LK,VLG55PB,16.405943621160663,4.043784744577549,16.877257509743785,9.783539264329812,5.7590727316633075
05:32:41:656,05:32:45:273,VLG55PB,VLG3LK,16.877257509743785,9.783539264329812,16.40480279517988,3.785597956296394,6.016520040017094
05:32:45:273,05:32:45:633,VLG3LK,VLG55PB,16.40480279517988,3.785597956296394,16.785580072147123,9.634934045390375,5.861716814878714
05:32:45:633,05:32:49:266,VLG55PB,VLG3LK,16.785580072147123,9.634934045390375,16.3481178905643,3.5357180997514432,6.11488416176884
05:32:49:266,05:32:49:609,VLG3LK,VLG55PB,16.3481178905643,3.5357180997514432,16.71846260658607,9.478925017815394,5.954734559962219
05:32:49:609,05:32:53:266,VLG55PB,VLG3LK,16.71846260658607,9.478925017815394,16.26568339745074,3.280406238138754,6.215033714649438
05:32:53:266,05:32:53:578,VLG3LK,VLG55PB,16.26568339745074,3.280406238138754,16.67459730806783,9.302511168819988,6.035972032939798
05:32:53:578,05:32:57:258,VLG55PB,VLG3LK,16.67459730806783,9.302511168819988,16.18236652864811,3.0335286385192783,6.288277435468606
05:32:57:258,05:32:57:547,VLG3LK,VLG55PB,16.18236652864811,3.0335286385192783,16.65989508422594,9.114257330866712,6.099450381085953
05:32:57:547,05:33:01:258,VLG55PB,VLG3LK,16.65989508422594,9.114257330866712,16.068991227797856,2.7903402230810426,6.35146400081791
05:33:01:258,05:33:01:516,VLG3LK,VLG55PB,16.068991227797856,2.7903402230810426,16.648381966624996,8.924534551787923,6.16149605944679
05:33:01:516,05:33:05:258,VLG55PB,VLG3LK,16.648381966624996,8.924534551787923,15.95340853415213,2.539831359431828,6.4224156612854975
05:33:05:258,05:33:05:484,VLG3LK,VLG55PB,15.95340853415213,2.539831359431828,16.634063751375077,8.722282340876898,6.21980640074142
05:33:05:484,05:33:09:258,VLG55PB,VLG3LK,16.634063751375077,8.722282340876898,15.833859609999871,2.291147308942129,6.480727155717378
05:33:09:258,05:33:09:461,VLG3LK,VLG55PB,15.833859609999871,2.291147308942129,16.621874126663045,8.519078266561342,6.277586390591822
05:33:09:461,05:33:13:250,VLG55PB,VLG3LK,16.621874126663045,8.519078266561342,15.708952279326615,2.0402121962731083,6.5428687787602975
05:33:13:250,05:33:13:430,VLG3LK,VLG55PB,15.708952279326615,2.0402121962731083,16.612352403166547,8.30900821547091,6.3335562927998215
05:33:17:406,05:33:21:320,VLG55PB,VLG56ND,16.607684016640285,8.094948062123853,18.17234868204878,10.478568762024851,2.851284474789285
05:33:21:320,05:33:21:383,VLG56ND,VLG55PB,18.17234868204878,10.478568762024851,16.602635433271686,7.876195604427109,3.039135688772646
05:33:25:359,05:33:25:383,VLG55PB,VLG56ND,16.59423934733904,7.649174798175742,18.0484189543744,10.419183786497245,3.128512126378837
05:33:25:383,05:33:29:336,VLG56ND,VLG55PB,18.0484189543744,10.419183786497245,16.581343323923686,7.4140866808781825,3.3440872476151737
05:33:29:336,05:33:29:430,VLG55PB,VLG56ND,16.581343323923686,7.4140866808781825,17.912891330541328,10.35783206905949,3.2308910542397022
05:33:29:430,05:33:33:320,VLG56ND,VLG55PB,17.912891330541328,10.35783206905949,16.569344908896763,7.176603940738243,3.453307022483843
05:33:33:320,05:33:33:477,VLG55PB,VLG56ND,16.569344908896763,7.176603940738243,17.758867742009823,10.28413215222818,3.3274158375086165
05:33:33:477,05:33:37:305,VLG56ND,VLG55PB,17.758867742009823,10.28413215222818,16.556545757012763,6.937655753918893,3.5559081034312974
05:33:37:305,05:33:37:508,VLG55PB,VLG56ND,16.556545757012763,6.937655753918893,17.597367571597577,10.207823829548468,3.431808458026535
05:33:37:508,05:33:41:289,VLG56ND,VLG55PB,17.597367571597577,10.207823829548468,16.54583162013419,6.695331175737165,3.666515034784173
05:33:41:289,05:33:41:531,VLG55PB,VLG56ND,16.54583162013419,6.695331175737165,17.440230570507897,10.121121747215597,3.5406200759273943
05:33:41:531,05:33:45:273,VLG56ND,VLG55PB,17.440230570507897,10.121121747215597,16.536187348342434,6.449992648878087,3.7808045445650436
05:33:45:273,05:33:45:547,VLG55PB,VLG56ND,16.536187348342434,6.449992648878087,17.27325968456827,10.042312232593146,3.66715633977775
05:33:45:547,05:33:49:258,VLG56ND,VLG55PB,17.27325968456827,10.042312232593146,16.527644637124162,6.200800589799298,3.9132024609896896
05:33:49:258,05:33:49:563,VLG55PB,VLG56ND,16.527644637124162,6.200800589799298,17.11438783063516,9.963455161548836,3.808127755398863
05:33:49:563,05:33:53:234,VLG56ND,VLG55PB,17.11438783063516,9.963455161548836,16.521789817942228,5.942926887135987,4.063966044395644
05:33:53:234,05:33:53:570,VLG55PB,VLG56ND,16.521789817942228,5.942926887135987,16.950493303209733,9.880539180172942,3.9608808677560923
05:33:53:570,05:33:57:227,VLG56ND,VLG55PB,16.950493303209733,9.880539180172942,16.515786507436797,5.674707802332185,4.228236934837149
05:33:57:227,05:33:57:570,VLG55PB,VLG56ND,16.515786507436797,5.674707802332185,16.79455450072286,9.789664995682744,4.1243889604629
05:33:57:570,05:34:01:211,VLG56ND,VLG55PB,16.79455450072286,9.789664995682744,16.506846168716084,5.400858958895433,4.398226291682462
05:34:01:211,05:34:01:555,VLG55PB,VLG56ND,16.506846168716084,5.400858958895433,16.67317995572314,9.644057783441967,4.246457723012582
05:34:01:555,05:34:05:195,VLG56ND,VLG55PB,16.67317995572314,9.644057783441967,16.492938776343454,5.125643629104423,4.522007668377183
05:34:09:180,05:34:09:523,VLG55PB,VLG56ND,16.48612300399145,4.849713234031442,16.471086555887794,9.337609192427117,4.487921147720379
05:34:09:523,05:34:13:172,VLG56ND,VLG55PB,16.471086555887794,9.337609192427117,16.481206941306496,4.562518109137404,4.7751018079109
05:34:13:172,05:34:13:492,VLG55PB,VLG56ND,16.481206941306496,4.562518109137404,16.41840164869374,9.155271339459762,4.593182637280672
05:34:13:492,05:34:17:164,VLG56ND,VLG55PB,16.41840164869374,9.155271339459762,16.475080822014,4.284460488349618,4.871140613447799
05:34:17:164,05:34:17:469,VLG55PB,VLG56ND,16.475080822014,4.284460488349618,16.38114396869924,8.95693549703818,4.673419180774377
05:34:17:469,05:34:21:148,VLG56ND,VLG55PB,16.38114396869924,8.95693549703818,16.460953574665897,3.996518601055987,4.961058894545615
05:34:21:148,05:34:21:438,VLG55PB,VLG56ND,16.460953574665897,3.996518601055987,16.351664294907444,8.757046659024692,4.761782390804666
05:34:21:438,05:34:25:148,VLG56ND,VLG55PB,16.351664294907444,8.757046659024692,16.419224509387558,3.708632553797512,5.048866146021039
05:34:25:148,05:34:25:414,VLG55PB,VLG56ND,16.419224509387558,3.708632553797512,16.31924580856421,8.548929446460553,4.841329337045954
05:34:25:414,05:34:29:141,VLG56ND,VLG55PB,16.31924580856421,8.548929446460553,16.32529843294376,3.4309390744073114,5.1179939510213925
05:34:29:141,05:34:29:383,VLG55PB,VLG56ND,16.32529843294376,3.4309390744073114,16.29149345497337,8.341948909885298,4.911126182526479
05:34:29:383,05:34:33:141,VLG56ND,VLG55PB,16.29149345497337,8.341948909885298,16.20602005971658,3.152657863161329,5.1899949199306805
05:34:33:141,05:34:33:203,VLG55PB,VLG1PT,16.20602005971658,3.152657863161329,18.197933519605588,10.484556349461707,7.597661129920232
05:34:33:203,05:34:33:359,VLG1PT,VLG56ND,18.197933519605588,10.484556349461707,16.258280916958764,8.12788380357921,3.0522381472406264
05:34:33:359,05:34:37:133,VLG56ND,VLG55PB,16.258280916958764,8.12788380357921,16.072525531985228,2.883126318767484,5.248045935158655
05:34:37:133,05:34:37:273,VLG55PB,VLG1PT,16.072525531985228,2.883126318767484,18.07818622436461,10.429247338636127,7.808112272467598
05:34:37:273,05:34:37:344,VLG1PT,VLG56ND,18.07818622436461,10.429247338636127,16.219084530439275,7.902141629480499,3.137279454177301
05:34:37:344,05:34:41:133,VLG56ND,VLG55PB,16.219084530439275,7.902141629480499,15.934377022764211,2.6112433377711364,5.29855292491635
05:34:41:133,05:34:41:320,VLG55PB,VLG56ND,15.934377022764211,2.6112433377711364,16.182292703917714,7.677257912616497,5.072077075272755
05:34:41:320,05:34:41:328,VLG56ND,VLG1PT,16.182292703917714,7.677257912616497,17.94584749014699,10.36821408632848,3.217354598559323
05:34:41:328,05:34:45:133,VLG1PT,VLG55PB,17.94584749014699,10.36821408632848,15.79413377810254,2.336603732964904,8.314844362154776
05:34:45:133,05:34:45:297,VLG55PB,VLG56ND,15.79413377810254,2.336603732964904,16.141034049382277,7.44414942147922,5.119312723254473
05:34:45:297,05:34:45:367,VLG56ND,VLG1PT,16.141034049382277,7.44414942147922,17.79692999490257,10.298490292698714,3.299886845257668
05:34:45:367,05:34:49:125,VLG1PT,VLG55PB,17.79692999490257,10.298490292698714,15.65517033744279,2.0663619501775488,8.50617842970993
05:34:49:125,05:34:49:281,VLG55PB,VLG56ND,15.65517033744279,2.0663619501775488,16.098697379928087,7.204668665292335,5.157413318322418
05:34:49:281,05:34:49:406,VLG56ND,VLG1PT,16.098697379928087,7.204668665292335,17.63396985519889,10.221871918362924,3.385347403689005
05:34:49:406,05:34:53:125,VLG1PT,VLG55PB,17.63396985519889,10.221871918362924,15.514425435870947,1.792544483942195,8.691721897425284
05:34:53:125,05:34:53:266,VLG55PB,VLG56ND,15.514425435870947,1.792544483942195,16.059163109073175,6.965846909891848,5.20190322122032
05:34:53:266,05:34:53:430,VLG56ND,VLG1PT,16.059163109073175,6.965846909891848,17.470330343132186,10.14639595815367,3.4795524440480765
05:34:53:430,05:34:57:133,VLG1PT,VLG55PB,17.470330343132186,10.14639595815367,15.37348083655206,1.5194390605799664,8.878128359391964
05:34:57:133,05:34:57:250,VLG55PB,VLG56ND,15.37348083655206,1.5194390605799664,16.01552879272335,6.718325510750359,5.238381992542072
05:34:57:250,05:34:57:453,VLG56ND,VLG1PT,16.01552879272335,6.718325510750359,17.30523645302102,10.065669717815014,3.5872077009283685
05:34:57:453,05:35:01:125,VLG1PT,VLG55PB,17.30523645302102,10.065669717815014,15.233322501081318,1.245996729937356,9.059771467169645
05:35:01:125,05:35:01:234,VLG55PB,VLG56ND,15.233322501081318,1.245996729937356,15.973358434950717,6.471548871996794,5.277693470901842
05:35:01:234,05:35:01:469,VLG56ND,VLG1PT,15.973358434950717,6.471548871996794,17.14842770852414,9.990993696059103,3.7104285018465655
05:35:01:469,05:35:05:125,VLG1PT,VLG55PB,17.14842770852414,9.990993696059103,15.09421732272684,0.9686705388636894,9.253220815585356
05:35:05:125,05:35:05:219,VLG55PB,VLG56ND,15.09421732272684,0.9686705388636894,15.927037658432324,6.219063434389784,5.31603379117886
05:35:05:219,05:35:05:469,VLG56ND,VLG1PT,15.927037658432324,6.219063434389784,16.994185988513408,9.909320318691934,3.8414582427164636
05:35:05:469,05:35:09:125,VLG1PT,VLG55PB,16.994185988513408,9.909320318691934,14.94571812910713,0.6981526148411484,9.436197912267646
05:35:09:125,05:35:09:211,VLG55PB,VLG56ND,14.94571812910713,0.6981526148411484,15.882541466332247,5.967181390509758,5.351663498763114
05:35:09:211,05:35:09:469,VLG56ND,VLG1PT,15.882541466332247,5.967181390509758,16.867469402657587,9.78946457334366,3.9471422281859763
05:35:09:469,05:35:13:117,VLG1PT,VLG55PB,16.867469402657587,9.78946457334366,14.777364558243356,0.4393061486228476,9.580918579552872
05:35:13:117,05:35:13:195,VLG55PB,VLG56ND,14.777364558243356,0.4393061486228476,15.835104471681277,5.7050771276015535,5.370955010753117
05:35:13:195,05:35:13:445,VLG56ND,VLG1PT,15.835104471681277,5.7050771276015535,16.765232532632584,9.64794267928789,4.051089602618515
05:35:13:445,05:35:17:125,VLG1PT,VLG55PB,16.765232532632584,9.64794267928789,14.53506263745992,0.2200071224181813,9.688117806149068
05:35:17:125,05:35:17:180,VLG55PB,VLG56ND,14.53506263745992,0.2200071224181813,15.789432156711085,5.447440812094398,5.375826064037815
05:35:17:180,05:35:17:422,VLG56ND,VLG1PT,15.789432156711085,5.447440812094398,16.696150908546972,9.493607464584027,4.146517029345226
05:35:17:422,05:35:21:172,VLG1PT,VLG56ND,16.696150908546972,9.493607464584027,15.74542266663279,5.190289516374216,4.407088557467155
05:35:21:172,05:35:21:391,VLG56ND,VLG1PT,15.74542266663279,5.190289516374216,16.658264229326527,9.315450391639752,4.224953486773868
05:35:21:391,05:35:25:156,VLG1PT,VLG56ND,16.658264229326527,9.315450391639752,15.685015516447042,4.927982261036366,4.4941172274632475
05:35:25:156,05:35:25:359,VLG56ND,VLG1PT,15.685015516447042,4.927982261036366,16.63220017962703,9.142683966768288,4.319822826744514
05:35:25:359,05:35:29:148,VLG1PT,VLG56ND,16.63220017962703,9.142683966768288,15.574470751922384,4.684218933442507,4.582215839047858
05:35:29:148,05:35:29:336,VLG56ND,VLG1PT,15.574470751922384,4.684218933442507,16.61438597574411,8.96653259713666,4.406771379025446
05:35:29:336,05:35:33:156,VLG1PT,VLG56ND,16.61438597574411,8.96653259713666,15.450565459843984,4.450398140963327,4.663684017969703
05:35:33:156,05:35:33:313,VLG56ND,VLG1PT,15.450565459843984,4.450398140963327,16.59492059027339,8.781189776085395,4.479431308925651
05:35:33:313,05:35:37:156,VLG1PT,VLG56ND,16.59492059027339,8.781189776085395,15.301222592806312,4.228728569160694,4.732711437348006
05:35:37:156,05:35:37:281,VLG56ND,VLG1PT,15.301222592806312,4.228728569160694,16.58316870972363,8.599119043060748,4.554525084027502
05:35:37:281,05:35:41:156,VLG1PT,VLG56ND,16.58316870972363,8.599119043060748,15.114202526481812,4.033352838323268,4.796257153638754
05:35:41:156,05:35:41:258,VLG56ND,VLG1PT,15.114202526481812,4.033352838323268,16.57577178299807,8.413001456248303,4.617088553199533
05:35:41:258,05:35:45:156,VLG1PT,VLG56ND,16.57577178299807,8.413001456248303,14.903179960875734,3.860434500809068,4.850095801856678
05:35:45:156,05:35:45:234,VLG56ND,VLG1PT,14.903179960875734,3.860434500809068,16.56889128122633,8.215634948930212,4.662870912437822
05:35:45:234,05:35:49:117,VLG1PT,VLG11TT,16.56889128122633,8.215634948930212,18.188249489681617,10.488688985620083,2.790895136153209
05:35:49:117,05:35:49:164,VLG11TT,VLG56ND,18.188249489681617,10.488688985620083,14.68365233489719,3.6936828945031848,7.645541772539003
05:35:49:164,05:35:49:211,VLG56ND,VLG1PT,14.68365233489719,3.6936828945031848,16.565042510325828,8.014858804260532,4.7129810348935886
05:35:49:211,05:35:53:164,VLG1PT,VLG56ND,16.565042510325828,8.014858804260532,14.46879916491045,3.530424702183587,4.950190438666872
05:35:53:164,05:35:53:180,VLG56ND,VLG11TT,14.46879916491045,3.530424702183587,18.069143058183386,10.429856314363263,7.782328232667392
05:35:53:180,05:35:53:188,VLG11TT,VLG1PT,18.069143058183386,10.429856314363263,16.563101606685848,7.807598143463975,3.023970695704059
05:35:53:188,05:35:57:164,VLG1PT,VLG56ND,16.563101606685848,7.807598143463975,14.249334438744787,3.3584951128835048,5.014781778319205
05:35:57:164,05:35:57:164,VLG56ND,VLG1PT,14.249334438744787,3.3584951128835048,16.56307155370353,7.59342621865884,4.825766354456162
05:35:57:164,05:35:57:234,VLG1PT,VLG11TT,16.56307155370353,7.59342621865884,17.93130347785456,10.368770609549816,3.0942842607485224
05:35:57:234,05:36:01:141,VLG11TT,VLG1PT,17.93130347785456,10.368770609549816,16.561379364269797,7.374573985701304,3.292704891004784
05:36:01:141,05:36:01:164,VLG1PT,VLG56ND,16.561379364269797,7.374573985701304,14.035621322906502,3.188981259025558,4.888623544221038
05:36:01:164,05:36:01:273,VLG56ND,VLG11TT,14.035621322906502,3.188981259025558,17.777835229944685,10.29381681540157,8.030121618579312
05:36:01:273,05:36:05:125,VLG11TT,VLG1PT,17.777835229944685,10.29381681540157,16.56083569954811,7.152915780992482,3.3684339335865796
05:36:05:125,05:36:05:172,VLG1PT,VLG56ND,16.56083569954811,7.152915780992482,13.824937623995169,3.0150757721357158,4.960530034049795
05:36:05:172,05:36:05:313,VLG56ND,VLG11TT,13.824937623995169,3.0150757721357158,17.611012867282057,10.216488642492976,8.136013340523544
05:36:05:313,05:36:09:102,VLG11TT,VLG1PT,17.611012867282057,10.216488642492976,16.556564635164786,6.922679741291171,3.458473384580468
05:36:09:102,05:36:09:336,VLG1PT,VLG11TT,16.556564635164786,6.922679741291171,17.44960029633772,10.139405351227266,3.338388285047939
05:36:09:336,05:36:13:086,VLG11TT,VLG1PT,17.44960029633772,10.139405351227266,16.553333171977396,6.68929935104817,3.5646214624670773
05:36:13:086,05:36:13:359,VLG1PT,VLG11TT,16.553333171977396,6.68929935104817,17.278928293717712,10.059550948637016,3.4474750342451372
05:36:13:359,05:36:17:070,VLG11TT,VLG1PT,17.278928293717712,10.059550948637016,16.549148482734356,6.449621059890518,3.68295701497916
05:36:17:070,05:36:17:375,VLG1PT,VLG11TT,16.549148482734356,6.449621059890518,17.111867484402236,9.979036719753298,3.5739932253604954
05:36:17:375,05:36:21:055,VLG11TT,VLG1PT,17.111867484402236,9.979036719753298,16.543494036821,6.203709923019421,3.8178712390614034
05:36:21:055,05:36:21:383,VLG1PT,VLG11TT,16.543494036821,6.203709923019421,16.953932006196517,9.902510728645424,3.721503288511871
05:36:21:383,05:36:25:039,VLG11TT,VLG1PT,16.953932006196517,9.902510728645424,16.535296114259364,5.95181652537228,3.972812693520051
05:36:25:039,05:36:25:383,VLG1PT,VLG11TT,16.535296114259364,5.95181652537228,16.801354942270873,9.79597782238674,3.8533574162575106
05:36:25:383,05:36:29:023,VLG11TT,VLG1PT,16.801354942270873,9.79597782238674,16.52697075590255,5.6928886559093055,4.1122533226679385
05:36:29:023,05:36:29:375,VLG1PT,VLG11TT,16.52697075590255,5.6928886559093055,16.661882724906274,9.686042061439757,3.9954318113915925
05:36:29:375,05:36:33:016,VLG11TT,VLG1PT,16.661882724906274,9.686042061439757,16.51886548103963,5.436086531396013,4.252361219298357
05:36:33:016,05:36:33:359,VLG1PT,VLG11TT,16.51886548103963,5.436086531396013,16.539078507960454,9.554270477300618,4.118233550779232
05:36:33:359,05:36:37:000,VLG11TT,VLG1PT,16.539078507960454,9.554270477300618,16.507858593938238,5.169213178313338,4.38516843444276
05:36:37:000,05:36:37:344,VLG1PT,VLG11TT,16.507858593938238,5.169213178313338,16.440748061661836,9.38246130512447,4.213782576453125
05:36:37:344,05:36:40:984,VLG11TT,VLG1PT,16.440748061661836,9.38246130512447,16.499413034639055,4.906540163662357,4.476305579788083
05:36:40:984,05:36:41:320,VLG1PT,VLG11TT,16.499413034639055,4.906540163662357,16.36006938747752,9.222215826726186,4.317924626573014
05:36:41:320,05:36:44:977,VLG11TT,VLG1PT,16.36006938747752,9.222215826726186,16.490642811123244,4.641054399179118,4.583021868179079
05:36:44:977,05:36:45:297,VLG1PT,VLG11TT,16.490642811123244,4.641054399179118,16.31520218308185,9.038039319302964,4.400483587262207
05:36:45:297,05:36:48:961,VLG11TT,VLG1PT,16.31520218308185,9.038039319302964,16.479675025456604,4.3728806872553285,4.668057023864147
05:36:48:961,05:36:49:266,VLG1PT,VLG11TT,16.479675025456604,4.3728806872553285,16.276220716646176,8.841492619689223,4.4732411357386175
05:36:49:266,05:36:52:961,VLG11TT,VLG1PT,16.276220716646176,8.841492619689223,16.46800551182283,4.109634295897759,4.7357433000634135
05:36:52:961,05:36:53:242,VLG1PT,VLG11TT,16.46800551182283,4.109634295897759,16.24240310353021,8.639445085073877,4.535425253751162
05:36:53:242,05:36:56:945,VLG11TT,VLG1PT,16.24240310353021,8.639445085073877,16.440304104031373,3.842490324390949,4.801035282315468
05:36:56:945,05:36:57:219,VLG1PT,VLG11TT,16.440304104031373,3.842490324390949,16.21048364818176,8.430666446986352,4.5939283379131535
05:36:57:219,05:37:00:945,VLG11TT,VLG1PT,16.21048364818176,8.430666446986352,16.35165478117243,3.584788133266285,4.8479341909902525
05:37:00:945,05:37:01:188,VLG1PT,VLG11TT,16.35165478117243,3.584788133266285,16.17939615314985,8.220086674093055,4.638498204970981
05:37:01:188,05:37:04:938,VLG11TT,VLG1PT,16.17939615314985,8.220086674093055,16.266813644000464,3.3305094173716143,4.8903586337971365
05:37:04:938,05:37:05:164,VLG1PT,VLG11TT,16.266813644000464,3.3305094173716143,16.14481558534169,7.996305991309856,4.667391262331704
05:37:05:164,05:37:08:938,VLG11TT,VLG1PT,16.14481558534169,7.996305991309856,16.151765166258315,3.0845541900584266,4.9117567176898715
05:37:08:938,05:37:09:141,VLG1PT,VLG11TT,16.151765166258315,3.0845541900584266,16.113261279775116,7.769489556457032,4.68509358888451
05:37:09:141,05:37:12:938,VLG11TT,VLG1PT,16.113261279775116,7.769489556457032,16.029691200006468,2.836422023795599,4.933775353624331
05:37:12:938,05:37:13:125,VLG1PT,VLG11TT,16.029691200006468,2.836422023795599,16.079532288663582,7.537048857332155,4.700891060456776
05:37:13:125,05:37:16:930,VLG11TT,VLG1PT,16.079532288663582,7.537048857332155,15.90812655386544,2.5888029993461665,4.9512136892884335
05:37:16:930,05:37:17:102,VLG1PT,VLG11TT,15.90812655386544,2.5888029993461665,16.043629621628238,7.29484724453367,4.707994638807009
05:37:17:102,05:37:20:930,VLG11TT,VLG1PT,16.043629621628238,7.29484724453367,15.785275979985729,2.337723020865715,4.963852049872717
05:37:20:930,05:37:21:086,VLG1PT,VLG11TT,15.785275979985729,2.337723020865715,16.00923452985724,7.045111593438819,4.712713083272988
05:37:21:086,05:37:24:922,VLG11TT,VLG1PT,16.00923452985724,7.045111593438819,15.661784791278908,2.0907841462565546,4.966495925171155
05:37:24:922,05:37:24:953,VLG1PT,VLG15SY,15.661784791278908,2.0907841462565546,18.23952068568785,10.510492456963403,8.805464801968732
05:37:24:953,05:37:25:063,VLG15SY,VLG11TT,18.23952068568785,10.510492456963403,15.972152464785806,6.786851854082865,4.359639662698861
05:37:25:063,05:37:28:930,VLG11TT,VLG1PT,15.972152464785806,6.786851854082865,15.534470825892194,1.8374508439125337,4.968715686824886
05:37:28:930,05:37:29:023,VLG1PT,VLG15SY,15.534470825892194,1.8374508439125337,18.128269295727577,10.460464964318954,9.004674509544966
05:37:29:023,05:37:29:055,VLG15SY,VLG11TT,18.128269295727577,10.460464964318954,15.93442853812188,6.517636510210764,4.512076405409943
05:37:29:055,05:37:32:922,VLG11TT,VLG1PT,15.93442853812188,6.517636510210764,15.405588881215492,1.584848502251882,4.961055221843416
05:37:32:922,05:37:33:031,VLG1PT,VLG11TT,15.405588881215492,1.584848502251882,15.897111975267483,6.246505530862226,4.68749839513345
05:37:33:031,05:37:33:086,VLG11TT,VLG15SY,15.897111975267483,6.246505530862226,17.997730303429535,10.395060241602382,4.650064897247636
05:37:33:086,05:37:36:922,VLG15SY,VLG1PT,17.997730303429535,10.395060241602382,15.27306635399574,1.329534186568892,9.466126784056678
05:37:36:922,05:37:37:016,VLG1PT,VLG11TT,15.27306635399574,1.329534186568892,15.858912049721322,5.973205204319848,4.680480285216507
05:37:37:016,05:37:37:133,VLG11TT,VLG15SY,15.858912049721322,5.973205204319848,17.852197028966227,10.324810862729931,4.786403327634437
05:37:37:133,05:37:41:000,VLG15SY,VLG11TT,17.852197028966227,10.324810862729931,15.82141563330209,5.696739578702409,5.054019874022632
05:37:41:000,05:37:41:172,VLG11TT,VLG15SY,15.82141563330209,5.696739578702409,17.697859089680694,10.253971988368823,4.928428479819915
05:37:41:172,05:37:44:992,VLG15SY,VLG11TT,17.697859089680694,10.253971988368823,15.78538082663112,5.421756172479343,5.196910889939287
05:37:44:992,05:37:45:203,VLG11TT,VLG15SY,15.78538082663112,5.421756172479343,17.520466928490208,10.173466265282062,5.058584049603979
05:37:45:203,05:37:48:977,VLG15SY,VLG11TT,17.520466928490208,10.173466265282062,15.74584769793496,5.145732160556191,5.331733643129611
05:37:48:977,05:37:49:219,VLG11TT,VLG15SY,15.74584769793496,5.145732160556191,17.346800305714023,10.088794342318485,5.195855366070459
05:37:49:219,05:37:52:969,VLG15SY,VLG11TT,17.346800305714023,10.088794342318485,15.693005368344611,4.863815928359048,5.480459572080681
05:37:52:969,05:37:53:242,VLG11TT,VLG15SY,15.693005368344611,4.863815928359048,17.173535398468534,10.007720046527549,5.35273002747286
05:37:53:242,05:37:56:961,VLG15SY,VLG11TT,17.173535398468534,10.007720046527549,15.589357493543016,4.60879260999554,5.626547529292923
05:37:56:961,05:37:57:250,VLG11TT,VLG15SY,15.589357493543016,4.60879260999554,17.004063135149178,9.92549885977835,5.501704953818579
05:37:57:250,05:38:00:953,VLG15SY,VLG11TT,17.004063135149178,9.92549885977835,15.474267787112437,4.345575518815273,5.785829093388379
05:38:00:953,05:38:01:258,VLG11TT,VLG15SY,15.474267787112437,4.345575518815273,16.84107340033069,9.843374087588431,5.6651519562258095
05:38:01:258,05:38:04:961,VLG15SY,VLG11TT,16.84107340033069,9.843374087588431,15.313524163822509,4.115703094927933,5.927868223073218
05:38:04:961,05:38:05:258,VLG11TT,VLG15SY,15.313524163822509,4.115703094927933,16.687809690585404,9.737838456471197,5.7876650501376785
05:38:05:258,05:38:08:961,VLG15SY,VLG11TT,16.687809690585404,9.737838456471197,15.12279971910448,3.904867154133633,6.039272342321407
05:38:08:961,05:38:09:250,VLG11TT,VLG15SY,15.12279971910448,3.904867154133633,16.547139128766084,9.616238228917574,5.8862978439587845
05:38:09:250,05:38:12:961,VLG15SY,VLG11TT,16.547139128766084,9.616238228917574,14.907288569767797,3.72002966528254,6.119998797526851
05:38:16:969,05:38:17:219,VLG11TT,VLG15SY,14.676263177845115,3.540842875581297,16.32865581132212,9.307832488066772,5.9990474748650255
05:38:17:219,05:38:20:969,VLG15SY,VLG11TT,16.32865581132212,9.307832488066772,14.4446758450752,3.363661046243646,6.235587754414604
05:38:20:969,05:38:21:195,VLG11TT,VLG15SY,14.4446758450752,3.363661046243646,16.251094123467073,9.137064798627792,6.049408060674334
05:38:21:195,05:38:24:969,VLG15SY,VLG11TT,16.251094123467073,9.137064798627792,14.213538978712334,3.19273026434759,6.283847867616842
05:38:24:969,05:38:25:164,VLG11TT,VLG15SY,14.213538978712334,3.19273026434759,16.208686490439995,8.937909842088427,6.081751554777904
05:38:25:164,05:38:28:977,VLG15SY,VLG11TT,16.208686490439995,8.937909842088427,13.982696238641338,3.0190970462933304,6.3235573463652885
05:38:28:977,05:38:29:133,VLG11TT,VLG15SY,13.982696238641338,3.0190970462933304,16.191405196016266,8.736109336820924,6.128835516509788
05:38:56:945,05:39:00:852,VLG15SY,VLG7EY,16.23457806756648,7.12759907559649,18.211142018749275,10.49608490460191,3.905573176030077
05:39:00:852,05:39:00:914,VLG7EY,VLG15SY,18.211142018749275,10.49608490460191,16.257328504956472,6.86680942310433,4.12177483219048
05:39:04:891,05:39:04:922,VLG15SY,VLG7EY,16.28468233985561,6.604618858869527,18.095416824630465,10.442148740445282,4.243276442366168
05:39:04:922,05:39:08:867,VLG7EY,VLG15SY,18.095416824630465,10.442148740445282,16.31110991298556,6.329846429544013,4.482720318198281
05:39:08:867,05:39:08:977,VLG15SY,VLG7EY,16.31110991298556,6.329846429544013,17.957372261230187,10.374594370746506,4.366940075969639
05:39:08:977,05:39:12:852,VLG7EY,VLG15SY,17.957372261230187,10.374594370746506,16.33989415177277,6.058562844736947,4.609160831223221
05:39:12:852,05:39:13:023,VLG15SY,VLG7EY,16.33989415177277,6.058562844736947,17.812027993419726,10.306398918702016,4.495696760125307
05:39:13:023,05:39:16:828,VLG7EY,VLG15SY,17.812027993419726,10.306398918702016,16.366352216433018,5.783490192240366,4.748334634381728
05:39:16:828,05:39:17:055,VLG15SY,VLG7EY,16.366352216433018,5.783490192240366,17.648487516465515,10.229888342620685,4.627561716422044
05:39:17:055,05:39:20:813,VLG7EY,VLG15SY,17.648487516465515,10.229888342620685,16.389663774334434,5.504162838162788,4.890513138438209
05:39:20:813,05:39:21:086,VLG15SY,VLG7EY,16.389663774334434,5.504162838162788,17.47809228865287,10.149414233132063,4.771062476351094
05:39:21:086,05:39:24:797,VLG7EY,VLG15SY,17.47809228865287,10.149414233132063,16.413416584517986,5.227189721420368,5.036052868931238
05:39:24:797,05:39:25:102,VLG15SY,VLG7EY,16.413416584517986,5.227189721420368,17.310066994807116,10.06559919365075,4.920791417977432
05:39:25:102,05:39:28:781,VLG7EY,VLG15SY,17.310066994807116,10.06559919365075,16.431484157506212,4.942238867949418,5.198146672514172
05:39:28:781,05:39:29:125,VLG15SY,VLG7EY,16.431484157506212,4.942238867949418,17.14107930465816,9.985902318603111,5.0933354765145324
05:39:29:125,05:39:32:766,VLG7EY,VLG15SY,17.14107930465816,9.985902318603111,16.450493396721736,4.662946705708186,5.3675660548418
05:39:32:766,05:39:33:133,VLG15SY,VLG7EY,16.450493396721736,4.662946705708186,16.971010209061493,9.90447345700935,5.26730865210442
05:39:33:133,05:39:36:750,VLG7EY,VLG15SY,16.971010209061493,9.90447345700935,16.465767168425064,4.378191997718284,5.5493294457452915
05:39:36:750,05:39:37:133,VLG15SY,VLG7EY,16.465767168425064,4.378191997718284,16.806449960178625,9.811954116873038,5.444431607813451
05:39:37:133,05:39:40:734,VLG7EY,VLG15SY,16.806449960178625,9.811954116873038,16.477299029727625,4.096231899956865,5.725191769361607
05:39:40:734,05:39:41:125,VLG15SY,VLG7EY,16.477299029727625,4.096231899956865,16.67716583711215,9.67610310540952,5.583449597706937
05:39:41:125,05:39:44:727,VLG7EY,VLG15SY,16.67716583711215,9.67610310540952,16.473044154794056,3.819345377477008,5.860313707037327
05:39:44:727,05:39:45:109,VLG15SY,VLG7EY,16.473044154794056,3.819345377477008,16.56310827928317,9.528720196776696,5.710085145930255
05:39:45:109,05:39:48:719,VLG7EY,VLG15SY,16.56310827928317,9.528720196776696,16.39994979941714,3.545051160400704,5.985893068409842
05:39:48:719,05:39:49:086,VLG15SY,VLG7EY,16.39994979941714,3.545051160400704,16.48648125848588,9.356400714691,5.811993748754261
05:39:49:086,05:39:52:719,VLG7EY,VLG15SY,16.48648125848588,9.356400714691,16.310131694238788,3.2712922427837627,6.087663285997952
05:39:52:719,05:39:53:055,VLG15SY,VLG7EY,16.310131694238788,3.2712922427837627,16.442560725366132,9.169671528237997,5.899865730960403
05:39:53:055,05:39:56:719,VLG7EY,VLG15SY,16.442560725366132,9.169671528237997,16.205677518032296,3.006094317128709,6.168127567683933
05:39:56:719,05:39:57:023,VLG15SY,VLG7EY,16.205677518032296,3.006094317128709,16.41785991191435,8.975558879552926,5.9732343441649824
05:39:57:023,05:40:00:711,VLG7EY,VLG15SY,16.41785991191435,8.975558879552926,16.071739495749338,2.757601692099548,6.227583072708814
05:40:00:711,05:40:00:992,VLG15SY,VLG7EY,16.071739495749338,2.757601692099548,16.407352846868598,8.774528156700871,6.0262791506757525
05:40:00:992,05:40:04:711,VLG7EY,VLG15SY,16.407352846868598,8.774528156700871,15.93643299965722,2.506263168301071,6.285929642248338
05:40:04:711,05:40:04:961,VLG15SY,VLG7EY,15.93643299965722,2.506263168301071,16.406422679225468,8.572055552179508,6.083973006450498
05:40:04:961,05:40:08:711,VLG7EY,VLG15SY,16.406422679225468,8.572055552179508,15.800333189593012,2.259298227855132,6.341785987027156
05:40:08:711,05:40:08:930,VLG15SY,VLG7EY,15.800333189593012,2.259298227855132,16.40843290493566,8.35838073623599,6.129322369384495
05:40:08:930,05:40:12:711,VLG7EY,VLG15SY,16.40843290493566,8.35838073623599,15.663973178687458,2.008319814168229,6.393550969373561
05:40:12:711,05:40:12:898,VLG15SY,VLG7EY,15.663973178687458,2.008319814168229,16.415138553732447,8.14288648840733,6.180384915306769
05:40:12:898,05:40:16:711,VLG7EY,VLG15SY,16.415138553732447,8.14288648840733,15.5259663212788,1.7541051718497445,6.450360762760629
05:40:16:711,05:40:16:875,VLG15SY,VLG7EY,15.5259663212788,1.7541051718497445,16.425851248782916,7.920834810910888,6.2320419867026144
05:40:16:875,05:40:20:703,VLG7EY,VLG15SY,16.425851248782916,7.920834810910888,15.389512037837957,1.4997286934454963,6.5041988539629925
05:40:20:703,05:40:20:844,VLG15SY,VLG7EY,15.389512037837957,1.4997286934454963,16.438499572280225,7.698083613186602,6.286491752837511
05:40:20:844,05:40:24:703,VLG7EY,VLG15SY,16.438499572280225,7.698083613186602,15.25713947799412,1.248439389144128,6.556944584873059
05:40:24:703,05:40:24:750,VLG15SY,VLG76GZ,15.25713947799412,1.248439389144128,18.20319540581276,10.4908512911224,9.700588811802353
05:40:24:750,05:40:24:820,VLG76GZ,VLG7EY,18.20319540581276,10.4908512911224,16.44874415100835,7.467643779426496,3.49540882648358
05:40:24:820,05:40:28:695,VLG7EY,VLG15SY,16.44874415100835,7.467643779426496,15.120572747298311,0.9897084423217268,6.612691245577988
05:40:28:695,05:40:28:797,VLG15SY,VLG7EY,15.120572747298311,0.9897084423217268,16.455947644482702,7.229426792975171,6.381011770206317
05:40:28:797,05:40:28:820,VLG7EY,VLG76GZ,16.455947644482702,7.229426792975171,18.07103163353745,10.428730593380006,3.5838584094500474
05:40:28:820,05:40:32:781,VLG76GZ,VLG7EY,18.07103163353745,10.428730593380006,16.46708728243899,6.99235654327836,3.7922689901472784
05:40:32:781,05:40:32:883,VLG7EY,VLG76GZ,16.46708728243899,6.99235654327836,17.920176757417224,10.35748300150535,3.6654529191017926
05:40:32:883,05:40:36:758,VLG76GZ,VLG7EY,17.920176757417224,10.35748300150535,16.475559428935966,6.746964499649993,3.888799696305813
05:40:36:758,05:40:36:930,VLG7EY,VLG76GZ,16.475559428935966,6.746964499649993,17.753771476857217,10.27809605945891,3.7553583227342764
05:40:36:930,05:40:40:742,VLG76GZ,VLG7EY,17.753771476857217,10.27809605945891,16.482590262704075,6.496361330660824,3.98966405079593
05:40:40:742,05:40:40:961,VLG7EY,VLG76GZ,16.482590262704075,6.496361330660824,17.578680633651377,10.19371886727821,3.856405950475751
05:40:40:961,05:40:44:719,VLG76GZ,VLG7EY,17.578680633651377,10.19371886727821,16.48782243707257,6.244627627129682,4.096985871108298
05:40:44:719,05:40:44:984,VLG7EY,VLG76GZ,16.48782243707257,6.244627627129682,17.401396805796445,10.107158614673612,3.9691011270722636
05:40:44:984,05:40:48:703,VLG76GZ,VLG7EY,17.401396805796445,10.107158614673612,16.489629178577502,5.988125227579567,4.218738703693309
05:40:48:703,05:40:49:000,VLG7EY,VLG76GZ,16.489629178577502,5.988125227579567,17.228106559565216,10.020889265414544,4.099821292091344
05:40:49:000,05:40:52:688,VLG76GZ,VLG7EY,17.228106559565216,10.020889265414544,16.487908389515837,5.726274491716573,4.357936367755881
05:40:52:688,05:40:53:008,VLG7EY,VLG76GZ,16.487908389515837,5.726274491716573,17.065080795846715,9.914379976553024,4.227689148784113
05:40:53:008,05:40:56:672,VLG76GZ,VLG7EY,17.065080795846715,9.914379976553024,16.486888335809574,5.461763538929124,4.489999962298702
05:40:56:672,05:40:57:000,VLG7EY,VLG76GZ,16.486888335809574,5.461763538929124,16.922215573933485,9.773236230645736,4.333394348045269
05:40:57:000,05:41:00:664,VLG76GZ,VLG7EY,16.922215573933485,9.773236230645736,16.48593932137401,5.198539773115144,4.595452605249051
05:41:00:664,05:41:00:984,VLG7EY,VLG76GZ,16.48593932137401,5.198539773115144,16.79629553325855,9.61886816557712,4.4312102269538975
05:41:00:984,05:41:04:648,VLG76GZ,VLG7EY,16.79629553325855,9.61886816557712,16.484103929165823,4.928517820553036,4.700728662317529
05:41:04:648,05:41:04:961,VLG7EY,VLG76GZ,16.484103929165823,4.928517820553036,16.703797400117345,9.441206514795065,4.518033252679594
05:41:04:961,05:41:08:633,VLG76GZ,VLG7EY,16.703797400117345,9.441206514795065,16.48160758616446,4.655947584257369,4.790414527545105
05:41:08:633,05:41:08:938,VLG7EY,VLG76GZ,16.48160758616446,4.655947584257369,16.624000973404705,9.257719934664337,4.603974874138631
05:41:08:938,05:41:12:625,VLG76GZ,VLG7EY,16.624000973404705,9.257719934664337,16.479486209844403,4.38420063905429,4.8756614773351865
05:41:12:625,05:41:12:914,VLG7EY,VLG76GZ,16.479486209844403,4.38420063905429,16.554751975493744,9.050451359279531,4.666857692225183
05:41:12:914,05:41:16:617,VLG76GZ,VLG7EY,16.554751975493744,9.050451359279531,16.474250840042952,4.106027920503184,4.945078722804095
05:41:16:617,05:41:16:891,VLG7EY,VLG76GZ,16.474250840042952,4.106027920503184,16.500326165850744,8.844420986352306,4.738464811423952
05:41:16:891,05:41:20:609,VLG76GZ,VLG7EY,16.500326165850744,8.844420986352306,16.45832768923198,3.8315252550101455,5.013071661700713
05:41:20:609,05:41:20:859,VLG7EY,VLG76GZ,16.45832768923198,3.8315252550101455,16.464590843317193,8.626962943742578,4.795441778774355
05:41:20:859,05:41:24:602,VLG76GZ,VLG7EY,16.464590843317193,8.626962943742578,16.376119487573725,3.563415243368266,5.064320536335854
05:41:24:602,05:41:24:836,VLG7EY,VLG76GZ,16.376119487573725,3.563415243368266,16.4304122928547,8.403024605359327,4.8399138923514755
05:41:24:836,05:41:28:594,VLG76GZ,VLG7EY,16.4304122928547,8.403024605359327,16.30713793155795,3.295706961348886,5.108805152378928
05:41:28:594,05:41:28:813,VLG7EY,VLG76GZ,16.30713793155795,3.295706961348886,16.393980589929477,8.169800198219665,4.874866821670363
05:41:28:813,05:41:32:594,VLG76GZ,VLG7EY,16.393980589929477,8.169800198219665,16.191034374134606,3.040557448388053,5.133256116073462
05:41:32:594,05:41:32:789,VLG7EY,VLG76GZ,16.191034374134606,3.040557448388053,16.357587379828974,7.930701984336926,4.8929800210277214
05:41:32:789,05:41:36:594,VLG76GZ,VLG7EY,16.357587379828974,7.930701984336926,16.047282396101703,2.793036057107134,5.147028304055063
05:41:36:594,05:41:36:766,VLG7EY,VLG76GZ,16.047282396101703,2.793036057107134,16.32087071318287,7.68568824555644,4.900295501740797
05:41:36:766,05:41:40:594,VLG76GZ,VLG7EY,16.32087071318287,7.68568824555644,15.854328099964825,2.573339154228484,5.1335928199994685
05:41:40:594,05:41:40:742,VLG7EY,VLG76GZ,15.854328099964825,2.573339154228484,16.281936803952252,7.439260594513595,4.884674059418104
05:41:40:742,05:41:44:602,VLG76GZ,VLG7EY,16.281936803952252,7.439260594513595,15.631888976216256,2.369640918816159,5.111125691524603
05:41:44:602,05:41:44:727,VLG7EY,VLG76GZ,15.631888976216256,2.369640918816159,16.242036999791324,7.187561859173163,4.856402248393668
05:41:44:727,05:41:48:609,VLG76GZ,VLG7EY,16.242036999791324,7.187561859173163,15.397750092437509,2.1811293638476745,5.077123862205853
05:41:48:609,05:41:48:711,VLG7EY,VLG76GZ,15.397750092437509,2.1811293638476745,16.19571707227767,6.923480387049363,4.80901700227576
05:41:48:711,05:41:52:602,VLG76GZ,VLG68LT,16.19571707227767,6.923480387049363,18.255664314923862,10.51314311177554,4.1387269926602075
05:41:52:602,05:41:52:617,VLG68LT,VLG7EY,18.255664314923862,10.51314311177554,15.154472998303342,1.9988605714620968,9.061478618777889
05:41:52:617,05:41:52:695,VLG7EY,VLG76GZ,15.154472998303342,1.9988605714620968,16.145437154352933,6.659598128090694,4.764922300556788
05:41:52:695,05:41:56:617,VLG76GZ,VLG7EY,16.145437154352933,6.659598128090694,14.905627954638142,1.81373724054058,5.00194907942748
05:41:56:617,05:41:56:672,VLG7EY,VLG68LT,14.905627954638142,1.81373724054058,18.1469548386672,10.464425199239551,9.237997733703384
05:41:56:672,05:41:56:680,VLG68LT,VLG76GZ,18.1469548386672,10.464425199239551,16.09310089950854,6.393670410790061,4.559535124448764
05:41:56:680,05:42:00:625,VLG76GZ,VLG7EY,16.09310089950854,6.393670410790061,14.660523871765188,1.6304473690380274,4.973989413528688
05:42:00:625,05:42:00:672,VLG7EY,VLG76GZ,14.660523871765188,1.6304473690380274,16.03819437987663,6.126158592093592,4.702062890905204
05:42:00:672,05:42:00:727,VLG76GZ,VLG68LT,16.03819437987663,6.126158592093592,18.01759602104796,10.40571835305786,4.715152447666598
05:42:00:727,05:42:04:625,VLG68LT,VLG7EY,18.01759602104796,10.40571835305786,14.416905781041958,1.4489219704304628,9.653453871248452
05:42:04:625,05:42:04:656,VLG7EY,VLG76GZ,14.416905781041958,1.4489219704304628,15.977913907425668,5.853847413286206,4.673340831541591
05:42:04:656,05:42:04:781,VLG76GZ,VLG68LT,15.977913907425668,5.853847413286206,17.874552572336544,10.337363673179466,4.868177921765201
05:42:04:781,05:42:08:633,VLG68LT,VLG7EY,17.874552572336544,10.337363673179466,14.168056410050642,1.2597047758013211,9.805202948342718
05:42:08:633,05:42:08:641,VLG7EY,VLG76GZ,14.168056410050642,1.2597047758013211,15.920188510041218,5.585406391107082,4.667082746264121
05:42:08:641,05:42:08:820,VLG76GZ,VLG68LT,15.920188510041218,5.585406391107082,17.717755355505105,10.262595754749324,5.010723192043152
05:42:08:820,05:42:12:633,VLG68LT,VLG7EY,17.717755355505105,10.262595754749324,13.923021655848649,1.075115197008749,9.940312009699165
05:42:12:633,05:42:12:633,VLG7EY,VLG76GZ,13.923021655848649,1.075115197008749,15.857144042366976,5.315702374303707,4.660837801755148
05:42:12:633,05:42:12:852,VLG76GZ,VLG68LT,15.857144042366976,5.315702374303707,17.554552605348555,10.18922680799335,5.160662383401296
05:42:12:852,05:42:16:625,VLG68LT,VLG76GZ,17.554552605348555,10.18922680799335,15.790819998340742,5.047488617975094,5.4358278416184955
05:42:16:625,05:42:16:633,VLG76GZ,VLG7EY,15.790819998340742,5.047488617975094,13.676679122530144,0.8846729414819698,4.6688998703367055
05:42:16:633,05:42:16:875,VLG7EY,VLG68LT,13.676679122530144,0.8846729414819698,17.38745744773727,10.1141776280961,9.947544045595334
05:42:16:875,05:42:20:617,VLG68LT,VLG76GZ,17.38745744773727,10.1141776280961,15.696866451441458,4.778847546147815,5.59677094404432
05:42:20:617,05:42:20:641,VLG76GZ,VLG7EY,15.696866451441458,4.778847546147815,13.428814335595598,0.6973321567534895,4.6693498770230955
05:42:20:641,05:42:20:891,VLG7EY,VLG68LT,13.428814335595598,0.6973321567534895,17.22990162313342,10.04464011131066,10.090611010479464
05:42:20:891,05:42:24:617,VLG68LT,VLG76GZ,17.22990162313342,10.04464011131066,15.55900938679716,4.538135910209208,5.754430413359494
05:42:24:617,05:42:24:648,VLG76GZ,VLG7EY,15.55900938679716,4.538135910209208,13.181910550009489,0.5070890668911219,4.679736908511204
05:42:24:648,05:42:24:906,VLG7EY,VLG68LT,13.181910550009489,0.5070890668911219,17.07068250963294,9.968085139363115,10.229027032777072
05:42:24:906,05:42:28:617,VLG68LT,VLG76GZ,17.07068250963294,9.968085139363115,15.400183356971764,4.298379439291579,5.9106793302010034
05:42:28:617,05:42:28:648,VLG76GZ,VLG7EY,15.400183356971764,4.298379439291579,12.935915814030784,0.3177979064648272,4.681628334529958
05:42:28:648,05:42:28:906,VLG7EY,VLG68LT,12.935915814030784,0.3177979064648272,16.92933042103084,9.871611955952048,10.354840564469393
05:42:28:906,05:42:32:617,VLG68LT,VLG76GZ,16.92933042103084,9.871611955952048,15.210398697929117,4.091000694900704,6.030770499702261
05:42:32:617,05:42:32:648,VLG76GZ,VLG7EY,15.210398697929117,4.091000694900704,12.687867203837154,0.1227499472414429,4.7021462264570335
05:42:32:648,05:42:32:891,VLG7EY,VLG68LT,12.687867203837154,0.1227499472414429,16.80889118422087,9.744137799626149,10.466801940082444
05:42:32:891,05:42:36:617,VLG68LT,VLG76GZ,16.80889118422087,9.744137799626149,15.001965925624477,3.89798331944006,6.119027790127571
05:42:40:625,05:42:40:852,VLG76GZ,VLG68LT,14.778008289443598,3.7147257318132416,16.654694214120326,9.439557888155443,6.024587394848667
05:42:40:852,05:42:44:625,VLG68LT,VLG76GZ,16.654694214120326,9.439557888155443,14.554924925509065,3.541333234985383,6.260837414009257
05:42:44:625,05:42:44:820,VLG76GZ,VLG68LT,14.554924925509065,3.541333234985383,16.60952896138148,9.263587640975569,6.079933653511139
05:42:44:820,05:42:48:625,VLG68LT,VLG76GZ,16.60952896138148,9.263587640975569,14.329135858573418,3.362379641970734,6.3264878527389286
05:42:48:625,05:42:48:797,VLG76GZ,VLG68LT,14.329135858573418,3.362379641970734,16.56276299225553,9.09348435739211,6.150987841919873
05:42:48:797,05:42:52:633,VLG68LT,VLG76GZ,16.56276299225553,9.09348435739211,14.105441029668969,3.1840108458741936,6.4000240945751266
05:42:52:633,05:42:52:773,VLG76GZ,VLG68LT,14.105441029668969,3.1840108458741936,16.523491468687123,8.919508777499193,6.224379844555643
05:42:52:773,05:42:56:641,VLG68LT,VLG76GZ,16.523491468687123,8.919508777499193,13.878610983223552,3.004466206785839,6.47943835496081
05:42:56:641,05:42:56:750,VLG76GZ,VLG68LT,13.878610983223552,3.004466206785839,16.48598617745,8.742152799350563,6.302337093330092
05:43:04:703,05:43:08:563,VLG68LT,VLG5YL,16.404995233355926,8.364891965293715,18.15700022844805,10.468359326139586,2.737534737856609
05:43:08:563,05:43:08:688,VLG5YL,VLG68LT,18.15700022844805,10.468359326139586,16.368289628487613,8.169532157141008,2.9127464639643543
05:43:08:688,05:43:12:625,VLG68LT,VLG5YL,16.368289628487613,8.169532157141008,18.03117133111985,10.411206140453238,2.7911069138261277
05:43:12:625,05:43:12:664,VLG5YL,VLG68LT,18.03117133111985,10.411206140453238,16.33200289358582,7.971839616702541,2.9728239800410994
05:43:16:648,05:43:16:680,VLG68LT,VLG5YL,16.290445068494176,7.760906936102995,17.88927558473127,10.345940738455408,3.0395162080429086
05:43:16:680,05:43:20:625,VLG5YL,VLG68LT,17.88927558473127,10.345940738455408,16.25242820219338,7.54923971740535,3.2404947083529665
05:43:20:625,05:43:20:727,VLG68LT,VLG5YL,16.25242820219338,7.54923971740535,17.729181688268028,10.26825285157087,3.0941611597326713
05:43:20:727,05:43:24:609,VLG5YL,VLG68LT,17.729181688268028,10.26825285157087,16.210767103808372,7.332718294883111,3.3049880459402248
05:43:24:609,05:43:24:758,VLG68LT,VLG5YL,16.210767103808372,7.332718294883111,17.56139418652093,10.193479988849417,3.1635661817356686
05:43:24:758,05:43:28:594,VLG5YL,VLG68LT,17.56139418652093,10.193479988849417,16.167792972465694,7.10900972654313,3.3846833150042315
05:43:28:594,05:43:28:781,VLG68LT,VLG5YL,16.167792972465694,7.10900972654313,17.390425278164802,10.116620479899144,3.2466216593009176
05:43:28:781,05:43:32:586,VLG5YL,VLG68LT,17.390425278164802,10.116620479899144,16.12393244515635,6.878535364044202,3.4769525900683615
05:43:36:570,05:43:36:813,VLG68LT,VLG5YL,16.080267408929,6.649190754808738,17.059155386571636,9.951166983225102,3.44401926327366
05:43:36:813,05:43:40:555,VLG5YL,VLG68LT,17.059155386571636,9.951166983225102,16.034226933315292,6.413657726907588,3.6829947152862617
05:43:40:555,05:43:40:813,VLG68LT,VLG5YL,16.034226933315292,6.413657726907588,16.897019032895916,9.85521148499045,3.5480561546955554
05:43:40:813,05:43:44:539,VLG5YL,VLG68LT,16.897019032895916,9.85521148499045,15.987004749492447,6.170556518700496,3.7953666774902723
05:43:44:539,05:43:44:805,VLG68LT,VLG5YL,15.987004749492447,6.170556518700496,16.765386074140267,9.728775088861338,3.6423614427453463
05:43:44:805,05:43:48:531,VLG5YL,VLG68LT,16.765386074140267,9.728775088861338,15.93519420724204,5.922198012220907,3.896055386704401
05:43:48:531,05:43:48:781,VLG68LT,VLG5YL,15.93519420724204,5.922198012220907,16.660983259639863,9.57023644101339,3.7195368161274147
05:43:48:781,05:43:52:516,VLG5YL,VLG68LT,16.660983259639863,9.57023644101339,15.884565572216662,5.670339744497102,3.976432907624904
05:43:52:516,05:43:52:750,VLG68LT,VLG5YL,15.884565572216662,5.670339744497102,16.59185157015545,9.374589103542826,3.7711691551654005
05:43:52:750,05:43:56:508,VLG5YL,VLG68LT,16.59185157015545,9.374589103542826,15.834757596834194,5.419147535222817,4.0272458684357995
05:43:56:508,05:43:56:727,VLG68LT,VLG5YL,15.834757596834194,5.419147535222817,16.539935638068894,9.204994307330606,3.8509624578433086
05:43:56:727,05:44:00:492,VLG5YL,VLG68LT,16.539935638068894,9.204994307330606,15.781771343392789,5.165736849414172,4.10979487432831
05:44:00:492,05:44:00:695,VLG68LT,VLG5YL,15.781771343392789,5.165736849414172,16.51001648453149,9.007189907022095,3.9098724505279443
05:44:00:695,05:44:04:484,VLG5YL,VLG68LT,16.51001648453149,9.007189907022095,15.720155654865115,4.912398664985456,4.170275224262928
05:44:04:484,05:44:04:664,VLG68LT,VLG5YL,15.720155654865115,4.912398664985456,16.49627049372509,8.801257694095915,3.965548989912063
05:44:04:664,05:44:08:477,VLG5YL,VLG68LT,16.49627049372509,8.801257694095915,15.605660582727191,4.682743608477262,4.2137090890339035
05:44:08:477,05:44:08:633,VLG68LT,VLG5YL,15.605660582727191,4.682743608477262,16.48126133498067,8.587591214385867,4.001813526729728
05:44:08:633,05:44:12:477,VLG5YL,VLG68LT,16.48126133498067,8.587591214385867,15.474212225055451,4.456813218954744,4.251761371165972
05:44:12:477,05:44:12:609,VLG68LT,VLG5YL,15.474212225055451,4.456813218954744,16.471613633264905,8.370635294287334,4.038912329632683
05:44:12:609,05:44:16:469,VLG5YL,RYR2SY,16.471613633264905,8.370635294287334,18.171861920520914,10.47450900143926,2.7050191892040587
05:44:16:469,05:44:16:477,RYR2SY,VLG68LT,18.171861920520914,10.47450900143926,15.339071696064648,4.245255364787506,6.84312073001157
05:44:16:477,05:44:16:578,VLG68LT,VLG5YL,15.339071696064648,4.245255364787506,16.4665455268134,8.150875188950991,4.065103129063526
05:44:16:578,05:44:20:484,VLG5YL,VLG68LT,16.4665455268134,8.150875188950991,15.157716977026835,4.055448062951405,4.299483168604062
05:44:20:484,05:44:20:531,VLG68LT,RYR2SY,15.157716977026835,4.055448062951405,18.054664783187487,10.42009425519628,6.992926979747193
05:44:20:531,05:44:20:555,RYR2SY,VLG5YL,18.054664783187487,10.42009425519628,16.46528132753725,7.924059264400883,2.959109738480421
05:44:20:555,05:44:24:484,VLG5YL,VLG68LT,16.46528132753725,7.924059264400883,14.959442821130624,3.8788316724115655,4.31641238511436
05:44:24:484,05:44:24:531,VLG68LT,VLG5YL,14.959442821130624,3.8788316724115655,16.464704631992998,7.687556886987944,4.095387756902947
05:44:24:531,05:44:24:578,VLG5YL,RYR2SY,16.464704631992998,7.687556886987944,17.92443105877424,10.359279096388663,3.044486952714462
05:44:24:578,05:44:28:484,RYR2SY,VLG68LT,17.92443105877424,10.359279096388663,14.758654745106236,3.7097066796500417,7.364709973490639
05:44:28:484,05:44:28:500,VLG68LT,VLG5YL,14.758654745106236,3.7097066796500417,16.467546974051018,7.448390079891192,4.1107257531227495
05:44:28:500,05:44:28:625,VLG5YL,RYR2SY,16.467546974051018,7.448390079891192,17.77865006854017,10.2931536612337,3.1323587211734987
05:44:28:625,05:44:32:484,RYR2SY,VLG5YL,17.77865006854017,10.2931536612337,16.466808069217784,7.196793324305107,3.36279300095779
05:44:32:484,05:44:32:484,VLG5YL,VLG68LT,16.466808069217784,7.196793324305107,14.554941368822286,3.5395752583064297,4.1268000027077
05:44:32:484,05:44:32:648,VLG68LT,RYR2SY,14.554941368822286,3.5395752583064297,17.622650996875045,10.216326624837608,7.347778655656657
05:44:32:648,05:44:36:461,RYR2SY,VLG5YL,17.622650996875045,10.216326624837608,16.468256182360786,6.939321799687874,3.474390307929155
05:44:36:461,05:44:36:492,VLG5YL,VLG68LT,16.468256182360786,6.939321799687874,14.348862168059034,3.376183309415272,4.145815587881378
05:44:36:492,05:44:36:672,VLG68LT,RYR2SY,14.348862168059034,3.376183309415272,17.472722477237653,10.144000321907924,7.453982180408437
05:44:36:672,05:44:40:438,RYR2SY,VLG5YL,17.472722477237653,10.144000321907924,16.469656097851026,6.672564088848848,3.6134487240932573
05:44:40:438,05:44:40:492,VLG5YL,VLG68LT,16.469656097851026,6.672564088848848,14.137816677844793,3.212510114614311,4.1724631316898675
05:44:40:492,05:44:40:688,VLG68LT,RYR2SY,14.137816677844793,3.212510114614311,17.317775256154402,10.063471812537207,7.55300024799228
05:44:40:688,05:44:44:422,RYR2SY,VLG5YL,17.317775256154402,10.063471812537207,16.471709456703103,6.408238827235824,3.7518736004610322
05:44:44:422,05:44:44:492,VLG5YL,VLG68LT,16.471709456703103,6.408238827235824,13.92857785619522,3.049707650695792,4.212748509143782
05:44:44:492,05:44:44:703,VLG68LT,RYR2SY,13.92857785619522,3.049707650695792,17.16674267183779,9.9812049476519,7.650579465045461
05:44:44:703,05:44:48:406,RYR2SY,VLG5YL,17.16674267183779,9.9812049476519,16.47152755607316,6.135402099877014,3.9081355658601518
05:44:48:406,05:44:48:500,VLG5YL,VLG68LT,16.47152755607316,6.135402099877014,13.713969976033482,2.8814315283321896,4.265260635379042
05:44:48:500,05:44:48:711,VLG68LT,RYR2SY,13.713969976033482,2.8814315283321896,17.01722888158822,9.8865535620642,7.744885674082245
05:44:48:711,05:44:52:391,RYR2SY,VLG5YL,17.01722888158822,9.8865535620642,16.470711243260837,5.864883784027583,4.058633924435171
05:44:52:391,05:44:52:500,VLG5YL,VLG68LT,16.470711243260837,5.864883784027583,13.503942915676983,2.717148565748045,4.325500122986014
05:44:52:500,05:44:52:703,VLG68LT,RYR2SY,13.503942915676983,2.717148565748045,16.898577821925382,9.762961812355226,7.820935395001373
05:44:52:703,05:44:56:375,RYR2SY,VLG5YL,16.898577821925382,9.762961812355226,16.46996451226033,5.591584960990719,4.193339266661082
05:44:56:375,05:44:56:500,VLG5YL,VLG68LT,16.46996451226033,5.591584960990719,13.290320480480114,2.5511757626361637,4.399343617208655
05:44:56:500,05:44:56:688,VLG68LT,RYR2SY,13.290320480480114,2.5511757626361637,16.794692038905456,9.623576638233036,7.893001594111322
05:44:56:688,05:45:00:359,RYR2SY,VLG5YL,16.794692038905456,9.623576638233036,16.468231828161773,5.320507041296405,4.31543557770003
05:45:00:359,05:45:00:500,VLG5YL,VLG68LT,16.468231828161773,5.320507041296405,13.077942928079676,2.385553714613716,4.484195563958564
05:45:00:500,05:45:00:664,VLG68LT,RYR2SY,13.077942928079676,2.385553714613716,16.719526428576724,9.47127733466894,7.966718873595381
05:45:00:664,05:45:04:344,RYR2SY,VLG5YL,16.719526428576724,9.47127733466894,16.466390651439475,5.046651470018668,4.431860982002825
05:45:04:344,05:45:04:500,VLG5YL,VLG68LT,16.466390651439475,5.046651470018668,12.864404813673415,2.21751095952115,4.580211567559453
05:45:04:500,05:45:04:633,VLG68LT,RYR2SY,12.864404813673415,2.21751095952115,16.66950252497822,9.301168439868457,8.040955906573386
05:45:04:633,05:45:08:328,RYR2SY,VLG5YL,16.66950252497822,9.301168439868457,16.464323823410968,4.774044630484096,4.531770987712375
05:45:08:328,05:45:08:609,VLG5YL,RYR2SY,16.464323823410968,4.774044630484096,16.62646288478036,9.12788762780756,4.3568610168978665
05:45:08:609,05:45:12:320,RYR2SY,VLG5YL,16.62646288478036,9.12788762780756,16.461889024721927,4.4984777865170456,4.632334188511447
05:45:12:320,05:45:12:578,VLG5YL,RYR2SY,16.461889024721927,4.4984777865170456,16.592533054858393,8.945098115952016,4.448539110399577
05:45:12:578,05:45:16:305,RYR2SY,VLG5YL,16.592533054858393,8.945098115952016,16.456972732711442,4.224559584267559,4.7224845822996855
05:45:16:305,05:45:16:555,VLG5YL,RYR2SY,16.456972732711442,4.224559584267559,16.556688361341966,8.75180299907822,4.5283414340727095
05:45:16:555,05:45:20:297,RYR2SY,VLG5YL,16.556688361341966,8.75180299907822,16.44173401142044,3.9465467636457374,4.806631043748692
05:45:20:297,05:45:20:531,VLG5YL,RYR2SY,16.44173401142044,3.9465467636457374,16.52418909707752,8.55536696929881,4.60955773683189
05:45:20:531,05:45:24:289,RYR2SY,VLG5YL,16.52418909707752,8.55536696929881,16.389103705003052,3.674625159858128,4.882610846009972
05:45:24:289,05:45:24:508,VLG5YL,RYR2SY,16.389103705003052,3.674625159858128,16.490977771968456,8.352653551125965,4.679137522559902
05:45:24:508,05:45:28:289,RYR2SY,VLG5YL,16.490977771968456,8.352653551125965,16.302166421394553,3.416448095516184,4.939815181370382
05:45:28:289,05:45:28:328,VLG5YL,VLG2QW,16.302166421394553,3.416448095516184,18.24485207453615,10.508513106742695,7.3533267077143725
05:45:28:328,05:45:28:492,VLG2QW,RYR2SY,18.24485207453615,10.508513106742695,16.454623832311405,8.141130453640622,2.9680663377808307
05:45:28:492,05:45:32:289,RYR2SY,VLG5YL,16.454623832311405,8.141130453640622,16.194496643440758,3.1556757385061243,4.992236459849087
05:45:32:289,05:45:32:398,VLG5YL,VLG2QW,16.194496643440758,3.1556757385061243,18.13631183793731,10.460787246054435,7.558789611260022
05:45:32:398,05:45:32:469,VLG2QW,RYR2SY,18.13631183793731,10.460787246054435,16.41616640711603,7.919904185379626,3.0683850852198313
05:45:32:469,05:45:36:281,RYR2SY,VLG5YL,16.41616640711603,7.919904185379626,16.06932250952092,2.895675823525927,5.0361861881143835
05:45:36:281,05:45:36:453,VLG5YL,VLG2QW,16.06932250952092,2.895675823525927,18.00909176127156,10.401710630347496,7.752629442405599
05:45:36:453,05:45:36:453,VLG2QW,RYR2SY,18.00909176127156,10.401710630347496,16.376722940882676,7.697370550460414,3.1588104142954614
05:45:36:453,05:45:40:281,RYR2SY,VLG5YL,16.376722940882676,7.697370550460414,15.939367830071102,2.637008738055326,5.079226433759447
05:45:40:281,05:45:40:430,VLG5YL,RYR2SY,15.939367830071102,2.637008738055326,16.3376762767554,7.481090300701608,4.860429590506348
05:45:40:430,05:45:40:508,RYR2SY,VLG2QW,16.3376762767554,7.481090300701608,17.86090523797778,10.32797825981894,3.2287764741576424
05:45:40:508,05:45:44:281,VLG2QW,VLG5YL,17.86090523797778,10.32797825981894,15.805668407366102,2.371600173288571,8.217539211085237
05:45:44:281,05:45:44:422,VLG5YL,RYR2SY,15.805668407366102,2.371600173288571,16.288038424316657,7.250225023770703,4.902413820251681
05:45:44:422,05:45:44:547,RYR2SY,VLG2QW,16.288038424316657,7.250225023770703,17.704906652106352,10.258196339739058,3.3249672197795137
05:45:44:547,05:45:48:281,VLG2QW,VLG5YL,17.704906652106352,10.258196339739058,15.666633870727953,2.100318107341667,8.408658227442189
05:45:48:281,05:45:48:406,VLG5YL,RYR2SY,15.666633870727953,2.100318107341667,16.240345755555193,7.024433126615492,4.957424134551136
05:45:48:406,05:45:48:578,RYR2SY,VLG2QW,16.240345755555193,7.024433126615492,17.532835749036575,10.177666655276042,3.407845663981655
05:45:48:578,05:45:52:273,VLG2QW,VLG5YL,17.532835749036575,10.177666655276042,15.527182218610116,1.8298527359842376,8.585373801718484
05:45:52:273,05:45:52:391,VLG5YL,RYR2SY,15.527182218610116,1.8298527359842376,16.193425173611974,6.799319690677158,5.013928747885687
05:45:52:391,05:45:52:602,RYR2SY,VLG2QW,16.193425173611974,6.799319690677158,17.36321561344361,10.099879224128571,3.501728559865614
05:45:52:602,05:45:56:273,VLG2QW,VLG5YL,17.36321561344361,10.099879224128571,15.387277608036769,1.5560762594774746,8.76931582850065
05:45:56:273,05:45:56:375,VLG5YL,RYR2SY,15.387277608036769,1.5560762594774746,16.140691564824987,6.56050397743993,5.060822993801916
05:45:56:375,05:45:56:617,RYR2SY,VLG2QW,16.140691564824987,6.56050397743993,17.195192495024568,10.024619904375118,3.621059426057217
05:45:56:617,05:46:00:273,VLG2QW,VLG5YL,17.195192495024568,10.024619904375118,15.246137670709404,1.2788386440159534,8.960329489602252
05:46:00:273,05:46:00:359,VLG5YL,RYR2SY,15.246137670709404,1.2788386440159534,16.091573311372965,6.334317448409007,5.125683111954116
05:46:00:359,05:46:00:625,RYR2SY,VLG2QW,16.091573311372965,6.334317448409007,17.02792604777855,9.945650941412389,3.7307487244067015
05:46:00:625,05:46:04:266,VLG2QW,VLG5YL,17.02792604777855,9.945650941412389,15.104068207729288,0.9983956892273416,9.151754232739858
05:46:04:266,05:46:04:352,VLG5YL,RYR2SY,15.104068207729288,0.9983956892273416,16.040620246229746,6.105367288179849,5.192137193230443
05:46:04:352,05:46:04:633,RYR2SY,VLG2QW,16.040620246229746,6.105367288179849,16.863248562621827,9.865691914515793,3.8492542969202
05:46:04:633,05:46:08:273,VLG2QW,VLG5YL,16.863248562621827,9.865691914515793,14.959419747434056,0.7190489952841506,9.342678462275666
05:46:08:273,05:46:08:344,VLG5YL,RYR2SY,14.959419747434056,0.7190489952841506,15.988468796303003,5.877597800242348,5.260187042122526
05:46:08:344,05:46:08:641,RYR2SY,VLG2QW,15.988468796303003,5.877597800242348,16.708909795395567,9.767947697268156,3.956495615372549
05:46:08:641,05:46:12:336,VLG2QW,RYR2SY,16.708909795395567,9.767947697268156,15.93494372261058,5.650979511521939,4.189087075278898
05:46:12:336,05:46:12:633,RYR2SY,VLG2QW,15.93494372261058,5.650979511521939,16.57861580426754,9.64576929743506,4.046314271326486
05:46:12:633,05:46:16:320,VLG2QW,RYR2SY,16.57861580426754,9.64576929743506,15.877611673205529,5.421730271797361,4.281811822333658
05:46:16:320,05:46:16:617,RYR2SY,VLG2QW,15.877611673205529,5.421730271797361,16.45655506856844,9.506458094535589,4.125551701395357
05:46:16:617,05:46:20:313,VLG2QW,RYR2SY,16.45655506856844,9.506458094535589,15.81892341756597,5.189113440511531,4.364176781936113
05:46:20:313,05:46:20:594,RYR2SY,VLG2QW,15.81892341756597,5.189113440511531,16.358669935501823,9.34452170693088,4.190315520846866
05:46:20:594,05:46:24:305,VLG2QW,RYR2SY,16.358669935501823,9.34452170693088,15.762778650191882,4.959483025464627,4.425341869490269
05:46:24:305,05:46:24:570,RYR2SY,VLG2QW,15.762778650191882,4.959483025464627,16.290792566020567,9.163151086668009,4.236699642893055
05:46:24:570,05:46:28:297,VLG2QW,RYR2SY,16.290792566020567,9.163151086668009,15.693685673031302,4.722897450012816,4.480221981050153
05:46:28:297,05:46:28:539,RYR2SY,VLG2QW,15.693685673031302,4.722897450012816,16.256460217242413,8.972988006906828,4.28718846441484
05:46:28:539,05:46:32:289,VLG2QW,RYR2SY,16.256460217242413,8.972988006906828,15.571744503223528,4.5051490778595165,4.520002246120573
05:46:32:289,05:46:32:508,RYR2SY,VLG2QW,15.571744503223528,4.5051490778595165,16.237181481834664,8.7686634854815,4.315131687040774
05:46:32:508,05:46:36:289,VLG2QW,RYR2SY,16.237181481834664,8.7686634854815,15.455530497520984,4.288772777178395,4.547570672306153
05:46:36:289,05:46:36:477,RYR2SY,VLG2QW,15.455530497520984,4.288772777178395,16.23157365379447,8.56360989966279,4.344706595866926
05:46:36:477,05:46:40:289,VLG2QW,RYR2SY,16.23157365379447,8.56360989966279,15.295139061726095,4.0927902447773485,4.567837358283703
05:46:40:289,05:46:40:445,RYR2SY,VLG2QW,15.295139061726095,4.0927902447773485,16.226730255551026,8.349207472021533,4.3571722211536725
05:46:40:445,05:46:44:266,VLG2QW,VLG3TC,16.226730255551026,8.349207472021533,18.18984385818348,10.479526175477726,2.8969074536712163
05:46:44:266,05:46:44:297,VLG3TC,RYR2SY,18.18984385818348,10.479526175477726,15.101429951783626,3.9168104259142735,7.253105436074413
05:46:44:297,05:46:44:422,RYR2SY,VLG2QW,15.101429951783626,3.9168104259142735,16.228045966429903,8.131637350395987,4.362800665603856
05:46:44:422,05:46:48:297,VLG2QW,RYR2SY,16.228045966429903,8.131637350395987,14.887040438729668,3.7523263442206343,4.5800284621529554
05:46:48:297,05:46:48:336,RYR2SY,VLG3TC,14.887040438729668,3.7523263442206343,18.06852378694138,10.425655505093433,7.392912713153298
05:46:48:336,05:46:48:398,VLG3TC,VLG2QW,18.06852378694138,10.425655505093433,16.23152556018385,7.908187430407872,3.1164415592421
05:46:48:398,05:46:52:305,VLG2QW,RYR2SY,16.23152556018385,7.908187430407872,14.67042894683844,3.599793111094157,4.5824975992239425
05:46:52:305,05:46:52:367,RYR2SY,VLG2QW,14.67042894683844,3.599793111094157,16.239604163858942,7.681829269875534,4.373251657898269
05:46:52:367,05:46:52:391,VLG2QW,VLG3TC,16.239604163858942,7.681829269875534,17.92984295754232,10.36021856729412,3.1671243120848085
05:46:52:391,05:46:56:305,VLG3TC,RYR2SY,17.92984295754232,10.36021856729412,14.448279896755205,3.439458347007439,7.747141625976635
05:46:56:305,05:46:56:344,RYR2SY,VLG2QW,14.448279896755205,3.439458347007439,16.248329135704964,7.446486117867656,4.392772338636344
05:46:56:344,05:46:56:430,VLG2QW,VLG3TC,16.248329135704964,7.446486117867656,17.77881348675759,10.293021152506531,3.2318948083505927
05:46:56:430,05:47:00:313,VLG3TC,RYR2SY,17.77881348675759,10.293021152506531,14.22412056499238,3.2687944300580907,7.872458498868473
05:47:00:313,05:47:00:320,RYR2SY,VLG2QW,14.22412056499238,3.2687944300580907,16.259481614992048,7.204479799050245,4.43083670739
05:47:00:320,05:47:00:469,VLG2QW,VLG3TC,16.259481614992048,7.204479799050245,17.617383937148446,10.215917025810294,3.3034304725896675
05:47:00:469,05:47:04:297,VLG3TC,VLG2QW,17.617383937148446,10.215917025810294,16.269439841598402,6.949541040168924,3.533576851336738
05:47:04:297,05:47:04:484,VLG2QW,VLG3TC,16.269439841598402,6.949541040168924,17.461157036497088,10.138932176204284,3.404762207737585
05:47:04:484,05:47:08:273,VLG3TC,VLG2QW,17.461157036497088,10.138932176204284,16.283630451404566,6.687953815401919,3.6463434431394193
05:47:08:273,05:47:08:508,VLG2QW,VLG3TC,16.283630451404566,6.687953815401919,17.299887392516528,10.06590362265946,3.5275094713848048
05:47:08:508,05:47:12:250,VLG3TC,VLG2QW,17.299887392516528,10.06590362265946,16.29878840142899,6.421585709238134,3.779319018558774
05:47:12:250,05:47:12:523,VLG2QW,VLG3TC,16.29878840142899,6.421585709238134,17.146304160363094,9.993159617619348,3.6707523949009566
05:47:12:523,05:47:16:227,VLG3TC,VLG2QW,17.146304160363094,9.993159617619348,16.315867045688588,6.149455128656057,3.9323898585854216
05:47:16:227,05:47:16:523,VLG2QW,VLG3TC,16.315867045688588,6.149455128656057,16.99353535693612,9.915511183670686,3.8265405459215294
05:47:16:523,05:47:20:211,VLG3TC,VLG2QW,16.99353535693612,9.915511183670686,16.33436124860558,5.876206897438048,4.092736202330994
05:47:20:211,05:47:20:516,VLG2QW,VLG3TC,16.33436124860558,5.876206897438048,16.864413032526464,9.80371088790492,3.9631102039649257
05:47:20:516,05:47:24:195,VLG3TC,VLG2QW,16.864413032526464,9.80371088790492,16.35014810574891,5.594147071297791,4.240860283126703
05:47:24:195,05:47:24:508,VLG2QW,VLG3TC,16.35014810574891,5.594147071297791,16.76243987332309,9.659653063433812,4.086358216517897
05:47:24:508,05:47:28:180,VLG3TC,VLG2QW,16.76243987332309,9.659653063433812,16.367152549531323,5.314397224986879,4.363198410559346
05:47:28:180,05:47:28:484,VLG2QW,VLG3TC,16.367152549531323,5.314397224986879,16.6852425515492,9.494901962595636,4.1925888315637385
05:47:28:484,05:47:32:164,VLG3TC,VLG2QW,16.6852425515492,9.494901962595636,16.38453740297106,5.0366579741371895,4.468373646754183
05:47:32:164,05:47:32:453,VLG2QW,VLG3TC,16.38453740297106,5.0366579741371895,16.637961538944925,9.313975356593572,4.284818290541341
05:47:32:453,05:47:36:148,VLG3TC,VLG2QW,16.637961538944925,9.313975356593572,16.39987881875409,4.75321359258276,4.566971781138622
05:47:36:148,05:47:36:422,VLG2QW,VLG3TC,16.39987881875409,4.75321359258276,16.606384580373412,9.12774140166036,4.379399294649352
05:47:36:422,05:47:40:133,VLG3TC,VLG2QW,16.606384580373412,9.12774140166036,16.415883808761915,4.475319271851044,4.656320673871596
05:47:40:133,05:47:40:391,VLG2QW,VLG3TC,16.415883808761915,4.475319271851044,16.569030667257262,8.931296402317333,4.458608095303464
05:47:40:391,05:47:44:117,VLG3TC,VLG2QW,16.569030667257262,8.931296402317333,16.430201013597788,4.199360875566192,4.733971641451267
05:47:44:117,05:47:44:367,VLG2QW,VLG3TC,16.430201013597788,4.199360875566192,16.536873983823643,8.73503274840777,4.536926102623122
05:47:44:367,05:47:48:109,VLG3TC,VLG2QW,16.536873983823643,8.73503274840777,16.43345763213006,3.911823087956377,4.824318228565489
05:47:48:109,05:47:48:344,VLG2QW,VLG3TC,16.43345763213006,3.911823087956377,16.501764439713714,8.530163026327813,4.618845051126845
05:47:48:344,05:47:52:094,VLG3TC,VLG2QW,16.501764439713714,8.530163026327813,16.410393028261428,3.63168297418009,4.8993321540920185
05:47:52:094,05:47:52:320,VLG2QW,VLG3TC,16.410393028261428,3.63168297418009,16.4618259893161,8.312590154480395,4.681189739806516
05:47:52:320,05:47:56:094,VLG3TC,VLG2QW,16.4618259893161,8.312590154480395,16.34328046771598,3.36019504311413,4.953813720738389
05:47:56:094,05:47:56:297,VLG2QW,VLG3TC,16.34328046771598,3.36019504311413,16.426452389591226,8.099690937895941,4.740225617546285
05:47:56:297,05:48:00:086,VLG3TC,VLG2QW,16.426452389591226,8.099690937895941,16.23664194397498,3.099661096233356,5.003631323627013
05:48:00:086,05:48:00:273,VLG2QW,VLG3TC,16.23664194397498,3.099661096233356,16.384847882871192,7.874786286024166,4.7774245759089515
05:48:00:273,05:48:04:094,VLG3TC,VLG2QW,16.384847882871192,7.874786286024166,16.111690276052798,2.8404092198477127,5.041782177227234
05:48:04:094,05:48:04:266,VLG2QW,VLG3TC,16.111690276052798,2.8404092198477127,16.338562257647446,7.641223080664008,4.806171514026372
05:48:04:266,05:48:08:094,VLG3TC,VLG2QW,16.338562257647446,7.641223080664008,15.981416908051695,2.5871083953150102,5.066717680451346
05:48:08:094,05:48:08:242,VLG2QW,VLG3TC,15.981416908051695,2.5871083953150102,16.29318046331357,7.404500466596381,4.827469614905321
05:48:08:242,05:48:12:086,VLG3TC,VLG2QW,16.29318046331357,7.404500466596381,15.852069942424048,2.3338895605994963,5.089761630140843
05:48:12:086,05:48:12:227,VLG2QW,VLG3TC,15.852069942424048,2.3338895605994963,16.243543949852278,7.1581351104820605,4.840102997256736
05:48:12:227,05:48:16:086,VLG3TC,VLG2QW,16.243543949852278,7.1581351104820605,15.723699743803264,2.0888977897260825,5.09582230976591
05:48:16:086,05:48:16:211,VLG2QW,VLG3TC,15.723699743803264,2.0888977897260825,16.18784818141081,6.903985830033083,4.837407012857304
05:48:16:211,05:48:20:086,VLG3TC,VLG2QW,16.18784818141081,6.903985830033083,15.589788262812554,1.8332032791277284,5.105929038363143
05:48:20:086,05:48:20:188,VLG2QW,VLG84ZE,15.589788262812554,1.8332032791277284,18.12131822456886,10.450759058272228,8.98169870091046
05:48:20:188,05:48:20:195,VLG84ZE,VLG3TC,18.12131822456886,10.450759058272228,16.13387393914985,6.650958484023251,4.288172010508386
05:48:20:195,05:48:24:078,VLG3TC,VLG2QW,16.13387393914985,6.650958484023251,15.454141982658774,1.5824776419714666,5.11385701588548
05:48:24:078,05:48:24:180,VLG2QW,VLG3TC,15.454141982658774,1.5824776419714666,16.077998558366378,6.3953138109885455,4.85310096915906
05:48:24:180,05:48:24:242,VLG3TC,VLG84ZE,16.077998558366378,6.3953138109885455,17.992112825726124,10.389298746585675,4.428967045969856
05:48:24:242,05:48:28:078,VLG84ZE,VLG2QW,17.992112825726124,10.389298746585675,15.314576670342754,1.332924581195214,9.443892888366372
05:48:28:078,05:48:28:172,VLG2QW,VLG3TC,15.314576670342754,1.332924581195214,16.017812442249276,6.134267858587423,4.852570228059386
05:48:28:172,05:48:28:289,VLG3TC,VLG84ZE,16.017812442249276,6.134267858587423,17.85083281418487,10.325778815574846,4.5747926495609095
05:48:28:289,05:48:32:078,VLG84ZE,VLG2QW,17.85083281418487,10.325778815574846,15.155918636885682,1.0937462552974817,9.617327467494782
05:48:32:078,05:48:32:156,VLG2QW,VLG3TC,15.155918636885682,1.0937462552974817,15.959749918267477,5.872969827070094,4.846351481054057
05:48:32:156,05:48:32:328,VLG3TC,VLG84ZE,15.959749918267477,5.872969827070094,17.696423587049395,10.250049663606449,4.709019359405265
05:48:32:328,05:48:36:148,VLG84ZE,VLG3TC,17.696423587049395,10.250049663606449,15.9016710589045,5.608064738718977,4.976862533782206
05:48:36:148,05:48:36:359,VLG3TC,VLG84ZE,15.9016710589045,5.608064738718977,17.52687721617232,10.17260897073482,4.845240871169393
05:48:36:359,05:48:40:133,VLG84ZE,VLG3TC,17.52687721617232,10.17260897073482,15.844236658905263,5.343513103120487,5.113848467012865
05:48:40:133,05:48:40:383,VLG3TC,VLG84ZE,15.844236658905263,5.343513103120487,17.358904958389534,10.092961800969828,4.985126176032596
05:48:40:383,05:48:44:125,VLG84ZE,VLG3TC,17.358904958389534,10.092961800969828,15.780215678869965,5.073895893147126,5.261490513945468
05:48:44:125,05:48:44:391,VLG3TC,VLG84ZE,15.780215678869965,5.073895893147126,17.18821005986419,10.008604810222105,5.131646935747881
05:48:44:391,05:48:48:125,VLG84ZE,VLG3TC,17.18821005986419,10.008604810222105,15.695979772634358,4.813265960373792,5.405395174718423
05:48:48:125,05:48:48:414,VLG3TC,VLG84ZE,15.695979772634358,4.813265960373792,17.023670181097753,9.931960633151387,5.28808065122379
05:48:48:414,05:48:52:117,VLG84ZE,VLG3TC,17.023670181097753,9.931960633151387,15.557349866440871,4.5685202196573815,5.560268728602622
05:48:52:117,05:48:52:422,VLG3TC,VLG84ZE,15.557349866440871,4.5685202196573815,16.85374911768217,9.84563132530533,5.434018093452755
05:48:52:422,05:48:56:117,VLG84ZE,VLG3TC,16.85374911768217,9.84563132530533,15.402662261331978,4.3440645782016825,5.689717896127092
05:48:56:117,05:48:56:422,VLG3TC,VLG84ZE,15.402662261331978,4.3440645782016825,16.69511917286674,9.74002554306018,5.548588974005068
05:48:56:422,05:49:00:117,VLG84ZE,VLG3TC,16.69511917286674,9.74002554306018,15.239492572413717,4.132884310326927,5.793002814064896
05:49:00:117,05:49:00:414,VLG3TC,VLG84ZE,15.239492572413717,4.132884310326927,16.555737038247926,9.623391310966278,5.6460753287490695
05:49:00:414,05:49:04:117,VLG84ZE,VLG3TC,16.555737038247926,9.623391310966278,15.035407498312216,3.941386131666757,5.881886157312781
05:49:04:117,05:49:04:398,VLG3TC,VLG84ZE,15.035407498312216,3.941386131666757,16.430746640321512,9.481494218213872,5.7131225202902804
05:49:04:398,05:49:08:125,VLG84ZE,VLG3TC,16.430746640321512,9.481494218213872,14.821115211212618,3.76080397640464,5.942828466337095
05:49:08:125,05:49:08:375,VLG3TC,VLG84ZE,14.821115211212618,3.76080397640464,16.334266539538824,9.311945137578466,5.753676662247684
05:49:08:375,05:49:12:125,VLG84ZE,VLG3TC,16.334266539538824,9.311945137578466,14.599653491811145,3.5856539850439595,5.983251021722394
05:49:12:125,05:49:12:352,VLG3TC,VLG84ZE,14.599653491811145,3.5856539850439595,16.267363199566535,9.129402558493975,5.7891626264055365
05:49:12:352,05:49:16:133,VLG84ZE,VLG3TC,16.267363199566535,9.129402558493975,14.371938680248173,3.4286479165937487,6.007598321757226
05:49:16:133,05:49:16:320,VLG3TC,VLG84ZE,14.371938680248173,3.4286479165937487,16.214338535326856,8.92518931101933,5.797103115059096
05:49:16:320,05:49:20:133,VLG84ZE,VLG3TC,16.214338535326856,8.92518931101933,14.12407859821391,3.298423887938064,6.0024724681652915
05:49:20:133,05:49:20:297,VLG3TC,VLG84ZE,14.12407859821391,3.298423887938064,16.17332609300009,8.730452161691575,5.805716705260857
05:49:20:297,05:49:24:141,VLG84ZE,VLG3TC,16.17332609300009,8.730452161691575,13.83211614386045,3.2155950718510744,5.9912363287817705
05:49:24:141,05:49:24:266,VLG3TC,VLG84ZE,13.83211614386045,3.2155950718510744,16.13258564923917,8.519238761011396,5.7810722471482325
05:49:24:266,05:49:28:156,VLG84ZE,VLG3TC,16.13258564923917,8.519238761011396,13.5756327576932,3.148379025959952,5.948457143090313
05:49:28:156,05:49:28:250,VLG3TC,VLG84ZE,13.5756327576932,3.148379025959952,16.09740347758501,8.302342923504645,5.737828110086407
05:49:28:250,05:49:32:039,VLG84ZE,VLG1YW,16.09740347758501,8.302342923504645,18.21356278157664,10.499329544054882,3.0503902063092014
05:49:32:039,05:49:32:164,VLG1YW,VLG3TC,18.21356278157664,10.499329544054882,13.281859640479905,3.12871329318353,8.868352710030893
05:49:32:164,05:49:32:219,VLG3TC,VLG84ZE,13.281859640479905,3.12871329318353,16.06952636644218,8.08438013150764,5.685922931899667
05:49:32:219,05:49:36:102,VLG84ZE,VLG1YW,16.06952636644218,8.08438013150764,18.100526418015416,10.443866142485737,3.113219466322897
05:49:36:102,05:49:36:180,VLG1YW,VLG3TC,18.100526418015416,10.443866142485737,12.9951490995861,3.1450523831583213,8.907163401267528
05:49:36:180,05:49:36:195,VLG3TC,VLG84ZE,12.9951490995861,3.1450523831583213,16.041588619613954,7.856277214619503,5.610386186508374
05:49:36:195,05:49:40:156,VLG84ZE,VLG1YW,16.041588619613954,7.856277214619503,17.961288289289165,10.376681865952786,3.168230804126108
05:49:40:156,05:49:40:172,VLG1YW,VLG84ZE,17.961288289289165,10.376681865952786,16.016799978914385,7.624631676216933,3.369690643962634
05:49:40:172,05:49:40:188,VLG84ZE,VLG3TC,16.016799978914385,7.624631676216933,12.70746984118097,3.184426906075811,5.537786955210054
05:49:40:188,05:49:44:148,VLG3TC,VLG84ZE,12.70746984118097,3.184426906075811,15.994850515085636,7.39030170597912,5.338188318860959
05:49:44:148,05:49:44:195,VLG84ZE,VLG3TC,15.994850515085636,7.39030170597912,12.418761669321173,3.228149740295056,5.487432953417174
05:49:44:195,05:49:44:203,VLG3TC,VLG1YW,12.418761669321173,3.228149740295056,17.81453846490825,10.309453445126335,8.902767512849763
05:49:44:203,05:49:48:133,VLG1YW,VLG84ZE,17.81453846490825,10.309453445126335,15.97144593682102,7.150486572681087,3.657329868674343
05:49:48:133,05:49:48:211,VLG84ZE,VLG3TC,15.97144593682102,7.150486572681087,12.13525533523055,3.27619050289018,5.45220399179344
05:49:48:211,05:49:48:242,VLG3TC,VLG1YW,12.13525533523055,3.27619050289018,17.649517587048052,10.234215175704422,8.878130182043467
05:49:48:242,05:49:52:109,VLG1YW,VLG84ZE,17.649517587048052,10.234215175704422,15.94827622599342,6.903890689368747,3.739690274989361
05:49:52:109,05:49:52:219,VLG84ZE,VLG3TC,15.94827622599342,6.903890689368747,11.852128813373742,3.331136672168196,5.43534680524928
05:49:52:219,05:49:52:266,VLG3TC,VLG1YW,11.852128813373742,3.331136672168196,17.48276120634595,10.155834001325957,8.847627635666015
05:49:52:266,05:49:56:094,VLG1YW,VLG84ZE,17.48276120634595,10.155834001325957,15.926759314743984,6.654841380573373,3.83119970991241
05:49:56:094,05:49:56:297,VLG84ZE,VLG1YW,15.926759314743984,6.654841380573373,17.314576907954972,10.084012886417508,3.699358713144654
05:49:56:297,05:50:00:078,VLG1YW,VLG84ZE,17.314576907954972,10.084012886417508,15.90396766302619,6.400679199473438,3.944206573096235
05:50:00:078,05:50:00:313,VLG84ZE,VLG1YW,15.90396766302619,6.400679199473438,17.152583182017814,10.00927179736678,3.818505106954467
05:50:00:313,05:50:04:063,VLG1YW,VLG84ZE,17.152583182017814,10.00927179736678,15.879101476155832,6.146061041561242,4.067696276633341
05:50:04:063,05:50:04:313,VLG84ZE,VLG1YW,15.879101476155832,6.146061041561242,16.992854898262205,9.922132278210205,3.936897340482894
05:50:04:313,05:50:08:047,VLG1YW,VLG84ZE,16.992854898262205,9.922132278210205,15.851153818128028,5.890447491545326,4.1902223777986505
05:50:08:047,05:50:08:313,VLG84ZE,VLG1YW,15.851153818128028,5.890447491545326,16.855580160439562,9.808634361365309,4.044880792305138
05:50:08:313,05:50:12:031,VLG1YW,VLG84ZE,16.855580160439562,9.808634361365309,15.822758179026406,5.636589819502989,4.2979852145596515
05:50:12:031,05:50:12:297,VLG84ZE,VLG1YW,15.822758179026406,5.636589819502989,16.732679932998725,9.677679129601383,4.142265130401913
05:50:12:297,05:50:16:016,VLG1YW,VLG84ZE,16.732679932998725,9.677679129601383,15.791770225246688,5.380937526877881,4.398556522169171
05:50:16:016,05:50:16:281,VLG84ZE,VLG1YW,15.791770225246688,5.380937526877881,16.629745457812398,9.52361683988689,4.22658187911063
05:50:16:281,05:50:20:008,VLG1YW,VLG84ZE,16.629745457812398,9.52361683988689,15.757032326953944,5.119898529344784,4.489361109041751
05:50:20:008,05:50:20:258,VLG84ZE,VLG1YW,15.757032326953944,5.119898529344784,16.548493659892678,9.358880128207264,4.312235619377943
05:50:20:258,05:50:23:992,VLG1YW,VLG84ZE,16.548493659892678,9.358880128207264,15.720914220550307,4.868616326602784,4.565890574293448
05:50:23:992,05:50:24:234,VLG84ZE,VLG1YW,15.720914220550307,4.868616326602784,16.490701232278646,9.172122528795263,4.371811715494479
05:50:24:234,05:50:27:984,VLG1YW,VLG84ZE,16.490701232278646,9.172122528795263,15.639831448468694,4.62901813248503,4.622096596218448
05:50:27:984,05:50:28:203,VLG84ZE,VLG1YW,15.639831448468694,4.62901813248503,16.45664480469076,8.982824307245915,4.429764357873764
05:50:28:203,05:50:31:977,VLG1YW,VLG84ZE,16.45664480469076,8.982824307245915,15.533696432340134,4.391442626524975,4.683227459357971
05:50:31:977,05:50:32:172,VLG84ZE,VLG1YW,15.533696432340134,4.391442626524975,16.42681649627315,8.779126215700245,4.477659067785051
05:50:32:172,05:50:35:977,VLG1YW,VLG84ZE,16.42681649627315,8.779126215700245,15.403087648193802,4.169358231584179,4.722073868733035
05:50:35:977,05:50:36:141,VLG84ZE,VLG1YW,15.403087648193802,4.169358231584179,16.405078863490814,8.573914820874489,4.5170903404507055
05:50:36:141,05:50:39:977,VLG1YW,VLG84ZE,16.405078863490814,8.573914820874489,15.230947704262803,3.9739007868577887,4.747495454681417
05:50:39:977,05:50:40:117,VLG84ZE,VLG1YW,15.230947704262803,3.9739007868577887,16.38362447496575,8.353996963354344,4.529227997471304
05:50:40:117,05:50:43:984,VLG1YW,VLG84ZE,16.38362447496575,8.353996963354344,15.02856180949063,3.802556524948809,4.748874065683117
05:50:43:984,05:50:44:094,VLG84ZE,VLG1YW,15.02856180949063,3.802556524948809,16.373564455278146,8.139871462051126,4.5410717876715285
05:50:44:094,05:50:47:992,VLG1YW,VLG84ZE,16.373564455278146,8.139871462051126,14.817423257544917,3.6323812473131127,4.768547311628725
05:50:47:992,05:50:48:070,VLG84ZE,VLG1YW,14.817423257544917,3.6323812473131127,16.361581132717873,7.912540956736104,4.550185785396741
05:50:48:070,05:50:51:992,VLG1YW,VLG84ZE,16.361581132717873,7.912540956736104,14.602271008837448,3.4752866659887007,4.773300509369213
05:50:51:992,05:50:52:047,VLG84ZE,VLG1YW,14.602271008837448,3.4752866659887007,16.35324658743573,7.677391635056463,4.552318271816192
05:50:52:047,05:50:56:000,VLG1YW,VLG84ZE,16.35324658743573,7.677391635056463,14.383094770611391,3.30896630557817,4.79214336602775
05:50:56:000,05:50:56:016,VLG84ZE,VLG1YW,14.383094770611391,3.30896630557817,16.350994393213252,7.433174939823955,4.569652698337591
05:50:59:992,05:51:00:000,VLG1YW,VLG84ZE,16.35347729826329,7.182299329963816,14.16325793958872,3.144795066808839,4.593310517927942
05:51:00:000,05:51:03:977,VLG84ZE,VLG1YW,14.16325793958872,3.144795066808839,16.354737128955414,6.922511383722823,4.367347204940942
05:51:03:977,05:51:04:000,VLG1YW,VLG84ZE,16.354737128955414,6.922511383722823,13.940634323319005,2.9798538699554813,4.623033703862395
05:51:04:000,05:51:07:953,VLG84ZE,VLG1YW,13.940634323319005,2.9798538699554813,16.36216849649056,6.663046862572484,4.407917691234791
05:51:07:953,05:51:08:000,VLG1YW,VLG84ZE,16.36216849649056,6.663046862572484,13.719701766440863,2.819641177238001,4.664160983658365
05:51:08:000,05:51:11:930,VLG84ZE,VLG1YW,13.719701766440863,2.819641177238001,16.370224658172443,6.393810391157962,4.44971427951575
05:51:11:930,05:51:12:008,VLG1YW,VLG84ZE,16.370224658172443,6.393810391157962,13.49501665741952,2.6499969213975505,4.7204830625639485
05:51:12:008,05:51:15:914,VLG84ZE,VLG6FZ,13.49501665741952,2.6499969213975505,18.19370045722996,10.486307370860668,9.137034032494677
05:51:15:914,05:51:15:914,VLG6FZ,VLG1YW,18.19370045722996,10.486307370860668,16.378843111509084,6.119330371267964,4.72907975194844
05:51:19:891,05:51:19:977,VLG1YW,VLG6FZ,16.390781922428175,5.850328028179637,18.06941707364486,10.42970271913015,4.877344413819714
05:51:19:977,05:51:23:875,VLG6FZ,VLG1YW,18.06941707364486,10.42970271913015,16.399050192380635,5.572426561095117,5.13646349090889
05:51:23:875,05:51:24:031,VLG1YW,VLG6FZ,16.399050192380635,5.572426561095117,17.934652887974607,10.366455857707908,5.033963898906825
05:51:24:031,05:51:27:867,VLG6FZ,VLG1YW,17.934652887974607,10.366455857707908,16.409016619853485,5.295901311019492,5.29510051212903
05:51:27:867,05:51:28:086,VLG1YW,VLG6FZ,16.409016619853485,5.295901311019492,17.78590337636115,10.297325672009825,5.187490990734708
05:51:28:086,05:51:31:852,VLG6FZ,VLG1YW,17.78590337636115,10.297325672009825,16.42078858514076,5.020537256908355,5.450507716805634
05:51:31:852,05:51:32:117,VLG1YW,VLG6FZ,16.42078858514076,5.020537256908355,17.620397809535415,10.21850371312993,5.3345962894353525
05:51:32:117,05:51:35:836,VLG6FZ,VLG1YW,17.620397809535415,10.21850371312993,16.43057299712546,4.739529475422951,5.60667831979713
05:51:35:836,05:51:36:141,VLG1YW,VLG6FZ,16.43057299712546,4.739529475422951,17.455721645248186,10.138720119117735,5.495651859216444
05:51:36:141,05:51:39:820,VLG6FZ,VLG1YW,17.455721645248186,10.138720119117735,16.438811140586548,4.456676188181023,5.772324506434641
05:51:39:820,05:51:40:164,VLG1YW,VLG6FZ,16.438811140586548,4.456676188181023,17.28184039349303,10.055931834094464,5.662363650415753
05:51:40:164,05:51:43:805,VLG6FZ,VLG1YW,17.28184039349303,10.055931834094464,16.448036012376203,4.178871897785351,5.935913008201796
05:51:43:805,05:51:44:172,VLG1YW,VLG6FZ,16.448036012376203,4.178871897785351,17.114759758454714,9.975183909423372,5.834531128535022
05:51:44:172,05:51:47:797,VLG6FZ,VLG1YW,17.114759758454714,9.975183909423372,16.455846106081598,3.898493975888177,6.112309526652887
05:51:47:797,05:51:48:180,VLG1YW,VLG6FZ,16.455846106081598,3.898493975888177,16.951365674165483,9.892334294245211,6.014288104532105
05:51:48:180,05:51:51:781,VLG6FZ,VLG1YW,16.951365674165483,9.892334294245211,16.46494382096776,3.622422037370657,6.288752334777867
05:51:51:781,05:51:52:188,VLG1YW,VLG6FZ,16.46494382096776,3.622422037370657,16.793049763498487,9.805146657954218,6.191424492271073
05:51:52:188,05:51:55:773,VLG6FZ,VLG1YW,16.793049763498487,9.805146657954218,16.471642246442055,3.3360637190468103,6.4770623636401154
05:51:55:773,05:51:56:180,VLG1YW,VLG6FZ,16.471642246442055,3.3360637190468103,16.64938846505823,9.694028986154391,6.360449359595493
05:51:56:180,05:51:59:758,VLG6FZ,VLG1YW,16.64938846505823,9.694028986154391,16.48037406615908,3.061732729181472,6.634449450202499
05:52:03:750,05:52:04:148,VLG1YW,VLG6FZ,16.484180731923427,2.7811982661710317,16.424829702251387,9.400051937341797,6.61911976512692
05:52:04:148,05:52:07:734,VLG6FZ,VLG1YW,16.424829702251387,9.400051937341797,16.485035089742524,2.501919109833736,6.898395552201056
05:52:07:734,05:52:08:125,VLG1YW,VLG6FZ,16.485035089742524,2.501919109833736,16.344197075439265,9.238865833234826,6.7384186943390185
05:52:08:125,05:52:11:734,VLG6FZ,VLG1YW,16.344197075439265,9.238865833234826,16.482223629352898,2.223935489666137,7.0162881251204325
05:52:15:727,05:52:15:820,VLG1YW,VLG9VG,16.47771991785092,1.9426862072428173,18.22014264135891,10.492665216281614,8.725719340111796
05:52:15:820,05:52:16:078,VLG9VG,VLG6FZ,18.22014264135891,10.492665216281614,16.246152975315958,8.868740502435609,2.5561233690657787
05:52:16:078,05:52:19:719,VLG6FZ,VLG1YW,16.246152975315958,8.868740502435609,16.46829611877247,1.6624127234154118,7.209750871900006
05:52:19:719,05:52:19:883,VLG1YW,VLG9VG,16.46829611877247,1.6624127234154118,18.105197074096463,10.441503012466104,8.93039030730711
05:52:19:883,05:52:20:055,VLG9VG,VLG6FZ,18.105197074096463,10.441503012466104,16.20433229677459,8.666833654037962,2.6005265300332314
05:52:20:055,05:52:23:703,VLG6FZ,VLG1YW,16.20433229677459,8.666833654037962,16.458186019987796,1.3741108753209,7.297139661539164
05:52:23:703,05:52:23:938,VLG1YW,VLG9VG,16.458186019987796,1.3741108753209,17.97259874206992,10.38326769074478,9.13555430270669
05:52:23:938,05:52:24:023,VLG9VG,VLG6FZ,17.97259874206992,10.38326769074478,16.16962766382731,8.463587495691122,2.6336052779907186
05:52:24:023,05:52:27:695,VLG6FZ,VLG1YW,16.16962766382731,8.463587495691122,16.449819797636923,1.0901067208202062,7.378802502387484
05:52:27:695,05:52:27:984,VLG1YW,VLG9VG,16.449819797636923,1.0901067208202062,17.833689619569856,10.314296621030584,9.327420597314127
05:52:27:984,05:52:28:000,VLG9VG,VLG6FZ,17.833689619569856,10.314296621030584,16.134114949890154,8.249530202573096,2.67428764731968
05:52:31:977,05:52:32:023,VLG6FZ,VLG9VG,16.106411902902366,8.038706871729605,17.675979361994784,10.241994348521064,2.705183489900067
05:52:32:023,05:52:35:953,VLG9VG,VLG6FZ,17.675979361994784,10.241994348521064,16.071826946365082,7.811809325254513,2.911890145572057
05:52:35:953,05:52:36:055,VLG6FZ,VLG9VG,16.071826946365082,7.811809325254513,17.505583326404558,10.160628903887382,2.75183770783689
05:52:36:055,05:52:39:938,VLG9VG,VLG6FZ,17.505583326404558,10.160628903887382,16.041260204997855,7.580241422072148,2.9669246300159084
05:52:39:938,05:52:40:078,VLG6FZ,VLG9VG,16.041260204997855,7.580241422072148,17.33977846576291,10.085228596254083,2.8215439773918654
05:52:40:078,05:52:43:914,VLG9VG,VLG6FZ,17.33977846576291,10.085228596254083,16.01398339017071,7.345317577519784,3.0438207853035886
05:52:43:914,05:52:44:086,VLG6FZ,VLG9VG,16.01398339017071,7.345317577519784,17.175645940227522,10.006054067183356,2.9032703194211393
05:52:44:086,05:52:47:891,VLG9VG,VLG6FZ,17.175645940227522,10.006054067183356,15.982722925706662,7.097290564535508,3.1438782471510747
05:52:47:891,05:52:48:094,VLG6FZ,VLG9VG,15.982722925706662,7.097290564535508,17.01140910496832,9.923311684794134,3.0074225887879082
05:52:48:094,05:52:51:883,VLG9VG,VLG6FZ,17.01140910496832,9.923311684794134,15.953454965067433,6.847256999607277,3.2529032245662397
05:52:59:844,05:53:00:063,VLG6FZ,VLG9VG,15.896845834982743,6.340304328915848,16.674922204249263,9.501561962168408,3.255603271316784
05:53:00:063,05:53:03:828,VLG9VG,VLG6FZ,16.674922204249263,9.501561962168408,15.86585899222412,6.084939447007722,3.5111098946281034
05:53:03:828,05:53:04:039,VLG6FZ,VLG9VG,15.86585899222412,6.084939447007722,16.59144461437286,9.340879590503874,3.3358088544007916
05:53:04:039,05:53:07:813,VLG9VG,VLG6FZ,16.59144461437286,9.340879590503874,15.835962239500551,5.830636231498945,3.5906214027910153
05:53:07:813,05:53:08:008,VLG6FZ,VLG9VG,15.835962239500551,5.830636231498945,16.5476780710147,9.164348794369474,3.4088383471013506
05:53:08:008,05:53:11:797,VLG9VG,VLG6FZ,16.5476780710147,9.164348794369474,15.80197334448466,5.571426847539209,3.6694909258892876
05:53:11:797,05:53:11:977,VLG6FZ,VLG9VG,15.80197334448466,5.571426847539209,16.523492181373353,8.969283866003703,3.473617962573552
05:53:11:977,05:53:15:781,VLG9VG,VLG6FZ,16.523492181373353,8.969283866003703,15.771080009915044,5.3159149657493865,3.7300440207997605
05:53:15:781,05:53:15:945,VLG6FZ,VLG9VG,15.771080009915044,5.3159149657493865,16.507584139446184,8.777630159767732,3.5391962953916374
05:53:15:945,05:53:19:773,VLG9VG,VLG6FZ,16.507584139446184,8.777630159767732,15.734980228146537,5.059971377933671,3.797091468730168
05:53:19:773,05:53:19:922,VLG6FZ,VLG9VG,15.734980228146537,5.059971377933671,16.489917050250426,8.577470032974087,3.5976000880558496
05:53:19:922,05:53:23:766,VLG9VG,VLG6FZ,16.489917050250426,8.577470032974087,15.68454265581385,4.806949835133745,3.8555739491722965
05:53:23:766,05:53:23:891,VLG6FZ,VLG9VG,15.68454265581385,4.806949835133745,16.475949557137298,8.373865866654386,3.6536577370330328
05:53:23:891,05:53:27:758,VLG9VG,VLG6FZ,16.475949557137298,8.373865866654386,15.56819626640035,4.574360657723077,3.9064377467892544
05:53:27:758,05:53:27:867,VLG6FZ,VLG9VG,15.56819626640035,4.574360657723077,16.465878178327056,8.162265171162884,3.698498561925113
05:53:27:867,05:53:31:758,VLG9VG,VLG6FZ,16.465878178327056,8.162265171162884,15.452104970497697,4.346433121801502,3.94820343268253
05:53:31:758,05:53:31:844,VLG6FZ,VLG9VG,15.452104970497697,4.346433121801502,16.461037767461015,7.946688382370272,3.7389548446111682
05:53:31:844,05:53:35:758,VLG9VG,VLG6FZ,16.461037767461015,7.946688382370272,15.28901035632935,4.143718958168032,3.9794754294832773
05:53:35:758,05:53:35:820,VLG6FZ,VLG9VG,15.28901035632935,4.143718958168032,16.46350657702447,7.726375905560435,3.7702615526149077
05:53:35:820,05:53:39:758,VLG9VG,VLG6FZ,16.46350657702447,7.726375905560435,15.079739406950496,3.9851220750855374,3.9889587369409614
05:53:39:758,05:53:39:797,VLG6FZ,VLG9VG,15.079739406950496,3.9851220750855374,16.48226936940704,7.491515228463038,3.7764908634393604
05:53:39:797,05:53:43:719,VLG9VG,VLG94PH,16.48226936940704,7.491515228463038,18.20382211649584,10.490597304110146,3.4580684142273355
05:53:43:719,05:53:43:766,VLG94PH,VLG6FZ,18.20382211649584,10.490597304110146,14.88041375631146,3.828087795831473,7.44540637416435
05:53:43:766,05:53:43:773,VLG6FZ,VLG9VG,14.88041375631146,3.828087795831473,16.4783725541411,7.263964433355749,3.7892902485618953
05:53:47:750,05:53:47:773,VLG9VG,VLG6FZ,16.488915949695354,7.027617999584435,14.64502975979719,3.721731148550629,3.7853406918182917
05:53:47:773,05:53:47:781,VLG6FZ,VLG94PH,14.64502975979719,3.721731148550629,18.079229996271604,10.433128986858774,7.53900472265724
05:53:47:781,05:53:51:734,VLG94PH,VLG9VG,18.079229996271604,10.433128986858774,16.497565363519094,6.782249544252392,3.978766607247279
05:53:51:734,05:53:51:781,VLG9VG,VLG6FZ,16.497565363519094,6.782249544252392,14.39750329294882,3.6389441607331134,3.780294887215703
05:53:51:781,05:53:51:844,VLG6FZ,VLG94PH,14.39750329294882,3.6389441607331134,17.944063640229942,10.369420176117831,7.607719611721751
05:53:51:844,05:53:55:711,VLG94PH,VLG9VG,17.944063640229942,10.369420176117831,16.50493717288962,6.53161782408523,4.098757358305856
05:53:55:711,05:53:55:789,VLG9VG,VLG6FZ,16.50493717288962,6.53161782408523,14.137144656833565,3.595547147773938,3.7718632551281748
05:53:55:789,05:53:55:883,VLG6FZ,VLG94PH,14.137144656833565,3.595547147773938,17.79182865462031,10.297568020297184,7.633727719758923
05:53:55:883,05:53:59:695,VLG94PH,VLG9VG,17.79182865462031,10.297568020297184,16.509220197488908,6.27617019095435,4.220986253963433
05:53:59:695,05:53:59:805,VLG9VG,VLG6FZ,16.509220197488908,6.27617019095435,13.87116768338821,3.5975624077606936,3.7595559210282596
05:53:59:805,05:53:59:922,VLG6FZ,VLG94PH,13.87116768338821,3.5975624077606936,17.623211873562436,10.2158693742851,7.6078789887961324
05:53:59:922,05:54:03:680,VLG94PH,VLG9VG,17.623211873562436,10.2158693742851,16.510081628577073,6.012121454662351,4.348626853850968
05:54:03:680,05:54:03:813,VLG9VG,VLG6FZ,16.510081628577073,6.012121454662351,13.601096520984852,3.6239190820460023,3.7637355019665875
05:54:03:813,05:54:03:945,VLG6FZ,VLG94PH,13.601096520984852,3.6239190820460023,17.461557176963503,10.132937140950794,7.567725719627252
05:54:03:945,05:54:07:664,VLG94PH,VLG9VG,17.461557176963503,10.132937140950794,16.510277037523313,5.745903744732635,4.488986068504421
05:54:07:664,05:54:07:969,VLG9VG,VLG94PH,16.510277037523313,5.745903744732635,17.2860142503177,10.063533421307357,4.3867635276309045
05:54:07:969,05:54:11:648,VLG94PH,VLG9VG,17.2860142503177,10.063533421307357,16.50827366051842,5.477838344391972,4.651180469887975
05:54:27:594,05:54:27:914,VLG9VG,VLG94PH,16.484771972032345,4.387860122937333,16.69877343042225,9.393157266230444,5.009869870251241
05:54:27:914,05:54:31:586,VLG94PH,VLG9VG,16.69877343042225,9.393157266230444,16.477247339092962,4.111482063683048,5.286318828290979
05:54:31:586,05:54:31:891,VLG9VG,VLG94PH,16.477247339092962,4.111482063683048,16.65533479382536,9.20750326855626,5.099132010651469
05:54:31:891,05:54:35:570,VLG94PH,VLG9VG,16.65533479382536,9.20750326855626,16.469541516284195,3.8395557102964,5.371161897597902
05:54:35:570,05:54:35:859,VLG9VG,VLG94PH,16.469541516284195,3.8395557102964,16.619939575627278,9.01934551122615,5.181972786311216
05:54:35:859,05:54:39:570,VLG94PH,VLG9VG,16.619939575627278,9.01934551122615,16.46175731781997,3.5638134682622287,5.457824795510673
05:54:39:570,05:54:39:836,VLG9VG,VLG94PH,16.46175731781997,3.5638134682622287,16.598147170257253,8.819363039182006,5.257319039609725
05:54:39:836,05:54:43:555,VLG94PH,VLG9VG,16.598147170257253,8.819363039182006,16.454980988739457,3.2927631906389943,5.528453892495263
05:54:43:555,05:54:43:805,VLG9VG,VLG94PH,16.454980988739457,3.2927631906389943,16.587404126400532,8.616016937406952,5.3249005943648475
05:54:43:805,05:54:47:547,VLG94PH,VLG9VG,16.587404126400532,8.616016937406952,16.449956948262656,3.0217628824405267,5.5959422940454235
05:54:47:547,05:54:47:773,VLG9VG,VLG94PH,16.449956948262656,3.0217628824405267,16.577624045283475,8.402219714346373,5.381971256673898
05:54:47:773,05:54:51:539,VLG94PH,VLG9VG,16.577624045283475,8.402219714346373,16.442214945305242,2.7438139022134256,5.660025791384421
05:54:51:539,05:54:51:750,VLG9VG,VLG94PH,16.442214945305242,2.7438139022134256,16.574529845736773,8.189094193079768,5.446887613947404
05:54:51:750,05:54:55:531,VLG94PH,VLG9VG,16.574529845736773,8.189094193079768,16.43502156785785,2.4742090949000524,5.716587639929377
05:54:55:531,05:54:55:727,VLG9VG,VLG94PH,16.43502156785785,2.4742090949000524,16.569958630892874,7.966973560055339,5.494421669352759
05:54:55:727,05:54:59:516,VLG94PH,VLG9VG,16.569958630892874,7.966973560055339,16.4276326725912,2.20059523447017,5.76813450538256
05:54:59:516,05:54:59:609,VLG9VG,VLG44WK,16.4276326725912,2.20059523447017,18.22099192946555,10.500710345886464,8.491645793777439
05:54:59:609,05:54:59:695,VLG44WK,VLG94PH,18.22099192946555,10.500710345886464,16.568595210869702,7.742691887103942,3.2151330819441126
05:54:59:695,05:55:03:508,VLG94PH,VLG9VG,16.568595210869702,7.742691887103942,16.419973398384116,1.9233483472577133,5.8212410771154754
05:55:03:508,05:55:03:672,VLG9VG,VLG44WK,16.419973398384116,1.9233483472577133,18.10927019019684,10.44812066165896,8.690538916730697
05:55:03:672,05:55:03:680,VLG44WK,VLG94PH,18.10927019019684,10.44812066165896,16.567499703091755,7.512818510473786,3.3155776199118843
05:55:03:680,05:55:07:500,VLG94PH,VLG9VG,16.567499703091755,7.512818510473786,16.409982484503054,1.6469164719614169,5.868016564357627
05:55:07:500,05:55:07:656,VLG9VG,VLG94PH,16.409982484503054,1.6469164719614169,16.565924563428815,7.277488328242636,5.632730897240327
05:55:07:656,05:55:07:727,VLG94PH,VLG44WK,16.565924563428815,7.277488328242636,17.97728033042382,10.389539859335098,3.4171318138469577
05:55:07:727,05:55:11:492,VLG44WK,VLG9VG,17.97728033042382,10.389539859335098,16.402913918293113,1.366105605050215,9.159748650538786
05:55:11:492,05:55:11:633,VLG9VG,VLG94PH,16.402913918293113,1.366105605050215,16.566367063603987,7.038882869143641,5.675131612458633
05:55:11:633,05:55:11:773,VLG94PH,VLG44WK,16.566367063603987,7.038882869143641,17.830672136352685,10.316619570026344,3.5131218591576805
05:55:11:773,05:55:15:484,VLG44WK,VLG9VG,17.830672136352685,10.316619570026344,16.396648866536445,1.0894084102282866,9.337978824449982
05:55:15:484,05:55:15:617,VLG9VG,VLG94PH,16.396648866536445,1.0894084102282866,16.567226050957128,6.790765094462053,5.703907837325383
05:55:15:617,05:55:15:820,VLG94PH,VLG44WK,16.567226050957128,6.790765094462053,17.67338964498861,10.244282731986209,3.626345539169023
05:55:15:820,05:55:19:477,VLG44WK,VLG9VG,17.67338964498861,10.244282731986209,16.399917641178106,0.8106453520256723,9.51920401930108
05:55:19:477,05:55:19:602,VLG9VG,VLG94PH,16.399917641178106,0.8106453520256723,16.56785666843086,6.540796496153234,5.7326115908389434
05:55:19:602,05:55:19:844,VLG94PH,VLG44WK,16.56785666843086,6.540796496153234,17.50135340612945,10.164803181875598,3.7423041855859744
05:55:19:844,05:55:23:586,VLG44WK,VLG94PH,17.50135340612945,10.164803181875598,16.56689265247371,6.289952073328009,3.9859362781579097
05:55:23:586,05:55:23:867,VLG94PH,VLG44WK,16.56689265247371,6.289952073328009,17.33781649326803,10.087460552924927,3.8749702219392037
05:55:23:867,05:55:27:570,VLG44WK,VLG94PH,17.33781649326803,10.087460552924927,16.562336382518474,6.037982121217056,4.123062571806955
05:55:27:570,05:55:27:883,VLG94PH,VLG44WK,16.562336382518474,6.037982121217056,17.17205872430125,10.010384568660765,4.018923057054693
05:55:27:883,05:55:31:555,VLG44WK,VLG94PH,17.17205872430125,10.010384568660765,16.551500146801683,5.781331639040574,4.2743399057208125
05:55:31:555,05:55:31:891,VLG94PH,VLG44WK,16.551500146801683,5.781331639040574,17.0104280848686,9.931522659951725,4.175488038827305
05:55:31:891,05:55:35:539,VLG44WK,VLG94PH,17.0104280848686,9.931522659951725,16.539528705598553,5.526547321838042,4.43007380918046
05:55:35:539,05:55:35:891,VLG94PH,VLG44WK,16.539528705598553,5.526547321838042,16.86405666967823,9.835304393527014,4.320961224345739
05:55:35:891,05:55:39:523,VLG44WK,VLG94PH,16.86405666967823,9.835304393527014,16.52870905722575,5.276451425300452,4.571170354196583
05:55:39:523,05:55:39:875,VLG94PH,VLG44WK,16.52870905722575,5.276451425300452,16.751989051791995,9.685533175803716,4.414731683646745
05:55:39:875,05:55:43:516,VLG44WK,VLG94PH,16.751989051791995,9.685533175803716,16.517045368454333,5.023718272206919,4.667731432905869
05:55:43:516,05:55:43:859,VLG94PH,VLG44WK,16.517045368454333,5.023718272206919,16.64913502587987,9.549417915050084,4.527626854636935
05:55:43:859,05:55:47:500,VLG44WK,VLG94PH,16.64913502587987,9.549417915050084,16.506164988824484,4.771088102750613,4.780468201610121
05:55:47:500,05:55:47:828,VLG94PH,VLG44WK,16.506164988824484,4.771088102750613,16.588311069310574,9.373970314668808,4.603615170203974
05:55:47:828,05:55:51:492,VLG44WK,VLG94PH,16.588311069310574,9.373970314668808,16.493791439843907,4.51956873233842,4.855321686859306
05:55:51:492,05:55:51:805,VLG94PH,VLG44WK,16.493791439843907,4.51956873233842,16.54266678002931,9.198054063262116,4.678740620139831
05:55:51:805,05:55:55:484,VLG44WK,VLG94PH,16.54266678002931,9.198054063262116,16.48338332698488,4.263952759104042,4.934457438006664
05:55:55:484,05:55:55:773,VLG94PH,VLG44WK,16.48338332698488,4.263952759104042,16.5059646689749,9.012639074082747,4.74874000499839
05:55:55:773,05:55:59:469,VLG44WK,VLG94PH,16.5059646689749,9.012639074082747,16.474970021796068,4.012408676649232,5.000326458899645
05:55:59:469,05:55:59:750,VLG94PH,VLG44WK,16.474970021796068,4.012408676649232,16.471770837039266,8.819138016594538,4.806730404575873
05:55:59:750,05:56:03:461,VLG44WK,VLG94PH,16.471770837039266,8.819138016594538,16.46637464750851,3.761429875779395,5.0577110194760255
05:56:03:461,05:56:03:727,VLG94PH,VLG44WK,16.46637464750851,3.761429875779395,16.439716648583573,8.623080312213583,4.861723523092135
05:56:03:727,05:56:07:453,VLG44WK,VLG94PH,16.439716648583573,8.623080312213583,16.45863226433039,3.5106863649088527,5.1124289406266685
05:56:07:453,05:56:07:695,VLG94PH,VLG44WK,16.45863226433039,3.5106863649088527,16.406985398548844,8.421423622796281,4.911008838797665
05:56:07:695,05:56:11:438,VLG44WK,VLG94PH,16.406985398548844,8.421423622796281,16.452749776434736,3.2558385588165635,5.1657877842100355
05:56:11:438,05:56:11:547,VLG94PH,VLG2GP,16.452749776434736,3.2558385588165635,18.168590389505034,10.475967394117385,7.421210777750748
05:56:11:547,05:56:11:680,VLG2GP,VLG44WK,18.168590389505034,10.475967394117385,16.375259033514023,8.217108858323027,2.8841773934887556
05:56:11:680,05:56:15:430,VLG44WK,VLG94PH,16.375259033514023,8.217108858323027,16.456306665660286,3.010780806283369,5.206958853700648
05:56:15:430,05:56:15:609,VLG94PH,VLG2GP,16.456306665660286,3.010780806283369,18.04347084922038,10.417546424933835,7.574910367469611
05:56:15:609,05:56:15:656,VLG2GP,VLG44WK,18.04347084922038,10.417546424933835,16.337381737706657,8.001343602099583,2.9578330137953857
05:56:15:656,05:56:19:414,VLG44WK,VLG94PH,16.337381737706657,8.001343602099583,16.48260862408303,2.7567111284488286,5.246642796322102
05:56:19:414,05:56:19:633,VLG94PH,VLG44WK,16.48260862408303,2.7567111284488286,16.30322367462109,7.789973399645411,5.036457887319663
05:56:19:633,05:56:19:664,VLG44WK,VLG2GP,16.30322367462109,7.789973399645411,17.90513853235898,10.353761980369878,3.023101569265343
05:56:19:664,05:56:23:406,VLG2GP,VLG94PH,17.90513853235898,10.353761980369878,16.58162477419573,2.5073240837477906,7.957278198831222
05:56:23:406,05:56:23:617,VLG94PH,VLG44WK,16.58162477419573,2.5073240837477906,16.264234693224193,7.565345675311797,5.0679698977230325
05:56:23:617,05:56:23:711,VLG44WK,VLG2GP,16.264234693224193,7.565345675311797,17.748524307642423,10.277497903892233,3.0917447130162024
05:56:23:711,05:56:27:391,VLG2GP,VLG94PH,17.748524307642423,10.277497903892233,16.664570307172422,2.2878913666605056,8.062801553734959
05:56:27:391,05:56:27:602,VLG94PH,VLG44WK,16.664570307172422,2.2878913666605056,16.22163211034293,7.336118980361674,5.067622350367632
05:56:27:602,05:56:27:742,VLG44WK,VLG2GP,16.22163211034293,7.336118980361674,17.581767610102247,10.20103680171849,3.171391287878776
05:56:27:742,05:56:31:375,VLG2GP,VLG94PH,17.581767610102247,10.20103680171849,16.80814830514272,2.0744202441964914,8.163356142053143
05:56:31:375,05:56:31:586,VLG94PH,VLG44WK,16.80814830514272,2.0744202441964914,16.17752199726807,7.1045331277120525,5.069489635169683
05:56:31:586,05:56:31:773,VLG44WK,VLG2GP,16.17752199726807,7.1045331277120525,17.41025464752586,10.129749444855785,3.2667359171693513
05:56:31:773,05:56:35:570,VLG2GP,VLG44WK,17.41025464752586,10.129749444855785,16.131234119727687,6.866628770241144,3.504832385097271
05:56:35:570,05:56:35:781,VLG44WK,VLG2GP,16.131234119727687,6.866628770241144,17.255735031049905,10.050650223135316,3.376758047603472
05:56:35:781,05:56:39:555,VLG2GP,VLG44WK,17.255735031049905,10.050650223135316,16.0839338266841,6.62165508363766,3.623689518881509
05:56:39:555,05:56:39:797,VLG44WK,VLG2GP,16.0839338266841,6.62165508363766,17.091365082777205,9.967797642089016,3.4945082282393782
05:56:39:797,05:56:43:539,VLG2GP,VLG44WK,17.091365082777205,9.967797642089016,16.034656635871286,6.370753391125862,3.7490478904849156
05:56:47:523,05:56:47:797,VLG44WK,VLG2GP,15.980652315868472,6.114480394391286,16.793515153127668,9.77545331636555,3.7501291614590886
05:56:47:797,05:56:51:516,VLG2GP,VLG44WK,16.793515153127668,9.77545331636555,15.92884923565629,5.857639714244952,4.012095533483443
05:56:51:516,05:56:51:781,VLG44WK,VLG2GP,15.92884923565629,5.857639714244952,16.676850366142638,9.63039434800901,3.8461907412135754
05:56:51:781,05:56:55:500,VLG2GP,VLG44WK,16.676850366142638,9.63039434800901,15.876990088557172,5.597980322994342,4.110977904683276
05:56:55:500,05:56:55:773,VLG44WK,VLG2GP,15.876990088557172,5.597980322994342,16.55614642262841,9.496418754092556,3.9571549789176292
05:56:55:773,05:56:59:492,VLG2GP,VLG44WK,16.55614642262841,9.496418754092556,15.821658736635332,5.327701830516747,4.2329272318081275
05:56:59:492,05:56:59:750,VLG44WK,VLG2GP,15.821658736635332,5.327701830516747,16.47218474054386,9.321452863696765,4.046384978815987
05:56:59:750,05:57:03:484,VLG2GP,VLG44WK,16.47218474054386,9.321452863696765,15.76219394690624,5.05992973113178,4.320262299494864
05:57:03:484,05:57:03:719,VLG44WK,VLG2GP,15.76219394690624,5.05992973113178,16.419275081879025,9.139631448090908,4.132278030009159
05:57:03:719,05:57:07:477,VLG2GP,VLG44WK,16.419275081879025,9.139631448090908,15.678472320579912,4.794769392689311,4.407563387135457
05:57:07:477,05:57:07:688,VLG44WK,VLG2GP,15.678472320579912,4.794769392689311,16.38672803190685,8.937067502779382,4.202411187102352
05:57:07:688,05:57:11:477,VLG2GP,VLG44WK,16.38672803190685,8.937067502779382,15.545603138719924,4.552195833379418,4.4648169775529585
05:57:11:477,05:57:11:656,VLG44WK,VLG2GP,15.545603138719924,4.552195833379418,16.369378881463305,8.732199342680094,4.260403245245498
05:57:11:656,05:57:15:469,VLG2GP,VLG44WK,16.369378881463305,8.732199342680094,15.393637172430852,4.3222899266424815,4.516566499056863
05:57:15:469,05:57:15:633,VLG44WK,VLG2GP,15.393637172430852,4.3222899266424815,16.357583959995125,8.518273093830585,4.30528374774316
05:57:15:633,05:57:19:469,VLG2GP,VLG44WK,16.357583959995125,8.518273093830585,15.208778819673316,4.112257765685535,4.553320142739684
05:57:19:469,05:57:19:602,VLG44WK,VLG2GP,15.208778819673316,4.112257765685535,16.351535053975216,8.301332517633641,4.342146829443351
05:57:19:602,05:57:23:477,VLG2GP,VLG44WK,16.351535053975216,8.301332517633641,15.004550975346788,3.921159197826304,4.5826067275766205
05:57:23:477,05:57:23:570,VLG44WK,VLG2GP,15.004550975346788,3.921159197826304,16.34543343004346,8.075073935624774,4.364971180456144
05:57:23:570,05:57:27:477,VLG2GP,VLG44WK,16.34543343004346,8.075073935624774,14.791244053986045,3.736048398792371,4.60897463932418
05:57:27:477,05:57:27:547,VLG44WK,VLG2GP,14.791244053986045,3.736048398792371,16.343164876067775,7.841515253745868,4.38899946857283
05:57:27:547,05:57:31:477,VLG2GP,VLG44WK,16.343164876067775,7.841515253745868,14.568110443081908,3.558042881132777,4.6366964324831965
05:57:31:477,05:57:31:523,VLG44WK,VLG2GP,14.568110443081908,3.558042881132777,16.34171794093347,7.598368496243313,4.412472621167593
05:57:31:523,05:57:35:484,VLG2GP,VLG44WK,16.34171794093347,7.598368496243313,14.345168080960716,3.381786073339347,4.665380871107942
05:57:35:484,05:57:35:500,VLG44WK,VLG2GP,14.345168080960716,3.381786073339347,16.34546560390263,7.348640353694476,4.442648203702309
05:57:35:500,05:57:39:367,VLG2GP,VLG73LA,16.34546560390263,7.348640353694476,18.265289181063324,10.509902897787573,3.698554236469711
05:57:39:367,05:57:39:477,VLG73LA,VLG2GP,18.265289181063324,10.509902897787573,16.353805525143848,7.096519663098884,3.9121547609598855
05:57:39:477,05:57:39:492,VLG2GP,VLG44WK,16.353805525143848,7.096519663098884,14.122904448898806,3.206876941706486,4.483998228375224
05:57:39:492,05:57:43:438,VLG44WK,VLG73LA,14.122904448898806,3.206876941706486,18.149992515615494,10.462920689778135,8.298651045261611
05:57:43:438,05:57:43:453,VLG73LA,VLG2GP,18.149992515615494,10.462920689778135,16.36355787767984,6.843864087019758,4.0359533458137635
05:57:43:453,05:57:43:492,VLG2GP,VLG44WK,16.36355787767984,6.843864087019758,13.898322338200057,3.0303649159619472,4.54094287486341
05:57:43:492,05:57:47:430,VLG44WK,VLG2GP,13.898322338200057,3.0303649159619472,16.37246098708219,6.586718963300452,4.332322259933265
05:57:47:430,05:57:47:492,VLG2GP,VLG44WK,16.37246098708219,6.586718963300452,13.67424022852465,2.854632243007572,4.605308518405395
05:57:47:492,05:57:47:508,VLG44WK,VLG73LA,13.67424022852465,2.854632243007572,18.017460474072937,10.401156639520352,8.707100123950747
05:57:47:508,05:57:51:414,VLG73LA,VLG2GP,18.017460474072937,10.401156639520352,16.380949887003077,6.332349961262058,4.385584873951367
05:57:51:414,05:57:51:492,VLG2GP,VLG44WK,16.380949887003077,6.332349961262058,13.445013786686973,2.6746531397913977,4.690252319751668
05:57:51:492,05:57:51:555,VLG44WK,VLG73LA,13.445013786686973,2.6746531397913977,17.866670736885204,10.33348454412301,8.843571035798405
05:57:51:555,05:57:55:398,VLG73LA,VLG2GP,17.866670736885204,10.33348454412301,16.387983176967236,6.0729966945681095,4.509797513864796
05:57:55:398,05:57:55:492,VLG2GP,VLG44WK,16.387983176967236,6.0729966945681095,13.221754728340288,2.5011142613536324,4.773190411622061
05:57:55:492,05:57:55:594,VLG44WK,VLG73LA,13.221754728340288,2.5011142613536324,17.713902999962897,10.26063723961298,8.966024366706618
05:57:55:594,05:57:59:375,VLG73LA,VLG2GP,17.713902999962897,10.26063723961298,16.396296806111938,5.8149518699114005,4.636831298252404
05:57:59:375,05:57:59:492,VLG2GP,VLG44WK,16.396296806111938,5.8149518699114005,12.995557084768736,2.3218079780955985,4.875149731162263
05:57:59:492,05:57:59:625,VLG44WK,VLG73LA,12.995557084768736,2.3218079780955985,17.556904035105518,10.187466675739838,9.092550398495085
05:57:59:625,05:58:03:359,VLG73LA,VLG2GP,17.556904035105518,10.187466675739838,16.40368277360404,5.55542966136544,4.773435469398696
05:58:03:359,05:58:03:492,VLG2GP,VLG44WK,16.40368277360404,5.55542966136544,12.765703377287808,2.140835551122596,4.989423516372059
05:58:03:492,05:58:03:648,VLG44WK,VLG73LA,12.765703377287808,2.140835551122596,17.400380303460782,10.113330387914557,9.221762528534047
05:58:03:648,05:58:07:344,VLG73LA,VLG2GP,17.400380303460782,10.113330387914557,16.412202711629625,5.301389815292074,4.9123586012675835
05:58:07:344,05:58:07:656,VLG2GP,VLG73LA,16.412202711629625,5.301389815292074,17.25252701502199,10.033253698561804,4.805900617435233
05:58:07:656,05:58:11:336,VLG73LA,VLG2GP,17.25252701502199,10.033253698561804,16.419960673027322,5.049106656750692,5.053205759536894
05:58:11:336,05:58:11:656,VLG2GP,VLG73LA,16.419960673027322,5.049106656750692,17.123735898139234,9.921818376268696,4.9232732068218015
05:58:11:656,05:58:15:320,VLG73LA,VLG2GP,17.123735898139234,9.921818376268696,16.425994245683253,4.790422776993416,5.178616051594646
05:58:15:320,05:58:15:641,VLG2GP,VLG73LA,16.425994245683253,4.790422776993416,17.018043554966738,9.785454027658698,5.029995982080485
05:58:15:641,05:58:19:313,VLG73LA,VLG2GP,17.018043554966738,9.785454027658698,16.43195845762204,4.53659260135874,5.281481043592713
05:58:19:313,05:58:19:625,VLG2GP,VLG73LA,16.43195845762204,4.53659260135874,16.93511810479788,9.6310052773658,5.119200146898685
05:58:19:625,05:58:23:297,VLG73LA,VLG2GP,16.93511810479788,9.6310052773658,16.43528354823305,4.272693532842502,5.381574057414119
05:58:23:297,05:58:23:594,VLG2GP,VLG73LA,16.43528354823305,4.272693532842502,16.891466473565295,9.456983516006082,5.204321808929086
05:58:23:594,05:58:27:281,VLG73LA,VLG2GP,16.891466473565295,9.456983516006082,16.440718374175447,4.021363489802984,5.454277121522496
05:58:27:281,05:58:27:555,VLG2GP,VLG73LA,16.440718374175447,4.021363489802984,16.852579717952494,9.272794587704732,5.267557151328061
05:58:27:555,05:58:31:273,VLG73LA,VLG2GP,16.852579717952494,9.272794587704732,16.4306359957826,3.75835256836833,5.530561209253679
05:58:31:273,05:58:31:531,VLG2GP,VLG73LA,16.4306359957826,3.75835256836833,16.826053818734927,9.082974963482869,5.339284493756035
05:58:31:531,05:58:35:266,VLG73LA,VLG2GP,16.826053818734927,9.082974963482869,16.39419873866844,3.5066107428360214,5.593061481111177
05:58:35:266,05:58:35:500,VLG2GP,VLG73LA,16.39419873866844,3.5066107428360214,16.800373932285094,8.882399613943177,5.391111599162929
05:58:35:500,05:58:39:258,VLG73LA,VLG2GP,16.800373932285094,8.882399613943177,16.287634912650883,3.2660641738187484,5.639691931147756
05:58:39:258,05:58:39:469,VLG2GP,VLG73LA,16.287634912650883,3.2660641738187484,16.782606650512964,8.685330562760782,5.441823703097983
05:58:39:469,05:58:43:258,VLG73LA,VLG2GP,16.782606650512964,8.685330562760782,16.19923019885351,3.016038612088665,5.6992279570400095
05:58:43:258,05:58:43:445,VLG2GP,VLG73LA,16.19923019885351,3.016038612088665,16.76405297766643,8.473424407939003,5.486536657693538
05:58:43:445,05:58:47:258,VLG73LA,VLG2GP,16.76405297766643,8.473424407939003,16.07851780322856,2.7752794221464496,5.739234683692973
05:58:47:258,05:58:47:422,VLG2GP,VLG73LA,16.07851780322856,2.7752794221464496,16.74926724371455,8.258692398697923,5.524284811930441
05:58:47:422,05:58:51:258,VLG73LA,VLG2GP,16.74926724371455,8.258692398697923,15.95392324950016,2.523221786358238,5.790353634636234
05:58:51:258,05:58:51:398,VLG2GP,VLG73LA,15.95392324950016,2.523221786358238,16.73807373237972,8.040252015581329,5.572478311304732
05:58:51:398,05:58:55:258,VLG73LA,VLG2GP,16.73807373237972,8.040252015581329,15.828905952144074,2.280694382133216,5.8308738783847005
05:58:55:258,05:58:55:375,VLG2GP,VLG73LA,15.828905952144074,2.280694382133216,16.72443914064904,7.80834495025633,5.5997232516425
05:58:55:375,05:58:59:352,VLG73LA,EJU86XG,16.72443914064904,7.80834495025633,18.131288430681074,10.458970558503998,3.000840055711394
05:58:59:352,05:58:59:352,EJU86XG,VLG73LA,18.131288430681074,10.458970558503998,16.71416401205839,7.573108429388887,3.2150337239471507
05:59:03:336,05:59:03:414,VLG73LA,EJU86XG,16.702562393325575,7.328405648121802,18.01068938255726,10.400792422063716,3.339274877671732
05:59:03:414,05:59:07:313,EJU86XG,VLG73LA,18.01068938255726,10.400792422063716,16.691806906622393,7.081673579412648,3.571554406273192
05:59:07:313,05:59:07:461,VLG73LA,EJU86XG,16.691806906622393,7.081673579412648,17.868614415274266,10.33204145918147,3.456843540898589
05:59:07:461,05:59:11:297,EJU86XG,VLG73LA,17.868614415274266,10.33204145918147,16.678097575149728,6.82921553111441,3.699610767223895
05:59:11:297,05:59:11:500,VLG73LA,EJU86XG,16.678097575149728,6.82921553111441,17.717755355505105,10.262595754749324,3.587337182409928
05:59:11:500,05:59:15:281,EJU86XG,VLG73LA,17.717755355505105,10.262595754749324,16.66246558830113,6.56649464628226,3.8438001894969607
05:59:15:281,05:59:15:523,VLG73LA,EJU86XG,16.66246558830113,6.56649464628226,17.560451288840287,10.189000513380089,3.7321477831847694
05:59:15:523,05:59:19:266,EJU86XG,VLG73LA,17.560451288840287,10.189000513380089,16.648426198242877,6.304242174303164,3.9903805731918505
05:59:19:266,05:59:19:547,VLG73LA,EJU86XG,16.648426198242877,6.304242174303164,17.398805924304558,10.113591104465453,3.8825518676526363
05:59:19:547,05:59:23:250,EJU86XG,VLG73LA,17.398805924304558,10.113591104465453,16.630703593396767,6.032498522423007,4.152745821013833
05:59:23:250,05:59:23:563,VLG73LA,EJU86XG,16.630703593396767,6.032498522423007,17.24637906079616,10.037705521890146,4.05225115087133
05:59:23:563,05:59:27:234,EJU86XG,VLG73LA,17.24637906079616,10.037705521890146,16.612539443479328,5.757867863258654,4.326518582500327
05:59:27:234,05:59:27:570,VLG73LA,EJU86XG,16.612539443479328,5.757867863258654,17.090610467697047,9.96210245577129,4.231328445426622
05:59:27:570,05:59:31:227,EJU86XG,VLG73LA,17.090610467697047,9.96210245577129,16.592683274499297,5.471991064145179,4.517635642560871
05:59:39:203,05:59:39:563,VLG73LA,EJU86XG,16.554182194253446,4.886758446239702,16.69947378513931,9.61455589741829,4.7300294275778985
05:59:39:563,05:59:43:195,EJU86XG,VLG73LA,16.69947378513931,9.61455589741829,16.53287167832905,4.584361497743832,5.032952608609572
05:59:43:195,05:59:43:547,VLG73LA,EJU86XG,16.53287167832905,4.584361497743832,16.602141130425874,9.472608443991472,4.888737716884919
05:59:43:547,05:59:47:180,EJU86XG,VLG73LA,16.602141130425874,9.472608443991472,16.510694049987507,4.287323428241868,5.186091328069539
05:59:47:180,05:59:47:516,VLG73LA,EJU86XG,16.510694049987507,4.287323428241868,16.540332606283236,9.299845238628588,5.012609434578147
05:59:47:516,05:59:51:172,EJU86XG,VLG73LA,16.540332606283236,9.299845238628588,16.47540751169491,3.9822692808004967,5.317972295450462
05:59:51:172,05:59:51:484,VLG73LA,EJU86XG,16.47540751169491,3.9822692808004967,16.497787283812244,9.116333600809895,5.134113097331768
05:59:51:484,05:59:55:164,EJU86XG,VLG73LA,16.497787283812244,9.116333600809895,16.38960406572852,3.68747074110931,5.429940658802025
05:59:55:164,05:59:55:461,VLG73LA,EJU86XG,16.38960406572852,3.68747074110931,16.478388511143287,8.927335717304432,5.240617105504266
05:59:55:461,05:59:59:164,EJU86XG,VLG73LA,16.478388511143287,8.927335717304432,16.287656691194687,3.401704834072848,5.528921710864023
05:59:59:164,05:59:59:430,VLG73LA,EJU86XG,16.287656691194687,3.401704834072848,16.46319676094531,8.73010436820046,5.331290267034744
05:59:59:430,06:00:03:156,EJU86XG,VLG73LA,16.46319676094531,8.73010436820046,16.173890241127083,3.115321074058305,5.6222317368272146
06:00:03:156,06:00:03:266,VLG73LA,BAW47C,16.173890241127083,3.115321074058305,18.13791534795915,10.447087374812272,7.5902695412704695
06:00:03:266,06:00:03:398,BAW47C,EJU86XG,18.13791534795915,10.447087374812272,16.456847977057713,8.530874214595737,2.549090108430165
06:00:03:398,06:00:07:156,EJU86XG,VLG73LA,16.456847977057713,8.530874214595737,16.034880752362415,2.836473176869162,5.71001396821221
06:00:07:156,06:00:07:320,VLG73LA,BAW47C,16.034880752362415,2.836473176869162,18.01316770913581,10.394692936132966,7.812829526660974
06:00:07:320,06:00:07:367,BAW47C,EJU86XG,18.01316770913581,10.394692936132966,16.447031517808334,8.319908460940574,2.599521722987731
06:00:07:367,06:00:11:156,EJU86XG,VLG73LA,16.447031517808334,8.319908460940574,15.895801297820656,2.5625344384634627,5.783702135321454
06:00:11:156,06:00:11:344,VLG73LA,EJU86XG,15.895801297820656,2.5625344384634627,16.44111318697139,8.110905589396854,5.575104257765864
06:00:11:344,06:00:11:375,EJU86XG,BAW47C,16.44111318697139,8.110905589396854,17.873294043268793,10.328597693889153,2.639943233380643
06:00:11:375,06:00:15:156,BAW47C,VLG73LA,17.873294043268793,10.328597693889153,15.755791261029142,2.292539264192471,8.3103581823103
06:00:15:156,06:00:15:320,VLG73LA,EJU86XG,15.755791261029142,2.292539264192471,16.43536812927389,7.891915807892288,5.640464732447944
06:00:15:320,06:00:15:414,EJU86XG,BAW47C,16.43536812927389,7.891915807892288,17.721986854296123,10.258999129807645,2.6941550060209374
06:00:15:414,06:00:19:156,BAW47C,VLG73LA,17.721986854296123,10.258999129807645,15.613234139732226,2.011348026605038,8.512965801137685
06:00:19:156,06:00:19:297,VLG73LA,EJU86XG,15.613234139732226,2.011348026605038,16.432196899715688,7.666061902561111,5.7137106175558
06:00:19:297,06:00:19:445,EJU86XG,BAW47C,16.432196899715688,7.666061902561111,17.56401704965294,10.185594010254988,2.762075106419869
06:00:19:445,06:00:23:156,BAW47C,VLG73LA,17.56401704965294,10.185594010254988,15.47221262843868,1.734092954729633,8.706521453953796
06:00:23:156,06:00:23:273,VLG73LA,EJU86XG,15.47221262843868,1.734092954729633,16.42979829271857,7.433955157204883,5.7797404294345585
06:00:23:273,06:00:23:469,EJU86XG,BAW47C,16.42979829271857,7.433955157204883,17.3974252221178,10.115031515988356,2.850345999370292
06:00:23:469,06:00:27:148,BAW47C,VLG73LA,17.3974252221178,10.115031515988356,15.331621509376587,1.4528436900501809,8.905113301435694
06:00:27:148,06:00:27:258,VLG73LA,EJU86XG,15.331621509376587,1.4528436900501809,16.430289323986816,7.199920607133961,5.851150661001443
06:00:27:258,06:00:27:484,EJU86XG,BAW47C,16.430289323986816,7.199920607133961,17.243595975598435,10.034962881188696,2.9493952609362384
06:00:27:484,06:00:31:234,BAW47C,EJU86XG,17.243595975598435,10.034962881188696,16.432389510460695,6.959299988011143,3.180842366661791
06:00:31:234,06:00:31:492,EJU86XG,BAW47C,16.432389510460695,6.959299988011143,17.093350311465628,9.959173306672197,3.0718250452263014
06:00:31:492,06:00:35:211,BAW47C,EJU86XG,17.093350311465628,9.959173306672197,16.43102176344298,6.710838012712729,3.3151713813177937
06:00:35:211,06:00:35:500,EJU86XG,BAW47C,16.43102176344298,6.710838012712729,16.938733163370507,9.877921847191812,3.2075209867177956
06:00:35:500,06:00:39:195,BAW47C,EJU86XG,16.938733163370507,9.877921847191812,16.432026771949108,6.463720868107554,3.4515966874313695
06:00:39:195,06:00:39:492,EJU86XG,BAW47C,16.432026771949108,6.463720868107554,16.801954530247116,9.770038237975015,3.3269477147449544
06:00:39:492,06:00:43:180,BAW47C,EJU86XG,16.801954530247116,9.770038237975015,16.43433512148904,6.2143487624702445,3.5746428738981786
06:00:43:180,06:00:43:477,EJU86XG,BAW47C,16.43433512148904,6.2143487624702445,16.6970204275874,9.636359884066104,3.432078624735416
06:00:43:477,06:00:47:156,BAW47C,EJU86XG,16.6970204275874,9.636359884066104,16.435578073844773,5.96312714161609,3.6825250690982867
06:00:47:156,06:00:47:453,EJU86XG,BAW47C,16.435578073844773,5.96312714161609,16.630516501047392,9.477926502510028,3.5202010649593114
06:00:47:453,06:00:51:148,BAW47C,EJU86XG,16.630516501047392,9.477926502510028,16.435810292177493,5.709784334645682,3.773169212347878
06:00:55:133,06:00:55:406,EJU86XG,BAW47C,16.434060861328554,5.450716165187634,16.554647444281688,9.158237927965368,3.709482274584801
06:00:55:406,06:00:59:125,BAW47C,EJU86XG,16.554647444281688,9.158237927965368,16.43523161156776,5.200269772427441,3.9597691929397936
06:00:59:125,06:00:59:383,EJU86XG,BAW47C,16.43523161156776,5.200269772427441,16.519823253821013,8.99565951814186,3.7963323178843638
06:00:59:383,06:01:03:109,BAW47C,EJU86XG,16.519823253821013,8.99565951814186,16.43510863462933,4.947285058114193,4.049260714662504
06:01:03:109,06:01:03:352,EJU86XG,BAW47C,16.43510863462933,4.947285058114193,16.49169041411889,8.83520972559302,3.8883363689064434
06:01:03:352,06:01:07:094,BAW47C,EJU86XG,16.49169041411889,8.83520972559302,16.435034046471884,4.691645188282329,4.143951860103313
06:01:07:094,06:01:07:336,EJU86XG,BAW47C,16.435034046471884,4.691645188282329,16.465293024640903,8.676316607833582,3.984786308893921
06:01:07:336,06:01:11:086,BAW47C,EJU86XG,16.465293024640903,8.676316607833582,16.436715920716246,4.4405359278739045,4.23587707796017
06:01:11:086,06:01:11:313,EJU86XG,BAW47C,16.436715920716246,4.4405359278739045,16.442996770123184,8.520670051949894,4.08013895835897
06:01:11:313,06:01:15:070,BAW47C,EJU86XG,16.442996770123184,8.520670051949894,16.437579798275888,4.1900684962908485,4.330604943591662
06:01:15:070,06:01:15:297,EJU86XG,BAW47C,16.437579798275888,4.1900684962908485,16.41562000200837,8.356387437090198,4.166376813145389
06:01:15:297,06:01:19:055,BAW47C,EJU86XG,16.41562000200837,8.356387437090198,16.437057668579328,3.932569713634856,4.423869666243075
06:01:19:055,06:01:19:273,EJU86XG,BAW47C,16.437057668579328,3.932569713634856,16.387340145296776,8.189945278529917,4.257665854982855
06:01:19:273,06:01:23:047,BAW47C,EJU86XG,16.387340145296776,8.189945278529917,16.438543136081172,3.675682552274779,4.51455310168368
06:01:23:047,06:01:23:258,EJU86XG,BAW47C,16.438543136081172,3.675682552274779,16.358947591050427,8.024829967152645,4.349875709388438
06:01:23:258,06:01:27:039,BAW47C,EJU86XG,16.358947591050427,8.024829967152645,16.440912935242242,3.4223301876879093,4.603229576897227
06:01:27:039,06:01:27:242,EJU86XG,BAW47C,16.440912935242242,3.4223301876879093,16.329177125885735,7.857953513405171,4.437030446000976
06:01:27:242,06:01:29:820,BAW47C,UAE81W,16.329177125885735,7.857953513405171,40.724592704102506,12.994841137921776,24.93038137896838
06:01:29:820,06:01:31:031,UAE81W,EJU86XG,40.724592704102506,12.994841137921776,16.442715718942008,3.165646645316399,26.195851089360144
06:01:31:031,06:01:31:227,EJU86XG,BAW47C,16.442715718942008,3.165646645316399,16.296587930480428,7.689533853126346,4.52624665694957
06:01:31:227,06:01:33:813,BAW47C,UAE81W,16.296587930480428,7.689533853126346,40.433312452571386,13.068606571610363,24.728847404722405
06:01:33:813,06:01:35:023,UAE81W,EJU86XG,40.433312452571386,13.068606571610363,16.444887601637486,2.900342501039139,26.05452208423276
06:01:35:023,06:01:35:211,EJU86XG,BAW47C,16.444887601637486,2.900342501039139,16.26363751894541,7.517840597065331,4.621054020381216
06:01:35:211,06:01:37:805,BAW47C,UAE81W,16.26363751894541,7.517840597065331,40.14163101172095,13.141915149677658,24.531383732157728
06:01:37:805,06:01:39:008,UAE81W,EJU86XG,40.14163101172095,13.141915149677658,16.44545109715699,2.6359469786056957,25.920731273537825
06:01:39:008,06:01:39:203,EJU86XG,BAW47C,16.44545109715699,2.6359469786056957,16.23319179779106,7.350753280689173,4.719581811594476
06:01:39:203,06:01:41:797,BAW47C,UAE81W,16.23319179779106,7.350753280689173,39.84174301001754,13.21600456964688,24.326217606174215
06:01:41:797,06:01:43:125,UAE81W,VLG5RP,39.84174301001754,13.21600456964688,18.170257123873974,10.475221834765708,21.844111117487532
06:01:43:125,06:01:43:188,VLG5RP,BAW47C,18.170257123873974,10.475221834765708,16.201205138584335,7.180927670565115,3.8379082533405033
06:01:43:188,06:01:45:789,BAW47C,UAE81W,16.201205138584335,7.180927670565115,39.54475363333872,13.2937727949748,24.1306471492575
06:01:45:789,06:01:47:172,UAE81W,BAW47C,39.54475363333872,13.2937727949748,16.166744540015973,7.0082909413119046,24.20823395665629
06:01:47:172,06:01:47:188,BAW47C,VLG5RP,16.166744540015973,7.0082909413119046,18.042882831972587,10.417820422880128,3.891630272293189
06:01:47:188,06:01:49:773,VLG5RP,UAE81W,18.042882831972587,10.417820422880128,39.25076586955707,13.37503590956767,21.413066720359517
06:01:49:773,06:01:51:164,UAE81W,BAW47C,39.25076586955707,13.37503590956767,16.13461260460763,6.839557731772553,24.022260859067135
06:01:51:164,06:01:51:234,BAW47C,VLG5RP,16.13461260460763,6.839557731772553,17.907307127756606,10.352152479104875,3.934560678320898
06:01:51:234,06:01:53:766,VLG5RP,UAE81W,17.907307127756606,10.352152479104875,38.95308558865212,13.448867930638094,21.27238673992315
06:01:53:766,06:01:55:148,UAE81W,BAW47C,38.95308558865212,13.448867930638094,16.09945907719732,6.664661379205893,23.839331015310925
06:01:55:148,06:01:55:281,BAW47C,VLG5RP,16.09945907719732,6.664661379205893,17.75010340881935,10.276184559631774,3.970859654063514
06:01:55:281,06:01:57:758,VLG5RP,UAE81W,17.75010340881935,10.276184559631774,38.660654181922006,13.506573126938497,21.158604489197536
06:01:57:758,06:01:59:133,UAE81W,BAW47C,38.660654181922006,13.506573126938497,16.068161699115272,6.497189648202848,23.654855174734234
06:01:59:133,06:01:59:313,BAW47C,VLG5RP,16.068161699115272,6.497189648202848,17.591241924187987,10.202846926823485,4.006453448949788
06:01:59:313,06:02:01:750,VLG5RP,UAE81W,17.591241924187987,10.202846926823485,38.36332577517143,13.568924479165128,21.043049816998142
06:02:01:750,06:02:03:125,UAE81W,BAW47C,38.36332577517143,13.568924479165128,16.032922180249976,6.3229328308395125,23.47661218488915
06:02:03:125,06:02:03:336,BAW47C,VLG5RP,16.032922180249976,6.3229328308395125,17.4165611640081,10.128808078402246,4.049585563657831
06:02:03:336,06:02:05:750,VLG5RP,UAE81W,17.4165611640081,10.128808078402246,38.07580468119426,13.643147837090323,20.95602363622198
06:02:05:750,06:02:07:117,UAE81W,BAW47C,38.07580468119426,13.643147837090323,15.998545028814492,6.153096884145088,23.31322064915767
06:02:07:117,06:02:07:352,BAW47C,VLG5RP,15.998545028814492,6.153096884145088,17.26455057998797,10.052526884054584,4.099795650980209
06:02:07:352,06:02:09:734,VLG5RP,UAE81W,17.26455057998797,10.052526884054584,37.779368071311154,13.720697594105978,20.840182654199044
06:02:09:734,06:02:11:109,UAE81W,BAW47C,37.779368071311154,13.720697594105978,15.96219613949396,5.975392784620436,23.151214605162984
06:02:11:109,06:02:11:367,BAW47C,VLG5RP,15.96219613949396,5.975392784620436,17.105744158072575,9.974443533990687,4.159339967691249
06:02:11:367,06:02:13:727,VLG5RP,UAE81W,17.105744158072575,9.974443533990687,37.49053261187108,13.79407689898368,20.739556392292595
06:02:13:727,06:02:15:094,UAE81W,BAW47C,37.49053261187108,13.79407689898368,15.926351259900848,5.7934895588882975,23.00050684587527
06:02:15:094,06:02:15:367,BAW47C,VLG5RP,15.926351259900848,5.7934895588882975,16.957526094090042,9.885180467985831,4.219627475768035
06:02:15:367,06:02:17:719,VLG5RP,UAE81W,16.957526094090042,9.885180467985831,37.198017515557694,13.860020797692078,20.627090163887996
06:02:17:719,06:02:19:086,UAE81W,BAW47C,37.198017515557694,13.860020797692078,15.89112432916207,5.611694227176719,22.84772611159242
06:02:19:086,06:02:19:359,BAW47C,VLG5RP,15.89112432916207,5.611694227176719,16.831155019414727,9.752162155327916,4.245837062660972
06:02:19:359,06:02:21:711,VLG5RP,UAE81W,16.831155019414727,9.752162155327916,36.9117459212556,13.93281791462412,20.511168020003907
06:02:21:711,06:02:23:078,UAE81W,BAW47C,36.9117459212556,13.93281791462412,15.85088721675296,5.415284106706243,22.718013811511973
06:02:23:078,06:02:23:336,BAW47C,VLG5RP,15.85088721675296,5.415284106706243,16.738818870526117,9.60395316950361,4.281748607684494
06:02:23:336,06:02:25:703,VLG5RP,UAE81W,16.738818870526117,9.60395316950361,36.62874413775207,14.006368062876716,20.371312771375997
06:02:25:703,06:02:27:063,UAE81W,BAW47C,36.62874413775207,14.006368062876716,15.813879144619742,5.222088990047536,22.592524505058538
06:02:27:063,06:02:27:313,BAW47C,VLG5RP,15.813879144619742,5.222088990047536,16.657978100593905,9.433129656655284,4.2948069273601694
06:02:27:313,06:02:29:688,VLG5RP,UAE81W,16.657978100593905,9.433129656655284,36.34456509435097,14.081625093055976,20.22795632991635
06:02:29:688,06:02:31:055,UAE81W,BAW47C,36.34456509435097,14.081625093055976,15.773427608797586,5.022185595281544,22.477658718455864
06:02:31:055,06:02:31:281,BAW47C,VLG5RP,15.773427608797586,5.022185595281544,16.60613725057246,9.247079224677536,4.306173652700931
06:02:31:281,06:02:33:680,VLG5RP,UAE81W,16.60613725057246,9.247079224677536,36.06403212055072,14.153941471614171,20.06706181486314
06:02:33:680,06:02:35:047,UAE81W,BAW47C,36.06403212055072,14.153941471614171,15.729307207212813,4.820364079882132,22.374465451236524
06:02:35:047,06:02:35:258,BAW47C,VLG5RP,15.729307207212813,4.820364079882132,16.545895734803622,9.05729494416607,4.314904398954254
06:02:35:258,06:02:37:672,VLG5RP,UAE81W,16.545895734803622,9.05729494416607,35.783035066067825,14.224379142149608,19.91899316631047
06:02:37:672,06:02:39:039,UAE81W,BAW47C,35.783035066067825,14.224379142149608,15.6658559041718,4.613856958598058,22.294910497069957
06:02:39:039,06:02:39:234,BAW47C,VLG5RP,15.6658559041718,4.613856958598058,16.48982907852692,8.86200054822698,4.327315074057141
06:02:39:234,06:02:41:664,VLG5RP,UAE81W,16.48982907852692,8.86200054822698,35.50955546196939,14.292633010998914,19.779832169326664
06:02:41:664,06:02:43:039,UAE81W,BAW47C,35.50955546196939,14.292633010998914,15.565285818066236,4.414906432010404,22.256310880241877
06:02:43:039,06:02:43:219,BAW47C,VLG5RP,15.565285818066236,4.414906432010404,16.436444020552727,8.662202175262387,4.335716520300411
06:02:43:219,06:02:45:656,VLG5RP,UAE81W,16.436444020552727,8.662202175262387,35.23502294251481,14.362232524256884,19.643750035690626
06:02:45:656,06:02:47:039,UAE81W,BAW47C,35.23502294251481,14.362232524256884,15.427184785287777,4.236796599236536,22.24578398561381
06:02:47:039,06:02:47:195,BAW47C,VLG5RP,15.427184785287777,4.236796599236536,16.384675986488368,8.45409047566762,4.32462218471853
06:02:47:195,06:02:49:648,VLG5RP,UAE81W,16.384675986488368,8.45409047566762,34.96831530050266,14.428112394595807,19.52026096242599
06:02:49:648,06:02:51:039,UAE81W,BAW47C,34.96831530050266,14.428112394595807,15.23520682466857,4.088050602192521,22.278071011417335
06:02:51:039,06:02:51:172,BAW47C,VLG5RP,15.23520682466857,4.088050602192521,16.336124479594613,8.236605450743307,4.292147133354365
06:02:51:172,06:02:53:633,VLG5RP,UAE81W,16.336124479594613,8.236605450743307,34.69448183399285,14.505330341347548,19.39912875636092
06:02:53:633,06:02:55:047,UAE81W,BAW47C,34.69448183399285,14.505330341347548,15.058624963901272,3.9511702717036927,22.292536190357243
06:02:55:047,06:02:55:148,BAW47C,VLG5RP,15.058624963901272,3.9511702717036927,16.289847118891057,8.010684817200518,4.242118143102333
06:02:55:148,06:02:57:625,VLG5RP,UAE81W,16.289847118891057,8.010684817200518,34.43085914041899,14.567863241347624,19.289709848811132
06:02:57:625,06:02:59:016,UAE81W,VLG6LC,34.43085914041899,14.567863241347624,18.18551571656754,10.481356594449696,16.751439327234376
06:02:59:016,06:02:59:055,VLG6LC,BAW47C,18.18551571656754,10.481356594449696,14.834128379382436,3.861055811963205,7.420254681238099
06:02:59:055,06:02:59:125,BAW47C,VLG5RP,14.834128379382436,3.861055811963205,16.245307127555055,7.777153377916886,4.162600822245917
06:02:59:125,06:03:01:617,VLG5RP,UAE81W,16.245307127555055,7.777153377916886,34.17015551322656,14.63069014156085,19.190392278948593
06:03:01:617,06:03:03:063,UAE81W,BAW47C,34.17015551322656,14.63069014156085,14.593177796468618,3.793000374032847,22.376630131000923
06:03:03:063,06:03:03:078,BAW47C,VLG6LC,14.593177796468618,3.793000374032847,18.06117719863005,10.42530475539417,7.484282280914893
06:03:03:078,06:03:03:109,VLG6LC,VLG5RP,18.06117719863005,10.42530475539417,16.205409836769693,7.538183852734891,3.4321042536493946
06:03:03:109,06:03:05:602,VLG5RP,UAE81W,16.205409836769693,7.538183852734891,33.91266593895928,14.69381361673136,19.09842810254086
06:03:05:602,06:03:07:070,UAE81W,BAW47C,33.91266593895928,14.69381361673136,14.33677629987801,3.774622419771405,22.41526693031464
06:03:07:070,06:03:07:086,BAW47C,VLG5RP,14.33677629987801,3.774622419771405,16.164452815980148,7.28821979902454,3.96052622652669
06:03:07:086,06:03:07:133,VLG5RP,VLG6LC,16.164452815980148,7.28821979902454,17.92609266598337,10.362814196095943,3.543516003579247
06:03:07:133,06:03:09:594,VLG6LC,UAE81W,17.92609266598337,10.362814196095943,33.64840762143987,14.764065119126029,16.326732595533144
06:03:09:594,06:03:11:070,UAE81W,VLG5RP,33.64840762143987,14.764065119126029,16.12386342655099,7.03095726441804,19.15491076280858
06:03:11:070,06:03:11:086,VLG5RP,BAW47C,16.12386342655099,7.03095726441804,14.073749284604716,3.7899468826450704,3.8349858265407293
06:03:11:086,06:03:11:172,BAW47C,VLG6LC,14.073749284604716,3.7899468826450704,17.77415512563118,10.291780392110162,7.481099008374766
06:03:11:172,06:03:13:586,VLG6LC,UAE81W,17.77415512563118,10.291780392110162,33.39821511317161,14.821540505923307,16.267451465517098
06:03:13:586,06:03:15:055,UAE81W,VLG5RP,33.39821511317161,14.821540505923307,16.08575290624273,6.766370070245374,19.09468822511016
06:03:15:055,06:03:15:102,VLG5RP,BAW47C,16.08575290624273,6.766370070245374,13.810997496323251,3.822985484234085,3.7199495959121243
06:03:15:102,06:03:15:211,BAW47C,VLG6LC,13.810997496323251,3.822985484234085,17.609975673224938,10.212130576382783,7.433263764800968
06:03:15:211,06:03:17:578,VLG6LC,UAE81W,17.609975673224938,10.212130576382783,33.1404693251894,14.890124064113635,16.219736623785256
06:03:17:578,06:03:19:039,UAE81W,VLG5RP,33.1404693251894,14.890124064113635,16.04353435621144,6.493247609786063,19.047643411264875
06:03:19:039,06:03:19:109,VLG5RP,BAW47C,16.04353435621144,6.493247609786063,13.55378737164328,3.865084360452433,3.62023232849967
06:03:19:109,06:03:21:563,BAW47C,UAE81W,13.55378737164328,3.865084360452433,32.8869886347301,14.952786013511746,22.28698721286204
06:03:21:563,06:03:23:023,UAE81W,VLG5RP,32.8869886347301,14.952786013511746,15.995156396956292,6.216479464166081,19.017282888815494
06:03:23:023,06:03:23:125,VLG5RP,BAW47C,15.995156396956292,6.216479464166081,13.295052221691266,3.906562840806603,3.553347346398333
06:03:23:125,06:03:23:258,BAW47C,VLG6LC,13.295052221691266,3.906562840806603,17.275112295266755,10.057948358905602,7.326692431209858
06:03:23:258,06:03:25:555,VLG6LC,UAE81W,17.275112295266755,10.057948358905602,32.63253943183479,15.015642865650427,16.137822129308656
06:03:25:555,06:03:27:008,UAE81W,VLG5RP,32.63253943183479,15.015642865650427,15.947134606783452,5.945567364796802,18.991287575281245
06:03:27:008,06:03:27:133,VLG5RP,BAW47C,15.947134606783452,5.945567364796802,13.033756596521847,3.9435986197407313,3.5349187100776795
06:03:27:133,06:03:27:266,BAW47C,VLG6LC,13.033756596521847,3.9435986197407313,17.110641125084022,9.98047190263146,7.284560830476297
06:03:27:266,06:03:29:539,VLG6LC,UAE81W,17.110641125084022,9.98047190263146,32.38468301422322,15.07917571944961,16.10258166390765
06:03:29:539,06:03:30:992,UAE81W,VLG5RP,32.38468301422322,15.07917571944961,15.894346853377128,5.66936851616241,18.986196520123347
06:03:30:992,06:03:31:273,VLG5RP,VLG6LC,15.894346853377128,5.66936851616241,16.953180223262564,9.89725914613603,4.358461573101417
06:03:31:273,06:03:33:531,VLG6LC,UAE81W,16.953180223262564,9.89725914613603,32.139570770888994,15.143752095417009,16.067113808394225
06:03:33:531,06:03:34:984,UAE81W,VLG5RP,32.139570770888994,15.143752095417009,15.842480385997291,5.398322237060561,18.988642872450757
06:03:34:984,06:03:35:273,VLG5RP,VLG6LC,15.842480385997291,5.398322237060561,16.81073951635645,9.777033027117632,4.484488145428204
06:03:35:273,06:03:37:516,VLG6LC,UAE81W,16.81073951635645,9.777033027117632,31.894676649955457,15.202878440720433,16.030126571636345
06:03:37:516,06:03:38:969,UAE81W,VLG5RP,31.894676649955457,15.202878440720433,15.785977386910778,5.125860777674839,19.00095989492502
06:03:38:969,06:03:39:258,VLG5RP,VLG6LC,15.785977386910778,5.125860777674839,16.695997535727816,9.64193518476166,4.606849761127182
06:03:39:258,06:03:41:508,VLG6LC,UAE81W,16.695997535727816,9.64193518476166,31.651590863659848,15.26544882513654,15.97791217443529
06:03:41:508,06:03:42:961,UAE81W,VLG5RP,31.651590863659848,15.26544882513654,15.688056974081656,4.85911927592974,19.055868097003767
06:03:42:961,06:03:43:234,VLG5RP,VLG6LC,15.688056974081656,4.85911927592974,16.60655082839603,9.472694926997711,4.70411641528359
06:03:43:234,06:03:45:500,VLG6LC,UAE81W,16.60655082839603,9.472694926997711,31.408536209973,15.323797317210714,15.916474811250593
06:03:45:500,06:03:46:961,UAE81W,VLG5RP,31.408536209973,15.323797317210714,15.569757157051251,4.6100894565880655,19.12198886125709
06:03:46:961,06:03:47:203,VLG5RP,VLG6LC,15.569757157051251,4.6100894565880655,16.558947407962414,9.284393627049669,4.777825533701751
06:03:47:203,06:03:49:492,VLG6LC,UAE81W,16.558947407962414,9.284393627049669,31.167809583309904,15.384104925187994,15.831150683981722
06:03:49:492,06:03:50:961,UAE81W,VLG5RP,31.167809583309904,15.384104925187994,15.434097043471766,4.368889813089559,19.206370668402233
06:03:50:961,06:03:51:172,VLG5RP,VLG6LC,15.434097043471766,4.368889813089559,16.520658798963904,9.103386412230876,4.85757907766604
06:03:51:172,06:03:53:477,VLG6LC,UAE81W,16.520658798963904,9.103386412230876,30.926186010835945,15.442435744531853,15.73857556100079
06:03:53:477,06:03:54:961,UAE81W,VLG5RP,30.926186010835945,15.442435744531853,15.261513729137098,4.149038742721493,19.311208494900658
06:03:54:961,06:03:55:141,VLG5RP,VLG6LC,15.261513729137098,4.149038742721493,16.504428011674843,8.90201137741407,4.9127980601560255
06:03:55:141,06:03:57:469,VLG6LC,UAE81W,16.504428011674843,8.90201137741407,30.682606193992115,15.502235447924336,15.639171792345035
06:03:57:469,06:03:58:961,UAE81W,VLG5RP,30.682606193992115,15.502235447924336,15.062036200125794,3.951257159449851,19.427488421154337
06:03:58:961,06:03:59:109,VLG5RP,VLG6LC,15.062036200125794,3.951257159449851,16.490545647129775,8.69453725803453,4.9537203528064735
06:03:59:109,06:04:01:453,VLG6LC,UAE81W,16.490545647129775,8.69453725803453,30.438900371223923,15.558612837663466,15.545807572204728
06:04:01:453,06:04:02:969,UAE81W,VLG5RP,30.438900371223923,15.558612837663466,14.849339174887346,3.770039731445504,19.544944977537504
06:04:02:969,06:04:03:086,VLG5RP,VLG6LC,14.849339174887346,3.770039731445504,16.481092761467472,8.489417263880291,4.9935101943389855
06:04:03:086,06:04:05:438,VLG6LC,UAE81W,16.481092761467472,8.489417263880291,30.19844986004399,15.612778311603387,15.456654178252364
06:04:05:438,06:04:06:969,UAE81W,VLG5RP,30.19844986004399,15.612778311603387,14.625566269104876,3.5918022307121014,19.67278753187512
06:04:06:969,06:04:07:055,VLG5RP,VLG6LC,14.625566269104876,3.5918022307121014,16.472874623054985,8.269589294871281,5.029337925829683
06:04:07:055,06:04:09:430,VLG6LC,UAE81W,16.472874623054985,8.269589294871281,29.9584017943657,15.672588828136126,15.383882643132685
06:04:09:430,06:04:10:969,UAE81W,VLG5RP,29.9584017943657,15.672588828136126,14.401832191193838,3.4154510087189225,19.805158048915395
06:04:10:969,06:04:11:023,VLG5RP,VLG6LC,14.401832191193838,3.4154510087189225,16.468225301460908,8.04721699337534,5.071808023060361
06:04:11:023,06:04:13:414,VLG6LC,UAE81W,16.468225301460908,8.04721699337534,29.717828561074363,15.729722101758272,15.315771977849804
06:04:13:414,06:04:14:945,UAE81W,VLG91MM,29.717828561074363,15.729722101758272,18.14018329486372,10.458918047299935,12.720976585573299
06:04:14:945,06:04:14:977,VLG91MM,VLG5RP,18.14018329486372,10.458918047299935,14.17898855142245,3.2448611241388865,8.230047453452174
06:04:14:977,06:04:15:000,VLG5RP,VLG6LC,14.17898855142245,3.2448611241388865,16.468516654120705,7.821603837881842,5.117471328775991
06:04:15:000,06:04:17:398,VLG6LC,UAE81W,16.468516654120705,7.821603837881842,29.479170226801507,15.787557367902254,15.255606249204138
06:04:17:398,06:04:18:977,UAE81W,VLG5RP,29.479170226801507,15.787557367902254,13.951803366549136,3.0694116271507115,20.07113232221491
06:04:18:977,06:04:18:977,VLG5RP,VLG6LC,13.951803366549136,3.0694116271507115,16.466890104938134,7.587619189982457,5.171059938005959
06:04:18:977,06:04:19:000,VLG6LC,VLG91MM,16.466890104938134,7.587619189982457,18.010800967148935,10.400653682759934,3.208866436610962
06:04:19:000,06:04:21:383,VLG91MM,UAE81W,18.010800967148935,10.400653682759934,29.235112999778007,15.84401322326347,12.474587916761525
06:04:21:383,06:04:22:953,UAE81W,VLG6LC,29.235112999778007,15.84401322326347,16.465646416430637,7.34814115200169,15.337506938041498
06:04:22:953,06:04:22:977,VLG6LC,VLG5RP,16.465646416430637,7.34814115200169,13.726293396540507,2.890066598193719,5.232445288284563
06:04:22:977,06:04:23:055,VLG5RP,VLG91MM,13.726293396540507,2.890066598193719,17.86556913269402,10.329375206777865,8.513337547264491
06:04:23:055,06:04:25:375,VLG91MM,UAE81W,17.86556913269402,10.329375206777865,28.99184680135605,15.894082497522108,12.440258115964859
06:04:25:375,06:04:26:938,UAE81W,VLG6LC,28.99184680135605,15.894082497522108,16.461859495345468,7.100005104788541,15.308049486403352
06:04:26:938,06:04:26:984,VLG6LC,VLG5RP,16.461859495345468,7.100005104788541,13.50092968755905,2.7120309841326704,5.29352644370308
06:04:26:984,06:04:27:094,VLG5RP,VLG91MM,13.50092968755905,2.7120309841326704,17.709820004343566,10.259114648808518,8.641367342055277
06:04:27:094,06:04:29:367,VLG91MM,UAE81W,17.709820004343566,10.259114648808518,28.727830495688444,15.901386563710489,12.37868278731939
06:04:29:367,06:04:30:914,UAE81W,VLG6LC,28.727830495688444,15.901386563710489,16.460459649329017,6.848910396111152,15.245842457767402
06:04:30:914,06:04:30:984,VLG6LC,VLG5RP,16.460459649329017,6.848910396111152,13.277281290924307,2.5388495243831506,5.358101266252519
06:04:30:984,06:04:31:125,VLG5RP,VLG91MM,13.277281290924307,2.5388495243831506,17.541471361877502,10.180151762454871,8.750589514699891
06:04:31:125,06:04:33:359,VLG91MM,UAE81W,17.541471361877502,10.180151762454871,28.484524059743627,15.861353697669788,12.329900963793861
06:04:33:359,06:04:34:898,UAE81W,VLG6LC,28.484524059743627,15.861353697669788,16.460468762183257,6.592447841059496,15.18191429225887
06:04:34:898,06:04:34:984,VLG6LC,VLG5RP,16.460468762183257,6.592447841059496,13.04836033084745,2.3563276404943654,5.439411576708355
06:04:34:984,06:04:35:148,VLG5RP,VLG91MM,13.04836033084745,2.3563276404943654,17.372706976570978,10.101277142250296,8.870412431061466
06:04:35:148,06:04:37:352,VLG91MM,UAE81W,17.372706976570978,10.101277142250296,28.236805698245448,15.811464455531272,12.273340221269997
06:04:37:352,06:04:38:883,UAE81W,VLG6LC,28.236805698245448,15.811464455531272,16.457612081162733,6.331055099249872,15.120435305618356
06:04:38:883,06:04:39:164,VLG6LC,VLG91MM,16.457612081162733,6.331055099249872,17.205292505701795,10.019241781848583,3.763209670339589
06:04:39:164,06:04:41:344,VLG91MM,UAE81W,17.205292505701795,10.019241781848583,27.997869753546556,15.751488730359924,12.220408288163451
06:04:41:344,06:04:42:859,UAE81W,VLG6LC,27.997869753546556,15.751488730359924,16.453753712385897,6.068184647213156,15.067614049293594
06:04:42:859,06:04:43:172,VLG6LC,VLG91MM,16.453753712385897,6.068184647213156,17.041665897336156,9.935845958561329,3.9120895639686535
06:04:43:172,06:04:45:336,VLG91MM,UAE81W,17.041665897336156,9.935845958561329,27.767438460242083,15.664435605077628,12.159726000587321
06:04:45:336,06:04:46:844,UAE81W,VLG6LC,27.767438460242083,15.664435605077628,16.450659717267996,5.802572014541704,15.010857223881928
06:04:46:844,06:04:47:172,VLG6LC,VLG91MM,16.450659717267996,5.802572014541704,16.885221367716117,9.832987929196818,4.053775557815875
06:04:47:172,06:04:49:328,VLG91MM,UAE81W,16.885221367716117,9.832987929196818,27.541642989252736,15.567696521774456,12.10149595784492
06:04:49:328,06:04:50:828,UAE81W,VLG6LC,27.541642989252736,15.567696521774456,16.449690138689146,5.541928510957909,14.951503009591983
06:04:50:828,06:04:51:164,VLG6LC,VLG91MM,16.449690138689146,5.541928510957909,16.752883862293842,9.701838396079465,4.170944339878598
06:04:51:164,06:04:53:320,VLG91MM,UAE81W,16.752883862293842,9.701838396079465,27.309070965679368,15.467016967729087,12.027899655579558
06:04:53:320,06:04:54:813,UAE81W,VLG6LC,27.309070965679368,15.467016967729087,16.448238416658164,5.278688257673672,14.891599160668335
06:04:54:813,06:04:55:148,VLG6LC,VLG91MM,16.448238416658164,5.278688257673672,16.63607518547491,9.56452110330058,4.289947066383681
06:04:55:148,06:04:57:320,VLG91MM,UAE81W,16.63607518547491,9.56452110330058,27.083589288610664,15.36916091476383,11.951752770035224
06:04:57:320,06:04:58:805,UAE81W,VLG6LC,27.083589288610664,15.36916091476383,16.46033585025605,5.016324023504152,14.83356819219639
06:04:58:805,06:04:59:133,VLG6LC,VLG91MM,16.46033585025605,5.016324023504152,16.536742435567113,9.40082082814398,4.385162505104657
06:04:59:133,06:05:01:313,VLG91MM,UAE81W,16.536742435567113,9.40082082814398,26.864948120750785,15.275037169352178,11.88184540796495
06:05:01:313,06:05:02:789,UAE81W,VLG6LC,26.864948120750785,15.275037169352178,16.524835891982658,4.746993873835037,14.75661263758738
06:05:02:789,06:05:03:109,VLG6LC,VLG91MM,16.524835891982658,4.746993873835037,16.461661298356553,9.219267384015945,4.472719684838933
06:05:03:109,06:05:05:305,VLG91MM,UAE81W,16.461661298356553,9.219267384015945,26.64655077170436,15.18037159906615,11.801132871339101
06:05:05:305,06:05:06:766,UAE81W,VLG6LC,26.64655077170436,15.18037159906615,16.600607078481893,4.494205138319715,14.66680395703775
06:05:06:766,06:05:07:086,VLG6LC,VLG91MM,16.600607078481893,4.494205138319715,16.398502693784692,9.028653285007552,4.538949898083763
06:05:07:086,06:05:09:297,VLG91MM,UAE81W,16.398502693784692,9.028653285007552,26.42414910285217,15.084966221611108,11.712920741886679
06:05:09:297,06:05:10:742,UAE81W,VLG6LC,26.42414910285217,15.084966221611108,16.719755175666638,4.249437842000814,14.545925091218347
06:05:10:742,06:05:11:055,VLG6LC,VLG91MM,16.719755175666638,4.249437842000814,16.339300740184385,8.827277370272562,4.593621700149612
06:05:11:055,06:05:13:289,VLG91MM,UAE81W,16.339300740184385,8.827277370272562,26.210876838344983,14.997029013921942,11.641041620322895
06:05:13:289,06:05:14:719,UAE81W,VLG6LC,26.210876838344983,14.997029013921942,16.864597872891753,4.019772840427329,14.417110792339743
06:05:14:719,06:05:15:031,VLG6LC,VLG91MM,16.864597872891753,4.019772840427329,16.28899140843007,8.626536512773693,4.642584876421781
06:05:15:031,06:05:17:281,VLG91MM,UAE81W,16.28899140843007,8.626536512773693,25.999908732592964,14.9047815327747,11.563661868452158
06:05:17:281,06:05:18:695,UAE81W,VLG6LC,25.999908732592964,14.9047815327747,17.035744210270796,3.8184852538720735,14.257005673242528
06:05:18:695,06:05:18:805,VLG6LC,DLH98Y,17.035744210270796,3.8184852538720735,18.22159110147076,10.487937987348662,6.774055846643646
06:05:18:805,06:05:19:008,DLH98Y,VLG91MM,18.22159110147076,10.487937987348662,16.235685357076903,8.411782022550302,2.873020225439482
06:05:19:008,06:05:21:281,VLG91MM,UAE81W,16.235685357076903,8.411782022550302,25.79303591973181,14.813012479432569,11.502986618248203
06:05:21:281,06:05:22:672,UAE81W,VLG6LC,25.79303591973181,14.813012479432569,17.24223054373816,3.644681159268077,14.06584149829256
06:05:22:672,06:05:22:875,VLG6LC,DLH98Y,17.24223054373816,3.644681159268077,18.1019913620262,10.438764407599477,6.848266631047646
06:05:22:875,06:05:22:984,DLH98Y,VLG91MM,18.1019913620262,10.438764407599477,16.188918900381953,8.1951525730472,2.9484979748415325
06:05:22:984,06:05:25:273,VLG91MM,UAE81W,16.188918900381953,8.1951525730472,25.594155816690364,14.71433977761055,11.443700592904074
06:05:25:273,06:05:26:648,UAE81W,VLG6LC,25.594155816690364,14.71433977761055,17.462606501783025,3.4881541254367834,13.861794204136855
06:05:26:648,06:05:26:930,VLG6LC,DLH98Y,17.462606501783025,3.4881541254367834,17.972925185152842,10.378463205085248,6.909181165064524
06:05:26:930,06:05:26:961,DLH98Y,VLG91MM,17.972925185152842,10.378463205085248,16.14151880819094,7.96703592010685,3.0280407639784186
06:05:26:961,06:05:29:266,VLG91MM,UAE81W,16.14151880819094,7.96703592010685,25.393128971623767,14.61121563315553,11.390233302062834
06:05:29:266,06:05:30:617,UAE81W,VLG6LC,25.393128971623767,14.61121563315553,17.69621204257323,3.369418472638394,13.624262681367968
06:05:30:617,06:05:30:945,VLG6LC,VLG91MM,17.69621204257323,3.369418472638394,16.09686805840415,7.729953675343892,4.644584850525577
06:05:30:945,06:05:30:977,VLG91MM,DLH98Y,16.09686805840415,7.729953675343892,17.823974716839416,10.307053402994306,3.102312108068314
06:05:30:977,06:05:33:258,DLH98Y,UAE81W,17.823974716839416,10.307053402994306,25.189969338064024,14.512824653090442,8.48212170202981
06:05:33:258,06:05:34:594,UAE81W,VLG6LC,25.189969338064024,14.512824653090442,17.941889617137843,3.2620045631999908,13.38340809868637
06:05:34:594,06:05:34:922,VLG6LC,VLG91MM,17.941889617137843,3.2620045631999908,16.057355776054646,7.488318723653122,4.627439808472331
06:05:34:922,06:05:35:016,VLG91MM,DLH98Y,16.057355776054646,7.488318723653122,17.666264448775127,10.234950198223702,3.1831700511058063
06:05:35:016,06:05:37:250,DLH98Y,UAE81W,17.666264448775127,10.234950198223702,24.99243670222289,14.42019865706421,8.437363601825792
06:05:37:250,06:05:38:570,UAE81W,VLG6LC,24.99243670222289,14.42019865706421,18.18605935743213,3.1624234110343084,13.155389619840399
06:05:38:570,06:05:38:898,VLG6LC,VLG91MM,18.18605935743213,3.1624234110343084,16.020200918866625,7.239381359588713,4.616549457136395
06:05:38:898,06:05:39:039,VLG91MM,DLH98Y,16.020200918866625,7.239381359588713,17.493530299867523,10.15609088321664,3.2677046852710445
06:05:39:039,06:05:41:250,DLH98Y,UAE81W,17.493530299867523,10.15609088321664,24.79143409294548,14.32621443701104,8.405315593535585
06:05:41:250,06:05:42:547,UAE81W,VLG6LC,24.79143409294548,14.32621443701104,18.43282912468469,3.062313090114311,12.934733499187862
06:05:42:547,06:05:42:891,VLG6LC,VLG91MM,18.43282912468469,3.062313090114311,15.98482719948966,6.9881534045948746,4.626546833282835
06:05:42:891,06:05:43:063,VLG91MM,DLH98Y,15.98482719948966,6.9881534045948746,17.3256517257278,10.077491151674376,3.3677615897940254
06:05:43:063,06:05:45:242,DLH98Y,UAE81W,17.3256517257278,10.077491151674376,24.590007625886926,14.23306209682086,8.368968665512039
06:05:45:242,06:05:46:523,UAE81W,VLG6LC,24.590007625886926,14.23306209682086,18.678594068549728,2.965904143475904,12.723743890518016
06:05:46:523,06:05:46:867,VLG6LC,VLG91MM,18.678594068549728,2.965904143475904,15.951278209971566,6.7386426506945005,4.655298877226031
06:05:46:867,06:05:47:086,VLG91MM,DLH98Y,15.951278209971566,6.7386426506945005,17.15857619025916,10.001661985125915,3.479204447870194
06:05:47:086,06:05:49:234,DLH98Y,UAE81W,17.15857619025916,10.001661985125915,24.39169327071245,14.14238734763869,8.334481941146773
06:05:49:234,06:05:50:500,UAE81W,VLG6LC,24.39169327071245,14.14238734763869,18.926608664985675,2.869072904961538,12.52815901364702
06:05:50:500,06:05:50:852,VLG6LC,VLG91MM,18.926608664985675,2.869072904961538,15.914631817717128,6.483575457052009,4.704958366186709
06:05:50:852,06:05:51:094,VLG91MM,DLH98Y,15.914631817717128,6.483575457052009,16.9918473454311,9.922730536792583,3.6039118962113226
06:05:51:094,06:05:53:234,DLH98Y,UAE81W,16.9918473454311,9.922730536792583,24.19371840123224,14.05058199339332,8.300970085004947
06:05:53:234,06:05:54:477,UAE81W,VLG6LC,24.19371840123224,14.05058199339332,19.176443642631924,2.771218081858136,12.344921881167583
06:05:54:477,06:05:54:836,VLG6LC,VLG91MM,19.176443642631924,2.771218081858136,15.87972063509672,6.22937097935627,4.777782336072531
06:05:54:836,06:05:55:094,VLG91MM,DLH98Y,15.87972063509672,6.22937097935627,16.837963538025512,9.829544252454331,3.7255170187965865
06:05:55:094,06:05:57:227,DLH98Y,UAE81W,16.837963538025512,9.829544252454331,23.998804915205607,13.961776047248566,8.267586639101092
06:05:57:227,06:05:58:820,UAE81W,VLG91MM,23.998804915205607,13.961776047248566,15.84901688997606,5.979428574976234,11.407756835779216
06:05:58:820,06:05:59:086,VLG91MM,DLH98Y,15.84901688997606,5.979428574976234,16.707089845346037,9.695872026319469,3.814215662986216
06:05:59:086,06:06:01:219,DLH98Y,UAE81W,16.707089845346037,9.695872026319469,23.80389649640676,13.872927103999556,8.234831738688577
06:06:01:219,06:06:02:805,UAE81W,VLG91MM,23.80389649640676,13.872927103999556,15.813530346766711,5.720189019661842,11.415475876069474
06:06:02:805,06:06:03:063,VLG91MM,DLH98Y,15.813530346766711,5.720189019661842,16.609747724042325,9.541149825200778,3.903037738651832
06:06:03:063,06:06:05:211,DLH98Y,UAE81W,16.609747724042325,9.541149825200778,23.616298933915733,13.786462117964527,8.192340100341875
06:06:05:211,06:06:06:797,UAE81W,VLG91MM,23.616298933915733,13.786462117964527,15.77945082116448,5.461558100261221,11.433294155505033
06:06:06:797,06:06:07:039,VLG91MM,DLH98Y,15.77945082116448,5.461558100261221,16.54839922302975,9.365656220840648,3.9791033889361276
06:06:07:039,06:06:09:211,DLH98Y,UAE81W,16.54839922302975,9.365656220840648,23.42871563925203,13.699937861138531,8.131712693200681
06:06:09:211,06:06:10:781,UAE81W,VLG91MM,23.42871563925203,13.699937861138531,15.746409649142375,5.207482541263805,11.451620963241108
06:06:10:781,06:06:11:008,VLG91MM,DLH98Y,15.746409649142375,5.207482541263805,16.512478090934653,9.184869738141876,4.050490065584613
06:06:11:008,06:06:13:203,DLH98Y,UAE81W,16.512478090934653,9.184869738141876,23.24810660555758,13.61688416749468,8.062967405924008
06:06:13:203,06:06:14:766,UAE81W,VLG91MM,23.24810660555758,13.61688416749468,15.711589244301337,4.955639009222397,11.481126322282664
06:06:14:766,06:06:14:969,VLG91MM,DLH98Y,15.711589244301337,4.955639009222397,16.49728745147599,8.989126169936467,4.109299252719705
06:06:14:969,06:06:17:195,DLH98Y,UAE81W,16.49728745147599,8.989126169936467,23.067722418577095,13.53377717859908,7.989021745335469
06:06:17:195,06:06:18:758,UAE81W,VLG91MM,23.067722418577095,13.53377717859908,15.65751710850524,4.700202441420748,11.53009910515657
06:06:18:758,06:06:18:938,VLG91MM,DLH98Y,15.65751710850524,4.700202441420748,16.497382071433496,8.787014933067677,4.172218773966181
06:06:18:938,06:06:21:195,DLH98Y,UAE81W,16.497382071433496,8.787014933067677,22.890489266123865,13.452618318331226,7.914523014773818
06:06:21:195,06:06:22:758,UAE81W,VLG91MM,22.890489266123865,13.452618318331226,15.553903842152192,4.462482151988764,11.603793947352406
06:06:22:758,06:06:22:914,VLG91MM,DLH98Y,15.553903842152192,4.462482151988764,16.502174346033595,8.583250641327789,4.228468977213965
06:06:22:914,06:06:25:188,DLH98Y,UAE81W,16.502174346033595,8.583250641327789,22.71315789806564,13.371603832713827,7.842489589987955
06:06:25:188,06:06:26:758,UAE81W,VLG91MM,22.71315789806564,13.371603832713827,15.430563391565116,4.237306834336311,11.682104450854737
06:06:26:758,06:06:26:883,VLG91MM,DLH98Y,15.430563391565116,4.237306834336311,16.50315671378012,8.364789561351001,4.264571502116577
06:06:26:883,06:06:29:180,DLH98Y,UAE81W,16.50315671378012,8.364789561351001,22.5396023677879,13.29214675014387,7.792145083334768
06:06:29:180,06:06:30:758,UAE81W,VLG91MM,22.5396023677879,13.29214675014387,15.28080890437419,4.024535929401516,11.771945160815113
06:06:30:758,06:06:30:852,VLG91MM,DLH98Y,15.28080890437419,4.024535929401516,16.508723843060746,8.148594396328075,4.302979588062004
06:06:30:852,06:06:33:172,DLH98Y,UAE81W,16.508723843060746,8.148594396328075,22.36950065773909,13.214046049435176,7.746451143681
06:06:33:172,06:06:34:758,UAE81W,VLG91MM,22.36950065773909,13.214046049435176,15.08864258813347,3.852911342286492,11.859246908430777
06:06:34:758,06:06:34:828,VLG91MM,DLH98Y,15.08864258813347,3.852911342286492,16.51537067366646,7.927525201848294,4.317178608140016
06:06:34:828,06:06:37:164,DLH98Y,UAE81W,16.51537067366646,7.927525201848294,22.1957656009964,13.13441303785174,7.705748988070942
06:06:37:164,06:06:38:758,UAE81W,VLG91MM,22.1957656009964,13.13441303785174,14.866206463160978,3.70566823973137,11.942515045965346
06:06:38:758,06:06:38:797,VLG91MM,DLH98Y,14.866206463160978,3.70566823973137,16.519916292990285,7.698206767360479,4.321471982539848
06:06:38:797,06:06:41:156,DLH98Y,UAE81W,16.519916292990285,7.698206767360479,22.025706055959407,13.056508304320454,7.682780504153637
06:06:41:156,06:06:42:766,UAE81W,VLG91MM,22.025706055959407,13.056508304320454,14.628743424626467,3.6034102502550622,12.003171205523598
06:06:42:766,06:06:42:773,VLG91MM,DLH98Y,14.628743424626467,3.6034102502550622,16.522395075976114,7.46096635393677,4.297284685672016
06:06:42:773,06:06:45:148,DLH98Y,UAE81W,16.522395075976114,7.46096635393677,21.852336339285014,12.976052990255695,7.669710195074288
06:06:45:148,06:06:46:734,UAE81W,DLH97F,21.852336339285014,12.976052990255695,18.159984504203365,10.466992028227937,4.464173942086316
06:06:46:734,06:06:46:758,DLH97F,DLH98Y,18.159984504203365,10.466992028227937,16.523886918997455,7.218559913143004,3.6371866208144694
06:06:46:758,06:06:46:773,DLH98Y,VLG91MM,16.523886918997455,7.218559913143004,14.373027436719378,3.5330471203033715,4.267224045991739
06:06:46:773,06:06:49:141,VLG91MM,UAE81W,14.373027436719378,3.5330471203033715,21.685476305158023,12.899891647828278,11.883168132125075
06:06:49:141,06:06:50:734,UAE81W,DLH98Y,21.685476305158023,12.899891647828278,16.524417826210534,6.971306872145914,7.860320735540533
06:06:50:734,06:06:50:789,DLH98Y,VLG91MM,16.524417826210534,6.971306872145914,14.106757947422436,3.4968223756166443,4.23286212935455
06:06:50:789,06:06:50:797,VLG91MM,DLH97F,14.106757947422436,3.4968223756166443,18.032116534202505,10.406028764020252,7.946418875969555
06:06:50:797,06:06:53:133,DLH97F,UAE81W,18.032116534202505,10.406028764020252,21.521942402533966,12.82606241310694,4.2468161549550585
06:06:53:133,06:06:54:711,UAE81W,DLH98Y,21.521942402533966,12.82606241310694,16.522768234247835,6.715466333670564,7.895006447805001
06:06:54:711,06:06:54:844,DLH98Y,DLH97F,16.522768234247835,6.715466333670564,17.885752468278753,10.334027666465472,3.8667443853214953
06:06:54:844,06:06:57:125,DLH97F,UAE81W,17.885752468278753,10.334027666465472,21.3587057713468,12.750826344926708,4.231113387455272
06:06:57:125,06:06:58:695,UAE81W,DLH98Y,21.3587057713468,12.750826344926708,16.52323418355619,6.465647115784451,7.930022914139118
06:06:58:695,06:06:58:891,DLH98Y,DLH97F,16.52323418355619,6.465647115784451,17.725511882213624,10.261131438776264,3.9813531507222057
06:06:58:891,06:07:01:117,DLH97F,UAE81W,17.725511882213624,10.261131438776264,21.202765840476182,12.678785396939832,4.23513231808365
06:07:01:117,06:07:02:680,UAE81W,DLH98Y,21.202765840476182,12.678785396939832,16.51856998621293,6.206865470592161,7.989207616162761
06:07:02:680,06:07:02:922,DLH98Y,DLH97F,16.51856998621293,6.206865470592161,17.562116671475795,10.187449191805085,4.115098594919499
06:07:02:922,06:07:05:109,DLH97F,UAE81W,17.562116671475795,10.187449191805085,21.05043078253802,12.608177000255129,4.245969672529372
06:07:05:109,06:07:06:664,UAE81W,DLH98Y,21.05043078253802,12.608177000255129,16.513728738759667,5.95016227110255,8.056725486674804
06:07:06:664,06:07:06:953,DLH98Y,DLH97F,16.513728738759667,5.95016227110255,17.39143362943057,10.110248794221045,4.251668584795826
06:07:06:953,06:07:09:102,DLH97F,UAE81W,17.39143362943057,10.110248794221045,20.898357583044625,12.536981147242086,4.264685865293138
06:07:09:102,06:07:10:648,UAE81W,DLH98Y,20.898357583044625,12.536981147242086,16.50609695276404,5.692078277892762,8.132936046418871
06:07:10:648,06:07:10:969,DLH98Y,DLH97F,16.50609695276404,5.692078277892762,17.230019078400694,10.033198003793432,4.401066202477555
06:07:10:969,06:07:13:094,DLH97F,UAE81W,17.230019078400694,10.033198003793432,20.745608981945423,12.466824862289126,4.275735264992123
06:07:13:094,06:07:14:641,UAE81W,DLH98Y,20.745608981945423,12.466824862289126,16.496420319381915,5.427604204189638,8.222300880135247
06:07:14:641,06:07:14:977,DLH98Y,DLH97F,16.496420319381915,5.427604204189638,17.06721575315987,9.948268155413013,4.556556812672514
06:07:14:977,06:07:17:086,DLH97F,UAE81W,17.06721575315987,9.948268155413013,20.596528979573225,12.398272451946646,4.296344132302428
06:07:17:086,06:07:18:625,UAE81W,DLH98Y,20.596528979573225,12.398272451946646,16.4872391060926,5.168154896522194,8.316301048515937
06:07:18:625,06:07:18:969,DLH98Y,DLH97F,16.4872391060926,5.168154896522194,16.92718912326785,9.825836454839257,4.678413568326273
06:07:18:969,06:07:21:078,DLH97F,UAE81W,16.92718912326785,9.825836454839257,20.440978271344687,12.3247731560238,4.3117744390992465
06:07:21:078,06:07:22:609,UAE81W,DLH98Y,20.440978271344687,12.3247731560238,16.476986570426632,4.9103211372707385,8.407575687636632
06:07:22:609,06:07:22:953,DLH98Y,DLH97F,16.476986570426632,4.9103211372707385,16.812835458355625,9.6859128538998,4.787386627321764
06:07:22:953,06:07:25:063,DLH97F,UAE81W,16.812835458355625,9.6859128538998,20.294720546928183,12.258295611898143,4.3290503373916875
06:07:25:063,06:07:26:602,UAE81W,DLH98Y,20.294720546928183,12.258295611898143,16.46706091733994,4.652797910354251,8.514374523602367
06:07:26:602,06:07:26:930,DLH98Y,DLH97F,16.46706091733994,4.652797910354251,16.728545810305082,9.52009572046399,4.874316600462885
06:07:26:930,06:07:29:055,DLH97F,UAE81W,16.728545810305082,9.52009572046399,20.14510278033554,12.189500232884097,4.335733153734503
06:07:29:055,06:07:30:586,UAE81W,DLH98Y,20.14510278033554,12.189500232884097,16.456521198828828,4.392055584374629,8.625878339624292
06:07:30:586,06:07:30:898,DLH98Y,DLH97F,16.456521198828828,4.392055584374629,16.675075442401543,9.341492736243069,4.954260194789856
06:07:30:898,06:07:33:039,DLH97F,UAE81W,16.675075442401543,9.341492736243069,19.99238714640858,12.117897759940089,4.325850413173359
06:07:33:039,06:07:34:578,UAE81W,DLH98Y,19.99238714640858,12.117897759940089,16.447390627569575,4.131529278726084,8.737796165870954
06:07:34:578,06:07:34:867,DLH98Y,DLH97F,16.447390627569575,4.131529278726084,16.634039369476334,9.155066510483396,5.027003488332516
06:07:34:867,06:07:37:031,DLH97F,UAE81W,16.634039369476334,9.155066510483396,19.842435813004236,12.048437073235958,4.320347318474011
06:07:37:031,06:07:38:570,UAE81W,DLH98Y,19.842435813004236,12.048437073235958,16.44079646106145,3.871255503824193,8.856491895768505
06:07:38:570,06:07:38:844,DLH98Y,DLH97F,16.44079646106145,3.871255503824193,16.61095928159608,8.963348929372179,5.094935803324839
06:07:38:844,06:07:41:016,DLH97F,UAE81W,16.61095928159608,8.963348929372179,19.69875113433744,11.983283654511013,4.319081415064466
06:07:41:016,06:07:42:563,UAE81W,DLH98Y,19.69875113433744,11.983283654511013,16.43662765306878,3.614577001474168,8.982020966999995
06:07:42:563,06:07:42:813,DLH98Y,DLH97F,16.43662765306878,3.614577001474168,16.5939790360289,8.766441378337008,5.154266777661766
06:07:42:813,06:07:45:000,DLH97F,UAE81W,16.5939790360289,8.766441378337008,19.545424792270197,11.910878161048696,4.3125995330548585
06:07:45:000,06:07:46:547,UAE81W,DLH98Y,19.545424792270197,11.910878161048696,16.434452558173145,3.358298188381385,9.100811635793415
06:07:46:547,06:07:46:789,DLH98Y,DLH97F,16.434452558173145,3.358298188381385,16.580650306544868,8.566366378606222,5.210119773638681
06:07:46:789,06:07:48:977,DLH97F,UAE81W,16.580650306544868,8.566366378606222,19.404063492246813,11.847155340589785,4.328422140950301
06:07:48:977,06:07:50:539,UAE81W,DLH98Y,19.404063492246813,11.847155340589785,16.431850594200473,3.093762787098097,9.244237702852343
06:07:50:539,06:07:50:758,DLH98Y,DLH97F,16.431850594200473,3.093762787098097,16.568091855962184,8.355887477075537,5.263888100470658
06:07:50:758,06:07:52:945,DLH97F,UAE81W,16.568091855962184,8.355887477075537,19.258507092308477,11.78084508540554,4.3553035213199385
06:07:52:945,06:07:54:523,UAE81W,DLH98Y,19.258507092308477,11.78084508540554,16.431593174053873,2.832398544304675,9.38435601414192
06:07:54:523,06:07:54:734,DLH98Y,DLH97F,16.431593174053873,2.832398544304675,16.5642426272668,8.149057498012484,5.318313483377892
06:07:54:734,06:07:56:914,DLH97F,UAE81W,16.5642426272668,8.149057498012484,19.111330902794776,11.708050558798217,4.376538619737415
06:07:56:914,06:07:58:516,UAE81W,DLH98Y,19.111330902794776,11.708050558798217,16.430031928233127,2.5637470050567366,9.529304889337649
06:07:58:516,06:07:58:711,DLH98Y,DLH97F,16.430031928233127,2.5637470050567366,16.558923910665797,7.92821280177483,5.366014016688152
06:07:58:711,06:08:00:867,DLH97F,UAE81W,16.558923910665797,7.92821280177483,18.97157228466873,11.64682539059971,4.432713814622582
06:08:00:867,06:08:02:508,UAE81W,DLH98Y,18.97157228466873,11.64682539059971,16.423773496273114,2.2853001007916696,9.7020324890131
06:08:02:508,06:08:02:688,DLH98Y,DLH97F,16.423773496273114,2.2853001007916696,16.559278838535555,7.708222157217127,5.424614763082017
06:08:02:688,06:08:04:805,DLH97F,UAE81W,16.559278838535555,7.708222157217127,18.8272899888932,11.5836868087461,4.490334157208925
06:08:04:805,06:08:06:500,UAE81W,DLH98Y,18.8272899888932,11.5836868087461,16.418269874850864,2.014710839567944,9.867556891580081
06:08:06:500,06:08:06:664,DLH98Y,DLH97F,16.418269874850864,2.014710839567944,16.558107553087055,7.478628773038902,5.4657070686197615
06:08:06:664,06:08:08:695,DLH97F,UAE81W,16.558107553087055,7.478628773038902,18.684770255515563,11.51739219274059,4.564460998871718
06:08:08:695,06:08:10:492,UAE81W,DLH98Y,18.684770255515563,11.51739219274059,16.408975267686454,1.733604958345355,10.044985588568222
06:08:10:492,06:08:10:586,DLH98Y,THY1852,16.408975267686454,1.733604958345355,18.20927640809025,10.484295071229626,8.933961139823127
06:08:10:586,06:08:10:641,THY1852,DLH97F,18.20927640809025,10.484295071229626,16.561201358808866,7.254718265479131,3.625785116675478
06:08:10:641,06:08:12:516,DLH97F,UAE81W,16.561201358808866,7.254718265479131,18.54856727396436,11.452698656212124,4.644638052819678
06:08:12:516,06:08:14:484,UAE81W,DLH98Y,18.54856727396436,11.452698656212124,16.400723080237537,1.456568741953558,10.22427738000398
06:08:14:484,06:08:14:625,DLH98Y,DLH97F,16.400723080237537,1.456568741953558,16.560725990383972,7.017370602709047,5.5631032945503565
06:08:14:625,06:08:14:656,DLH97F,THY1852,16.560725990383972,7.017370602709047,18.09220718223174,10.435078318839034,3.7451516222815213
06:08:14:656,06:08:16:219,THY1852,UAE81W,18.09220718223174,10.435078318839034,18.41549357131025,11.39116975294544,1.0092694980702963
06:08:16:219,06:08:18:477,UAE81W,DLH98Y,18.41549357131025,11.39116975294544,16.392724020623056,1.1764934989282807,10.41303066496826
06:08:18:477,06:08:18:609,DLH98Y,DLH97F,16.392724020623056,1.1764934989282807,16.56078904116432,6.7782875898929,5.604314667173468
06:08:18:609,06:08:18:719,DLH97F,THY1852,16.56078904116432,6.7782875898929,17.95866284857781,10.369121448323092,3.8533282990554216
06:08:18:719,06:08:19:844,THY1852,UAE81W,17.95866284857781,10.369121448323092,18.28369079182398,11.33236793532763,1.0166056062295832
06:08:19:844,06:08:22:469,UAE81W,DLH98Y,18.28369079182398,11.33236793532763,16.382761424049907,0.8930686954706251,10.610961364576962
06:08:22:469,06:08:22:594,DLH98Y,DLH97F,16.382761424049907,0.8930686954706251,16.56066791970633,6.537128256630172,5.646862761845134
06:08:22:594,06:08:22:766,DLH97F,THY1852,16.56066791970633,6.537128256630172,17.808307510681065,10.29945366219546,3.963798305455213
06:08:22:766,06:08:23:578,THY1852,UAE81W,17.808307510681065,10.29945366219546,18.148592688621324,11.272450916974767,1.0307849727920468
06:08:23:578,06:08:26:570,UAE81W,DLH97F,18.148592688621324,11.272450916974767,16.559857505714046,6.29386406464201,5.225935947524426
06:08:26:570,06:08:26:797,DLH97F,THY1852,16.559857505714046,6.29386406464201,17.645228609004125,10.22232228970022,4.0756366935590105
06:08:26:797,06:08:27:430,THY1852,UAE81W,17.645228609004125,10.22232228970022,18.024220417880983,11.210673160157402,1.0585236106621443
06:08:27:430,06:08:30:555,UAE81W,DLH97F,18.024220417880983,11.210673160157402,16.555286404146177,6.04145109871824,5.373883498660572
06:08:30:555,06:08:30:828,DLH97F,THY1852,16.555286404146177,6.04145109871824,17.469376600536794,10.14159113699086,4.200798640804345
06:08:30:828,06:08:31:344,THY1852,UAE81W,17.469376600536794,10.14159113699086,17.906812200078527,11.15889906958443,1.1073686529174647
06:08:31:344,06:08:34:547,UAE81W,DLH97F,17.906812200078527,11.15889906958443,16.55049794422698,5.794686513593333,5.533024914680819
06:08:34:547,06:08:34:844,DLH97F,THY1852,16.55049794422698,5.794686513593333,17.293476821680372,10.054518567504337,4.324140000031168
06:08:34:844,06:08:35:289,THY1852,UAE81W,17.293476821680372,10.054518567504337,17.81023817398211,11.111291991057117,1.1763555431756954
06:08:35:289,06:08:38:531,UAE81W,DLH97F,17.81023817398211,11.111291991057117,16.542942725123133,5.541738247859428,5.711914447281758
06:08:38:531,06:08:38:859,DLH97F,THY1852,16.542942725123133,5.541738247859428,17.12213786656886,9.971827250609836,4.467790906495563
06:08:38:859,06:08:42:516,THY1852,DLH97F,17.12213786656886,9.971827250609836,16.533901512202153,5.290294522156291,4.718344062929317
06:08:42:516,06:08:42:875,DLH97F,THY1852,16.533901512202153,5.290294522156291,16.94770403890003,9.883644079896593,4.611951072018715
06:08:42:875,06:08:46:508,THY1852,DLH97F,16.94770403890003,9.883644079896593,16.523065715761497,5.03656126197536,4.865647906421625
06:08:46:508,06:08:46:883,DLH97F,THY1852,16.523065715761497,5.03656126197536,16.77462454553901,9.79517620277877,4.765259489227891
06:08:46:883,06:08:50:492,THY1852,DLH97F,16.77462454553901,9.79517620277877,16.51068935279115,4.783631883103705,5.01848963872979
06:08:50:492,06:08:50:883,DLH97F,THY1852,16.51068935279115,4.783631883103705,16.611509151695792,9.682054300971942,4.899459849383938
06:08:50:883,06:08:54:484,THY1852,DLH97F,16.611509151695792,9.682054300971942,16.49763170892302,4.527839062400866,5.155473091530084
06:08:54:484,06:08:54:867,DLH97F,THY1852,16.49763170892302,4.527839062400866,16.473841601304482,9.5313635506206,5.003581044955209
06:08:54:867,06:08:58:477,THY1852,DLH97F,16.473841601304482,9.5313635506206,16.481405332585673,4.269440080693358,5.261928906152386
06:08:58:477,06:08:58:844,DLH97F,THY1852,16.481405332585673,4.269440080693358,16.370124885819724,9.365078403490225,5.09685326987039
06:08:58:844,06:09:02:461,THY1852,DLH97F,16.370124885819724,9.365078403490225,16.467583573775993,4.014907670803396,5.3510583125917135
06:09:02:461,06:09:02:820,DLH97F,THY1852,16.467583573775993,4.014907670803396,16.310507161924164,9.175431243316751,5.1629135710009955
06:09:02:820,06:09:06:453,THY1852,DLH97F,16.310507161924164,9.175431243316751,16.45546901008427,3.760344060351716,5.417027149325928
06:09:06:453,06:09:06:781,DLH97F,THY1852,16.45546901008427,3.760344060351716,16.284916518228872,8.984028173347419,5.226467627838307
06:09:06:781,06:09:10:438,THY1852,DLH97F,16.284916518228872,8.984028173347419,16.445202870647005,3.5012247658611573,5.485145843085165
06:09:10:438,06:09:10:750,DLH97F,THY1852,16.445202870647005,3.5012247658611573,16.293350934340232,8.787653106060123,5.288608853622937
06:09:10:750,06:09:14:430,THY1852,DLH97F,16.293350934340232,8.787653106060123,16.435521833131926,3.241956106427937,5.547519064968832
06:09:14:430,06:09:14:719,DLH97F,THY1852,16.435521833131926,3.241956106427937,16.31582769654257,8.592499628479658,5.351882161231085
06:09:14:719,06:09:18:422,THY1852,DLH97F,16.31582769654257,8.592499628479658,16.424849358179582,2.9707683943643928,5.622788257735945
06:09:18:422,06:09:18:688,DLH97F,THY1852,16.424849358179582,2.9707683943643928,16.338808748405626,8.389879837277567,5.4197944441872306
06:09:18:688,06:09:22:414,THY1852,DLH97F,16.338808748405626,8.389879837277567,16.416459382205236,2.7042683619189405,5.686141703269378
06:09:22:414,06:09:22:656,DLH97F,THY1852,16.416459382205236,2.7042683619189405,16.357986366366468,8.187531237008928,5.483574641684145
06:09:22:656,06:09:26:406,THY1852,DLH97F,16.357986366366468,8.187531237008928,16.40626439661361,2.422821978803831,5.7649114130088845
06:09:26:406,06:09:26:633,DLH97F,THY1852,16.40626439661361,2.422821978803831,16.371265878969478,7.981371948266172,5.558660149644614
06:09:26:633,06:09:30:398,THY1852,DLH97F,16.371265878969478,7.981371948266172,16.398717590888854,2.149172717731472,5.83226383672214
06:09:30:398,06:09:30:609,DLH97F,THY1852,16.398717590888854,2.149172717731472,16.38560112737753,7.783599188011789,5.634441737262935
06:09:30:609,06:09:34:391,THY1852,DLH97F,16.38560112737753,7.783599188011789,16.391735021590577,1.875725107772136,5.907877264519444
06:09:34:391,06:09:34:586,DLH97F,THY1852,16.391735021590577,1.875725107772136,16.391974977270323,7.580841431086362,5.705116328360462
06:09:34:586,06:09:38:375,THY1852,DLH97F,16.391974977270323,7.580841431086362,16.386234963076383,1.5946320968031935,5.986212086254702
06:09:38:375,06:09:38:563,DLH97F,THY1852,16.386234963076383,1.5946320968031935,16.397077271005855,7.3820212303468145,5.787399289724187
06:10:02:461,06:10:06:445,THY1852,VLG700D,16.402697304551445,6.13894901155524,18.20731594351986,10.48506806133964,4.705889844334551
06:10:06:445,06:10:06:445,VLG700D,THY1852,18.20731594351986,10.48506806133964,16.403592236971004,5.911010873267767,4.9168504522019285
06:10:10:430,06:10:10:516,THY1852,VLG700D,16.406065561424462,5.679652080853874,18.087246694922705,10.433297991666567,5.042174079602635
06:10:10:516,06:10:14:414,VLG700D,THY1852,18.087246694922705,10.433297991666567,16.408274810284926,5.437161124203833,5.270704904263232
06:10:14:414,06:10:14:570,THY1852,VLG700D,16.408274810284926,5.437161124203833,17.948051405995784,10.37150438482596,5.169009129257359
06:10:14:570,06:10:18:398,VLG700D,THY1852,17.948051405995784,10.37150438482596,16.409521812490183,5.188392067950399,5.406637272782375
06:10:18:398,06:10:18:617,THY1852,VLG700D,16.409521812490183,5.188392067950399,17.794259310815683,10.300623972252332,5.296452867970348
06:10:18:617,06:10:22:391,VLG700D,THY1852,17.794259310815683,10.300623972252332,16.411767667069086,4.936302577534423,5.53960532627167
06:10:22:391,06:10:22:656,THY1852,VLG700D,16.411767667069086,4.936302577534423,17.62878111530577,10.221298795398212,5.423311419789896
06:10:22:656,06:10:26:375,VLG700D,THY1852,17.62878111530577,10.221298795398212,16.41553744036001,4.681531077893839,5.671065735706078
06:10:26:375,06:10:26:680,THY1852,VLG700D,16.41553744036001,4.681531077893839,17.46429475088411,10.14149708530471,5.559777036757856
06:10:26:680,06:10:30:359,VLG700D,THY1852,17.46429475088411,10.14149708530471,16.419002964737054,4.423757823769299,5.812501800523593
06:10:30:359,06:10:30:695,THY1852,VLG700D,16.419002964737054,4.423757823769299,17.300924288463186,10.065199933457976,5.70996097168899
06:10:30:695,06:10:34:352,VLG700D,THY1852,17.300924288463186,10.065199933457976,16.42206958744371,4.1642170709085615,5.966069420448099
06:10:34:352,06:10:34:711,THY1852,VLG700D,16.42206958744371,4.1642170709085615,17.13951524963349,9.984308500345174,5.864144654184141
06:10:34:711,06:10:38:336,VLG700D,THY1852,17.13951524963349,9.984308500345174,16.42417267327942,3.905365560272812,6.120887376042831
06:10:38:336,06:10:38:711,THY1852,VLG700D,16.42417267327942,3.905365560272812,16.992617351263284,9.876789336710145,5.998419064197606
06:10:38:711,06:10:42:328,VLG700D,THY1852,16.992617351263284,9.876789336710145,16.4287849488615,3.651078403930773,6.251190574324763
06:10:42:328,06:10:42:703,THY1852,VLG700D,16.4287849488615,3.651078403930773,16.877297215093954,9.738756340386091,6.104177742412638
06:10:42:703,06:10:46:320,VLG700D,THY1852,16.877297215093954,9.738756340386091,16.431003666569612,3.393614504317689,6.360817781644114
06:10:46:320,06:10:46:680,THY1852,VLG700D,16.431003666569612,3.393614504317689,16.782596224110765,9.58364260756078,6.200005261728217
06:10:46:680,06:10:50:313,VLG700D,THY1852,16.782596224110765,9.58364260756078,16.42847639403244,3.1384176319517225,6.454945843325834
06:10:50:313,06:10:50:648,THY1852,VLG700D,16.42847639403244,3.1384176319517225,16.721708421828506,9.400563211766055,6.269007280655653
06:10:50:648,06:10:54:297,VLG700D,THY1852,16.721708421828506,9.400563211766055,16.422068348417387,2.8756580165972463,6.531781684926
06:10:54:297,06:10:54:617,THY1852,VLG700D,16.422068348417387,2.8756580165972463,16.681590856974367,9.21343331801753,6.343086606987224
06:10:54:617,06:10:58:289,VLG700D,THY1852,16.681590856974367,9.21343331801753,16.415311771898303,2.6178751927117068,6.600931111247611
06:10:58:289,06:10:58:586,THY1852,VLG700D,16.415311771898303,2.6178751927117068,16.64935995797769,9.01349199880618,6.39989788073256
06:10:58:586,06:11:02:281,VLG700D,THY1852,16.64935995797769,9.01349199880618,16.408168779256197,2.3596226123853503,6.658239331553152
06:11:02:281,06:11:02:555,THY1852,VLG700D,16.408168779256197,2.3596226123853503,16.627887943540706,8.8145887069396,6.4587044980397454
06:11:02:555,06:11:06:273,VLG700D,THY1852,16.627887943540706,8.8145887069396,16.40043909348756,2.0933018662678973,6.72513418260016
06:11:06:273,06:11:06:523,THY1852,VLG700D,16.40043909348756,2.0933018662678973,16.610823592121296,8.603036556331205,6.513133452669229
06:11:42:320,06:11:46:297,VLG700D,VLG6ZP,16.599678423040764,6.421733699054437,18.22897184562598,10.497700690636014,4.389544848084141
06:11:46:297,06:11:46:305,VLG6ZP,VLG700D,18.22897184562598,10.497700690636014,16.59711872783659,6.1618552138688765,4.63276381833145
06:11:50:289,06:11:50:375,VLG700D,VLG6ZP,16.595266660817096,5.907068403758467,18.10684761236077,10.44504834305952,4.783109752302206
06:11:50:375,06:11:54:281,VLG6ZP,VLG700D,18.10684761236077,10.44504834305952,16.589996944078962,5.6428413325545845,5.036072688277019
06:11:54:281,06:11:54:430,VLG700D,VLG6ZP,16.589996944078962,5.6428413325545845,17.97460011644585,10.382031999264356,4.9373124390054
06:11:54:430,06:11:58:266,VLG6ZP,VLG700D,17.97460011644585,10.382031999264356,16.58508555821492,5.384339499276345,5.187261419282057
06:11:58:266,06:11:58:484,VLG700D,VLG6ZP,16.58508555821492,5.384339499276345,17.8182287652288,10.316485602864914,5.083965711543339
06:11:58:484,06:12:02:250,VLG6ZP,VLG700D,17.8182287652288,10.316485602864914,16.58073241516606,5.1303386945034495,5.331746146575789
06:12:02:250,06:12:02:523,VLG700D,VLG6ZP,16.58073241516606,5.1303386945034495,17.6544151477752,10.234943673839732,5.216300087741099
06:12:02:523,06:12:06:242,VLG6ZP,VLG700D,17.6544151477752,10.234943673839732,16.57382531034948,4.873896856600613,5.468866187188842
06:12:06:242,06:12:06:547,VLG700D,VLG6ZP,16.57382531034948,4.873896856600613,17.49423480302166,10.16135316861228,5.366968221038119
06:12:06:547,06:12:10:227,VLG6ZP,VLG700D,17.49423480302166,10.16135316861228,16.564389360261295,4.610751347231395,5.627947505702147
06:12:10:227,06:12:10:563,VLG700D,VLG6ZP,16.564389360261295,4.610751347231395,17.341314698892976,10.090538344686678,5.53458928189689
06:12:10:563,06:12:14:219,VLG6ZP,VLG700D,17.341314698892976,10.090538344686678,16.55518065089516,4.352293955809124,5.791843869434515
06:12:14:219,06:12:14:578,VLG700D,VLG6ZP,16.55518065089516,4.352293955809124,17.178523695696143,10.010574929661418,5.692512637716374
06:12:14:578,06:12:18:203,VLG6ZP,VLG700D,17.178523695696143,10.010574929661418,16.543468381559304,4.094058961392638,5.950500521367333
06:12:18:203,06:12:18:586,VLG700D,VLG6ZP,16.543468381559304,4.094058961392638,17.0337854252821,9.9236962714719,5.8502206770713565
06:12:18:586,06:12:22:195,VLG6ZP,VLG700D,17.0337854252821,9.9236962714719,16.531154413134143,3.831855244414223,6.112541618125476
06:12:22:195,06:12:22:570,VLG700D,VLG6ZP,16.531154413134143,3.831855244414223,16.91407203493795,9.802383269329354,5.9827945645312655
06:12:22:570,06:12:26:188,VLG6ZP,VLG700D,16.91407203493795,9.802383269329354,16.519672546939457,3.569344169292145,6.245504573589402
06:12:26:188,06:12:26:563,VLG700D,VLG6ZP,16.519672546939457,3.569344169292145,16.819256798618678,9.646525660663336,6.084561249828846
06:12:26:563,06:12:30:180,VLG6ZP,VLG700D,16.819256798618678,9.646525660663336,16.507244110587383,3.3069618263127456,6.347237314556505
06:12:30:180,06:12:30:531,VLG700D,VLG6ZP,16.507244110587383,3.3069618263127456,16.75450089328245,9.48929087279064,6.187271479053831
06:12:30:531,06:12:34:172,VLG6ZP,VLG700D,16.75450089328245,9.48929087279064,16.494942861134657,3.040852113796682,6.4536604187505855
06:12:34:172,06:12:34:500,VLG700D,VLG6ZP,16.494942861134657,3.040852113796682,16.704701848277832,9.314247460520187,6.276901146981643
06:12:54:383,06:12:58:250,VLG6ZP,NSZ3DA,16.481209061557426,8.33713104931714,18.169495996017226,10.46700906306472,2.71784714921811
06:12:58:250,06:12:58:359,NSZ3DA,VLG6ZP,18.169495996017226,10.46700906306472,16.442417817712602,8.127282059075034,2.908113045803854
06:12:58:359,06:13:02:313,VLG6ZP,NSZ3DA,16.442417817712602,8.127282059075034,18.04683761117107,10.411073506547634,2.79103318668738
06:13:02:313,06:13:02:344,NSZ3DA,VLG6ZP,18.04683761117107,10.411073506547634,16.39972657058421,7.903649957395179,3.000024605710331
06:13:06:328,06:13:06:359,VLG6ZP,NSZ3DA,16.354513524662483,7.674985826872326,17.914112823992895,10.347427990008107,3.094236107632668
06:13:06:359,06:13:10:305,NSZ3DA,VLG6ZP,17.914112823992895,10.347427990008107,16.305491566166655,7.436327199193458,3.3259840897713495
06:13:10:305,06:13:10:406,VLG6ZP,NSZ3DA,16.305491566166655,7.436327199193458,17.764237727740127,10.279717221812115,3.195748298072404
06:13:10:406,06:13:14:289,NSZ3DA,VLG6ZP,17.764237727740127,10.279717221812115,16.25786831323132,7.198942095470028,3.4293329077323054
06:13:14:289,06:13:14:438,VLG6ZP,NSZ3DA,16.25786831323132,7.198942095470028,17.602447960658928,10.203197901933482,3.2914202677485487
06:13:14:438,06:13:18:273,NSZ3DA,VLG6ZP,17.602447960658928,10.203197901933482,16.207715930471966,6.955405742196647,3.5346048363116207
06:13:18:273,06:13:18:469,VLG6ZP,NSZ3DA,16.207715930471966,6.955405742196647,17.432080913426685,10.12382974153635,3.3967602581102927
06:13:18:469,06:13:22:258,NSZ3DA,VLG6ZP,17.432080913426685,10.12382974153635,16.155161034798454,6.705491279000293,3.6490494955384345
06:13:22:258,06:13:22:484,VLG6ZP,NSZ3DA,16.155161034798454,6.705491279000293,17.255549067233932,10.043911918165026,3.5150968956670723
06:13:22:484,06:13:26:250,NSZ3DA,VLG6ZP,17.255549067233932,10.043911918165026,16.09751442957436,6.446453189442626,3.779253038218045
06:13:26:250,06:13:26:500,VLG6ZP,NSZ3DA,16.09751442957436,6.446453189442626,17.077434408321363,9.95770908462906,3.6454301702582392
06:13:26:500,06:13:30:234,NSZ3DA,VLG6ZP,17.077434408321363,9.95770908462906,16.040704658918532,6.188329964471248,3.909351292066056
06:13:30:234,06:13:30:508,VLG6ZP,NSZ3DA,16.040704658918532,6.188329964471248,16.904268570996216,9.868199084552522,3.779838537711716
06:13:30:508,06:13:34:219,NSZ3DA,VLG6ZP,16.904268570996216,9.868199084552522,15.983879082183982,5.931438014370849,4.042920297855746
06:13:34:219,06:13:34:508,VLG6ZP,NSZ3DA,15.983879082183982,5.931438014370849,16.743791590007323,9.764043098133191,3.907214960509251
06:13:34:508,06:13:38:211,NSZ3DA,VLG6ZP,16.743791590007323,9.764043098133191,15.921499983143834,5.660505732682753,4.185114382709995
06:13:38:211,06:13:38:500,VLG6ZP,NSZ3DA,15.921499983143834,5.660505732682753,16.600468420790754,9.62594875980758,4.023150076829549
06:13:38:500,06:13:42:203,NSZ3DA,VLG6ZP,16.600468420790754,9.62594875980758,15.864730062036372,5.400572156909237,4.288953062096079
06:13:42:203,06:13:42:484,VLG6ZP,NSZ3DA,15.864730062036372,5.400572156909237,16.477464363022925,9.470031415336532,4.115330117937698
06:13:42:484,06:13:46:188,NSZ3DA,VLG6ZP,16.477464363022925,9.470031415336532,15.803034458232004,5.134793338124712,4.387384742940095
06:13:46:188,06:13:46:461,VLG6ZP,NSZ3DA,15.803034458232004,5.134793338124712,16.39517752249089,9.286474876374385,4.193696818272998
06:13:46:461,06:13:50:180,NSZ3DA,VLG6ZP,16.39517752249089,9.286474876374385,15.728129686319628,4.867129029572504,4.469403822590413
06:13:50:180,06:13:50:438,VLG6ZP,NSZ3DA,15.728129686319628,4.867129029572504,16.324252760274735,9.111190387509671,4.2857227545931105
06:13:50:438,06:13:54:180,NSZ3DA,VLG6ZP,16.324252760274735,9.111190387509671,15.59368192576623,4.625382996916053,4.544909425911453
06:13:54:180,06:13:54:406,VLG6ZP,NSZ3DA,15.59368192576623,4.625382996916053,16.27758505015265,8.914291185118268,4.343093014243824
06:13:54:406,06:13:58:172,NSZ3DA,VLG6ZP,16.27758505015265,8.914291185118268,15.459202806997832,4.379912399614493,4.607639359404965
06:13:58:172,06:13:58:375,VLG6ZP,NSZ3DA,15.459202806997832,4.379912399614493,16.262723872256778,8.703214373858346,4.397338520379762
06:13:58:375,06:14:02:172,NSZ3DA,VLG6ZP,16.262723872256778,8.703214373858346,15.289192611514576,4.1636517199676994,4.642778500450026
06:14:02:172,06:14:02:344,VLG6ZP,NSZ3DA,15.289192611514576,4.1636517199676994,16.256756315139487,8.496188135598748,4.439262474031187
06:14:02:344,06:14:06:180,NSZ3DA,VLG6ZP,16.256756315139487,8.496188135598748,15.092793181294402,3.9647947337977936,4.67849723082484
06:14:06:180,06:14:06:313,VLG6ZP,NSZ3DA,15.092793181294402,3.9647947337977936,16.260688011017912,8.277915773289843,4.46844396122452
06:14:06:313,06:14:10:180,NSZ3DA,VLG6ZP,16.260688011017912,8.277915773289843,14.8790696718343,3.784402447750341,4.7011202113931905
06:14:10:180,06:14:10:281,VLG6ZP,NSZ3DA,14.8790696718343,3.784402447750341,16.2668877666545,8.054715414165386,4.490168359365028
06:14:10:281,06:14:14:180,NSZ3DA,VLG6ZP,16.2668877666545,8.054715414165386,14.65759239624242,3.6102268657661143,4.726871062984691
06:14:14:180,06:14:14:258,VLG6ZP,NSZ3DA,14.65759239624242,3.6102268657661143,16.272988310546214,7.822594196695516,4.5114900521480354
06:14:14:258,06:14:18:188,NSZ3DA,VLG6ZP,16.272988310546214,7.822594196695516,14.433805586620618,3.438701763229901,4.75406204841538
06:14:18:188,06:14:18:234,VLG6ZP,NSZ3DA,14.433805586620618,3.438701763229901,16.282465628522168,7.589644291257847,4.543992497959748
06:14:18:234,06:14:22:148,NSZ3DA,VLG8VX,16.282465628522168,7.589644291257847,18.15991942279518,10.467021738070065,3.4357144411393867
06:14:22:148,06:14:22:195,VLG8VX,VLG6ZP,18.15991942279518,10.467021738070065,14.211637550921656,3.263693091048845,8.214430798099261
06:14:22:195,06:14:22:211,VLG6ZP,NSZ3DA,14.211637550921656,3.263693091048845,16.292525940137736,7.347499667189143,4.583401863212633
06:14:26:188,06:14:26:211,NSZ3DA,VLG8VX,16.301231934862262,7.097388142195844,18.034703200359463,10.413648475960333,3.7419921471863384
06:14:26:211,06:14:30:164,VLG8VX,NSZ3DA,18.034703200359463,10.413648475960333,16.314693837138506,6.853739755379479,3.9536542980431877
06:14:30:164,06:14:30:266,NSZ3DA,VLG8VX,16.314693837138506,6.853739755379479,17.89575965200445,10.346070549879224,3.8335549414543326
06:14:30:266,06:14:34:141,VLG8VX,NSZ3DA,17.89575965200445,10.346070549879224,16.326136218175755,6.605511154391087,4.056538218136095
06:14:34:141,06:14:34:305,NSZ3DA,VLG8VX,16.326136218175755,6.605511154391087,17.73779412738069,10.271204061057302,3.9281143744300326
06:14:34:305,06:14:38:117,VLG8VX,NSZ3DA,17.73779412738069,10.271204061057302,16.33636824364279,6.356820795072242,4.157690568168152
06:14:38:117,06:14:38:336,NSZ3DA,VLG8VX,16.33636824364279,6.356820795072242,17.573700844268902,10.192604753340325,4.0304131970654
06:14:38:336,06:14:42:102,VLG8VX,NSZ3DA,17.573700844268902,10.192604753340325,16.34827921636455,6.105728172511391,4.266640171500726
06:14:42:102,06:14:42:359,NSZ3DA,VLG8VX,16.34827921636455,6.105728172511391,17.396372977872282,10.110244283202803,4.139402108239607
06:14:42:359,06:14:46:086,VLG8VX,NSZ3DA,17.396372977872282,10.110244283202803,16.358121126609635,5.85358860008582,4.381447764296913
06:14:46:086,06:14:46:383,NSZ3DA,VLG8VX,16.358121126609635,5.85358860008582,17.229741062265187,10.0325179323105,4.268860699994788
06:14:46:383,06:14:50:070,VLG8VX,NSZ3DA,17.229741062265187,10.0325179323105,16.37108204285614,5.606128156951252,4.508904717890742
06:14:50:070,06:14:50:391,NSZ3DA,VLG8VX,16.37108204285614,5.606128156951252,17.063709830966324,9.95155352343174,4.400278953488572
06:14:50:391,06:14:54:055,VLG8VX,NSZ3DA,17.063709830966324,9.95155352343174,16.38013013980146,5.345217337580708,4.656781533554444
06:14:54:055,06:14:54:398,NSZ3DA,VLG8VX,16.38013013980146,5.345217337580708,16.8982709587398,9.866054469125393,4.550432757244444
06:14:54:398,06:14:58:039,VLG8VX,NSZ3DA,16.8982709587398,9.866054469125393,16.3916954156561,5.093677466107151,4.799187539551661
06:14:58:039,06:14:58:391,NSZ3DA,VLG8VX,16.3916954156561,5.093677466107151,16.759841935922513,9.747864240170191,4.668724278456333
06:14:58:391,06:15:02:023,VLG8VX,NSZ3DA,16.759841935922513,9.747864240170191,16.403110898675788,4.839490039049878,4.9213203849331535
06:15:02:023,06:15:02:375,NSZ3DA,VLG8VX,16.403110898675788,4.839490039049878,16.65958467992401,9.596308896426534,4.7637279983603085
06:15:02:375,06:15:06:016,VLG8VX,NSZ3DA,16.65958467992401,9.596308896426534,16.416254898918726,4.586053536269285,5.016160698812242
06:15:06:016,06:15:06:352,NSZ3DA,VLG8VX,16.416254898918726,4.586053536269285,16.56787061048424,9.441846353126929,4.8581592403131255
06:15:06:352,06:15:10:000,VLG8VX,NSZ3DA,16.56787061048424,9.441846353126929,16.43047728231638,4.333154578766633,5.110538970797657
06:15:10:000,06:15:10:328,NSZ3DA,VLG8VX,16.43047728231638,4.333154578766633,16.515917878090082,9.252239761837703,4.919827144698837
06:15:10:328,06:15:13:984,VLG8VX,NSZ3DA,16.515917878090082,9.252239761837703,16.463658068061655,4.0840623460782615,5.168441630560429
06:15:13:984,06:15:14:297,NSZ3DA,VLG8VX,16.463658068061655,4.0840623460782615,16.483245722186993,9.070898236120552,4.986874358795098
06:15:14:297,06:15:17:969,VLG8VX,NSZ3DA,16.483245722186993,9.070898236120552,16.566240118131645,3.825998250888348,5.245556588661206
06:15:17:969,06:15:18:266,NSZ3DA,VLG8VX,16.566240118131645,3.825998250888348,16.462606314657165,8.872719661289022,5.047785351955762
06:15:18:266,06:15:21:953,VLG8VX,NSZ3DA,16.462606314657165,8.872719661289022,16.669367979963248,3.591320022102787,5.285445348789129
06:15:21:953,06:15:22:234,NSZ3DA,VLG8VX,16.669367979963248,3.591320022102787,16.4547815130487,8.67014368329846,5.083354909240933
06:15:22:234,06:15:25:930,VLG8VX,NSZ3DA,16.4547815130487,8.67014368329846,16.792536540639716,3.355782756783776,5.325083146386451
06:15:25:930,06:15:26:031,NSZ3DA,IBE04GZ,16.792536540639716,3.355782756783776,18.21222603229043,10.495735205715723,7.2797279637162795
06:15:26:031,06:15:26:203,IBE04GZ,VLG8VX,18.21222603229043,10.495735205715723,16.450332537364933,8.46062293121495,2.6918303544771356
06:15:26:203,06:15:29:914,VLG8VX,NSZ3DA,16.450332537364933,8.46062293121495,16.931264998008412,3.124945070446272,5.357308490799984
06:15:29:914,06:15:30:102,NSZ3DA,IBE04GZ,16.931264998008412,3.124945070446272,18.10290861391322,10.442692295859082,7.410949548993528
06:15:30:102,06:15:30:180,IBE04GZ,VLG8VX,18.10290861391322,10.442692295859082,16.45381913285673,8.250991997869358,2.742817221897844
06:15:30:180,06:15:33:891,VLG8VX,NSZ3DA,16.45381913285673,8.250991997869358,17.062806348591636,2.883804628030691,5.401626208086252
06:15:33:891,06:15:34:148,NSZ3DA,VLG8VX,17.062806348591636,2.883804628030691,16.45586527833978,8.028708403642051,5.180580307558073
06:15:34:148,06:15:34:156,VLG8VX,IBE04GZ,16.45586527833978,8.028708403642051,17.9686981044935,10.385896802755292,2.800892769957876
06:15:34:156,06:15:37:875,IBE04GZ,NSZ3DA,17.9686981044935,10.385896802755292,17.197238267442213,2.6457548320203514,7.778492656505872
06:15:37:875,06:15:38:125,NSZ3DA,VLG8VX,17.197238267442213,2.6457548320203514,16.465066323534597,7.806459019458188,5.212383664474813
06:15:38:125,06:15:38:203,VLG8VX,IBE04GZ,16.465066323534597,7.806459019458188,17.819332261057482,10.310658255368663,2.846936957972436
06:15:38:203,06:15:41:859,IBE04GZ,NSZ3DA,17.819332261057482,10.310658255368663,17.32851903248626,2.4078577019958827,7.918027166645087
06:15:41:859,06:15:42:094,NSZ3DA,VLG8VX,17.32851903248626,2.4078577019958827,16.470790071057262,7.572972765593234,5.235848793794024
06:15:42:094,06:15:42:234,VLG8VX,IBE04GZ,16.470790071057262,7.572972765593234,17.665287163197974,10.241041052625883,2.923253613253894
06:15:42:234,06:15:45:836,IBE04GZ,NSZ3DA,17.665287163197974,10.241041052625883,17.461831973083125,2.1687794164147727,8.074825195496825
06:15:45:836,06:15:46:070,NSZ3DA,VLG8VX,17.461831973083125,2.1687794164147727,16.476603814355776,7.334512886679471,5.258847479302119
06:15:46:070,06:15:46:266,VLG8VX,IBE04GZ,16.476603814355776,7.334512886679471,17.493909779032165,10.161213668251664,3.0041885317514616
06:15:46:266,06:15:49:820,IBE04GZ,NSZ3DA,17.493909779032165,10.161213668251664,17.604509556742332,1.9434846486233464,8.218473249385857
06:15:49:820,06:15:50:055,NSZ3DA,VLG8VX,17.604509556742332,1.9434846486233464,16.484370233624784,7.0948949955978575,5.271787236422796
06:15:50:055,06:15:50:281,VLG8VX,IBE04GZ,16.484370233624784,7.0948949955978575,17.321575286347954,10.075939585642304,3.096375162692414
06:15:50:281,06:15:53:805,IBE04GZ,NSZ3DA,17.321575286347954,10.075939585642304,17.77742920183181,1.7424392425077335,8.34595894797512
06:15:53:805,06:15:54:031,NSZ3DA,VLG8VX,17.77742920183181,1.7424392425077335,16.489403133158035,6.846697515818032,5.264262880426837
06:15:54:031,06:15:54:297,VLG8VX,IBE04GZ,16.489403133158035,6.846697515818032,17.16511469783108,10.000305874838867,3.2251870954595767
06:15:54:297,06:15:57:781,IBE04GZ,NSZ3DA,17.16511469783108,10.000305874838867,17.976186090929453,1.5559490911172191,8.483218628297184
06:15:57:781,06:15:58:008,NSZ3DA,VLG8VX,17.976186090929453,1.5559490911172191,16.49208068132818,6.598330510660433,5.25625144441953
06:15:58:008,06:15:58:305,VLG8VX,IBE04GZ,16.49208068132818,6.598330510660433,17.006394485348466,9.917422783350142,3.3587039470061004
06:15:58:305,06:16:01:766,IBE04GZ,NSZ3DA,17.006394485348466,9.917422783350142,18.180026801272987,1.373511382668287,8.624142556549245
06:16:01:766,06:16:02:000,NSZ3DA,VLG8VX,18.180026801272987,1.373511382668287,16.493649258620756,6.353052401311046,5.2573470470102635
06:16:02:000,06:16:02:313,VLG8VX,IBE04GZ,16.493649258620756,6.353052401311046,16.855948997025997,9.825572383676512,3.4913688044055107
06:16:02:313,06:16:05:750,IBE04GZ,NSZ3DA,16.855948997025997,9.825572383676512,18.383976505228237,1.1955994589224566,8.76420565412581
06:16:05:750,06:16:05:984,NSZ3DA,VLG8VX,18.383976505228237,1.1955994589224566,16.494401500170152,6.110368633228706,5.265496152923406
06:16:05:984,06:16:06:305,VLG8VX,IBE04GZ,16.494401500170152,6.110368633228706,16.72987772038052,9.692398402862109,3.589761318085715
06:16:06:305,06:16:09:734,IBE04GZ,NSZ3DA,16.72987772038052,9.692398402862109,18.591454532976798,1.018096952411782,8.871807813657867
06:16:09:734,06:16:09:969,NSZ3DA,VLG8VX,18.591454532976798,1.018096952411782,16.493384651310247,5.86541102567438,5.2818889569173955
06:16:09:969,06:16:10:281,VLG8VX,IBE04GZ,16.493384651310247,5.86541102567438,16.635013559049057,9.54136668818152,3.678683022526622
06:16:10:281,06:16:13:711,IBE04GZ,NSZ3DA,16.635013559049057,9.54136668818152,18.794797088194617,0.8325017045120113,8.972680435441427
06:16:13:711,06:16:13:953,NSZ3DA,VLG8VX,18.794797088194617,0.8325017045120113,16.492597984591626,5.6213775384993765,5.313516017288232
06:16:13:953,06:16:14:258,VLG8VX,IBE04GZ,16.492597984591626,5.6213775384993765,16.553227635979518,9.38308058121506,3.762191613435425
06:16:14:258,06:16:17:938,IBE04GZ,VLG8VX,16.553227635979518,9.38308058121506,16.49140731288931,5.379072205347362,4.004485588232982
06:16:17:938,06:16:18:234,VLG8VX,IBE04GZ,16.49140731288931,5.379072205347362,16.501040393990966,9.212730088041054,3.8336699855087937
06:16:18:234,06:16:21:922,IBE04GZ,VLG8VX,16.501040393990966,9.212730088041054,16.50358438775907,5.136773761724641,4.075957120228705
06:16:21:922,06:16:22:203,VLG8VX,IBE04GZ,16.50358438775907,5.136773761724641,16.462546224600906,9.026569111647795,3.8900118245474764
06:16:22:203,06:16:25:906,IBE04GZ,VLG8VX,16.462546224600906,9.026569111647795,16.55450798762687,4.896374138703522,4.1312186434989115
06:16:25:906,06:16:26:172,VLG8VX,IBE04GZ,16.55450798762687,4.896374138703522,16.441104325140103,8.84032027813933,3.9455761989139213
06:16:26:172,06:16:29:883,IBE04GZ,VLG8VX,16.441104325140103,8.84032027813933,16.66020920793071,4.658966054244065,4.187090886922502
06:16:29:883,06:16:30:141,VLG8VX,IBE04GZ,16.66020920793071,4.658966054244065,16.430884866282252,8.64416749162325,3.9917941016742864
06:16:30:141,06:16:33:859,IBE04GZ,VLG8VX,16.430884866282252,8.64416749162325,16.78160002512172,4.450539049292745,4.208268127741289
06:16:33:859,06:16:34:117,VLG8VX,IBE04GZ,16.78160002512172,4.450539049292745,16.4136407944139,8.43400924975792,4.000428581221912
06:16:34:117,06:16:37:836,IBE04GZ,VLG8VX,16.4136407944139,8.43400924975792,16.930238567966878,4.256317673344987,4.209510680265757
06:16:37:836,06:16:38:086,VLG8VX,IBE04GZ,16.930238567966878,4.256317673344987,16.400587874929524,8.220702455166663,3.999609550315411
06:16:38:086,06:16:41:813,IBE04GZ,VLG8VX,16.400587874929524,8.220702455166663,17.100045807226078,4.079487339252247,4.199869525988946
06:16:41:813,06:16:42:063,VLG8VX,IBE04GZ,17.100045807226078,4.079487339252247,16.393704231991986,8.002849003974795,3.9864376544878586
06:16:42:063,06:16:45:789,IBE04GZ,VLG8VX,16.393704231991986,8.002849003974795,17.280564892994533,3.9141742864332745,4.183752236676678
06:16:45:789,06:16:45:930,VLG8VX,NSZ5528,17.280564892994533,3.9141742864332745,18.20391739916474,10.48221323449715,6.63262508166524
06:16:45:930,06:16:46:039,NSZ5528,IBE04GZ,18.20391739916474,10.48221323449715,16.386280138522782,7.770993197547725,3.2641261158279486
06:16:46:039,06:16:49:766,IBE04GZ,VLG8VX,16.386280138522782,7.770993197547725,17.462337514946988,3.754550062921864,4.158090298567378
06:16:49:766,06:16:49:992,VLG8VX,NSZ5528,17.462337514946988,3.754550062921864,18.086026113695443,10.429519364567406,6.7040437532969
06:16:49:992,06:16:50:016,NSZ5528,IBE04GZ,18.086026113695443,10.429519364567406,16.38508531133311,7.534896447683189,3.3573861029217817
06:16:50:016,06:16:53:750,IBE04GZ,VLG8VX,16.38508531133311,7.534896447683189,17.64508954602393,3.596421672830361,4.135117195871337
06:16:53:750,06:16:54:000,VLG8VX,IBE04GZ,17.64508954602393,3.596421672830361,16.38632158611667,7.292002163264433,3.904076323301841
06:16:54:000,06:16:54:055,IBE04GZ,NSZ5528,16.38632158611667,7.292002163264433,17.955555244556614,10.366492654053976,3.451809098536033
06:16:54:055,06:16:57:727,NSZ5528,VLG8VX,17.955555244556614,10.366492654053976,17.825018595128803,3.4319895560694964,6.93573161481903
06:16:57:727,06:16:57:969,VLG8VX,IBE04GZ,17.825018595128803,3.4319895560694964,16.40911312086676,7.033206215789497,3.869567125957386
06:16:57:969,06:16:58:102,IBE04GZ,NSZ5528,16.40911312086676,7.033206215789497,17.80895521996838,10.298946413617523,3.553113696763314
06:16:58:102,06:17:01:711,NSZ5528,VLG8VX,17.80895521996838,10.298946413617523,18.00768911219618,3.2753359647153992,7.026421485923478
06:17:01:711,06:17:01:953,VLG8VX,IBE04GZ,18.00768911219618,3.2753359647153992,16.402131809853937,6.775365185071194,3.8507166598503306
06:17:01:953,06:17:02:133,IBE04GZ,NSZ5528,16.402131809853937,6.775365185071194,17.650113824323732,10.223191779001866,3.66673796858402
06:17:02:133,06:17:05:688,NSZ5528,VLG8VX,17.650113824323732,10.223191779001866,18.19068567263009,3.1194317273741667,7.12429819661438
06:17:05:688,06:17:05:930,VLG8VX,IBE04GZ,18.19068567263009,3.1194317273741667,16.412557955151986,6.5041891542889525,3.8233912981434024
06:17:05:930,06:17:06:164,IBE04GZ,NSZ5528,16.412557955151986,6.5041891542889525,17.482031280233045,10.145544146666545,3.795159993145632
06:17:06:164,06:17:09:664,NSZ5528,VLG8VX,17.482031280233045,10.145544146666545,18.383154349313077,2.962629980391316,7.2392181004377525
06:17:09:664,06:17:09:906,VLG8VX,IBE04GZ,18.383154349313077,2.962629980391316,16.425101634018244,6.226700496655998,3.8063272023069508
06:17:09:906,06:17:10:188,IBE04GZ,NSZ5528,16.425101634018244,6.226700496655998,17.30137054209617,10.063115530996043,3.9352163237837905
06:17:10:188,06:17:13:641,NSZ5528,VLG8VX,17.30137054209617,10.063115530996043,18.58941438046896,2.810235655347685,7.366364328497135
06:17:13:641,06:17:13:891,VLG8VX,IBE04GZ,18.58941438046896,2.810235655347685,16.43678085988167,5.944245654687676,3.8020849214502146
06:17:13:891,06:17:14:195,IBE04GZ,NSZ5528,16.43678085988167,5.944245654687676,17.127564444009266,9.982896810491791,4.0973021756246
06:17:14:195,06:17:17:625,NSZ5528,VLG8VX,17.127564444009266,9.982896810491791,18.808870728335958,2.6638410568537143,7.509684943230246
06:17:17:625,06:17:17:875,VLG8VX,IBE04GZ,18.808870728335958,2.6638410568537143,16.44760073621598,5.651791199972271,3.808338487247226
06:17:17:875,06:17:18:211,IBE04GZ,NSZ5528,16.44760073621598,5.651791199972271,16.948734314041502,9.89334510345446,4.271055417454707
06:17:18:211,06:17:21:602,NSZ5528,VLG8VX,16.948734314041502,9.89334510345446,19.04241693365749,2.512412818328798,7.672135837515677
06:17:21:602,06:17:21:852,VLG8VX,IBE04GZ,19.04241693365749,2.512412818328798,16.45866639084171,5.354027069515692,3.8406429696144997
06:17:21:852,06:17:22:211,IBE04GZ,NSZ5528,16.45866639084171,5.354027069515692,16.783001095623238,9.783236413413078,4.441068386412625
06:17:22:211,06:17:25:578,NSZ5528,VLG8VX,16.783001095623238,9.783236413413078,19.28242974421963,2.3678286923564835,7.825306079568399
06:17:25:578,06:17:25:844,VLG8VX,IBE04GZ,19.28242974421963,2.3678286923564835,16.46852831034143,5.055134925889163,3.890971096315853
06:17:25:844,06:17:26:195,IBE04GZ,NSZ5528,16.46852831034143,5.055134925889163,16.648884513817247,9.628451524542667,4.576871537595507
06:17:26:195,06:17:29:555,NSZ5528,VLG8VX,16.648884513817247,9.628451524542667,19.52834840212699,2.217937967538131,7.950284489414696
06:17:29:555,06:17:29:828,VLG8VX,IBE04GZ,19.52834840212699,2.217937967538131,16.476782059950335,4.758225205399605,3.970530996170071
06:17:29:828,06:17:30:188,IBE04GZ,NSZ5528,16.476782059950335,4.758225205399605,16.508780522081757,9.487402567177948,4.7292856142059705
06:17:30:188,06:17:33:539,NSZ5528,VLG8VX,16.508780522081757,9.487402567177948,19.779849527763417,2.0627587163545043,8.113274847526219
06:17:33:539,06:17:33:820,VLG8VX,IBE04GZ,19.779849527763417,2.0627587163545043,16.480509243318867,4.451580183706514,4.073341909960476
06:17:33:820,06:17:34:172,IBE04GZ,NSZ5528,16.480509243318867,4.451580183706514,16.391965102845447,9.331924555170414,4.881147534022255
06:17:34:172,06:17:37:523,NSZ5528,VLG8VX,16.391965102845447,9.331924555170414,20.035427942194342,1.914001896765021,8.264405485441795
06:17:37:523,06:17:37:805,VLG8VX,IBE04GZ,20.035427942194342,1.914001896765021,16.48390779154577,4.150347183489885,4.196967431600984
06:17:37:805,06:17:38:148,IBE04GZ,NSZ5528,16.48390779154577,4.150347183489885,16.313891121401966,9.134097329813738,4.9866492947779895
06:17:38:148,06:17:41:500,NSZ5528,VLG8VX,16.313891121401966,9.134097329813738,20.29723080131349,1.748956696957643,8.39090562291221
06:17:41:500,06:17:41:797,VLG8VX,IBE04GZ,20.29723080131349,1.748956696957643,16.46585817078274,3.839809788984998,4.364754619267898
06:17:41:797,06:17:42:125,IBE04GZ,NSZ5528,16.46585817078274,3.839809788984998,16.24113410718624,8.945709977546956,5.110843143779348
06:17:42:125,06:17:45:789,NSZ5528,IBE04GZ,16.24113410718624,8.945709977546956,16.38003640622143,3.540760660438805,5.406733854110551
06:17:45:789,06:17:46:094,IBE04GZ,NSZ5528,16.38003640622143,3.540760660438805,16.19501757463937,8.739473466430965,5.202004114495381
06:17:46:094,06:17:49:781,NSZ5528,IBE04GZ,16.19501757463937,8.739473466430965,16.30438878020595,3.2473623036744432,5.493200076884319
06:17:49:781,06:17:50:070,IBE04GZ,NSZ5528,16.30438878020595,3.2473623036744432,16.15758817656228,8.520125470367125,5.274806330971895
06:17:50:070,06:17:53:781,NSZ5528,IBE04GZ,16.15758817656228,8.520125470367125,16.17974461790244,2.9673292836647254,5.552840390192174
06:17:53:781,06:17:54:039,IBE04GZ,NSZ5528,16.17974461790244,2.9673292836647254,16.121569913299286,8.294869704254618,5.327858033888928
06:17:54:039,06:17:57:781,NSZ5528,IBE04GZ,16.121569913299286,8.294869704254618,16.0307480907899,2.702758149244908,5.592849027742215
06:17:57:781,06:17:58:016,IBE04GZ,NSZ5528,16.0307480907899,2.702758149244908,16.088359876513927,8.066708751237996,5.3642599842360665
06:17:58:016,06:18:01:781,NSZ5528,IBE04GZ,16.088359876513927,8.066708751237996,15.82771705536436,2.45923848956398,5.613524509234397
06:18:01:781,06:18:01:992,IBE04GZ,NSZ5528,15.82771705536436,2.45923848956398,16.05384970519243,7.824528877026191,5.370053716408494
06:18:01:992,06:18:05:781,NSZ5528,IBE04GZ,16.05384970519243,7.824528877026191,15.631084211991777,2.227469344766247,5.613003302146107
06:18:05:781,06:18:05:969,IBE04GZ,NSZ5528,15.631084211991777,2.227469344766247,16.021917536041165,7.5790496591550545,5.365832884887611
06:18:05:969,06:18:09:797,NSZ5528,IBE04GZ,16.021917536041165,7.5790496591550545,15.423503328737205,2.01781232828234,5.5933407024599795
06:18:09:797,06:18:09:953,IBE04GZ,NSZ5528,15.423503328737205,2.01781232828234,15.98843621923294,7.325032319777964,5.337202751338446
06:18:09:953,06:18:13:797,NSZ5528,IBE04GZ,15.98843621923294,7.325032319777964,15.15950666299418,1.838031701306312,5.549261211757335
06:18:13:797,06:18:13:930,IBE04GZ,NSZ5528,15.15950666299418,1.838031701306312,15.95793462840138,7.072653413481068,5.295163046169178
06:18:13:930,06:18:17:805,NSZ5528,IBE04GZ,15.95793462840138,7.072653413481068,14.882209501065171,1.6927269602342765,5.486418977067565
06:18:17:805,06:18:17:914,IBE04GZ,NSZ5528,14.882209501065171,1.6927269602342765,15.922607767960494,6.81260483358267,5.2245170103810805
06:18:17:914,06:18:21:813,NSZ5528,IBE04GZ,15.922607767960494,6.81260483358267,14.595086274790251,1.581101656943886,5.397308477566447
06:18:21:813,06:18:21:898,IBE04GZ,NSZ5528,14.595086274790251,1.581101656943886,15.888116281370118,6.549630930021059,5.134024711212511
06:18:21:898,06:18:25:828,NSZ5528,IBE04GZ,15.888116281370118,6.549630930021059,14.295591872559276,1.484858234451422,5.30924254959651
06:18:25:828,06:18:25:875,IBE04GZ,NSZ5528,14.295591872559276,1.484858234451422,15.857243239137262,6.287515287825042,5.050175221024937
06:18:25:875,06:18:29:836,NSZ5528,IBE04GZ,15.857243239137262,6.287515287825042,13.992177903462766,1.378304219291672,5.251554248195973
06:18:29:836,06:18:29:859,IBE04GZ,NSZ5528,13.992177903462766,1.378304219291672,15.824565921058456,6.023896322403904,4.993913478978886
06:18:29:859,06:18:33:844,NSZ5528,IBE04GZ,15.824565921058456,6.023896322403904,13.69450934564653,1.274924386648172,5.204793508012697
06:18:33:844,06:18:33:844,IBE04GZ,NSZ5528,13.69450934564653,1.274924386648172,15.793796518728245,5.761007405791164,4.952973600748193
06:18:37:828,06:18:37:844,NSZ5528,IBE04GZ,15.763010825739643,5.49964446622282,13.392823323666857,1.169926293301222,4.936015422576147
06:18:37:844,06:18:41:820,IBE04GZ,NSZ5528,13.392823323666857,1.169926293301222,15.72791269608362,5.232958020118782,4.6862425449713765
06:19:33:813,06:19:49:680,NSZ5528,VLG5WG,13.483807100059307,2.6588158968278064,18.230380947690204,10.501346990226883,9.167074628361268
06:21:17:680,06:21:21:563,VLG5WG,VLG45PN,16.285993226083512,7.3680253053549585,18.22847083960417,10.502057180375418,3.6871906748462537
06:21:21:563,06:21:21:664,VLG45PN,VLG5WG,18.22847083960417,10.502057180375418,16.235922717850585,7.13273471182953,3.9144069684374805
06:21:21:664,06:21:25:633,VLG5WG,VLG45PN,16.235922717850585,7.13273471182953,18.113578084093373,10.445986952650015,3.8083106603430226
06:21:25:633,06:21:25:648,VLG45PN,VLG5WG,18.113578084093373,10.445986952650015,16.183855660169524,6.891673279457509,4.044375640421862
06:21:29:633,06:21:29:688,VLG5WG,VLG45PN,16.133409110766003,6.655319571747967,17.98766613130835,10.392196635883044,4.1716326888509
06:21:29:688,06:21:33:617,VLG45PN,VLG5WG,17.98766613130835,10.392196635883044,16.079913075996952,6.412669189912068,4.413180306002267
06:21:33:617,06:21:33:734,VLG5WG,VLG45PN,16.079913075996952,6.412669189912068,17.84466814723258,10.32562352155305,4.292501841928526
06:21:33:734,06:21:37:609,VLG45PN,VLG5WG,17.84466814723258,10.32562352155305,16.02610825942672,6.17056573828938,4.5355997671527915
06:21:37:609,06:21:37:773,VLG5WG,VLG45PN,16.02610825942672,6.17056573828938,17.681891874215207,10.247190105529349,4.400055182674043
06:21:37:773,06:21:41:594,VLG45PN,VLG5WG,17.681891874215207,10.247190105529349,15.971509495110842,5.926059580022383,4.647319324214639
06:21:41:594,06:21:41:805,VLG5WG,VLG45PN,15.971509495110842,5.926059580022383,17.513129756114264,10.16967971734627,4.514964551249219
06:21:41:805,06:21:45:586,VLG45PN,VLG5WG,17.513129756114264,10.16967971734627,15.912922582451012,5.674952487727342,4.77108330123476
06:21:45:586,06:21:45:820,VLG5WG,VLG45PN,15.912922582451012,5.674952487727342,17.34305156964551,10.087089345574244,4.638126838755608
06:21:45:820,06:21:49:578,VLG45PN,VLG5WG,17.34305156964551,10.087089345574244,15.856547391780609,5.427682252430696,4.890784101802717
06:21:49:578,06:21:49:844,VLG5WG,VLG45PN,15.856547391780609,5.427682252430696,17.174813942774076,10.006422562340418,4.764733940637231
06:21:49:844,06:21:53:570,VLG45PN,VLG5WG,17.174813942774076,10.006422562340418,15.79821047256886,5.1779242983712885,5.020899580686109
06:21:53:570,06:21:53:852,VLG5WG,VLG45PN,15.79821047256886,5.1779242983712885,17.00628220899434,9.922825488460118,4.896276608205103
06:21:53:852,06:21:57:555,VLG45PN,VLG5WG,17.00628220899434,9.922825488460118,15.736893179024165,4.929447014560005,5.152201189105258
06:21:57:555,06:21:57:859,VLG5WG,VLG45PN,15.736893179024165,4.929447014560005,16.846649388761545,9.842983271698188,5.037300606005381
06:21:57:859,06:22:01:555,VLG45PN,VLG5WG,16.846649388761545,9.842983271698188,15.6328971291838,4.687611530399678,5.296324417802341
06:22:01:555,06:22:01:859,VLG5WG,VLG45PN,15.6328971291838,4.687611530399678,16.697026280986073,9.73876779197119,5.162029681290928
06:22:01:859,06:22:05:547,VLG45PN,VLG5WG,16.697026280986073,9.73876779197119,15.506474054404771,4.46387942473097,5.407574492419304
06:22:05:547,06:22:05:852,VLG5WG,VLG45PN,15.506474054404771,4.46387942473097,16.56965633821986,9.612626281478295,5.2573710886225005
06:22:05:852,06:22:09:547,VLG45PN,VLG5WG,16.56965633821986,9.612626281478295,15.37231155022746,4.24853089046678,5.496103520240822
06:22:09:547,06:22:09:836,VLG5WG,VLG45PN,15.37231155022746,4.24853089046678,16.456125528246577,9.462910291937638,5.325824375759419
06:22:09:836,06:22:13:547,VLG45PN,VLG5WG,16.456125528246577,9.462910291937638,15.19160095497229,4.059186100278712,5.54970787843238
06:22:13:547,06:22:13:813,VLG5WG,VLG45PN,15.19160095497229,4.059186100278712,16.36884856792892,9.289927883445383,5.3615829327147155
06:22:13:813,06:22:17:555,VLG45PN,VLG5WG,16.36884856792892,9.289927883445383,14.99340210931266,3.883641467859214,5.578511070874698
06:22:17:555,06:22:17:781,VLG5WG,VLG45PN,14.99340210931266,3.883641467859214,16.319395512657177,9.107751933823383,5.38976703265638
06:22:17:781,06:22:21:555,VLG45PN,VLG5WG,16.319395512657177,9.107751933823383,14.789256900632624,3.7213415912801415,5.599530386582899
06:22:21:555,06:22:21:750,VLG5WG,VLG45PN,14.789256900632624,3.7213415912801415,16.295957224003093,8.909974403736676,5.402967363120499
06:22:21:750,06:22:25:555,VLG45PN,VLG5WG,16.295957224003093,8.909974403736676,14.579669952461307,3.559125880707304,5.619361344037412
06:22:25:555,06:22:25:719,VLG5WG,VLG45PN,14.579669952461307,3.559125880707304,16.280057701320917,8.700360148434052,5.415127726297843
06:22:41:609,06:22:45:445,VLG45PN,VLG65MT,16.258841861100287,7.821282342418208,18.242927752249297,10.509273642450886,3.340942090564865
06:22:45:445,06:22:45:586,VLG65MT,VLG45PN,18.242927752249297,10.509273642450886,16.262300857232354,7.586682088425984,3.5304991557741734
06:22:45:586,06:22:49:516,VLG45PN,VLG65MT,16.262300857232354,7.586682088425984,18.13346149475238,10.462256018483703,3.430767779758919
06:22:49:516,06:22:49:555,VLG65MT,VLG45PN,18.13346149475238,10.462256018483703,16.269478477107302,7.345300363827596,3.631782653623689
06:22:53:531,06:22:53:570,VLG45PN,VLG65MT,16.28027790201415,7.092787590703081,18.00962107727986,10.401451963623073,3.7333480617895964
06:22:53:570,06:22:57:508,VLG65MT,VLG45PN,18.00962107727986,10.401451963623073,16.29794758565606,6.836819076267928,3.9542930801271523
06:22:57:508,06:22:57:617,VLG45PN,VLG65MT,16.29794758565606,6.836819076267928,17.86744775815791,10.33290706789303,3.8322267726047436
06:22:57:617,06:23:01:484,VLG65MT,VLG45PN,17.86744775815791,10.33290706789303,16.315359395564364,6.567904033431237,4.0723735259434175
06:23:01:484,06:23:01:656,VLG45PN,VLG65MT,16.315359395564364,6.567904033431237,17.711846859529373,10.262519856071377,3.94972952414647
06:23:01:656,06:23:05:469,VLG65MT,VLG45PN,17.711846859529373,10.262519856071377,16.335786802869773,6.3019654923991055,4.192795266542058
06:23:05:469,06:23:05:695,VLG45PN,VLG65MT,16.335786802869773,6.3019654923991055,17.542883524126868,10.178844191085366,4.060452060891361
06:23:05:695,06:23:09:453,VLG65MT,VLG45PN,17.542883524126868,10.178844191085366,16.35637282728867,6.03075238662854,4.314449356744537
06:23:09:453,06:23:09:719,VLG45PN,VLG65MT,16.35637282728867,6.03075238662854,17.37243482324884,10.101418789901604,4.195558001788395
06:23:09:719,06:23:13:430,VLG65MT,VLG45PN,17.37243482324884,10.101418789901604,16.37487174229984,5.755210911244213,4.459221347385218
06:23:13:430,06:23:13:734,VLG45PN,VLG65MT,16.37487174229984,5.755210911244213,17.204474932917623,10.019818010613424,4.344550053328132
06:23:13:734,06:23:17:414,VLG65MT,VLG45PN,17.204474932917623,10.019818010613424,16.39219504443933,5.4826651198594485,4.609290072375948
06:23:17:414,06:23:17:742,VLG45PN,VLG65MT,16.39219504443933,5.4826651198594485,17.041481050182643,9.941329977941669,4.5056924699707865
06:23:17:742,06:23:21:398,VLG65MT,VLG45PN,17.041481050182643,9.941329977941669,16.406798895318975,5.20077644048308,4.782851584485298
06:23:21:398,06:23:21:750,VLG45PN,VLG65MT,16.406798895318975,5.20077644048308,16.878427123009228,9.852648950065298,4.675719306220276
06:23:21:750,06:23:25:383,VLG65MT,VLG45PN,16.878427123009228,9.852648950065298,16.421178171481156,4.920876609212519,4.9529238865213765
06:23:25:383,06:23:25:742,VLG45PN,VLG65MT,16.421178171481156,4.920876609212519,16.732709345515705,9.74334822403988,4.83252357968494
06:23:25:742,06:23:29:367,VLG65MT,VLG45PN,16.732709345515705,9.74334822403988,16.43408881309812,4.643099074050408,5.108983814257948
06:23:29:367,06:23:29:734,VLG45PN,VLG65MT,16.43408881309812,4.643099074050408,16.607209036600338,9.609339162119385,4.969256606790277
06:23:29:734,06:23:33:352,VLG65MT,VLG45PN,16.607209036600338,9.609339162119385,16.44473362365351,4.359575810300342,5.2522769833582235
06:23:33:352,06:23:33:711,VLG45PN,VLG65MT,16.44473362365351,4.359575810300342,16.495858196021686,9.458175104777702,5.098855605677107
06:23:33:711,06:23:37:336,VLG65MT,VLG45PN,16.495858196021686,9.458175104777702,16.45411120094394,4.073588178976659,5.3847487567300245
06:23:37:336,06:23:37:688,VLG45PN,VLG65MT,16.45411120094394,4.073588178976659,16.42156420262925,9.289507069120768,5.216020434743469
06:23:37:688,06:23:41:328,VLG65MT,VLG45PN,16.42156420262925,9.289507069120768,16.463542428425068,3.7927548853272106,5.496912473514582
06:23:41:328,06:23:41:664,VLG45PN,VLG65MT,16.463542428425068,3.7927548853272106,16.36438137870124,9.10589848885015,5.314068861563524
06:23:41:664,06:23:45:313,VLG65MT,VLG45PN,16.36438137870124,9.10589848885015,16.468676312339447,3.510322048385927,5.596548323231102
06:23:45:313,06:23:45:633,VLG45PN,VLG65MT,16.468676312339447,3.510322048385927,16.329268568546762,8.915795125139473,5.407270448436699
06:23:45:633,06:23:49:305,VLG65MT,VLG45PN,16.329268568546762,8.915795125139473,16.464828316175655,3.230598234386442,5.686812827217469
06:23:49:305,06:23:49:617,VLG45PN,VLG65MT,16.464828316175655,3.230598234386442,16.291210202206997,8.717055323379777,5.489203461237637
06:23:49:617,06:23:53:297,VLG65MT,VLG45PN,16.291210202206997,8.717055323379777,16.450200851057442,2.942341058202376,5.776902532574463
06:23:53:297,06:23:53:594,VLG45PN,VLG65MT,16.450200851057442,2.942341058202376,16.253900371435353,8.516932522363124,5.578046599894423
06:23:53:594,06:23:57:289,VLG65MT,VLG45PN,16.253900371435353,8.516932522363124,16.436218933948947,2.662004753130089,5.857765720918953
06:23:57:289,06:23:57:563,VLG45PN,VLG65MT,16.436218933948947,2.662004753130089,16.21357210309555,8.30833934997769,5.65072260784824
06:23:57:563,06:24:01:281,VLG65MT,VLG45PN,16.21357210309555,8.30833934997769,16.420515430817918,2.378369735087653,5.933579457158039
06:24:01:281,06:24:01:547,VLG45PN,VLG65MT,16.420515430817918,2.378369735087653,16.174753087326884,8.096654518037571,5.723563574242431
06:24:01:547,06:24:05:273,VLG65MT,VLG45PN,16.174753087326884,8.096654518037571,16.407082407808705,2.0945011776635694,6.0066481197518415
06:24:05:273,06:24:05:523,VLG45PN,VLG65MT,16.407082407808705,2.0945011776635694,16.136852615517853,7.877292874872425,5.789102171662652
06:24:05:523,06:24:09:266,VLG65MT,VLG45PN,16.136852615517853,7.877292874872425,16.39312844647442,1.815056535539502,6.067650841591095
06:24:09:266,06:24:09:500,VLG45PN,VLG65MT,16.39312844647442,1.815056535539502,16.099396804838943,7.651334649165369,5.84366498842004
06:24:09:500,06:24:13:250,VLG65MT,VLG45PN,16.099396804838943,7.651334649165369,16.379202743734336,1.531441156525752,6.126286617902713
06:24:13:250,06:24:13:484,VLG45PN,VLG65MT,16.379202743734336,1.531441156525752,16.064681580378675,7.4215268217509855,5.898477151425644
06:24:13:484,06:24:17:242,VLG65MT,VLG45PN,16.064681580378675,7.4215268217509855,16.36799266731062,1.2474758009281055,6.181496875610298
06:24:17:242,06:24:17:461,VLG45PN,VLG65MT,16.36799266731062,1.2474758009281055,16.027726691240403,7.181716549885811,5.943988072082676
06:24:17:461,06:24:21:234,VLG65MT,VLG45PN,16.027726691240403,7.181716549885811,16.35481320701373,0.9601482891785535,6.2301602877807785
06:24:21:234,06:24:21:445,VLG45PN,VLG65MT,16.35481320701373,0.9601482891785535,15.993101049465388,6.938205598600054,5.988990305522802
06:25:09:328,06:25:09:344,VLG65MT,IBE2601,15.065239048181375,3.8899271273712968,18.117173040700585,10.435435434220697,7.222048192149423
06:25:09:344,06:25:13:336,IBE2601,VLG65MT,18.117173040700585,10.435435434220697,14.841282908681448,3.717699134011807,7.473917122647573
06:25:13:336,06:25:13:398,VLG65MT,IBE2601,14.841282908681448,3.717699134011807,17.984304538524732,10.380442671960346,7.366867476623815
06:25:13:398,06:25:17:336,IBE2601,VLG65MT,17.984304538524732,10.380442671960346,14.6069243136491,3.5533436453375606,7.6168220605902786
06:25:17:336,06:25:17:445,VLG65MT,IBE2601,14.6069243136491,3.5533436453375606,17.84846771581949,10.317843319005966,7.501070554475163
06:25:17:445,06:25:21:344,IBE2601,VLG65MT,17.84846771581949,10.317843319005966,14.37264784996486,3.3905997204275136,7.75035661204798
06:25:21:344,06:25:21:484,VLG65MT,IBE2601,14.37264784996486,3.3905997204275136,17.69396476293434,10.247015254089554,7.618502477955838
06:25:21:484,06:25:25:344,IBE2601,VLG65MT,17.69396476293434,10.247015254089554,14.143983853095753,3.227417066562266,7.866201317952318
06:25:29:352,06:25:29:539,VLG65MT,IBE2601,13.911171205982056,3.0550006105282037,17.3534275443761,10.087347104787549,7.829624889771902
06:25:29:539,06:25:33:352,IBE2601,VLG65MT,17.3534275443761,10.087347104787549,13.682595906961325,2.881870914830445,8.086648999077676
06:25:33:352,06:25:33:555,VLG65MT,IBE2601,13.682595906961325,2.881870914830445,17.17814956435694,10.001866478940093,7.931786192571816
06:25:33:555,06:25:37:352,IBE2601,VLG65MT,17.17814956435694,10.001866478940093,13.44744764447796,2.72292787256793,8.179308286788306
06:25:37:352,06:25:37:563,VLG65MT,IBE2601,13.44744764447796,2.72292787256793,17.00441729408683,9.917675310146468,8.025984287224938
06:25:37:563,06:25:41:359,IBE2601,VLG65MT,17.00441729408683,9.917675310146468,13.191243513086556,2.591773599846146,8.258881894850484
06:25:41:359,06:25:41:578,VLG65MT,IBE2601,13.191243513086556,2.591773599846146,16.837005811359205,9.834193656466237,8.108281631273005
06:25:41:578,06:25:45:367,IBE2601,VLG65MT,16.837005811359205,9.834193656466237,12.877716317961932,2.5237289144876267,8.313775799012047
06:25:45:367,06:25:45:570,VLG65MT,IBE2601,12.877716317961932,2.5237289144876267,16.68953552838014,9.720232915568378,8.143686851204714
06:25:45:570,06:25:49:375,IBE2601,VLG65MT,16.68953552838014,9.720232915568378,12.602931488364668,2.468490479431176,8.323947437360708
06:25:49:375,06:25:49:555,VLG65MT,IBE2601,12.602931488364668,2.468490479431176,16.57335335220632,9.574000285149294,8.139565060617683
06:25:49:555,06:25:53:391,IBE2601,VLG65MT,16.57335335220632,9.574000285149294,12.282169844739052,2.479938130971652,8.290957347743058
06:25:53:391,06:25:53:531,VLG65MT,IBE2601,12.282169844739052,2.479938130971652,16.492151162822275,9.41250314532629,8.110758310840218
06:25:53:531,06:25:57:398,IBE2601,VLG65MT,16.492151162822275,9.41250314532629,11.975207166082772,2.538574982659217,8.225185192759405
06:25:57:398,06:25:57:508,VLG65MT,IBE2601,11.975207166082772,2.538574982659217,16.434953623295897,9.245057368149098,8.053958309397379
06:25:57:508,06:26:01:406,IBE2601,VLG65MT,16.434953623295897,9.245057368149098,11.67626536801214,2.635785527492984,8.144175107072872
06:26:01:406,06:26:01:477,VLG65MT,IBE2601,11.67626536801214,2.635785527492984,16.39761531781577,9.072375633139488,7.982533278140293
06:26:01:477,06:26:05:422,IBE2601,VLG65MT,16.39761531781577,9.072375633139488,11.378754599475958,2.747405195434101,8.07429340239389
06:26:05:422,06:26:05:445,VLG65MT,IBE2601,11.378754599475958,2.747405195434101,16.375772989885384,8.894487169432704,7.921919564672982
06:27:25:086,06:27:25:102,IBE2601,VLG93DX,16.376728730104944,5.147389972883746,18.22276752905837,10.495849586866717,5.65808090165281
06:27:25:102,06:27:29:078,VLG93DX,IBE2601,18.22276752905837,10.495849586866717,16.384947484991443,4.950716634328834,5.841753330610225
06:27:29:078,06:27:29:172,IBE2601,VLG93DX,16.384947484991443,4.950716634328834,18.10845746255091,10.44421786348717,5.75752050778034
06:27:29:172,06:27:33:063,VLG93DX,IBE2601,18.10845746255091,10.44421786348717,16.39178962225768,4.751175729619796,5.946232186173544
06:27:33:063,06:27:33:227,IBE2601,VLG93DX,16.39178962225768,4.751175729619796,17.979555931698712,10.38347903818918,5.851823853562035
06:27:33:227,06:27:37:055,VLG93DX,IBE2601,17.979555931698712,10.38347903818918,16.404730469489373,4.562451625359414,6.030293141907651
06:27:37:055,06:27:37:273,IBE2601,VLG93DX,16.404730469489373,4.562451625359414,17.83300410765815,10.314884723696686,5.927094746697915
06:27:37:273,06:27:41:039,VLG93DX,IBE2601,17.83300410765815,10.314884723696686,16.415250608790966,4.36730711225597,6.11422148990867
06:27:41:039,06:27:41:313,IBE2601,VLG93DX,16.415250608790966,4.36730711225597,17.671763112619608,10.24050901118536,6.006107243287079
06:27:41:313,06:27:45:031,VLG93DX,IBE2601,17.671763112619608,10.24050901118536,16.42593349222375,4.172465217518397,6.194614348360666
06:27:45:031,06:27:45:344,IBE2601,VLG93DX,16.42593349222375,4.172465217518397,17.5002173339083,10.160437502124203,6.083576074457506
06:27:45:344,06:27:49:016,VLG93DX,IBE2601,17.5002173339083,10.160437502124203,16.43339473901015,3.974778054524138,6.2769812211499545
06:27:49:016,06:27:49:359,IBE2601,VLG93DX,16.43339473901015,3.974778054524138,17.334850557510002,10.084678624480178,6.1760430347801485
06:27:49:359,06:27:53:008,VLG93DX,IBE2601,17.334850557510002,10.084678624480178,16.43317486458818,3.767560337669007,6.381144294307264
06:27:53:008,06:27:53:383,IBE2601,VLG93DX,16.43317486458818,3.767560337669007,17.167605614814523,10.009122622406826,6.2846231614265955
06:27:53:383,06:27:57:000,VLG93DX,IBE2601,17.167605614814523,10.009122622406826,16.38418160087126,3.5700512253660075,6.486554836106157
06:27:57:000,06:27:57:391,IBE2601,VLG93DX,16.38418160087126,3.5700512253660075,16.9963455169892,9.929556528588078,6.3889007162348745
06:27:57:391,06:28:01:000,VLG93DX,IBE2601,16.9963455169892,9.929556528588078,16.325359802816873,3.379346270343534,6.584487546942086
06:28:01:000,06:28:01:398,IBE2601,VLG93DX,16.325359802816873,3.379346270343534,16.836961685036627,9.855934674129154,6.496763335534176
06:28:01:398,06:28:04:992,VLG93DX,IBE2601,16.836961685036627,9.855934674129154,16.266653262122638,3.184279121373311,6.6959868213628155
06:28:04:992,06:28:05:391,IBE2601,VLG93DX,16.266653262122638,3.184279121373311,16.69027128808821,9.74864389848235,6.578019242817153
06:28:05:391,06:28:08:992,VLG93DX,IBE2601,16.69027128808821,9.74864389848235,16.174033345209843,2.994980711935445,6.773364603429094
06:28:08:992,06:28:09:391,IBE2601,VLG93DX,16.174033345209843,2.994980711935445,16.571753561798943,9.617627173329616,6.634578172220177
06:28:09:391,06:28:12:992,VLG93DX,IBE2601,16.571753561798943,9.617627173329616,16.079074067711456,2.7983943313673985,6.837007359714512
06:28:12:992,06:28:13:367,IBE2601,VLG93DX,16.079074067711456,2.7983943313673985,16.47366628180631,9.468138580039046,6.681406390731879
06:28:13:367,06:28:16:992,VLG93DX,IBE2601,16.47366628180631,9.468138580039046,15.980714369108574,2.6029819347360514,6.8828320735566555
06:28:16:992,06:28:17:336,IBE2601,VLG93DX,15.980714369108574,2.6029819347360514,16.425303460759,9.287177655475883,6.698964986740207
06:28:17:336,06:28:20:984,VLG93DX,IBE2601,16.425303460759,9.287177655475883,15.87912922017185,2.400556899237986,6.908245199855574
06:28:20:984,06:28:21:305,IBE2601,VLG93DX,15.87912922017185,2.400556899237986,16.390671214349815,9.10260013708307,6.72153693538558
06:28:21:305,06:28:24:984,VLG93DX,IBE2601,16.390671214349815,9.10260013708307,15.781079275058453,2.201346096214332,6.928124541970654
06:28:24:984,06:28:25:273,IBE2601,VLG93DX,15.781079275058453,2.201346096214332,16.389514501192327,8.907994258997673,6.734190597522894
06:28:25:273,06:28:28:977,VLG93DX,IBE2601,16.389514501192327,8.907994258997673,15.676221004493032,1.9921002416107445,6.952580648375236
06:28:28:977,06:28:29:242,IBE2601,VLG93DX,15.676221004493032,1.9921002416107445,16.391143108154594,8.71331779546489,6.759133008052215
06:28:29:242,06:28:32:977,VLG93DX,IBE2601,16.391143108154594,8.71331779546489,15.568035891187415,1.788172240492547,6.973890338123812
06:28:32:977,06:28:33:211,IBE2601,VLG93DX,15.568035891187415,1.788172240492547,16.39625248767649,8.507404752533319,6.770083328997191
06:28:33:211,06:28:36:977,VLG93DX,IBE2601,16.39625248767649,8.507404752533319,15.458358873787049,1.5767128919727862,6.993864031922169
06:28:36:977,06:28:37:180,IBE2601,VLG93DX,15.458358873787049,1.5767128919727862,16.40848522861361,8.297812730597634,6.787924802979108
06:28:37:180,06:28:40:969,VLG93DX,IBE2601,16.40848522861361,8.297812730597634,15.345737851991654,1.362520813337389,7.016245859726706
06:28:40:969,06:28:41:148,IBE2601,VLG93DX,15.345737851991654,1.362520813337389,16.422916065251705,8.08808169196337,6.811276094479388
06:28:41:148,06:28:44:977,VLG93DX,IBE2601,16.422916065251705,8.08808169196337,15.229988390817567,1.1451753946576262,7.044645079036884
06:28:44:977,06:28:45:125,IBE2601,VLG93DX,15.229988390817567,1.1451753946576262,16.433450595806992,7.863011983454511,6.824782026747534
06:28:45:125,06:28:48:969,VLG93DX,IBE2601,16.433450595806992,7.863011983454511,15.109187119150798,0.9255752655056496,7.06269792438772
06:28:48:969,06:28:49:008,IBE2601,SWT7TN,15.109187119150798,0.9255752655056496,18.208116913572425,10.48895462028933,10.052939398716019
06:28:49:008,06:28:49:102,SWT7TN,VLG93DX,18.208116913572425,10.48895462028933,16.441614905215136,7.630621107155211,3.3601487791221354
06:28:49:102,06:28:52:969,VLG93DX,IBE2601,16.441614905215136,7.630621107155211,14.986747723177746,0.6945973663379925,7.086964360750623
06:28:52:969,06:28:53:070,IBE2601,SWT7TN,14.986747723177746,0.6945973663379925,18.093159321217907,10.434573721576896,10.22335230817423
06:28:53:070,06:28:53:078,SWT7TN,VLG93DX,18.093159321217907,10.434573721576896,16.452706445509115,7.396106936484273,3.453022739793694
06:28:53:078,06:28:56:969,VLG93DX,IBE2601,16.452706445509115,7.396106936484273,14.86569411416076,0.4674651869173743,7.108071794354161
06:28:56:969,06:28:57:055,IBE2601,VLG93DX,14.86569411416076,0.4674651869173743,16.462368562532458,7.153019273615563,6.8735727784209795
06:28:57:055,06:28:57:125,VLG93DX,SWT7TN,16.462368562532458,7.153019273615563,17.964043852198923,10.374931630356198,3.5546797197656015
06:28:57:125,06:29:00:961,SWT7TN,IBE2601,17.964043852198923,10.374931630356198,14.743233013260708,0.2285732844064631,10.645290514807273
06:29:00:961,06:29:01:031,IBE2601,VLG93DX,14.743233013260708,0.2285732844064631,16.467492556652,6.903211162733267,6.893755274142743
06:29:01:031,06:29:01:172,VLG93DX,SWT7TN,16.467492556652,6.903211162733267,17.83001872157782,10.312130538795424,3.6711318231029875
06:29:01:172,06:29:04:961,SWT7TN,IBE2601,17.83001872157782,10.312130538795424,14.617811962589917,-0.0132907761341229,10.81353770018346
06:29:04:961,06:29:05:016,IBE2601,VLG93DX,14.617811962589917,-0.0132907761341229,16.469446218585418,6.645523899250498,6.911466002165793
06:29:05:016,06:29:05:195,VLG93DX,SWT7TN,16.469446218585418,6.645523899250498,17.70109463419635,10.246096066149194,3.8054011284912526
06:29:05:195,06:29:08:953,SWT7TN,IBE2601,17.70109463419635,10.246096066149194,14.496130914243087,-0.2563218214852319,10.980554354526925
06:29:08:953,06:29:08:992,IBE2601,VLG93DX,14.496130914243087,-0.2563218214852319,16.470970350006752,6.391236299989272,6.93469680486674
06:29:08:992,06:29:09:219,VLG93DX,SWT7TN,16.470970350006752,6.391236299989272,17.573906922186005,10.177108545740785,3.943259786445996
06:29:09:219,06:29:12:953,SWT7TN,IBE2601,17.573906922186005,10.177108545740785,14.3658170356225,-0.5084059654997984,11.15670475948002
06:29:12:953,06:29:12:977,IBE2601,VLG93DX,14.3658170356225,-0.5084059654997984,16.471123681484244,6.13578214694776,6.96975980552408
06:29:12:977,06:29:13:227,VLG93DX,SWT7TN,16.471123681484244,6.13578214694776,17.44518942533536,10.101309465057303,4.083406786497924
06:29:13:227,06:29:16:953,SWT7TN,IBE2601,17.44518942533536,10.101309465057303,14.234716901708731,-0.7644601778039819,11.330140500306577
06:29:16:953,06:29:16:969,IBE2601,VLG93DX,14.234716901708731,-0.7644601778039819,16.47184859040164,5.881593869437747,7.012474070640985
06:29:16:969,06:29:17:242,VLG93DX,SWT7TN,16.47184859040164,5.881593869437747,17.322367472657557,10.027073037272444,4.231829379833893
06:29:17:242,06:29:20:945,SWT7TN,IBE2601,17.322367472657557,10.027073037272444,14.0995311643664,-1.0230736676295933,11.510535003634589
06:29:20:945,06:29:20:945,IBE2601,VLG93DX,14.0995311643664,-1.0230736676295933,16.472278713451416,5.62456413241678,7.0584006157411
06:29:20:945,06:29:21:242,VLG93DX,SWT7TN,16.472278713451416,5.62456413241678,17.208582445264064,9.932449176904257,4.370356592087206
06:29:21:242,06:29:24:938,SWT7TN,VLG93DX,17.208582445264064,9.932449176904257,16.474293516827558,5.368778104908046,4.622366697244981
06:29:24:938,06:29:24:945,VLG93DX,IBE2601,16.474293516827558,5.368778104908046,13.963716794422014,-1.285486419622478,7.112118660533582
06:29:24:945,06:29:25:234,IBE2601,SWT7TN,13.963716794422014,-1.285486419622478,17.105844178881892,9.820415164420428,11.541837570102059
06:29:25:234,06:29:28:922,SWT7TN,VLG93DX,17.105844178881892,9.820415164420428,16.474498969392506,5.110362149634179,4.7521780454484475
06:29:28:922,06:29:28:938,VLG93DX,IBE2601,16.474498969392506,5.110362149634179,13.818845372233351,-1.5525532174165697,7.172652035097295
06:29:28:938,06:29:29:219,IBE2601,SWT7TN,13.818845372233351,-1.5525532174165697,17.021305555618298,9.695547233879866,11.695106454779324
06:29:29:219,06:29:32:906,SWT7TN,VLG93DX,17.021305555618298,9.695547233879866,16.475347492364023,4.849121268523922,4.877080565718456
06:29:32:906,06:29:32:938,VLG93DX,IBE2601,16.475347492364023,4.849121268523922,13.661118616127329,-1.810490232027273,7.229820848825937
06:29:32:938,06:29:33:188,IBE2601,SWT7TN,13.661118616127329,-1.810490232027273,16.972508807098524,9.542038186046913,11.825616536994689
06:29:33:188,06:29:36:891,SWT7TN,VLG93DX,16.972508807098524,9.542038186046913,16.476171256969447,4.588919277844665,4.977925057939177
06:29:36:891,06:29:36:938,VLG93DX,IBE2601,16.476171256969447,4.588919277844665,13.428242338361152,-2.0310834801328674,7.287956312198837
06:29:36:938,06:29:37:156,IBE2601,SWT7TN,13.428242338361152,-2.0310834801328674,16.93824135834857,9.383859721575403,11.942404339936683
06:29:37:156,06:29:40:883,SWT7TN,VLG93DX,16.93824135834857,9.383859721575403,16.4763526345333,4.3302229609016445,5.074700552941115
06:29:40:883,06:29:40:938,VLG93DX,IBE2601,16.4763526345333,4.3302229609016445,13.187175510942934,-2.234092486854428,7.342269638742451
06:29:40:938,06:29:41:133,IBE2601,SWT7TN,13.187175510942934,-2.234092486854428,16.919233896344604,9.211588728349245,12.038765645701105
06:29:41:133,06:29:44:867,SWT7TN,VLG93DX,16.919233896344604,9.211588728349245,16.47494425951469,4.072375910510079,5.158381690844216
06:29:44:867,06:29:44:945,VLG93DX,IBE2601,16.47494425951469,4.072375910510079,12.960615240825652,-2.415518230351986,7.378568887977679
06:29:44:945,06:29:45:102,IBE2601,SWT7TN,12.960615240825652,-2.415518230351986,16.903524993366016,9.031445152010935,12.10700243635209
06:29:45:102,06:29:48:859,SWT7TN,VLG93DX,16.903524993366016,9.031445152010935,16.45491543216729,3.808118622217338,5.242555729340847
06:29:48:859,06:29:48:945,VLG93DX,IBE2601,16.45491543216729,3.808118622217338,12.664647766638112,-2.5362708171925408,7.390359012609036
06:29:48:945,06:29:49:070,IBE2601,SWT7TN,12.664647766638112,-2.5362708171925408,16.89720639422779,8.853709343265441,12.150975293844123
06:29:49:070,06:29:52:852,SWT7TN,VLG93DX,16.89720639422779,8.853709343265441,16.367244874538063,3.562354337333637,5.3178282231707525
06:29:52:852,06:29:52:945,VLG93DX,IBE2601,16.367244874538063,3.562354337333637,12.363789673392978,-2.6294059119327398,7.37329970447227
06:29:52:945,06:29:53:047,IBE2601,SWT7TN,12.363789673392978,-2.6294059119327398,16.888317797635555,8.663220415744831,12.165309865499468
06:29:53:047,06:29:56:852,SWT7TN,VLG93DX,16.888317797635555,8.663220415744831,16.294908359989044,3.3127607444171145,5.383266058369421
06:29:56:852,06:29:56:961,VLG93DX,IBE2601,16.294908359989044,3.3127607444171145,12.058137382835628,-2.703188301082064,7.358116010969927
06:29:56:961,06:29:57:023,IBE2601,SWT7TN,12.058137382835628,-2.703188301082064,16.884522097513067,8.473263615565422,12.174032481442017
06:29:57:023,06:30:00:852,SWT7TN,VLG93DX,16.884522097513067,8.473263615565422,16.18097213674576,3.07000482856511,5.448870347750235
06:30:00:852,06:30:00:961,VLG93DX,IBE2601,16.18097213674576,3.07000482856511,11.752944008691038,-2.7816818796382625,7.338233468199809
06:30:00:961,06:30:01:000,IBE2601,SWT7TN,11.752944008691038,-2.7816818796382625,16.878837725374435,8.278939311959737,12.190657387473452
06:30:01:000,06:30:04:852,SWT7TN,VLG93DX,16.878837725374435,8.278939311959737,16.06229170628255,2.832957838149673,5.506855873761111
06:30:04:852,06:30:04:969,VLG93DX,IBE2601,16.06229170628255,2.832957838149673,11.446574156462036,-2.868226891790978,7.335417903884519
06:30:04:969,06:30:04:977,IBE2601,SWT7TN,11.446574156462036,-2.868226891790978,16.87281555163095,8.08756246675016,12.225932117731062
06:30:04:977,06:30:08:852,SWT7TN,VLG93DX,16.87281555163095,8.08756246675016,15.937369547714358,2.585340402232901,5.581174327460493
06:30:08:852,06:30:08:961,VLG93DX,SWT7TN,15.937369547714358,2.585340402232901,16.865208942495386,7.895171072204702,5.390286419688735
06:30:08:961,06:30:08:969,SWT7TN,IBE2601,16.865208942495386,7.895171072204702,11.142211457683109,-2.956488402362181,12.268301168585847
06:30:08:969,06:30:12:844,IBE2601,VLG93DX,11.142211457683109,-2.956488402362181,15.810490666756582,2.339033062465116,7.059417706745671
06:30:12:844,06:30:12:938,VLG93DX,SWT7TN,15.810490666756582,2.339033062465116,16.854532765739656,7.697153272556413,5.458889638950194
06:30:12:938,06:30:12:977,SWT7TN,IBE2601,16.854532765739656,7.697153272556413,10.847337857130483,-3.0460915850772623,12.308683956503732
06:30:12:977,06:30:16:844,IBE2601,VLG93DX,10.847337857130483,-3.0460915850772623,15.683470287067648,2.093483235266988,7.05715284047374
06:30:16:844,06:30:16:922,VLG93DX,SWT7TN,15.683470287067648,2.093483235266988,16.846832373991084,7.507986533162684,5.53807342929057
06:30:16:922,06:30:16:977,SWT7TN,IBE2601,16.846832373991084,7.507986533162684,10.541255513384428,-3.153217488385012,12.386346141380148
06:30:16:977,06:30:20:844,IBE2601,VLG93DX,10.541255513384428,-3.153217488385012,15.553058930418477,1.8406195599112891,7.07506762907118
06:30:20:844,06:30:20:906,VLG93DX,SWT7TN,15.553058930418477,1.8406195599112891,16.834000396254336,7.30958504531217,5.616973786604653
06:30:20:906,06:30:20:977,SWT7TN,IBE2601,16.834000396254336,7.30958504531217,10.243217435946304,-3.252353660984629,12.449617233692658
06:30:20:977,06:30:24:836,IBE2601,VLG93DX,10.243217435946304,-3.252353660984629,15.42386414358434,1.5884745428240652,7.090325663053181
06:30:24:836,06:30:24:891,VLG93DX,SWT7TN,15.42386414358434,1.5884745428240652,16.823212145634777,7.119633873327122,5.70542709797028
06:31:00:789,06:31:00:898,SWT7TN,EJU37TW,16.634575332492304,5.333196788774539,18.102329521613445,10.438588902425233,5.312187025492359
06:31:00:898,06:31:04:781,EJU37TW,SWT7TN,18.102329521613445,10.438588902425233,16.60803881773652,5.128891579265517,5.515957792737581
06:31:04:781,06:31:04:961,SWT7TN,EJU37TW,16.60803881773652,5.128891579265517,17.972556812931952,10.383362934016963,5.428754790660162
06:31:04:961,06:31:08:773,EJU37TW,SWT7TN,17.972556812931952,10.383362934016963,16.583733288644012,4.928208109710832,5.629169116198769
06:31:08:773,06:31:09:008,SWT7TN,EJU37TW,16.583733288644012,4.928208109710832,17.832604146318847,10.320123446353673,5.534657118257079
06:31:09:008,06:31:12:766,EJU37TW,SWT7TN,17.832604146318847,10.320123446353673,16.559953959796964,4.723793665334733,5.739211227614269
06:31:12:766,06:31:13:039,SWT7TN,EJU37TW,16.559953959796964,4.723793665334733,17.674252284104828,10.243519534459535,5.631077554592982
06:31:13:039,06:31:16:758,EJU37TW,SWT7TN,17.674252284104828,10.243519534459535,16.534548121918935,4.52005440112165,5.835835733623618
06:31:16:758,06:31:17:070,SWT7TN,EJU37TW,16.534548121918935,4.52005440112165,17.511032577771125,10.166216679330304,5.729979961953383
06:31:17:070,06:31:20:750,EJU37TW,SWT7TN,17.511032577771125,10.166216679330304,16.510121617054082,4.319954969345275,5.931323522867437
06:31:20:750,06:31:21:094,SWT7TN,EJU37TW,16.510121617054082,4.319954969345275,17.348754115995447,10.086777233374107,5.827481745417935
06:31:21:094,06:31:24:742,EJU37TW,SWT7TN,17.348754115995447,10.086777233374107,16.4847758896255,4.1124361477677445,6.036489856100611
06:31:24:742,06:31:25:109,SWT7TN,EJU37TW,16.4847758896255,4.1124361477677445,17.184205725478236,10.007245174409697,5.93615831627328
06:31:25:109,06:31:28:734,EJU37TW,SWT7TN,17.184205725478236,10.007245174409697,16.458844352383053,3.909297267839953,6.140937859384089
06:31:28:734,06:31:29:117,SWT7TN,EJU37TW,16.458844352383053,3.909297267839953,17.019220033833765,9.924889327477503,6.04163626282944
06:31:29:117,06:31:32:727,EJU37TW,SWT7TN,17.019220033833765,9.924889327477503,16.42694029587633,3.711673666285288,6.241381589077786
06:31:32:727,06:31:33:125,SWT7TN,EJU37TW,16.42694029587633,3.711673666285288,16.859608832278006,9.843979481636003,6.147550461393235
06:31:33:125,06:31:36:727,EJU37TW,SWT7TN,16.859608832278006,9.843979481636003,16.374907620543087,3.507771655622658,6.354719889899952
06:31:36:727,06:31:37:117,SWT7TN,EJU37TW,16.374907620543087,3.507771655622658,16.709819006296343,9.739280217445934,6.240501950354951
06:31:37:117,06:31:40:719,EJU37TW,SWT7TN,16.709819006296343,9.739280217445934,16.312044802028787,3.310613342219781,6.440961272217888
06:31:40:719,06:31:41:109,SWT7TN,EJU37TW,16.312044802028787,3.310613342219781,16.578582932195452,9.612336264137536,6.307357161240862
06:31:41:109,06:31:44:711,EJU37TW,SWT7TN,16.578582932195452,9.612336264137536,16.253945356116496,3.108391298009338,6.512041897763461
06:31:44:711,06:31:45:094,SWT7TN,EJU37TW,16.253945356116496,3.108391298009338,16.467860067987992,9.46587058633174,6.361077141915775
06:31:45:094,06:31:48:703,EJU37TW,SWT7TN,16.467860067987992,9.46587058633174,16.22716336999389,2.9097264266886773,6.560561038695326
06:31:48:703,06:31:49:070,SWT7TN,EJU37TW,16.22716336999389,2.9097264266886773,16.382363197172566,9.303312768635468,6.395469748054856
06:31:49:070,06:31:52:695,EJU37TW,SWT7TN,16.382363197172566,9.303312768635468,16.267305955593994,2.7014119973829005,6.602903297967109
06:31:52:695,06:31:53:047,SWT7TN,EJU37TW,16.267305955593994,2.7014119973829005,16.324382918002968,9.118729095955253,6.417570920782015
06:31:53:047,06:31:56:688,EJU37TW,SWT7TN,16.324382918002968,9.118729095955253,16.281355792718173,2.5087871013301157,6.610082034726892
06:31:56:688,06:31:57:023,SWT7TN,EJU37TW,16.281355792718173,2.5087871013301157,16.276810807939825,8.928441767800287,6.419656275348306
06:31:57:023,06:32:00:672,EJU37TW,SWT7TN,16.276810807939825,8.928441767800287,16.345392218648332,2.312421866169541,6.616375348230243
06:32:00:672,06:32:01:000,SWT7TN,EJU37TW,16.345392218648332,2.312421866169541,16.234111080846994,8.73266998933687,6.4212124598602065
06:32:01:000,06:32:04:656,EJU37TW,SWT7TN,16.234111080846994,8.73266998933687,16.426751137700727,2.125165583651773,6.610311994350385
06:32:04:656,06:32:04:969,SWT7TN,EJU37TW,16.426751137700727,2.125165583651773,16.193347235438374,8.528583451911597,6.407670230055577
06:32:04:969,06:32:08:641,EJU37TW,SWT7TN,16.193347235438374,8.528583451911597,16.51710691590172,1.9419347270349343,6.594600954994403
06:32:08:641,06:32:08:945,SWT7TN,EJU37TW,16.51710691590172,1.9419347270349343,16.155647024387033,8.320881657287252,6.389179696342033
06:32:08:945,06:32:12:625,EJU37TW,SWT7TN,16.155647024387033,8.320881657287252,16.613124863496306,1.7553247314023743,6.581475801088308
06:32:12:625,06:32:12:922,SWT7TN,EJU37TW,16.613124863496306,1.7553247314023743,16.11472036913934,8.104454832871586,6.368662346629601
06:32:12:922,06:32:16:609,EJU37TW,SWT7TN,16.11472036913934,8.104454832871586,16.714438758542833,1.577529111733737,6.554419998431558
06:32:16:609,06:32:16:898,SWT7TN,EJU37TW,16.714438758542833,1.577529111733737,16.07648387653891,7.88402762518581,6.338683611890236
06:32:16:898,06:32:20:602,EJU37TW,SWT7TN,16.07648387653891,7.88402762518581,16.816795138248025,1.397079114456076,6.529055195437703
06:32:20:602,06:32:20:883,SWT7TN,EJU37TW,16.816795138248025,1.397079114456076,16.038163715166167,7.657476451932287,6.308632317395722
06:32:20:883,06:32:24:586,EJU37TW,SWT7TN,16.038163715166167,7.657476451932287,16.92240268868689,1.2218585930697283,6.496080032419835
06:32:24:586,06:32:24:859,SWT7TN,EJU37TW,16.92240268868689,1.2218585930697283,16.001428632074553,7.428266581285756,6.274367962523772
06:32:24:859,06:32:28:578,EJU37TW,SWT7TN,16.001428632074553,7.428266581285756,17.02841945378286,1.0407286403395246,6.469571167774625
06:32:28:578,06:32:28:844,SWT7TN,EJU37TW,17.02841945378286,1.0407286403395246,15.96492486376737,7.192473031381787,6.242994457446855
06:32:28:844,06:32:32:563,EJU37TW,SWT7TN,15.96492486376737,7.192473031381787,17.133971240966016,0.8613562947610185,6.438144807688071
06:32:32:563,06:32:32:828,SWT7TN,EJU37TW,17.133971240966016,0.8613562947610185,15.926934462006074,6.9507058578335,6.207826985914879
06:32:32:828,06:32:36:547,EJU37TW,SWT7TN,15.926934462006074,6.9507058578335,17.238211462174373,0.6873601434219021,6.399136419034096
06:32:36:547,06:32:36:813,SWT7TN,EJU37TW,17.238211462174373,0.6873601434219021,15.892128068905045,6.70537887241471,6.166724407993573
06:32:36:813,06:32:40:539,EJU37TW,SWT7TN,15.892128068905045,6.70537887241471,17.337085342071354,0.5039093998828235,6.367583932703293
06:32:40:539,06:32:40:797,SWT7TN,EJU37TW,17.337085342071354,0.5039093998828235,15.856674826280113,6.457906248306405,6.13528269652697
06:32:40:797,06:32:44:523,EJU37TW,SWT7TN,15.856674826280113,6.457906248306405,17.43433395614745,0.3176622535583359,6.339684901088815
06:32:44:523,06:32:44:773,SWT7TN,EJU37TW,17.43433395614745,0.3176622535583359,15.821845944782153,6.211425065834762,6.110364774231514
06:32:44:773,06:32:48:516,EJU37TW,SWT7TN,15.821845944782153,6.211425065834762,17.52525383593107,0.1371129870485495,6.308634216224339
06:32:48:516,06:32:48:766,SWT7TN,EJU37TW,17.52525383593107,0.1371129870485495,15.7871691838362,5.962364506387846,6.079020769944163
06:32:48:766,06:32:52:500,EJU37TW,SWT7TN,15.7871691838362,5.962364506387846,17.607707115507182,-0.0574848384717913,6.289113172416272
06:32:52:500,06:32:52:727,SWT7TN,VLG92CD,17.607707115507182,-0.0574848384717913,18.16036771636244,10.4711131307708,10.543092949304626
06:32:52:727,06:32:52:750,VLG92CD,EJU37TW,18.16036771636244,10.4711131307708,15.751895480640922,5.71058951576151,5.335102960515619
06:32:52:750,06:32:56:492,EJU37TW,SWT7TN,15.751895480640922,5.71058951576151,17.68833254228216,-0.2471793987456939,6.264566938932499
06:32:56:492,06:32:56:734,SWT7TN,EJU37TW,17.68833254228216,-0.2471793987456939,15.716213166891825,5.4606763334850354,6.038946256653488
06:32:56:734,06:32:56:781,EJU37TW,VLG92CD,15.716213166891825,5.4606763334850354,18.037297228159204,10.412112428765296,5.468468764207555
06:32:56:781,06:33:00:477,VLG92CD,SWT7TN,18.037297228159204,10.412112428765296,17.764938875779038,-0.4437125972032089,10.85924104468426
06:33:00:477,06:33:00:719,SWT7TN,EJU37TW,17.764938875779038,-0.4437125972032089,15.671013753207887,5.207225695185927,6.0264107064922525
06:33:00:719,06:33:00:836,EJU37TW,VLG92CD,15.671013753207887,5.207225695185927,17.89840917819003,10.34897510925008,5.603470122723993
06:33:00:836,06:33:04:469,VLG92CD,SWT7TN,17.89840917819003,10.34897510925008,17.83738428716313,-0.6468740316008058,10.996018477870798
06:33:04:469,06:33:04:711,SWT7TN,EJU37TW,17.83738428716313,-0.6468740316008058,15.57630002862699,4.964671803783232,6.0499544367553595
06:33:04:711,06:33:04:875,EJU37TW,VLG92CD,15.57630002862699,4.964671803783232,17.74387250470734,10.276296824005623,5.736874653895936
06:33:04:875,06:33:08:461,VLG92CD,SWT7TN,17.74387250470734,10.276296824005623,17.9071438869107,-0.845713999628484,11.123209172953677
06:33:08:461,06:33:08:711,SWT7TN,EJU37TW,17.9071438869107,-0.845713999628484,15.455241528657938,4.739373170534522,6.099592107077724
06:33:08:711,06:33:08:914,EJU37TW,VLG92CD,15.455241528657938,4.739373170534522,17.57747963512534,10.19973791391381,5.858282829574029
06:33:08:914,06:33:12:453,VLG92CD,SWT7TN,17.57747963512534,10.19973791391381,17.977375899931143,-1.039802883957598,11.246652585085995
06:33:12:453,06:33:12:711,SWT7TN,EJU37TW,17.977375899931143,-1.039802883957598,15.3086397155526,4.534604153571721,6.180304736974363
06:33:12:711,06:33:12:938,EJU37TW,VLG92CD,15.3086397155526,4.534604153571721,17.402799822068623,10.12610903670097,5.970798389644507
06:33:12:938,06:33:16:445,VLG92CD,SWT7TN,17.402799822068623,10.12610903670097,18.04628081957961,-1.2415110515119423,11.38581812010448
06:33:16:445,06:33:16:719,SWT7TN,EJU37TW,18.04628081957961,-1.2415110515119423,15.12295380674752,4.354230147453884,6.313331956246028
06:33:16:719,06:33:16:953,EJU37TW,VLG92CD,15.12295380674752,4.354230147453884,17.245810644056387,10.037830270258826,6.067110639147548
06:33:16:953,06:33:20:438,VLG92CD,SWT7TN,17.245810644056387,10.037830270258826,18.11418293369265,-1.4384797295836236,11.5091164580906
06:33:20:438,06:33:20:727,SWT7TN,EJU37TW,18.11418293369265,-1.4384797295836236,14.90962337720243,4.2063777797036455,6.491041384188647
06:33:20:727,06:33:20:969,EJU37TW,VLG92CD,14.90962337720243,4.2063777797036455,17.07807075225584,9.952239036196572,6.141423743501379
06:33:20:969,06:33:24:430,VLG92CD,SWT7TN,17.07807075225584,9.952239036196572,18.183000596348737,-1.6432021305493238,11.64796659558365
06:33:24:430,06:33:24:727,SWT7TN,EJU37TW,18.183000596348737,-1.6432021305493238,14.675333845550815,4.090359208217014,6.721417384752214
06:33:24:727,06:33:24:977,EJU37TW,VLG92CD,14.675333845550815,4.090359208217014,16.91296246779364,9.865572168339874,6.193550402301685
06:33:24:977,06:33:28:734,VLG92CD,EJU37TW,16.91296246779364,9.865572168339874,14.425205747490931,4.004746800541565,6.366962187043321
06:33:28:734,06:33:28:969,EJU37TW,VLG92CD,14.425205747490931,4.004746800541565,16.764707794674823,9.75893569450141,6.211598800320933
06:33:28:969,06:33:32:750,VLG92CD,EJU37TW,16.764707794674823,9.75893569450141,14.168821605431653,3.931898049974628,6.379105957595913
06:33:32:750,06:33:32:961,EJU37TW,VLG92CD,14.168821605431653,3.931898049974628,16.642506626838358,9.6144891437722,6.197657551401125
06:33:32:961,06:33:36:758,VLG92CD,EJU37TW,16.642506626838358,9.6144891437722,13.91766923178747,3.8698086538985175,6.358151677980248
06:33:36:758,06:33:36:938,EJU37TW,VLG92CD,13.91766923178747,3.8698086538985175,16.54115187666743,9.45225371018571,6.1681726625031885
06:34:00:781,06:34:04:594,VLG92CD,VLG2974,16.273145428861717,8.26337243374374,18.22276752905837,10.495849586866717,2.9639467898043104
06:34:04:594,06:34:04:758,VLG2974,VLG92CD,18.22276752905837,10.495849586866717,16.243184504171065,8.042849977480175,3.152135155108755
06:34:04:758,06:34:08:656,VLG92CD,VLG2974,16.243184504171065,8.042849977480175,18.10290861391322,10.442692295859082,3.036085788879901
06:34:08:656,06:34:08:734,VLG2974,VLG92CD,18.10290861391322,10.442692295859082,16.213536723916103,7.820510416173724,3.2319597690660546
06:34:12:711,06:34:12:719,VLG92CD,VLG2974,16.181761930917666,7.588867349380034,17.972921418074172,10.383124515501668,3.319054898439142
06:34:12:719,06:34:16:695,VLG2974,VLG92CD,17.972921418074172,10.383124515501668,16.147349013091578,7.351766141857772,3.5386223583896177
06:34:16:695,06:34:16:766,VLG92CD,VLG2974,16.147349013091578,7.351766141857772,17.823715482782603,10.312193128957508,3.4021070657245303
06:34:16:766,06:34:20:672,VLG2974,VLG92CD,17.823715482782603,10.312193128957508,16.110723852126313,7.104705166117755,3.63625072821724
06:34:20:672,06:34:20:805,VLG92CD,VLG2974,16.110723852126313,7.104705166117755,17.666963185095423,10.239435203076615,3.4997733163866824
06:34:20:805,06:34:24:664,VLG2974,VLG92CD,17.666963185095423,10.239435203076615,16.06963414171328,6.849106200426878,3.7477714470122208
06:34:24:664,06:34:24:828,VLG92CD,VLG2974,16.06963414171328,6.849106200426878,17.507549110709625,10.16453011475639,3.613811725833512
06:34:24:828,06:34:28:648,VLG2974,VLG92CD,17.507549110709625,10.16453011475639,16.021865291748846,6.581429871433641,3.8788998135581476
06:34:28:648,06:34:28:852,VLG92CD,VLG2974,16.021865291748846,6.581429871433641,17.35396038820223,10.093938095129364,3.7566196729939576
06:34:28:852,06:34:32:633,VLG2974,VLG92CD,17.35396038820223,10.093938095129364,15.9744865719204,6.315645264115845,4.022243742825054
06:34:32:633,06:34:32:859,VLG92CD,VLG2974,15.9744865719204,6.315645264115845,17.197926073264757,10.01746884252393,3.8987564708644955
06:34:32:859,06:34:36:617,VLG2974,VLG92CD,17.197926073264757,10.01746884252393,15.924929333207688,6.048458752863834,4.168160480598075
06:34:36:617,06:34:36:867,VLG92CD,VLG2974,15.924929333207688,6.048458752863834,17.055235427442636,9.927882962442556,4.040733109787153
06:34:36:867,06:34:40:602,VLG2974,VLG92CD,17.055235427442636,9.927882962442556,15.871700382815698,5.775489995018897,4.317768238079662
06:34:40:602,06:34:40:859,VLG92CD,VLG2974,15.871700382815698,5.775489995018897,16.9297642959536,9.806389595958027,4.167451359900428
06:34:40:859,06:34:44:586,VLG2974,VLG92CD,16.9297642959536,9.806389595958027,15.820192614571088,5.507302495438264,4.439966127571408
06:34:44:586,06:34:44:844,VLG92CD,VLG2974,15.820192614571088,5.507302495438264,16.83873540064444,9.663971791696843,4.2796412285985905
06:34:44:844,06:34:48:578,VLG2974,VLG92CD,16.83873540064444,9.663971791696843,15.767159120940988,5.236360011920311,4.55543870506881
06:34:48:578,06:34:48:813,VLG92CD,VLG2974,15.767159120940988,5.236360011920311,16.758918055208735,9.504948489159592,4.382286317861928
06:34:48:813,06:34:52:570,VLG2974,VLG92CD,16.758918055208735,9.504948489159592,15.705881626275229,4.969866603345364,4.655733393537624
06:34:52:570,06:34:52:789,VLG92CD,VLG2974,15.705881626275229,4.969866603345364,16.707903048218288,9.336080313518403,4.479717523788281
06:34:52:789,06:34:56:563,VLG2974,VLG92CD,16.707903048218288,9.336080313518403,15.59383971718844,4.717597034924792,4.750949894515212
06:34:56:563,06:34:56:766,VLG92CD,VLG2974,15.59383971718844,4.717597034924792,16.65179535432349,9.153752892393426,4.560564539823891
06:34:56:766,06:35:00:563,VLG2974,VLG92CD,16.65179535432349,9.153752892393426,15.45792270827941,4.471842853625303,4.83172986683755
06:35:00:563,06:35:00:742,VLG92CD,VLG2974,15.45792270827941,4.471842853625303,16.605344022779384,8.972413710247542,4.644535898068426
06:35:00:742,06:35:04:563,VLG2974,VLG92CD,16.605344022779384,8.972413710247542,15.307004577686111,4.241361657726499,4.905969714373366
06:35:04:563,06:35:04:719,VLG92CD,VLG2974,15.307004577686111,4.241361657726499,16.555600758219544,8.781276440824982,4.708483690089499
06:35:04:719,06:35:08:563,VLG2974,VLG92CD,16.555600758219544,8.781276440824982,15.122831214748995,4.03579167928202,4.957061043272845
06:35:08:563,06:35:08:695,VLG92CD,VLG2974,15.122831214748995,4.03579167928202,16.516685609424222,8.589520946878883,4.7622767996121045
06:35:08:695,06:35:12:563,VLG2974,VLG92CD,16.516685609424222,8.589520946878883,14.910129589415476,3.853443688064646,5.001144873614813
06:35:12:563,06:35:12:672,VLG92CD,VLG2974,14.910129589415476,3.853443688064646,16.47573202632191,8.387530169854209,4.796775084866313
06:35:12:672,06:35:16:570,VLG2974,VLG92CD,16.47573202632191,8.387530169854209,14.6725157587085,3.712315317233858,5.010910378957856
06:35:16:570,06:35:16:648,VLG92CD,VLG2974,14.6725157587085,3.712315317233858,16.43247578629779,8.174989158778134,4.797178036587306
06:35:16:648,06:35:20:578,VLG2974,VLG92CD,16.43247578629779,8.174989158778134,14.41789248957226,3.59223427794006,5.006015197469011
06:35:20:578,06:35:20:633,VLG92CD,VLG2974,14.41789248957226,3.59223427794006,16.393906471631915,7.962189734870131,4.795950578649467
06:35:20:633,06:35:24:586,VLG2974,VLG92CD,16.393906471631915,7.962189734870131,14.143203820809006,3.509883708413327,4.988856720296229
06:35:24:586,06:35:24:609,VLG92CD,VLG2974,14.143203820809006,3.509883708413327,16.353019329348573,7.743348270063788,4.775511153429789
06:35:24:609,06:35:28:594,VLG2974,VLG92CD,16.353019329348573,7.743348270063788,13.864403353371424,3.4444298023165123,4.967283912585155
06:35:28:594,06:35:28:594,VLG92CD,VLG2974,13.864403353371424,3.4444298023165123,16.310820147103048,7.518490026039114,4.7521491806519265
06:35:32:578,06:35:32:609,VLG2974,VLG92CD,16.26669506166044,7.286969070746092,13.581568167642128,3.3918048083596863,4.730984154269875
06:35:32:609,06:35:36:563,VLG92CD,VLG2974,13.581568167642128,3.3918048083596863,16.218738992549284,7.045637257948085,4.506124890569129
06:35:36:563,06:35:36:617,VLG2974,VLG92CD,16.218738992549284,7.045637257948085,13.297685755650694,3.346196375457524,4.71364135842326
06:35:36:617,06:35:40:555,VLG92CD,VLG2974,13.297685755650694,3.346196375457524,16.16850579973932,6.798380951216291,4.489898224976572
06:35:40:555,06:35:40:633,VLG2974,VLG92CD,16.16850579973932,6.798380951216291,13.013469094987697,3.301492075372626,4.7098289160360345
06:35:40:633,06:35:44:539,VLG92CD,VLG2974,13.013469094987697,3.301492075372626,16.1157642117678,6.549582097699603,4.4915836611086
06:35:44:539,06:35:44:641,VLG2974,VLG92CD,16.1157642117678,6.549582097699603,12.72640465929616,3.2552481709230405,4.726562619604425
06:35:44:641,06:35:48:523,VLG92CD,VLG2974,12.72640465929616,3.2552481709230405,16.06295332460965,6.297396693093536,4.515221437199883
06:35:48:523,06:35:48:648,VLG2974,VLG92CD,16.06295332460965,6.297396693093536,12.44021944209114,3.213796140366437,4.757393525064594
06:35:48:648,06:35:52:516,VLG92CD,VLG2974,12.44021944209114,3.213796140366437,16.006034075226328,6.039766942497138,4.549851093428913
06:35:52:516,06:35:52:656,VLG2974,VLG92CD,16.006034075226328,6.039766942497138,12.15507868050848,3.1718207864109944,4.801559393188404
06:35:52:656,06:35:56:500,VLG92CD,VLG2974,12.15507868050848,3.1718207864109944,15.948086412280055,5.783771309100205,4.605343981317291
06:35:56:500,06:35:56:656,VLG2974,VLG92CD,15.948086412280055,5.783771309100205,11.865910865420704,3.122439520545683,4.873073371512813
06:35:56:656,06:36:00:492,VLG92CD,VLG2974,11.865910865420704,3.122439520545683,15.88783457479187,5.524710366977596,4.684738577937795
06:36:00:492,06:36:00:664,VLG2974,VLG92CD,15.88783457479187,5.524710366977596,11.580875545936811,3.079874132799402,4.952486273397104
06:36:00:664,06:36:04:477,VLG92CD,VLG2974,11.580875545936811,3.079874132799402,15.826097932079753,5.262951857052583,4.773650747377694
06:36:44:477,06:43:43:898,VLG2974,TVF32PR,14.13718005750228,3.2347668836589856,18.15985158109124,10.471349629946372,8.27949370617297
06:45:43:742,06:45:47:688,TVF32PR,VLG21PG,15.788431085359091,5.244134190031241,18.22630771598872,10.498692483708306,5.792549121744286
06:45:47:688,06:45:47:734,VLG21PG,TVF32PR,18.22630771598872,10.498692483708306,15.731035124208296,4.989820604993829,6.047648690473164
06:45:51:727,06:45:51:758,TVF32PR,VLG21PG,15.636671696426804,4.7527940975575005,18.111504454645555,10.447045174059998,6.208807655532782
06:45:51:758,06:45:55:727,VLG21PG,TVF32PR,18.111504454645555,10.447045174059998,15.519695303145696,4.521114413523881,6.4679308945339375
06:45:55:727,06:45:55:820,TVF32PR,VLG21PG,15.519695303145696,4.521114413523881,17.97802564428808,10.384466593314468,6.357852377213257
06:45:55:820,06:45:59:719,VLG21PG,TVF32PR,17.97802564428808,10.384466593314468,15.394317053207978,4.297576788729949,6.612546981063809
06:45:59:719,06:45:59:867,TVF32PR,VLG21PG,15.394317053207978,4.297576788729949,17.83141593472173,10.316107359901991,6.493239653239979
06:45:59:867,06:46:03:719,VLG21PG,TVF32PR,17.83141593472173,10.316107359901991,15.229346275094914,4.096639238632643,6.741850652827908
06:46:03:719,06:46:03:906,TVF32PR,VLG21PG,15.229346275094914,4.096639238632643,17.671330657287275,10.240892405749408,6.611742183758817
06:46:03:906,06:46:07:727,VLG21PG,TVF32PR,17.671330657287275,10.240892405749408,15.018672816185424,3.925832970786256,6.849567087712643
06:46:07:727,06:46:07:938,TVF32PR,VLG21PG,15.018672816185424,3.925832970786256,17.507624452309667,10.169680354693602,6.721644917763222
06:46:07:938,06:46:11:727,VLG21PG,TVF32PR,17.507624452309667,10.169680354693602,14.817618628718368,3.7555052849350177,6.95541322686637
06:46:11:727,06:46:11:953,TVF32PR,VLG21PG,14.817618628718368,3.7555052849350177,17.347412670375956,10.094642608857464,6.825285335042989
06:46:11:953,06:46:15:734,VLG21PG,TVF32PR,17.347412670375956,10.094642608857464,14.565074056681665,3.638924174368806,7.029773016723297
06:46:15:734,06:46:15:969,TVF32PR,VLG21PG,14.565074056681665,3.638924174368806,17.1873876374388,10.022746626999847,6.901428665322819
06:46:15:969,06:46:19:742,VLG21PG,TVF32PR,17.1873876374388,10.022746626999847,14.292185149039083,3.5559762125309478,7.0852887762099135
06:46:19:742,06:46:19:977,TVF32PR,VLG21PG,14.292185149039083,3.5559762125309478,17.027966264517172,9.947089246157216,6.952037407867861
06:46:19:977,06:46:23:758,VLG21PG,TVF32PR,17.027966264517172,9.947089246157216,14.0025359445638,3.5206069888305973,7.103020683105674
06:46:23:758,06:46:23:977,TVF32PR,VLG21PG,14.0025359445638,3.5206069888305973,16.888598858890123,9.841924151790174,6.948986244063019
06:48:19:453,06:48:19:555,VLG21PG,AEA38LZ,16.063645316366653,2.873191246389028,18.136686439678627,10.45633892708578,7.861401163036974
06:48:19:555,06:48:23:453,AEA38LZ,VLG21PG,18.136686439678627,10.45633892708578,15.918313702540548,2.5960804282452328,8.167303182169286
06:48:23:453,06:48:23:617,VLG21PG,AEA38LZ,15.918313702540548,2.5960804282452328,18.01183004614856,10.400089997010436,8.079936635291933
06:48:23:617,06:48:27:445,AEA38LZ,VLG21PG,18.01183004614856,10.400089997010436,15.774366766174188,2.323082566294368,8.381186727729926
06:48:27:445,06:48:27:664,VLG21PG,AEA38LZ,15.774366766174188,2.323082566294368,17.872944271473738,10.333697990170062,8.280941191373385
06:48:27:664,06:48:31:445,AEA38LZ,VLG21PG,17.872944271473738,10.333697990170062,15.631797204762414,2.0463238042012053,8.58506325386667
06:48:31:445,06:48:31:703,VLG21PG,AEA38LZ,15.631797204762414,2.0463238042012053,17.72331467248195,10.26299060342635,8.47868259856829
06:48:31:703,06:48:34:398,AEA38LZ,DICMD,17.72331467248195,10.26299060342635,30.50016828610792,8.251284684849653,12.934254867090857
06:48:34:398,06:48:35:445,DICMD,VLG21PG,30.50016828610792,8.251284684849653,15.489384627134296,1.769450317875919,16.350467969369912
06:48:35:445,06:48:35:727,VLG21PG,AEA38LZ,15.489384627134296,1.769450317875919,17.565618279084696,10.189506823557185,8.67226024380938
06:48:35:727,06:48:38:383,AEA38LZ,DICMD,17.565618279084696,10.189506823557185,30.67082220980199,8.452570194060543,13.219807824646136
06:48:38:383,06:48:39:445,DICMD,VLG21PG,30.67082220980199,8.452570194060543,15.347281351497616,1.4886452928832083,16.831730584386186
06:48:39:445,06:48:39:766,VLG21PG,AEA38LZ,15.347281351497616,1.4886452928832083,17.393343245554018,10.11901689584022,8.869593185678612
06:48:39:766,06:48:42:367,AEA38LZ,DICMD,17.393343245554018,10.11901689584022,30.836943613337656,8.653331355020551,13.523262363543799
06:48:42:367,06:48:43:445,DICMD,VLG21PG,30.836943613337656,8.653331355020551,15.204492030650098,1.2124561600509631,17.313005693760527
06:48:43:445,06:48:43:773,VLG21PG,AEA38LZ,15.204492030650098,1.2124561600509631,17.241394602888505,10.030814078824797,9.05054741285811
06:48:43:773,06:48:46:352,AEA38LZ,DICMD,17.241394602888505,10.030814078824797,31.01033858361273,8.853637424591252,13.819173753144373
06:48:46:352,06:48:47:781,DICMD,AEA38LZ,31.01033858361273,8.853637424591252,17.07833061124642,9.945491878733854,13.974726912934985
06:48:47:781,06:48:50:336,AEA38LZ,DICMD,17.07833061124642,9.945491878733854,31.1797105373228,9.05452268366263,14.129498997703909
06:48:50:336,06:48:51:789,DICMD,AEA38LZ,31.1797105373228,9.05452268366263,16.913946520763073,9.857346177927395,14.288336101139063
06:48:51:789,06:48:54:320,AEA38LZ,DICMD,16.913946520763073,9.857346177927395,31.348658147094845,9.252696603625475,14.447370032052932
06:48:54:320,06:48:55:789,DICMD,AEA38LZ,31.348658147094845,9.252696603625475,16.755463818575098,9.769081959738791,14.602327709853288
06:48:55:789,06:48:58:305,AEA38LZ,DICMD,16.755463818575098,9.769081959738791,31.510326368032672,9.454047692432583,14.75822534869836
06:48:58:305,06:48:59:781,DICMD,AEA38LZ,31.510326368032672,9.454047692432583,16.613803460420105,9.647728985412376,14.89778195505211
06:48:59:781,06:49:02:281,AEA38LZ,DICMD,16.613803460420105,9.647728985412376,31.65001243338109,9.667601748938363,15.036222105478576
06:49:02:281,06:49:03:773,DICMD,AEA38LZ,31.65001243338109,9.667601748938363,16.499362659608302,9.499753313170208,15.151579510562957
06:49:03:773,06:49:06:266,AEA38LZ,DICMD,16.499362659608302,9.499753313170208,31.75982857542302,9.897026666670971,15.265636117933129
06:49:06:266,06:49:07:750,DICMD,AEA38LZ,31.75982857542302,9.897026666670971,16.422080483623127,9.33388112844207,15.3480829234383
06:49:07:750,06:49:10:250,AEA38LZ,DICMD,16.422080483623127,9.33388112844207,31.846865316511742,10.140423046086136,15.445856952782764
06:49:10:250,06:49:11:719,DICMD,AEA38LZ,31.846865316511742,10.140423046086136,16.38022986963021,9.161694461895689,15.49757147711356
06:49:11:719,06:49:14:234,AEA38LZ,DICMD,16.38022986963021,9.161694461895689,31.91754332439868,10.383415883512487,15.585272298672445
06:49:14:234,06:49:15:688,DICMD,AEA38LZ,31.91754332439868,10.383415883512487,16.350731620191105,8.976831442828784,15.630230530066644
06:49:15:688,06:49:18:219,AEA38LZ,DICMD,16.350731620191105,8.976831442828784,31.987575630060885,10.624617943981212,15.723424911334698
06:49:18:219,06:49:19:664,DICMD,AEA38LZ,31.987575630060885,10.624617943981212,16.354656510893236,8.793349042664344,15.739812768116643
06:49:19:664,06:49:22:203,AEA38LZ,DICMD,16.354656510893236,8.793349042664344,32.0496095870756,10.864259619445342,15.830989314650859
06:49:22:203,06:49:23:633,DICMD,AEA38LZ,32.0496095870756,10.864259619445342,16.365732175153113,8.609608354755327,15.845108488034429
06:49:23:633,06:49:26:188,AEA38LZ,DICMD,16.365732175153113,8.609608354755327,32.11549621378129,11.101981956283453,15.945751579717392
06:49:26:188,06:49:27:602,DICMD,AEA38LZ,32.11549621378129,11.101981956283453,16.377471611999354,8.421114927498138,15.964725691107935
06:49:27:602,06:49:30:172,AEA38LZ,DICMD,16.377471611999354,8.421114927498138,32.173338420201375,11.340551898451189,16.063390689696426
06:49:30:172,06:49:31:570,DICMD,AEA38LZ,32.173338420201375,11.340551898451189,16.386835910142562,8.229777987492806,16.090076936584005
06:49:31:570,06:49:34:156,AEA38LZ,DICMD,16.386835910142562,8.229777987492806,32.23941164653674,11.577533809801524,16.202210544364473
06:49:34:156,06:49:35:547,DICMD,AEA38LZ,32.23941164653674,11.577533809801524,16.397410314431742,8.032526758349043,16.23379441785759
06:49:35:547,06:49:38:141,AEA38LZ,DICMD,16.397410314431742,8.032526758349043,32.30117286730571,11.820828444856907,16.348727565354885
06:49:38:141,06:49:39:523,DICMD,AEA38LZ,32.30117286730571,11.820828444856907,16.410883428579893,7.833664080912037,16.38288064143767
06:49:39:523,06:49:42:125,AEA38LZ,DICMD,16.410883428579893,7.833664080912037,32.36666826710718,12.062903504466576,16.506772425738628
06:49:42:125,06:49:43:500,DICMD,AEA38LZ,32.36666826710718,12.062903504466576,16.418842160169305,7.62390420851102,16.55408929197324
06:49:43:500,06:49:46:102,AEA38LZ,DICMD,16.418842160169305,7.62390420851102,32.431794780197265,12.30773848191922,16.683913063547582
06:49:46:102,06:49:47:477,DICMD,AEA38LZ,32.431794780197265,12.30773848191922,16.428568883233908,7.412252659184951,16.73526278699653
06:49:47:477,06:49:50:086,AEA38LZ,DICMD,16.428568883233908,7.412252659184951,32.496995422842105,12.552781184523887,16.870665813138743
06:49:50:086,06:49:51:453,DICMD,AEA38LZ,32.496995422842105,12.552781184523887,16.436386692858814,7.1959816624892845,16.930400287556274
06:49:51:453,06:49:54:078,AEA38LZ,DICMD,16.436386692858814,7.1959816624892845,32.55856026492754,12.792190402690975,17.06581474620597
06:49:54:078,06:49:55:438,DICMD,AEA38LZ,32.55856026492754,12.792190402690975,16.44263121584359,6.970218227625059,17.135300672073125
06:49:55:438,06:49:58:063,AEA38LZ,DICMD,16.44263121584359,6.970218227625059,32.62043008214953,13.030409971077718,17.275621555419114
06:49:58:063,06:49:59:414,DICMD,AEA38LZ,32.62043008214953,13.030409971077718,16.448886979833578,6.743092961066285,17.35076832576707
06:49:59:414,06:50:02:047,AEA38LZ,DICMD,16.448886979833578,6.743092961066285,32.686412813827545,13.270852863436769,17.500539836034125
06:50:02:047,06:50:03:398,DICMD,AEA38LZ,32.686412813827545,13.270852863436769,16.45148961246205,6.510927976198988,17.58605458411102
06:50:03:398,06:50:06:031,AEA38LZ,DICMD,16.45148961246205,6.510927976198988,32.749186619267576,13.506960409013091,17.73582243727718
06:50:06:031,06:50:07:383,DICMD,AEA38LZ,32.749186619267576,13.506960409013091,16.4516535817345,6.268286761387675,17.832778226802148
06:50:07:383,06:50:10:016,AEA38LZ,DICMD,16.4516535817345,6.268286761387675,32.81360570308546,13.73654077844584,17.985780363517357
06:50:10:016,06:50:11:367,DICMD,AEA38LZ,32.81360570308546,13.73654077844584,16.452022310595478,6.023830754587156,18.08831962957129
06:50:11:367,06:50:14:000,AEA38LZ,DICMD,16.452022310595478,6.023830754587156,32.86505703196961,13.975350374544416,18.23771841628218
06:50:14:000,06:50:15:352,DICMD,AEA38LZ,32.86505703196961,13.975350374544416,16.452776233370297,5.772433632937733,18.34804632874582
06:50:15:352,06:50:17:984,AEA38LZ,DICMD,16.452776233370297,5.772433632937733,32.881429728620816,14.212633198939308,18.469911325746537
06:50:17:984,06:50:19:336,DICMD,AEA38LZ,32.881429728620816,14.212633198939308,16.455058749639715,5.514641581278911,18.58711170999957
06:50:19:336,06:50:21:969,AEA38LZ,DICMD,16.455058749639715,5.514641581278911,32.85482070503941,14.447979070081148,18.675029073139743
06:50:21:969,06:50:23:320,DICMD,AEA38LZ,32.85482070503941,14.447979070081148,16.458912600158083,5.262213684652413,18.79372470533326
06:50:23:320,06:50:23:352,AEA38LZ,RYR2889,16.458912600158083,5.262213684652413,18.20434740238336,10.486251127909853,5.507913385064703
06:50:23:352,06:50:25:953,RYR2889,DICMD,18.20434740238336,10.486251127909853,32.788400668195045,14.681692019783425,15.175517583833424
06:50:25:953,06:50:27:313,DICMD,AEA38LZ,32.788400668195045,14.681692019783425,16.459989563346404,5.003353026112429,18.98123428245268
06:50:27:313,06:50:27:422,AEA38LZ,RYR2889,16.459989563346404,5.003353026112429,18.09335271653768,10.43889441580361,5.67564845539687
06:50:27:422,06:50:29:938,RYR2889,DICMD,18.09335271653768,10.43889441580361,32.68157417088859,14.90003293129846,15.25509626503929
06:50:29:938,06:50:31:297,DICMD,AEA38LZ,32.68157417088859,14.90003293129846,16.45787481962588,4.742830217965684,19.140981887037476
06:50:31:297,06:50:31:477,AEA38LZ,RYR2889,16.45787481962588,4.742830217965684,17.966250760148522,10.37815532824074,5.8337026900969295
06:50:31:477,06:50:33:922,RYR2889,DICMD,17.966250760148522,10.37815532824074,32.54144685353593,15.09278604200592,15.318749424410386
06:50:33:922,06:50:35:281,DICMD,AEA38LZ,32.54144685353593,15.09278604200592,16.456523684825502,4.482995473005717,19.2689493554102
06:50:35:281,06:50:35:516,AEA38LZ,RYR2889,16.456523684825502,4.482995473005717,17.825543674168383,10.315717537822202,5.991232128420452
06:50:35:516,06:50:37:906,RYR2889,DICMD,17.825543674168383,10.315717537822202,32.37496632348493,15.266344348874975,15.368617545204247
06:50:37:906,06:50:39:273,DICMD,AEA38LZ,32.37496632348493,15.266344348874975,16.456909857217205,4.219398632900381,19.37574595505879
06:50:39:273,06:50:39:555,AEA38LZ,RYR2889,16.456909857217205,4.219398632900381,17.672700428936576,10.24489485475372,6.146930244752301
06:50:39:555,06:50:41:898,RYR2889,DICMD,17.672700428936576,10.24489485475372,32.18028396641737,15.401666361740746,15.396826701377691
06:50:41:898,06:50:43:258,DICMD,AEA38LZ,32.18028396641737,15.401666361740746,16.457638004020733,3.960948918745799,19.444577950403453
06:50:43:258,06:50:43:578,AEA38LZ,RYR2889,16.457638004020733,3.960948918745799,17.505409193050706,10.166297222502722,6.293184570271255
06:50:43:578,06:50:45:883,RYR2889,DICMD,17.505409193050706,10.166297222502722,31.965811986847694,15.50079321181263,15.412984669388834
06:50:45:883,06:50:47:250,DICMD,AEA38LZ,31.965811986847694,15.50079321181263,16.451531532255697,3.701007892131525,19.491737521685874
06:50:47:250,06:50:47:602,AEA38LZ,RYR2889,16.451531532255697,3.701007892131525,17.34082732612816,10.089471997464107,6.450063614734516
06:50:47:602,06:50:49:875,RYR2889,DICMD,17.34082732612816,10.089471997464107,31.736916312475657,15.588156113491417,15.410480365994005
06:50:49:875,06:50:51:234,DICMD,AEA38LZ,31.736916312475657,15.588156113491417,16.444370414863876,3.4415090466739477,19.529541597190352
06:50:51:234,06:50:51:617,AEA38LZ,RYR2889,16.444370414863876,3.4415090466739477,17.17291772360674,10.008277949754971,6.607059482670669
06:50:51:617,06:50:53:859,RYR2889,DICMD,17.17291772360674,10.008277949754971,31.51923646942567,15.673601540544164,15.424420668050654
06:50:53:859,06:50:55:227,DICMD,AEA38LZ,31.51923646942567,15.673601540544164,16.45820145484458,3.185205317816,19.565142880293227
06:50:55:227,06:50:55:625,AEA38LZ,RYR2889,16.45820145484458,3.185205317816,17.012967696202455,9.926287137059395,6.763870909197202
06:50:55:625,06:50:57:844,RYR2889,DICMD,17.012967696202455,9.926287137059395,31.29876293972065,15.74975561418219,15.427142666215605
06:50:57:844,06:50:59:211,DICMD,AEA38LZ,31.29876293972065,15.74975561418219,16.54152652284735,2.9286961601731445,19.548800274869205
06:50:59:211,06:50:59:617,AEA38LZ,RYR2889,16.54152652284735,2.9286961601731445,16.867661951782903,9.81529111332182,6.894313190357672
06:50:59:617,06:51:01:836,RYR2889,DICMD,16.867661951782903,9.81529111332182,31.08206862877036,15.834240791034771,15.436227272284718
06:51:01:836,06:51:03:195,DICMD,AEA38LZ,31.08206862877036,15.834240791034771,16.613823803744058,2.697474401139398,19.5423831581408
06:51:03:195,06:51:03:617,AEA38LZ,RYR2889,16.613823803744058,2.697474401139398,16.729721668833534,9.689430245410554,6.99291633321677
06:51:03:617,06:51:05:828,RYR2889,DICMD,16.729721668833534,9.689430245410554,30.85949804204549,15.91770590594295,15.441567215168256
06:51:05:828,06:51:07:180,DICMD,AEA38LZ,30.85949804204549,15.91770590594295,16.753221690117698,2.4736143505455885,19.48667827688608
06:51:07:180,06:51:07:602,AEA38LZ,RYR2889,16.753221690117698,2.4736143505455885,16.62062219794629,9.54217362762066,7.06980288825991
06:51:07:602,06:51:09:813,RYR2889,DICMD,16.62062219794629,9.54217362762066,30.642291681003087,16.004236980137264,15.439089282209117
06:51:09:813,06:51:11:164,DICMD,AEA38LZ,30.642291681003087,16.004236980137264,16.91432884514817,2.25725426898091,19.42772496417029
06:51:11:164,06:51:11:578,AEA38LZ,RYR2889,16.91432884514817,2.25725426898091,16.538691422287513,9.377877204951144,7.130524137096708
06:51:11:578,06:51:13:797,RYR2889,DICMD,16.538691422287513,9.377877204951144,30.420756032386727,16.08586695103501,15.41780932144821
06:51:13:797,06:51:15:141,DICMD,AEA38LZ,30.420756032386727,16.08586695103501,17.094228803396476,2.045566701760385,19.357850063341218
06:51:15:141,06:51:15:555,AEA38LZ,RYR2889,17.094228803396476,2.045566701760385,16.479073997281787,9.203463424341344,7.184281517773453
06:51:15:555,06:51:17:789,RYR2889,DICMD,16.479073997281787,9.203463424341344,30.206553854583102,16.16467637492112,15.39162723612851
06:51:17:789,06:51:19:117,DICMD,AEA38LZ,30.206553854583102,16.16467637492112,17.285940547730398,1.8454969073226557,19.286812822509393
06:51:19:117,06:51:19:523,AEA38LZ,RYR2889,17.285940547730398,1.8454969073226557,16.4314945595541,9.014705888134923,7.219947046708157
06:51:19:523,06:51:21:773,RYR2889,DICMD,16.4314945595541,9.014705888134923,29.99449262013194,16.243998822734543,15.369371904065899
06:51:21:773,06:51:23:102,DICMD,AEA38LZ,29.99449262013194,16.243998822734543,17.485966891395243,1.6377351842741767,19.230344598646102
06:51:23:102,06:51:23:492,AEA38LZ,RYR2889,17.485966891395243,1.6377351842741767,16.41267125272718,8.82012332005409,7.262139000389345
06:51:23:492,06:51:25:758,RYR2889,DICMD,16.41267125272718,8.82012332005409,29.793429591223724,16.32260665265896,15.340532906951397
06:51:25:758,06:51:27:078,DICMD,AEA38LZ,29.793429591223724,16.32260665265896,17.68708902081297,1.4275148830971076,19.194458596960807
06:51:27:078,06:51:27:461,AEA38LZ,RYR2889,17.68708902081297,1.4275148830971076,16.40687018520941,8.61019061816159,7.295874929171843
06:51:27:461,06:51:29:750,RYR2889,DICMD,16.40687018520941,8.61019061816159,29.570848855948675,16.377830262480558,15.284847401517426
06:51:29:750,06:51:31:063,DICMD,AEA38LZ,29.570848855948675,16.377830262480558,17.891391962410125,1.2188106967214558,19.136498831371753
06:51:31:063,06:51:31:430,AEA38LZ,RYR2889,17.891391962410125,1.2188106967214558,16.408087346976416,8.396688949701074,7.329538102552212
06:51:31:430,06:51:33:734,RYR2889,DICMD,16.408087346976416,8.396688949701074,29.351238187408534,16.396325115454065,15.215759345579892
06:51:33:734,06:51:35:039,DICMD,AEA38LZ,29.351238187408534,16.396325115454065,18.09637689431002,1.00266293425504,19.06926160279323
06:51:35:039,06:51:35:406,AEA38LZ,RYR2889,18.09637689431002,1.00266293425504,16.407298066233967,8.176203153228366,7.369712786851509
06:51:35:406,06:51:37:727,RYR2889,DICMD,16.407298066233967,8.176203153228366,29.132257201094603,16.375617774631596,15.13786593670172
06:51:37:727,06:51:39:023,DICMD,AEA38LZ,29.132257201094603,16.375617774631596,18.301394433179112,0.787839707917443,18.981212114998158
06:51:39:023,06:51:39:375,AEA38LZ,RYR2889,18.301394433179112,0.787839707917443,16.407592151200536,7.950519793089469,7.408810504105716
06:51:39:375,06:51:41:727,RYR2889,DICMD,16.407592151200536,7.950519793089469,28.92030990306329,16.304142077139318,15.044969617860833
06:51:41:727,06:51:43:008,DICMD,AEA38LZ,28.92030990306329,16.304142077139318,18.507030931412142,0.5694045516798902,18.868448371197168
06:51:43:008,06:51:43:359,AEA38LZ,RYR2889,18.507030931412142,0.5694045516798902,16.411535409683516,7.722358383835669,7.453579677345428
06:51:43:359,06:51:45:719,RYR2889,DICMD,16.411535409683516,7.722358383835669,28.717076499508103,16.23207202475021,14.96133576134592
06:51:45:719,06:51:47:336,DICMD,RYR2889,28.717076499508103,16.23207202475021,16.41362855121451,7.4862987674930865,15.095144294895748
06:51:47:336,06:51:49:711,RYR2889,DICMD,16.41362855121451,7.4862987674930865,28.52168246304163,16.153205400734436,14.890273339366033
06:51:49:711,06:51:51:313,DICMD,RYR2889,28.52168246304163,16.153205400734436,16.417414812580244,7.244851467139092,15.02904072654704
06:51:51:313,06:51:53:703,RYR2889,DICMD,16.417414812580244,7.244851467139092,28.32685375003385,16.072760286106785,14.824530681304676
06:51:53:703,06:51:55:289,DICMD,RYR2889,28.32685375003385,16.072760286106785,16.421348525065167,6.998329941869439,14.969513710677852
06:51:55:289,06:51:57:695,RYR2889,DICMD,16.421348525065167,6.998329941869439,28.13194610745137,15.992804593988447,14.766132533747655
06:51:57:695,06:51:59:266,DICMD,RYR2889,28.13194610745137,15.992804593988447,16.424119435698817,6.755757223168882,14.912955760229597
06:51:59:266,06:52:01:688,RYR2889,DICMD,16.424119435698817,6.755757223168882,27.94350083609253,15.90857711757829,14.71292832400244
06:52:01:688,06:52:03:250,DICMD,RYR2889,27.94350083609253,15.90857711757829,16.425752958161837,6.507654742126428,14.867274722989698
06:52:03:250,06:52:05:688,RYR2889,DICMD,16.425752958161837,6.507654742126428,27.757438980166047,15.81955639975927,14.666922669146068
06:52:05:688,06:52:07:227,DICMD,RYR2889,27.757438980166047,15.81955639975927,16.43002228721943,6.2649436682314015,14.818940359726133
06:52:07:227,06:52:09:680,RYR2889,DICMD,16.43002228721943,6.2649436682314015,27.57653355745766,15.728566557093073,14.62206796866074
06:52:09:680,06:52:11:211,DICMD,RYR2889,27.57653355745766,15.728566557093073,16.43214725642471,6.020843139196434,14.779622457459112
06:52:11:211,06:52:13:672,RYR2889,DICMD,16.43214725642471,6.020843139196434,27.394431111520213,15.631601430779488,14.578694806426258
06:52:13:672,06:52:15:188,DICMD,VLG200Z,27.394431111520213,15.631601430779488,18.24180525962317,10.513824713611552,10.486286211600381
06:52:15:188,06:52:15:195,VLG200Z,RYR2889,18.24180525962317,10.513824713611552,16.433995838396505,5.773969054198373,5.072909084100269
06:52:15:195,06:52:16:266,RYR2889,ICC03,16.433995838396505,5.773969054198373,18.201388356392105,11.285192261355798,5.787681535103447
06:52:16:266,06:52:17:672,ICC03,DICMD,18.201388356392105,11.285192261355798,27.212236112728824,15.534811108688908,9.962662176119759
06:52:17:672,06:52:19:180,DICMD,RYR2889,27.212236112728824,15.534811108688908,16.43644227819177,5.528732482269409,14.705078790762595
06:52:19:180,06:52:19:250,RYR2889,VLG200Z,16.43644227819177,5.528732482269409,18.127417198886715,10.460889585524814,5.213978315414442
06:52:19:250,06:52:20:156,VLG200Z,ICC03,18.127417198886715,10.460889585524814,18.13020588527301,11.255620244546227,0.7947355517153932
06:52:20:156,06:52:21:664,ICC03,DICMD,18.13020588527301,11.255620244546227,27.03329324556325,15.4398729532166,9.837323582914978
06:52:21:664,06:52:23:172,DICMD,RYR2889,27.03329324556325,15.4398729532166,16.437761907593153,5.281065124391841,14.678782675579662
06:52:23:172,06:52:23:313,RYR2889,VLG200Z,16.437761907593153,5.281065124391841,18.004220107609786,10.400211120530964,5.3534518791324315
06:52:23:313,06:52:24:070,VLG200Z,ICC03,18.004220107609786,10.400211120530964,18.052754167567485,11.216658987242818,0.8178891575478401
06:52:24:070,06:52:25:664,ICC03,DICMD,18.052754167567485,11.216658987242818,26.853974041866643,15.34496330903514,9.721335702931343
06:52:25:664,06:52:27:156,DICMD,RYR2889,26.853974041866643,15.34496330903514,16.43768957756662,5.026389797149792,14.661921475761625
06:52:27:156,06:52:27:367,RYR2889,VLG200Z,16.43768957756662,5.026389797149792,17.86146918446932,10.332495699820708,5.493806350736358
06:52:27:367,06:52:27:992,VLG200Z,ICC03,17.86146918446932,10.332495699820708,17.954279125128124,11.1763286893813,0.8489215507665344
06:52:27:992,06:52:29:656,ICC03,DICMD,17.954279125128124,11.1763286893813,26.680156187068544,15.248091079476367,9.629131812447614
06:52:29:656,06:52:31:148,DICMD,RYR2889,26.680156187068544,15.248091079476367,16.440176871365896,4.776069575202971,14.646515311567544
06:52:31:148,06:52:31:406,RYR2889,VLG200Z,16.440176871365896,4.776069575202971,17.701683530633044,10.255822921919531,5.623085966995943
06:52:31:406,06:52:31:930,VLG200Z,ICC03,17.701683530633044,10.255822921919531,17.848519202349955,11.128280067205583,0.8847271810277133
06:52:31:930,06:52:33:648,ICC03,DICMD,17.848519202349955,11.128280067205583,26.510694893510312,15.15960605507277,9.554311954556578
06:52:33:648,06:52:35:133,DICMD,RYR2889,26.510694893510312,15.15960605507277,16.44224144378659,4.522745899874706,14.64638347273803
06:52:35:133,06:52:35:430,RYR2889,VLG200Z,16.44224144378659,4.522745899874706,17.530330016168975,10.174695163345817,5.755733421398247
06:52:35:430,06:52:35:883,VLG200Z,ICC03,17.530330016168975,10.174695163345817,17.742293997176517,11.078352316079563,0.928183698914944
06:52:35:883,06:52:37:648,ICC03,DICMD,17.742293997176517,11.078352316079563,26.3419110993455,15.069733263831177,9.480745549480368
06:52:37:648,06:52:39:117,DICMD,RYR2889,26.3419110993455,15.069733263831177,16.442240166544323,4.262355616990166,14.65615557297299
06:52:39:117,06:52:39:453,RYR2889,VLG200Z,16.442240166544323,4.262355616990166,17.364183872464075,10.098786304191984,5.908798808843988
06:52:39:453,06:52:39:852,VLG200Z,ICC03,17.364183872464075,10.098786304191984,17.630073172853162,11.031240157312032,0.969622250291227
06:52:39:852,06:52:41:641,ICC03,DICMD,17.630073172853162,11.031240157312032,26.17927363037245,14.985013336007064,9.419190560309108
06:52:41:641,06:52:43:109,DICMD,RYR2889,26.17927363037245,14.985013336007064,16.435743751834444,4.003871508460677,14.680662462254613
06:52:43:109,06:52:43:469,RYR2889,VLG200Z,16.435743751834444,4.003871508460677,17.19398600822851,10.020075741955273,6.063797877444453
06:52:43:469,06:52:43:836,VLG200Z,ICC03,17.19398600822851,10.020075741955273,17.516534311524335,11.000984982480656,1.03257946236941
06:52:43:836,06:52:45:633,ICC03,DICMD,17.516534311524335,11.000984982480656,26.02211634706213,14.906798797706976,9.359503583122134
06:52:45:633,06:52:47:102,DICMD,RYR2889,26.02211634706213,14.906798797706976,16.406232180388045,3.727970239425253,14.745556491443393
06:52:47:102,06:52:47:484,RYR2889,VLG200Z,16.406232180388045,3.727970239425253,17.033003814290502,9.945913670660111,6.249453031674171
06:52:47:484,06:52:47:828,VLG200Z,ICC03,17.033003814290502,9.945913670660111,17.397340319793884,10.983330085509738,1.0995334951886953
06:52:47:828,06:52:49:625,ICC03,DICMD,17.397340319793884,10.983330085509738,25.863735105785544,14.83063535850576,9.299548297411533
06:52:49:625,06:52:51:094,DICMD,RYR2889,25.863735105785544,14.83063535850576,16.318029320648584,3.464603434226893,14.842748419350224
06:52:51:094,06:52:51:492,RYR2889,VLG200Z,16.318029320648584,3.464603434226893,16.86640747342024,9.862417481109125,6.4212727069422035
06:52:51:492,06:52:51:836,VLG200Z,ICC03,16.86640747342024,9.862417481109125,17.27934145281522,10.985368960002994,1.1964675069925228
06:52:51:836,06:52:53:625,ICC03,DICMD,17.27934145281522,10.985368960002994,25.709388496970437,14.75550067418454,9.234694705779265
06:52:53:625,06:52:55:086,DICMD,RYR2889,25.709388496970437,14.75550067418454,16.247846235337384,3.1961859941989537,14.937822392825488
06:52:55:086,06:52:55:852,RYR2889,ICC03,16.247846235337384,3.1961859941989537,17.16276890226802,11.01269056120487,7.8698683046470235
06:52:55:852,06:52:57:625,ICC03,DICMD,17.16276890226802,11.01269056120487,25.55056028120893,14.680608199273095,9.154707205382783
06:52:57:625,06:52:59:094,DICMD,RYR2889,25.55056028120893,14.680608199273095,16.123475113671603,2.9268734374451397,15.067190036878314
06:52:59:094,06:52:59:484,RYR2889,VLG200Z,16.123475113671603,2.9268734374451397,16.59549786927331,9.630843543247757,6.720566989570223
06:52:59:484,06:52:59:875,VLG200Z,ICC03,16.59549786927331,9.630843543247757,17.04609458398263,11.056338200179834,1.4950158581930604
06:52:59:875,06:53:01:617,ICC03,DICMD,17.04609458398263,11.056338200179834,25.391467315582684,14.606225915435235,9.06901035506383
06:53:01:617,06:53:03:094,DICMD,RYR2889,25.391467315582684,14.606225915435235,15.983289561806272,2.6662296631956472,15.201227554054599
06:53:03:094,06:53:03:469,RYR2889,VLG200Z,15.983289561806272,2.6662296631956472,16.478491426954466,9.485851540141612,6.837577599688815
06:53:03:469,06:53:03:898,VLG200Z,ICC03,16.478491426954466,9.485851540141612,16.93474418214622,11.116188848772143,1.6929755806073254
06:53:03:898,06:53:05:609,ICC03,DICMD,16.93474418214622,11.116188848772143,25.22565318311928,14.52825467686634,8.965565530275503
06:53:05:609,06:53:07:094,DICMD,RYR2889,25.22565318311928,14.52825467686634,15.8368946361816,2.3963238568622445,15.340551896006238
06:53:07:094,06:53:07:438,RYR2889,VLG200Z,15.8368946361816,2.3963238568622445,16.40238501835611,9.317837100379762,6.944575217572366
06:53:07:438,06:53:07:922,VLG200Z,ICC03,16.40238501835611,9.317837100379762,16.834285309946697,11.192462216364351,1.9237352175796616
06:53:07:922,06:53:09:602,ICC03,DICMD,16.834285309946697,11.192462216364351,25.0599279334369,14.450091823820468,8.84722257144882
06:53:09:602,06:53:11:086,DICMD,RYR2889,25.0599279334369,14.450091823820468,15.69192344464202,2.127108759541988,15.4795161327664
06:53:11:086,06:53:11:406,RYR2889,VLG200Z,15.69192344464202,2.127108759541988,16.36438934672192,9.117621426105009,7.022782762611853
06:53:11:406,06:53:13:602,VLG200Z,DICMD,16.36438934672192,9.117621426105009,24.89672553206136,14.37605228843395,10.022567331454864
06:53:13:602,06:53:15:086,DICMD,RYR2889,24.89672553206136,14.37605228843395,15.549558200407224,1.857465268947247,15.62320575587492
06:53:15:086,06:53:15:383,RYR2889,VLG200Z,15.549558200407224,1.857465268947247,16.331399262382728,8.94056847857968,7.126122825526954
06:53:15:383,06:53:15:977,VLG200Z,ICC03,16.331399262382728,8.94056847857968,16.668776048368336,11.399839912826517,2.4823051953828066
06:53:15:977,06:53:17:594,ICC03,DICMD,16.668776048368336,11.399839912826517,24.733670856871058,14.301701830883776,8.571075245480294
06:53:17:594,06:53:19:086,DICMD,RYR2889,24.733670856871058,14.301701830883776,15.4082431073713,1.5836962653274538,15.770582369610251
06:53:19:086,06:53:19:352,RYR2889,VLG200Z,15.4082431073713,1.5836962653274538,16.318871594357223,8.73913347521927,7.213149513632354
06:53:19:352,06:53:20:008,VLG200Z,ICC03,16.318871594357223,8.73913347521927,16.605747274457624,11.51615765798008,2.791802458533091
06:53:20:008,06:53:21:586,ICC03,DICMD,16.605747274457624,11.51615765798008,24.56698592019765,14.225869687656283,8.40974791882589
06:53:21:586,06:53:23:078,DICMD,RYR2889,24.56698592019765,14.225869687656283,15.265680694850138,1.3068341060288409,15.9190376359387
06:53:23:078,06:53:23:320,RYR2889,VLG200Z,15.265680694850138,1.3068341060288409,16.311324875826667,8.529663072563725,7.298125103958239
06:53:23:320,06:53:24:039,VLG200Z,ICC03,16.311324875826667,8.529663072563725,16.544842333141517,11.633611973702918,3.1127205437934826
06:53:24:039,06:53:25:578,ICC03,DICMD,16.544842333141517,11.633611973702918,24.399893176331805,14.150829072288198,8.248527484982672
06:53:25:578,06:53:27:078,DICMD,RYR2889,24.399893176331805,14.150829072288198,15.121365662802418,1.0311643451267989,16.069121798419626
06:53:27:078,06:53:27:102,RYR2889,VLG57RJ,15.121365662802418,1.0311643451267989,18.228594176177705,10.50201093614588,9.967537518612616
06:53:27:102,06:53:27:289,VLG57RJ,VLG200Z,18.228594176177705,10.50201093614588,16.309833634690484,8.316651948542033,2.9081671066617267
06:53:27:289,06:53:28:063,VLG200Z,ICC03,16.309833634690484,8.316651948542033,16.47657714440141,11.750135945960372,3.4375304738370733
06:53:28:063,06:53:29:570,ICC03,DICMD,16.47657714440141,11.750135945960372,24.23647520632241,14.077143103964811,8.101294973324276
06:53:29:570,06:53:31:078,DICMD,RYR2889,24.23647520632241,14.077143103964811,14.982276463779028,0.757425571125635,16.218972517428927
06:53:31:078,06:53:31:164,RYR2889,VLG57RJ,14.982276463779028,0.757425571125635,18.11833922847349,10.447956663186824,10.185346460003592
06:53:31:164,06:53:31:258,VLG57RJ,VLG200Z,18.11833922847349,10.447956663186824,16.31081033281267,8.097933396844619,2.9647546375709593
06:53:31:258,06:53:32:078,VLG200Z,ICC03,16.31081033281267,8.097933396844619,16.41177845186076,11.86514143046316,3.7685608565637074
06:53:32:078,06:53:33:570,ICC03,DICMD,16.41177845186076,11.86514143046316,24.07288155833269,14.004221632745333,7.954128797032985
06:53:33:570,06:53:35:078,DICMD,RYR2889,24.07288155833269,14.004221632745333,14.841711321869642,0.480598151695882,16.373847928686565
06:53:35:078,06:53:35:227,RYR2889,VLG57RJ,14.841711321869642,0.480598151695882,17.98477486589464,10.389410951649026,10.395355671947653
06:53:35:227,06:53:35:234,VLG57RJ,VLG200Z,17.98477486589464,10.389410951649026,16.313290685080773,7.869336683869118,3.024009537325807
06:53:35:234,06:53:36:109,VLG200Z,ICC03,16.313290685080773,7.869336683869118,16.34754336002166,11.982008001079512,4.112813952654032
06:53:36:109,06:53:37:563,ICC03,DICMD,16.34754336002166,11.982008001079512,23.909596722466844,13.930219523280924,7.8089806755880025
06:53:37:563,06:53:39:078,DICMD,RYR2889,23.909596722466844,13.930219523280924,14.69968588682462,0.2003149714868189,16.53277764327146
06:53:39:078,06:53:39:211,RYR2889,VLG200Z,14.69968588682462,0.2003149714868189,16.32310096457431,7.640770446561804,7.615500915319908
06:53:39:211,06:53:39:281,VLG200Z,VLG57RJ,16.32310096457431,7.640770446561804,17.838765083193486,10.320307515057587,3.0784990859041397
06:53:39:281,06:53:40:125,VLG57RJ,ICC03,17.838765083193486,10.320307515057587,16.286784803242714,12.099597708377235,2.361041376469194
06:53:40:125,06:53:41:563,ICC03,DICMD,16.286784803242714,12.099597708377235,23.74669543163183,13.855871873831155,7.6638610065549715
06:53:41:563,06:53:43:070,DICMD,RYR2889,23.74669543163183,13.855871873831155,14.556540494536376,-0.0794004953038117,16.692835701875115
06:53:43:070,06:53:43:188,RYR2889,VLG200Z,14.556540494536376,-0.0794004953038117,16.327663429883422,7.397241748956154,7.683557489910845
06:53:43:188,06:53:43:320,VLG200Z,VLG57RJ,16.327663429883422,7.397241748956154,17.680431976749038,10.248476404156513,3.1558710050324326
06:53:43:320,06:53:44:141,VLG57RJ,ICC03,17.680431976749038,10.248476404156513,16.224925066519223,12.216509132871224,2.447785363756188
06:53:44:141,06:53:45:555,ICC03,DICMD,16.224925066519223,12.216509132871224,23.58382724609629,13.781000658614124,7.523368595430206
06:53:45:555,06:53:47:164,DICMD,VLG200Z,23.58382724609629,13.781000658614124,16.33453752755301,7.147699476647414,9.826132809709945
06:53:47:164,06:53:47:344,VLG200Z,VLG57RJ,16.33453752755301,7.147699476647414,17.509815759516748,10.167414092915244,3.2403634497119884
06:53:47:344,06:53:48:148,VLG57RJ,ICC03,17.509815759516748,10.167414092915244,16.16161602729134,12.333662230206926,2.5515237624392877
06:53:48:148,06:53:49:547,ICC03,DICMD,16.16161602729134,12.333662230206926,23.420680334377423,13.706649010962517,7.387767410695922
06:53:49:547,06:53:51:141,DICMD,VLG200Z,23.420680334377423,13.706649010962517,16.344911092559716,6.896767273152463,9.820437854108766
06:53:51:141,06:53:51:367,VLG200Z,VLG57RJ,16.344911092559716,6.896767273152463,17.349454892326246,10.091909226513614,3.349334314125404
06:53:51:367,06:53:52:164,VLG57RJ,ICC03,17.349454892326246,10.091909226513614,16.098071536944573,12.445181690035795,2.665305158832296
06:53:52:164,06:53:53:539,ICC03,DICMD,16.098071536944573,12.445181690035795,23.263986811233224,13.636778843730088,7.264313146814069
06:53:53:539,06:53:55:125,DICMD,VLG200Z,23.263986811233224,13.636778843730088,16.354338572990027,6.637404682050186,9.835368698297463
06:53:55:125,06:53:55:383,VLG200Z,VLG57RJ,16.354338572990027,6.637404682050186,17.182818251467932,10.009314663531883,3.472197503147935
06:53:55:383,06:53:56:164,VLG57RJ,ICC03,17.182818251467932,10.009314663531883,16.019154656411974,12.54275558873513,2.787908872964329
06:53:56:164,06:53:57:531,ICC03,DICMD,16.019154656411974,12.54275558873513,23.104565700932547,13.563648066764422,7.158580244818864
06:53:57:531,06:53:59:102,DICMD,VLG200Z,23.104565700932547,13.563648066764422,16.364180441331396,6.3813450590871215,9.84978527390008
06:53:59:102,06:53:59:391,VLG200Z,VLG57RJ,16.364180441331396,6.3813450590871215,17.02438917338718,9.931855712975931,3.611371134799171
06:53:59:391,06:54:00:164,VLG57RJ,ICC03,17.02438917338718,9.931855712975931,15.93024818659715,12.620372706253065,2.9026312411523754
06:54:00:164,06:54:01:523,ICC03,DICMD,15.93024818659715,12.620372706253065,22.94885177972962,13.491811436776649,7.072496154724197
06:54:01:523,06:54:03:086,DICMD,VLG200Z,22.94885177972962,13.491811436776649,16.373574300550363,6.124278835547741,9.874958762363148
06:54:03:086,06:54:03:391,VLG200Z,VLG57RJ,16.373574300550363,6.124278835547741,16.870631973038332,9.838123687614532,3.7469600898598006
06:54:03:391,06:54:04:164,VLG57RJ,ICC03,16.870631973038332,9.838123687614532,15.836542711355948,12.682238235829589,3.02627298248115
06:54:04:164,06:54:05:523,ICC03,DICMD,15.836542711355948,12.682238235829589,22.783236977993287,13.413612049005556,6.985089039427603
06:54:05:523,06:54:07:063,DICMD,VLG200Z,22.783236977993287,13.413612049005556,16.382650825204568,5.869716638096183,9.893324065753138
06:54:07:063,06:54:07:383,VLG200Z,VLG57RJ,16.382650825204568,5.869716638096183,16.75124377096954,9.702988019929712,3.8509518623908603
06:54:07:383,06:54:08:156,VLG57RJ,ICC03,16.75124377096954,9.702988019929712,15.73747455939472,12.735488687976323,3.197465921013104
06:54:08:156,06:54:09:516,ICC03,DICMD,15.73747455939472,12.735488687976323,22.628017877847903,13.340767776354168,6.917076694551486
06:54:09:516,06:54:11:047,DICMD,VLG200Z,22.628017877847903,13.340767776354168,16.391991877723324,5.616711942958153,9.92718785918997
06:54:11:047,06:54:11:359,VLG200Z,VLG57RJ,16.391991877723324,5.616711942958153,16.645612680405648,9.56327527495511,3.9547042424201777
06:54:11:359,06:54:12:148,VLG57RJ,ICC03,16.645612680405648,9.56327527495511,15.637899242939962,12.779276525417645,3.370185516410854
06:54:12:148,06:54:13:508,ICC03,DICMD,15.637899242939962,12.779276525417645,22.466149030108166,13.26376980146925,6.845416633814325
06:54:13:508,06:54:15:039,DICMD,VLG200Z,22.466149030108166,13.26376980146925,16.40104440210835,5.356475827075392,9.965480025872823
06:54:15:039,06:54:15:344,VLG200Z,VLG57RJ,16.40104440210835,5.356475827075392,16.566630411836496,9.394418883792303,4.041336765960739
06:54:15:344,06:54:16:141,VLG57RJ,ICC03,16.566630411836496,9.394418883792303,15.538673065249,12.817081663743432,3.573697918356557
06:54:16:141,06:54:17:508,ICC03,DICMD,15.538673065249,12.817081663743432,22.30376189385544,13.187725188862665,6.775234570230648
06:54:17:508,06:54:19:023,DICMD,VLG200Z,22.30376189385544,13.187725188862665,16.409822296459705,5.093787896386553,10.012509419335641
06:54:19:023,06:54:19:313,VLG200Z,VLG57RJ,16.409822296459705,5.093787896386553,16.52321291542054,9.208695655124272,4.116469761262458
06:54:19:313,06:54:20:133,VLG57RJ,ICC03,16.52321291542054,9.208695655124272,15.435088468669138,12.854220894116317,3.8044538477613385
06:54:20:133,06:54:21:500,ICC03,DICMD,15.435088468669138,12.854220894116317,22.145138220030592,13.112873080020606,6.71503303186358
06:54:21:500,06:54:23:008,DICMD,VLG200Z,22.145138220030592,13.112873080020606,16.41860885915192,4.823525857000066,10.075039250782293
06:54:23:008,06:54:23:281,VLG200Z,VLG57RJ,16.41860885915192,4.823525857000066,16.499255014580257,9.015201415608296,4.192451286660226
06:54:23:281,06:54:24:125,VLG57RJ,ICC03,16.499255014580257,9.015201415608296,15.330870948259374,12.890746348798114,4.047835206083098
06:54:24:125,06:54:25:492,ICC03,DICMD,15.330870948259374,12.890746348798114,21.979053293290825,13.035384203620117,6.649755529478914
06:54:25:492,06:54:26:992,DICMD,VLG200Z,21.979053293290825,13.035384203620117,16.432109752468172,4.5572425894643125,10.131508667259508
06:54:26:992,06:54:27:250,VLG200Z,VLG57RJ,16.432109752468172,4.5572425894643125,16.483489399042554,8.810243323017426,4.2533110758191
06:54:27:250,06:54:28:117,VLG57RJ,ICC03,16.483489399042554,8.810243323017426,15.22583854820917,12.92557217329167,4.303210105084513
06:54:28:117,06:54:29:484,ICC03,DICMD,15.22583854820917,12.92557217329167,21.823148198739688,12.964031018562256,6.597421746998038
06:54:29:484,06:54:30:977,DICMD,VLG200Z,21.823148198739688,12.964031018562256,16.441778616958487,4.272921153842143,10.222256563809932
06:54:30:977,06:54:31:219,VLG200Z,VLG57RJ,16.441778616958487,4.272921153842143,16.473484996164913,8.601817410365747,4.329012369377853
06:54:31:219,06:54:32:109,VLG57RJ,ICC03,16.473484996164913,8.601817410365747,15.12131828694446,12.952093929648138,4.555574673270518
06:54:32:109,06:54:33:477,ICC03,DICMD,15.12131828694446,12.952093929648138,21.66392066085975,12.890141163143795,6.542895686807142
06:54:33:477,06:54:34:969,DICMD,VLG200Z,21.66392066085975,12.890141163143795,16.44718222426938,3.9869151005432752,10.319001610503241
06:54:34:969,06:54:35:188,VLG200Z,VLG57RJ,16.44718222426938,3.9869151005432752,16.471008563647597,8.38934102287854,4.402490397047752
06:54:35:188,06:54:36:094,VLG57RJ,ICC03,16.471008563647597,8.38934102287854,15.014847254296848,12.966083195798983,4.802809040159585
06:54:36:094,06:54:37:469,ICC03,DICMD,15.014847254296848,12.966083195798983,21.51120290440736,12.820539573904016,6.497985817051085
06:54:37:469,06:54:38:953,DICMD,VLG200Z,21.51120290440736,12.820539573904016,16.432054335279968,3.6912395429851617,10.447098604005028
06:54:38:953,06:54:39:156,VLG200Z,VLG57RJ,16.432054335279968,3.6912395429851617,16.470830280564577,8.17088169564164,4.4798099725088205
06:54:39:156,06:54:40:078,VLG57RJ,ICC03,16.470830280564577,8.17088169564164,14.908158952198216,12.97104721465498,5.04812150115495
06:54:40:078,06:54:41:461,ICC03,DICMD,14.908158952198216,12.97104721465498,21.35915631047753,12.749622943479933,6.454796327103753
06:54:41:461,06:54:42:945,DICMD,VLG200Z,21.35915631047753,12.749622943479933,16.367042364169706,3.397740910408797,10.600891434846401
06:54:42:945,06:54:43:133,VLG200Z,VLG57RJ,16.367042364169706,3.397740910408797,16.47500534332501,7.949961137665723,4.553500302219732
06:54:43:133,06:54:44:070,VLG57RJ,ICC03,16.47500534332501,7.949961137665723,14.79568134663414,12.97202722017314,5.29540147891859
06:54:44:070,06:54:45:453,ICC03,DICMD,14.79568134663414,12.97202722017314,21.210879776362955,12.679868896953296,6.421847660807727
06:54:45:453,06:54:46:945,DICMD,VLG200Z,21.210879776362955,12.679868896953296,16.250714127407132,3.11465324456884,10.774812933025888
06:54:46:945,06:54:47:109,VLG200Z,VLG57RJ,16.250714127407132,3.11465324456884,16.480576852972664,7.7232909462103985,4.614366515308077
06:54:47:109,06:54:48:055,VLG57RJ,ICC03,16.480576852972664,7.7232909462103985,14.680005860551416,12.974024848081378,5.550879426451819
06:54:48:055,06:54:49:445,ICC03,DICMD,14.680005860551416,12.974024848081378,21.065399175549476,12.613023229197385,6.395589883353902
06:54:49:445,06:54:50:945,DICMD,VLG200Z,21.065399175549476,12.613023229197385,16.115261840779606,2.837880115354375,10.9570654159403
06:54:50:945,06:54:51:086,VLG200Z,VLG57RJ,16.115261840779606,2.837880115354375,16.48509966093819,7.487549447978276,4.664354715924041
06:54:51:086,06:54:52:047,VLG57RJ,ICC03,16.48509966093819,7.487549447978276,14.5611417440372,12.977973156745437,5.81776302093842
06:54:52:047,06:54:53:438,ICC03,DICMD,14.5611417440372,12.977973156745437,20.92325220503485,12.548087316125567,6.3766175480344724
06:54:53:438,06:54:54:945,DICMD,VLG200Z,20.92325220503485,12.548087316125567,15.973886371622177,2.567301809315924,11.140570070058988
06:54:54:945,06:54:55:063,VLG200Z,VLG57RJ,15.973886371622177,2.567301809315924,16.490830400685287,7.246076136464116,4.707245514477125
06:54:55:063,06:54:56:031,VLG57RJ,ICC03,16.490830400685287,7.246076136464116,14.4431122118409,12.981662248260037,6.090164022975932
06:54:56:031,06:54:57:430,ICC03,DICMD,14.4431122118409,12.981662248260037,20.791144101803663,12.48903624236958,6.36711781402416
06:54:57:430,06:54:58:945,DICMD,VLG200Z,20.791144101803663,12.48903624236958,15.82930051872837,2.2943983638355894,11.338012754329814
06:54:58:945,06:54:59:023,VLG200Z,RYR63PB,15.82930051872837,2.2943983638355894,18.169966500393443,10.471074150017849,8.50510106642263
06:54:59:023,06:54:59:047,RYR63PB,VLG57RJ,18.169966500393443,10.471074150017849,16.49734050142116,6.999511451629514,3.853495205820207
06:54:59:047,06:55:00:023,VLG57RJ,ICC03,16.49734050142116,6.999511451629514,14.325108605466788,12.984247583371788,6.366761969508755
06:55:00:023,06:55:01:422,ICC03,DICMD,14.325108605466788,12.984247583371788,20.655379969777957,12.42834137458821,6.354633526709634
06:55:01:422,06:55:02:945,DICMD,VLG200Z,20.655379969777957,12.42834137458821,15.685264236141318,2.021763054894566,11.532515888983646
06:55:02:945,06:55:03:023,VLG200Z,VLG57RJ,15.685264236141318,2.021763054894566,16.50342027353562,6.748185838063508,4.796712585384202
06:55:03:023,06:55:03:086,VLG57RJ,RYR63PB,16.50342027353562,6.748185838063508,18.05237620260723,10.421408413774293,3.9864556388999826
06:55:03:086,06:55:04:016,RYR63PB,ICC03,18.05237620260723,10.421408413774293,14.20681526913954,12.985000550057691,4.621725168616908
06:55:04:016,06:55:05:414,ICC03,DICMD,14.20681526913954,12.985000550057691,20.524255473470536,12.367252380412149,6.347571467608543
06:55:05:414,06:55:06:945,DICMD,VLG200Z,20.524255473470536,12.367252380412149,15.54027777526175,1.7494391163992955,11.729364526933665
06:55:06:945,06:55:07:008,VLG200Z,VLG57RJ,15.54027777526175,1.7494391163992955,16.50972998897629,6.499759675507354,4.848235040606089
06:55:07:008,06:55:07:141,VLG57RJ,RYR63PB,16.50972998897629,6.499759675507354,17.915985308698325,10.355650584752404,4.104320738958536
06:55:07:141,06:55:08:000,RYR63PB,ICC03,17.915985308698325,10.355650584752404,14.084307058124086,12.984615924349155,4.6468502206037074
06:55:08:000,06:55:09:398,ICC03,DICMD,14.084307058124086,12.984615924349155,20.400025191951062,12.309666389150856,6.351681070473808
06:55:09:398,06:55:10:938,DICMD,VLG200Z,20.400025191951062,12.309666389150856,15.394271672785864,1.469948860222411,11.939725474297695
06:55:10:938,06:55:10:984,VLG200Z,VLG57RJ,15.394271672785864,1.469948860222411,16.512662140514315,6.246869309971178,4.906094803561568
06:55:10:984,06:55:11:180,VLG57RJ,RYR63PB,16.512662140514315,6.246869309971178,17.763894272150274,10.285046840156577,4.227583188126818
06:55:11:180,06:55:11:984,RYR63PB,ICC03,17.763894272150274,10.285046840156577,13.962422583926964,12.984498446531662,4.662427047313922
06:55:11:984,06:55:13:391,ICC03,DICMD,13.962422583926964,12.984498446531662,20.27573407270675,12.251989217753597,6.355664538394383
06:55:13:391,06:55:14:938,DICMD,VLG200Z,20.27573407270675,12.251989217753597,15.247823966156243,1.1905386751403446,12.150537771894367
06:55:14:938,06:55:14:969,VLG200Z,VLG57RJ,15.247823966156243,1.1905386751403446,16.51372862947698,5.992096034589528,4.9656286301633346
06:55:14:969,06:55:15:219,VLG57RJ,RYR63PB,16.51372862947698,5.992096034589528,17.595710349018596,10.209465206110034,4.353950754236179
06:55:15:219,06:55:15:977,RYR63PB,ICC03,17.595710349018596,10.209465206110034,13.840315383580704,12.982624731225364,4.668340722159657
06:55:15:977,06:55:17:383,ICC03,DICMD,13.840315383580704,12.982624731225364,20.151193420072943,12.194181487321307,6.359939020174493
06:55:17:383,06:55:18:938,DICMD,VLG200Z,20.151193420072943,12.194181487321307,15.101293061820948,0.9114506697464768,12.361290722660252
06:55:18:938,06:55:18:953,VLG200Z,VLG57RJ,15.101293061820948,0.9114506697464768,16.5147804687314,5.738971517914679,5.0301992196127845
06:55:18:953,06:55:19:242,VLG57RJ,RYR63PB,16.5147804687314,5.738971517914679,17.423687791554652,10.1324092412749,4.486469385889797
06:55:19:242,06:55:19:969,RYR63PB,ICC03,17.423687791554652,10.1324092412749,13.714541592686334,12.98088784020216,4.6767078006997505
06:55:19:969,06:55:21:367,ICC03,DICMD,13.714541592686334,12.98088784020216,20.030165791748733,12.138160358810277,6.371600947303249
06:55:21:367,06:55:22:938,DICMD,VLG57RJ,20.030165791748733,12.138160358810277,16.51287711446283,5.48414558274918,7.526435562695199
06:55:22:938,06:55:23:258,VLG57RJ,RYR63PB,16.51287711446283,5.48414558274918,17.25646130101787,10.043042007804168,4.619139969396236
06:55:23:258,06:55:23:953,RYR63PB,ICC03,17.25646130101787,10.043042007804168,13.588926916322135,12.97834524313006,4.697532708373637
06:55:23:953,06:55:25:359,ICC03,DICMD,13.588926916322135,12.97834524313006,19.911924445670145,12.084702705299923,6.3858354771760695
06:55:25:359,06:55:26:922,DICMD,VLG57RJ,19.911924445670145,12.084702705299923,16.51169668852648,5.230634182273956,7.651130904564736
06:55:26:922,06:55:27:273,VLG57RJ,RYR63PB,16.51169668852648,5.230634182273956,17.084163049329966,9.962316265637732,4.766186428611175
06:55:27:273,06:55:27:945,RYR63PB,ICC03,17.084163049329966,9.962316265637732,13.460174213173117,12.977404479306037,4.7142392833617395
06:55:27:945,06:55:29:344,ICC03,DICMD,13.460174213173117,12.977404479306037,19.79043439516981,12.02839798120346,6.4010004925178485
06:55:29:344,06:55:30:914,DICMD,VLG57RJ,19.79043439516981,12.02839798120346,16.508469908311753,4.974360997161043,7.780149655709439
06:55:30:914,06:55:31:281,VLG57RJ,RYR63PB,16.508469908311753,4.974360997161043,16.912131440214996,9.871888914905076,4.914134953114401
06:55:31:281,06:55:31:930,RYR63PB,ICC03,16.912131440214996,9.871888914905076,13.335291032769875,12.9745370048999,4.734998676946035
06:55:31:930,06:55:33:336,ICC03,DICMD,13.335291032769875,12.9745370048999,19.675798891789693,11.975686582956998,6.418702522761714
06:55:33:336,06:55:34:906,DICMD,VLG57RJ,19.675798891789693,11.975686582956998,16.504319994178314,4.714809758578349,7.923295441720778
06:55:34:906,06:55:35:281,VLG57RJ,RYR63PB,16.504319994178314,4.714809758578349,16.757362080300688,9.76736203001528,5.058884734104113
06:55:35:281,06:55:35:922,RYR63PB,ICC03,16.757362080300688,9.76736203001528,13.203425564523382,12.974290939697642,4.786946604040184
06:55:35:922,06:55:37:320,ICC03,DICMD,13.203425564523382,12.974290939697642,19.55848818797788,11.91919220277665,6.442053577290446
06:55:37:320,06:55:38:891,DICMD,VLG57RJ,19.55848818797788,11.91919220277665,16.499399163857515,4.456670025436045,8.065188336597853
06:55:38:891,06:55:39:273,VLG57RJ,RYR63PB,16.499399163857515,4.456670025436045,16.614305305474275,9.635741700449234,5.18034620815107
06:55:39:273,06:55:39:914,RYR63PB,ICC03,16.614305305474275,9.635741700449234,13.06806758526162,12.974862963309352,4.87088624136754
06:55:39:914,06:55:41:305,ICC03,DICMD,13.06806758526162,12.974862963309352,19.44030303356953,11.86353253869164,6.468418656932537
06:55:41:305,06:55:42:883,DICMD,VLG57RJ,19.44030303356953,11.86353253869164,16.49389489237648,4.195703835700711,8.214433513815802
06:55:42:883,06:55:43:258,VLG57RJ,RYR63PB,16.49389489237648,4.195703835700711,16.489526991712555,9.494423428363396,5.2987213929611
06:55:43:258,06:55:43:906,RYR63PB,ICC03,16.489526991712555,9.494423428363396,12.940521686864027,12.973132404820308,4.969593021236738
06:55:43:906,06:55:45:281,ICC03,DICMD,12.940521686864027,12.973132404820308,19.321417491270417,11.807885018972248,6.486419099697213
06:55:45:281,06:55:46:867,DICMD,VLG57RJ,19.321417491270417,11.807885018972248,16.48764841448007,3.935591673814468,8.36679446937647
06:55:46:867,06:55:47:242,VLG57RJ,RYR63PB,16.48764841448007,3.935591673814468,16.38455981694671,9.325449065035668,5.390843158230742
06:55:47:242,06:55:47:891,RYR63PB,ICC03,16.38455981694671,9.325449065035668,12.80513288447678,12.972678632957043,5.110242722807892
06:55:47:891,06:55:49:258,ICC03,DICMD,12.80513288447678,12.972678632957043,19.20193825030974,11.75154076468533,6.512318832925531
06:55:49:258,06:55:50:859,DICMD,VLG57RJ,19.20193825030974,11.75154076468533,16.48150120496874,3.676020753075658,8.521431873551062
06:55:50:859,06:55:51:219,VLG57RJ,RYR63PB,16.48150120496874,3.676020753075658,16.303150374448528,9.149573797239004,5.476457974459137
06:55:51:219,06:55:51:883,RYR63PB,ICC03,16.303150374448528,9.149573797239004,12.674046745556597,12.97076031438827,5.269901284472027
06:55:51:883,06:55:53:227,ICC03,DICMD,12.674046745556597,12.97076031438827,19.089795628813103,11.702876149638591,6.5398290488536555
06:55:53:227,06:55:54:844,DICMD,VLG57RJ,19.089795628813103,11.702876149638591,16.476491538426565,3.4166677002001187,8.688533175189962
06:55:54:844,06:55:55:188,VLG57RJ,RYR63PB,16.476491538426565,3.4166677002001187,16.25822099859545,8.960928472412903,5.5485556263640055
06:55:55:188,06:55:55:875,RYR63PB,ICC03,16.25822099859545,8.960928472412903,12.53950946689319,12.969969748095822,5.468201478195981
06:55:55:875,06:55:57:188,ICC03,DICMD,12.53950946689319,12.969969748095822,18.97314148808032,11.650791461350725,6.567484475525171
06:55:57:188,06:55:58:836,DICMD,VLG57RJ,18.97314148808032,11.650791461350725,16.47223559583795,3.1572049824898585,8.85412567991559
06:55:58:836,06:55:59:156,VLG57RJ,RYR63PB,16.47223559583795,3.1572049824898585,16.232792160768717,8.75756526815409,5.605476651261952
06:55:59:156,06:55:59:867,RYR63PB,ICC03,16.232792160768717,8.75756526815409,12.405431716227415,12.96980408044432,5.691365722232546
06:55:59:867,06:56:01:133,ICC03,DICMD,12.405431716227415,12.96980408044432,18.85917384577747,11.597462720894612,6.5980382146407734
06:56:01:133,06:56:02:828,DICMD,VLG57RJ,18.85917384577747,11.597462720894612,16.479390816853794,2.8946064884096825,9.022365203651143
06:56:02:828,06:56:03:133,VLG57RJ,RYR63PB,16.479390816853794,2.8946064884096825,16.226546925137136,8.55328514108323,5.664324684179195
06:56:03:133,06:56:03:859,RYR63PB,ICC03,16.226546925137136,8.55328514108323,12.27130488126626,12.968626077918772,5.927830565569467
06:56:03:859,06:56:05:063,ICC03,DICMD,12.27130488126626,12.968626077918772,18.747084681259107,11.546860511810497,6.630018200802059
06:56:05:063,06:56:06:813,DICMD,VLG57RJ,18.747084681259107,11.546860511810497,16.515224393432238,2.633572977605868,9.188465324078134
06:56:06:813,06:56:07:102,VLG57RJ,RYR63PB,16.515224393432238,2.633572977605868,16.232995040361743,8.339986378935368,5.713388426722579
06:56:07:102,06:56:07:844,RYR63PB,ICC03,16.232995040361743,8.339986378935368,12.13032870187648,12.97107057686414,6.186987306698281
06:56:07:844,06:56:08:945,ICC03,DICMD,12.13032870187648,12.97107057686414,18.63303909691132,11.500694487927444,6.666876954362587
06:56:08:945,06:56:10:797,DICMD,VLG57RJ,18.63303909691132,11.500694487927444,16.589301215597487,2.373661117412299,9.353053120452925
06:56:10:797,06:56:11:070,VLG57RJ,RYR63PB,16.589301215597487,2.373661117412299,16.246719703053987,8.12303539030146,5.759571739504281
06:56:11:070,06:56:11:836,RYR63PB,ICC03,16.246719703053987,8.12303539030146,11.992545136301638,12.969665716214758,6.448862439257406
06:56:11:836,06:56:12:773,ICC03,DICMD,11.992545136301638,12.969665716214758,18.51731390556524,11.44748685150276,6.6999728349101195
06:56:12:773,06:56:14:789,DICMD,VLG57RJ,18.51731390556524,11.44748685150276,16.698673280758612,2.120563794397241,9.5025758316029
06:56:14:789,06:56:15:047,VLG57RJ,RYR63PB,16.698673280758612,2.120563794397241,16.26914416070763,7.896552382276305,5.791937450653361
06:56:15:047,06:56:15:836,RYR63PB,ICC03,16.26914416070763,7.896552382276305,11.858681681097956,12.966938477271198,6.720193035647285
06:56:15:836,06:56:16:508,ICC03,DICMD,11.858681681097956,12.966938477271198,18.405882074006943,11.396988205824275,6.732798588976493
06:56:16:508,06:56:18:773,DICMD,VLG57RJ,18.405882074006943,11.396988205824275,16.825898783080177,1.8713516747418828,9.655780575484261
06:56:18:773,06:56:19:016,VLG57RJ,RYR63PB,16.825898783080177,1.8713516747418828,16.296678493321618,7.669014508239778,5.821766780455481
06:56:19:016,06:56:19:828,RYR63PB,ICC03,16.296678493321618,7.669014508239778,11.721081049402969,12.965797008173814,6.999428320970387
06:56:19:828,06:56:20:211,ICC03,DICMD,11.721081049402969,12.965797008173814,18.295590492066538,11.348699088317224,6.770463801991482
06:56:20:211,06:56:22:758,DICMD,VLG57RJ,18.295590492066538,11.348699088317224,16.960828819907867,1.6243873493928525,9.815489163421562
06:56:22:758,06:56:22:984,VLG57RJ,RYR63PB,16.960828819907867,1.6243873493928525,16.321688518815176,7.430682179687458,5.841366276889913
06:56:22:984,06:56:23:820,RYR63PB,ICC03,16.321688518815176,7.430682179687458,11.583621418056518,12.963140438012896,7.28404930182415
06:56:23:820,06:56:23:969,ICC03,DICMD,11.583621418056518,12.963140438012896,18.1939395149473,11.296150177220634,6.817269385293353
06:56:23:969,06:56:26:734,DICMD,VLG57RJ,18.1939395149473,11.296150177220634,17.097543847275034,1.3723676236098266,9.984164643646494
06:56:26:734,06:56:26:961,VLG57RJ,RYR63PB,17.097543847275034,1.3723676236098266,16.342564963893146,7.186509474248646,5.862954764766854
06:56:26:961,06:56:27:805,RYR63PB,ICC03,16.342564963893146,7.186509474248646,11.439301333237974,12.964388074444422,7.577986233182668
06:56:27:805,06:56:27:820,ICC03,DICMD,11.439301333237974,12.964388074444422,18.096118051050915,11.250455730902408,6.8739197618821
06:56:27:820,06:56:30:719,DICMD,VLG57RJ,18.096118051050915,11.250455730902408,17.23408493478342,1.123362466163864,10.163715810974578
06:56:30:719,06:56:30:938,VLG57RJ,RYR63PB,17.23408493478342,1.123362466163864,16.36203712638511,6.939119854887109,5.880773876338157
06:56:30:938,06:56:31:734,RYR63PB,DICMD,16.36203712638511,6.939119854887109,18.00883445356306,11.213203836928114,4.580364103686511
06:56:31:734,06:56:31:797,DICMD,ICC03,18.00883445356306,11.213203836928114,11.30325135551834,12.965789117469829,6.930829665368679
06:56:31:797,06:56:34:898,ICC03,EWG81R,11.30325135551834,12.965789117469829,18.17248596623987,10.469962804376992,7.308593101429381
06:56:34:898,06:56:34:914,EWG81R,RYR63PB,18.17248596623987,10.469962804376992,16.378970682037856,6.68886330327063,4.184902688466364
06:56:34:914,06:56:35:789,RYR63PB,ICC03,16.378970682037856,6.68886330327063,11.166881888272338,12.96531829539549,8.158416320724578
06:56:35:789,06:56:38:898,ICC03,RYR63PB,11.166881888272338,12.96531829539549,16.39126728806561,6.4354039159717145,8.362654160503022
06:56:38:898,06:56:38:961,RYR63PB,EWG81R,16.39126728806561,6.4354039159717145,18.045713879746,10.411721979310055,4.306773602774313
06:56:38:961,06:56:39:781,EWG81R,ICC03,18.045713879746,10.411721979310055,11.030201417250856,12.962933651215996,7.464991366792984
06:56:39:781,06:56:42:875,ICC03,RYR63PB,11.030201417250856,12.962933651215996,16.400334192641367,6.181788241772689,8.649986074516965
06:56:42:875,06:56:43:016,RYR63PB,EWG81R,16.400334192641367,6.181788241772689,17.908675287181026,10.34646861658818,4.429408028376974
06:56:43:016,06:56:43:773,EWG81R,ICC03,17.908675287181026,10.34646861658818,10.889804761001647,12.962494750340388,7.4905364424548475
06:56:43:773,06:56:46:867,ICC03,RYR63PB,10.889804761001647,12.962494750340388,16.407195300695033,5.927467133645624,8.940537564104078
06:56:46:867,06:56:47:063,RYR63PB,EWG81R,16.407195300695033,5.927467133645624,17.75260104355153,10.274117291885084,4.5501081537733095
06:56:47:063,06:56:47:773,EWG81R,ICC03,17.75260104355153,10.274117291885084,10.746129312850584,12.963179693603085,7.504778658524505
06:56:47:773,06:56:50:852,ICC03,RYR63PB,10.746129312850584,12.963179693603085,16.412013316545064,5.671654373667876,9.234098929217579
06:56:50:852,06:56:51:094,RYR63PB,EWG81R,16.412013316545064,5.671654373667876,17.590034917937892,10.198633958708484,4.677742944703413
06:56:51:094,06:56:51:758,EWG81R,ICC03,17.590034917937892,10.198633958708484,10.609935414713023,12.960948493725892,7.506808287500654
06:56:51:758,06:56:54:836,ICC03,RYR63PB,10.609935414713023,12.960948493725892,16.41698387716205,5.413265525212555,9.523094562085262
06:56:54:836,06:56:55:125,RYR63PB,EWG81R,16.41698387716205,5.413265525212555,17.41811810456074,10.127191390614277,4.819062855553198
06:56:55:125,06:56:55:750,EWG81R,ICC03,17.41811810456074,10.127191390614277,10.473457933123024,12.956850995886422,7.499018494340592
06:56:55:750,06:56:58:820,ICC03,RYR63PB,10.473457933123024,12.956850995886422,16.422124625617766,5.156301726530552,9.809954348621849
06:56:58:820,06:56:59:133,RYR63PB,EWG81R,16.422124625617766,5.156301726530552,17.25909141451154,10.046924405796029,4.961723853325272
06:56:59:133,06:56:59:742,EWG81R,ICC03,17.25909141451154,10.046924405796029,10.340564558867683,12.931952208572753,7.495958862951422
06:56:59:742,06:57:02:805,ICC03,RYR63PB,10.340564558867683,12.931952208572753,16.42637206175221,4.896421346634822,10.080020297366596
06:57:02:805,06:57:03:148,RYR63PB,EWG81R,16.42637206175221,4.896421346634822,17.0986129207137,9.971044007143645,5.118955256593567
06:57:03:148,06:57:03:734,EWG81R,ICC03,17.0986129207137,9.971044007143645,10.2071469716022,12.88393684365257,7.481794410751225
06:57:03:734,06:57:06:789,ICC03,RYR63PB,10.2071469716022,12.88393684365257,16.428326122386864,4.626854659076265,10.338398146183247
06:57:06:789,06:57:07:156,RYR63PB,EWG81R,16.428326122386864,4.626854659076265,16.949907637188268,9.883505344072375,5.282463790756412
06:57:07:156,06:57:07:719,EWG81R,ICC03,16.949907637188268,9.883505344072375,10.076971422453877,12.828866827738787,7.477459894995968
06:57:07:719,06:57:10:773,ICC03,RYR63PB,10.076971422453877,12.828866827738787,16.434158483620582,4.369081699186843,10.582144950431081
06:57:10:773,06:57:11:141,RYR63PB,EWG81R,16.434158483620582,4.369081699186843,16.824745545859493,9.75565376331239,5.400714476363861
06:57:11:141,06:57:11:711,EWG81R,ICC03,16.824745545859493,9.75565376331239,9.943736775775417,12.774684710484935,7.514175241099952
06:57:11:711,06:57:14:766,ICC03,RYR63PB,9.943736775775417,12.774684710484935,16.433686442996997,4.10671353776189,10.828350333002126
06:57:14:766,06:57:15:125,RYR63PB,EWG81R,16.433686442996997,4.10671353776189,16.73894544917195,9.606744736573742,5.508495824520034
06:57:15:125,06:57:15:695,EWG81R,ICC03,16.73894544917195,9.606744736573742,9.811247281287809,12.722424294198076,7.5960819513156554
06:57:15:695,06:57:18:758,ICC03,RYR63PB,9.811247281287809,12.722424294198076,16.418279987256682,3.844442085387319,11.066681945267185
06:57:18:758,06:57:19:094,RYR63PB,EWG81R,16.418279987256682,3.844442085387319,16.66582898568402,9.43958235057962,5.600613814020615
06:57:19:094,06:57:19:688,EWG81R,ICC03,16.66582898568402,9.43958235057962,9.68006278355945,12.67216431252843,7.697435649062793
06:57:19:688,06:57:22:750,ICC03,RYR63PB,9.68006278355945,12.67216431252843,16.351723781672188,3.5850351102542413,11.273286016621906
06:57:22:750,06:57:23:063,RYR63PB,EWG81R,16.351723781672188,3.5850351102542413,16.627110698207822,9.262714339423416,5.684353910792157
06:57:23:063,06:57:23:672,EWG81R,ICC03,16.627110698207822,9.262714339423416,9.548987038247084,12.619002757860546,7.833550056866376
06:57:23:672,06:57:26:742,ICC03,RYR63PB,9.548987038247084,12.619002757860546,16.283402411873244,3.3379637365435326,11.466910470555765
06:57:26:742,06:57:27:031,RYR63PB,EWG81R,16.283402411873244,3.3379637365435326,16.597621919026007,9.076414884478902,5.747047544254014
06:57:27:031,06:57:27:664,EWG81R,ICC03,16.597621919026007,9.076414884478902,9.415015118603671,12.56873468438854,7.986622442203843
06:57:27:664,06:57:30:734,ICC03,RYR63PB,9.415015118603671,12.56873468438854,16.188273812579283,3.089923125082456,11.650103085910908
06:57:30:734,06:57:31:000,RYR63PB,EWG81R,16.188273812579283,3.089923125082456,16.58215467186582,8.88327895858744,5.806730056143347
06:57:31:000,06:57:31:656,EWG81R,ICC03,16.58215467186582,8.88327895858744,9.281291090464316,12.51646467197733,8.154915539857859
06:57:31:656,06:57:34:742,ICC03,RYR63PB,9.281291090464316,12.51646467197733,16.092351902072963,2.8327931415983056,11.839089647760265
06:57:34:742,06:57:34:977,RYR63PB,EWG81R,16.092351902072963,2.8327931415983056,16.56763305787795,8.68528712409932,5.871761063963171
06:57:34:977,06:57:35:648,EWG81R,ICC03,16.56763305787795,8.68528712409932,9.148089135994208,12.463988580003791,8.326356748399418
06:57:35:648,06:57:38:742,ICC03,RYR63PB,9.148089135994208,12.463988580003791,15.963471329353482,2.5894772566672333,11.998141869317122
06:57:38:742,06:57:38:953,RYR63PB,EWG81R,15.963471329353482,2.5894772566672333,16.557255497980854,8.479002191068059,5.919382027867567
06:57:38:953,06:57:39:641,EWG81R,ICC03,16.557255497980854,8.479002191068059,9.015763412290758,12.414112575788904,8.506420905319946
06:57:39:641,06:57:42:734,ICC03,RYR63PB,9.015763412290758,12.414112575788904,15.8279008694255,2.3358714558490723,12.164545236322823
06:57:42:734,06:57:42:922,RYR63PB,EWG81R,15.8279008694255,2.3358714558490723,16.552209847137387,8.269016615882807,5.9771929017914225
06:57:42:922,06:57:43:633,EWG81R,ICC03,16.552209847137387,8.269016615882807,8.879619847791169,12.363869872016313,8.696922472192952
06:57:43:633,06:57:46:734,ICC03,RYR63PB,8.879619847791169,12.363869872016313,15.69239053615006,2.079321812775904,12.336359804860903
06:57:46:734,06:57:46:898,RYR63PB,EWG81R,15.69239053615006,2.079321812775904,16.54844860189678,8.048681478344776,6.030430351877926
06:57:46:898,06:57:47:617,EWG81R,ICC03,16.54844860189678,8.048681478344776,8.748123658008172,12.313144702822315,8.88992214944384
06:57:47:617,06:57:50:734,ICC03,RYR63PB,8.748123658008172,12.313144702822315,15.553700515938184,1.8113908535546877,12.514100458275056
06:57:50:734,06:57:50:875,RYR63PB,EWG81R,15.553700515938184,1.8113908535546877,16.548478163309234,7.825670348852801,6.095993800462105
06:57:50:875,06:57:51:609,EWG81R,ICC03,16.548478163309234,7.825670348852801,8.613103800861493,12.262065688897694,9.091301880664007
06:57:51:609,06:57:54:734,ICC03,RYR63PB,8.613103800861493,12.262065688897694,15.4149880874723,1.547905236865908,12.690896896607622
06:57:54:734,06:57:54:852,RYR63PB,EWG81R,15.4149880874723,1.547905236865908,16.549762535621888,7.592314926071396,6.150008255208636
06:57:54:852,06:57:55:602,EWG81R,ICC03,16.549762535621888,7.592314926071396,8.478436509940014,12.210181212242787,9.298978054055613
06:57:55:602,06:57:58:727,ICC03,RYR63PB,8.478436509940014,12.210181212242787,15.269709520353317,1.2711157364347898,12.875734642574093
06:57:58:727,06:57:58:828,RYR63PB,EWG81R,15.269709520353317,1.2711157364347898,16.54869225726274,7.354872903658432,6.2167433686020335
06:57:58:828,06:57:59:594,EWG81R,ICC03,16.54869225726274,7.354872903658432,8.340335215277833,12.158892482363916,9.510821701687444
06:57:59:594,06:58:02:727,ICC03,RYR63PB,8.340335215277833,12.158892482363916,15.12446256425384,0.994983089201532,13.063585144433496
06:58:02:727,06:58:02:805,RYR63PB,EWG81R,15.12446256425384,0.994983089201532,16.551515176228698,7.118533700919946,6.287634789936613
06:58:02:805,06:58:03:578,EWG81R,ICC03,16.551515176228698,7.118533700919946,8.206372173353508,12.105502736662109,9.72169079439826
06:58:03:578,06:58:06:719,ICC03,RYR63PB,8.206372173353508,12.105502736662109,14.97714371186506,0.7156771017245074,13.250338683256357
06:58:06:719,06:58:06:781,RYR63PB,EWG81R,14.97714371186506,0.7156771017245074,16.544201872788523,6.859366260856152,6.3403933445606135
06:58:06:781,06:58:07:570,EWG81R,ICC03,16.544201872788523,6.859366260856152,8.07276665899529,12.05142747233146,9.93593046499433
06:58:07:570,06:58:10:727,ICC03,RYR63PB,8.07276665899529,12.05142747233146,14.830505171091914,0.4409163655962999,13.433949454925548
06:58:10:727,06:58:10:773,RYR63PB,EWG81R,14.830505171091914,0.4409163655962999,16.54244467220514,6.6089872632364415,6.4012370252777755
06:58:10:773,06:58:11:563,EWG81R,ICC03,16.54244467220514,6.6089872632364415,7.939381394445034,11.998756321810394,10.151960808922855
06:58:11:563,06:58:14:758,ICC03,EWG81R,7.939381394445034,11.998756321810394,16.537421818745216,6.350294698716066,10.287439810053298
06:58:14:758,06:58:15:555,EWG81R,ICC03,16.537421818745216,6.350294698716066,7.8065561351134845,11.94447746179275,10.369324778997061
06:58:15:555,06:58:18:734,ICC03,EWG81R,7.8065561351134845,11.94447746179275,16.53137835978043,6.094134399821344,10.504714979227147
06:58:18:734,06:58:19:547,EWG81R,ICC03,16.53137835978043,6.094134399821344,7.674289312960135,11.8927743268872,10.586418251092592
06:58:19:547,06:58:22:727,ICC03,EWG81R,7.674289312960135,11.8927743268872,16.52400504801654,5.836155277531638,10.72381009251477
06:58:22:727,06:58:23:539,EWG81R,ICC03,16.52400504801654,5.836155277531638,7.542201964435248,11.838542507763933,10.80284402802735
06:58:23:539,06:58:26:711,ICC03,EWG81R,7.542201964435248,11.838542507763933,16.515384765443,5.579564663774633,10.94042107196292
06:58:26:711,06:58:27:531,EWG81R,ICC03,16.515384765443,5.579564663774633,7.402709811403998,11.785387550909643,11.025111451793057
06:58:27:531,06:58:30:695,ICC03,EWG81R,7.402709811403998,11.785387550909643,16.5083811864891,5.323517478036992,11.165528022880576
06:58:30:695,06:58:31:523,EWG81R,ICC03,16.5083811864891,5.323517478036992,7.275282492724848,11.732241333573583,11.239299486414396
06:58:31:523,06:58:34:680,ICC03,EWG81R,7.275282492724848,11.732241333573583,16.499297865691,5.064636363547755,11.381538368648984
06:58:34:680,06:58:35:516,EWG81R,ICC03,16.499297865691,5.064636363547755,7.143911173525443,11.677936669331803,11.456832070621957
06:58:35:516,06:58:38:672,ICC03,EWG81R,7.143911173525443,11.677936669331803,16.491212421183207,4.806672412424405,11.601134130020116
06:58:38:672,06:58:39:500,EWG81R,ICC03,16.491212421183207,4.806672412424405,7.0131903586566295,11.624424463464088,11.675386299698882
06:58:39:500,06:58:42:664,ICC03,EWG81R,7.0131903586566295,11.624424463464088,16.48219837718726,4.545273751426102,11.822710673054013
06:58:42:664,06:58:43:500,EWG81R,ICC03,16.48219837718726,4.545273751426102,6.882762610838117,11.570683058864626,11.895610239466784
06:58:43:500,06:58:46:648,ICC03,EWG81R,6.882762610838117,11.570683058864626,16.474954623848138,4.288922592758048,12.043013871129016
06:58:46:648,06:58:47:492,EWG81R,ICC03,16.474954623848138,4.288922592758048,6.752586961754255,11.515623567552716,12.114026578145975
06:58:47:492,06:58:50:641,ICC03,EWG81R,6.752586961754255,11.515623567552716,16.467784638222856,4.028708761819297,12.265356056844464
06:58:50:641,06:58:51:484,EWG81R,ICC03,16.467784638222856,4.028708761819297,6.618951244967272,11.466190772187158,12.341622983329698
06:58:51:484,06:58:54:633,ICC03,EWG81R,6.618951244967272,11.466190772187158,16.457714036831657,3.765804646386496,12.493886495442418
06:58:54:633,06:58:55:469,EWG81R,ICC03,16.457714036831657,3.765804646386496,6.4893010483146725,11.409705820912732,12.5617866036467
06:58:55:469,06:58:58:617,ICC03,EWG81R,6.4893010483146725,11.409705820912732,16.45155349191619,3.510477891795215,12.713940208534671
06:58:58:617,06:58:59:461,EWG81R,ICC03,16.45155349191619,3.510477891795215,6.355802256639108,11.356664154467866,12.786196927669765
06:58:59:461,06:59:02:609,ICC03,EWG81R,6.355802256639108,11.356664154467866,16.442878434966175,3.2518052336648253,12.939777585163279
06:59:02:609,06:59:03:453,EWG81R,ICC03,16.442878434966175,3.2518052336648253,6.2267525876177885,11.303519465680765,13.007664256234008
06:59:03:453,06:59:06:594,ICC03,EWG81R,6.2267525876177885,11.303519465680765,16.44175388078054,2.992057948767467,13.1691550209741
06:59:06:594,06:59:07:445,EWG81R,ICC03,16.44175388078054,2.992057948767467,6.101840536358762,11.249179041452727,13.232303529976154
06:59:07:445,06:59:10:586,ICC03,EWG81R,6.101840536358762,11.249179041452727,16.498413034172106,2.730239247220592,13.441021349586523
06:59:10:586,06:59:11:438,EWG81R,ICC03,16.498413034172106,2.730239247220592,5.969367725718304,11.194943930067613,13.509700976531098
06:59:11:438,06:59:14:570,ICC03,EWG81R,5.969367725718304,11.194943930067613,16.537161545525304,2.486486458388748,13.693629823899522
06:59:14:570,06:59:15:438,EWG81R,ICC03,16.537161545525304,2.486486458388748,5.832937171842229,11.140751231192022,13.76505423890275
06:59:15:438,06:59:18:555,ICC03,EWG81R,5.832937171842229,11.140751231192022,16.651070032942705,2.251999320067356,14.001496674925306
06:59:18:555,06:59:19:422,EWG81R,ICC03,16.651070032942705,2.251999320067356,5.704836572018362,11.086645022930124,14.06666242134826
06:59:19:422,06:59:22:539,ICC03,EWG81R,5.704836572018362,11.086645022930124,16.793026928263565,2.03111167306045,14.316097569761496
06:59:22:539,06:59:23:414,EWG81R,ICC03,16.793026928263565,2.03111167306045,5.572785728242917,11.030175554502298,14.383218114487176
06:59:23:414,06:59:26:516,ICC03,EWG81R,5.572785728242917,11.030175554502298,16.972879434827064,1.8274936950160867,14.65098938385446
06:59:26:516,06:59:27:406,EWG81R,ICC03,16.972879434827064,1.8274936950160867,5.437307752752729,10.977528547620658,14.72387692953706
07:00:11:320,07:03:34:359,ICC03,RYR4WX,3.966085070970468,10.382727046373676,18.18022013235988,10.475122743385215,14.214435356645232
07:05:10:313,07:05:14:195,RYR4WX,VLG5FN,16.079966478802614,7.011120142202532,18.224363600155797,10.4993448964571,4.094649063138641
07:05:14:195,07:05:14:289,VLG5FN,RYR4WX,18.224363600155797,10.4993448964571,16.052295681721596,6.766949889985275,4.318408448332197
07:05:14:289,07:05:18:273,RYR4WX,VLG5FN,16.052295681721596,6.766949889985275,18.108269735327905,10.44863823686386,4.216854087189161
07:05:18:273,07:05:18:281,VLG5FN,RYR4WX,18.108269735327905,10.44863823686386,16.0187289400254,6.519352587556761,4.45033329640423
07:05:22:266,07:05:22:328,RYR4WX,VLG5FN,15.97829967273682,6.272797298748694,17.978252133400332,10.388975302090618,4.576322890718043
07:05:22:328,07:05:26:250,VLG5FN,RYR4WX,17.978252133400332,10.388975302090618,15.934978458514108,6.024517123354966,4.81907278471861
07:05:26:250,07:05:26:375,RYR4WX,VLG5FN,15.934978458514108,6.024517123354966,17.830147280946438,10.317087758734075,4.692315795557516
07:05:26:375,07:05:30:234,VLG5FN,RYR4WX,17.830147280946438,10.317087758734075,15.8895007853023,5.778286911551498,4.936276121879849
07:05:30:234,07:05:30:414,RYR4WX,VLG5FN,15.8895007853023,5.778286911551498,17.66916928121866,10.242809983554071,4.806161276507531
07:05:30:414,07:05:34:227,VLG5FN,RYR4WX,17.66916928121866,10.242809983554071,15.845060393891432,5.532385578702042,5.0512841245223745
07:05:34:227,07:05:34:445,RYR4WX,VLG5FN,15.845060393891432,5.532385578702042,17.49493735677563,10.160174464654116,4.913097186663166
07:05:34:445,07:05:38:211,VLG5FN,RYR4WX,17.49493735677563,10.160174464654116,15.799443128955843,5.287764538707126,5.158980438326643
07:05:38:211,07:05:38:461,RYR4WX,VLG5FN,15.799443128955843,5.287764538707126,17.32559647650514,10.077439288628891,5.0269402473347595
07:05:38:461,07:05:42:203,VLG5FN,RYR4WX,17.32559647650514,10.077439288628891,15.750768575588529,5.0405166762295215,5.277373619595785
07:05:42:203,07:05:42:477,RYR4WX,VLG5FN,15.750768575588529,5.0405166762295215,17.162598739810498,10.003191537023142,5.1595936067252435
07:05:42:477,07:05:46:195,VLG5FN,RYR4WX,17.162598739810498,10.003191537023142,15.6914030159309,4.794537069678733,5.412439211496835
07:05:46:195,07:05:46:492,RYR4WX,VLG5FN,15.6914030159309,4.794537069678733,16.99824095278071,9.927558800399783,5.296766700662244
07:05:46:492,07:05:50:195,VLG5FN,RYR4WX,16.99824095278071,9.927558800399783,15.58155894638418,4.562064681773441,5.549370689029664
07:05:50:195,07:05:50:500,RYR4WX,VLG5FN,15.58155894638418,4.562064681773441,16.843900502299828,9.842054332380094,5.42879332027891
07:05:50:500,07:05:54:188,VLG5FN,RYR4WX,16.843900502299828,9.842054332380094,15.450454733190623,4.347974001848245,5.668034032165412
07:05:54:188,07:05:54:492,RYR4WX,VLG5FN,15.450454733190623,4.347974001848245,16.708750181283783,9.726195052211136,5.523456264084878
07:05:54:492,07:05:58:188,VLG5FN,RYR4WX,16.708750181283783,9.726195052211136,15.306095994954978,4.144026098890494,5.755697089826964
07:05:58:188,07:05:58:477,RYR4WX,VLG5FN,15.306095994954978,4.144026098890494,16.58786038286791,9.598196456530983,5.602757734927149
07:05:58:477,07:06:02:188,VLG5FN,RYR4WX,16.58786038286791,9.598196456530983,15.126164382206271,3.969938346480233,5.814967287242661
07:06:02:188,07:06:02:461,RYR4WX,VLG5FN,15.126164382206271,3.969938346480233,16.487601704959857,9.439545573941109,5.636498452628077
07:06:02:461,07:06:06:195,VLG5FN,RYR4WX,16.487601704959857,9.439545573941109,14.9224234504453,3.8128867571207534,5.840297287750639
07:06:06:195,07:06:06:430,RYR4WX,VLG5FN,14.9224234504453,3.8128867571207534,16.419815870025406,9.269928965488171,5.6587537251694835
07:06:06:430,07:06:10:195,VLG5FN,RYR4WX,16.419815870025406,9.269928965488171,14.707855458952208,3.675962446740895,5.850065799796395
07:06:10:195,07:06:10:406,RYR4WX,VLG5FN,14.707855458952208,3.675962446740895,16.361007030827977,9.082129500204498,5.653278016297329
07:06:10:406,07:06:14:203,VLG5FN,RYR4WX,16.361007030827977,9.082129500204498,14.469809636176093,3.5711333740394555,5.826465986182721
07:06:14:203,07:06:14:375,RYR4WX,VLG5FN,14.469809636176093,3.5711333740394555,16.31827926763575,8.888779726741506,5.629760448796557
07:06:14:375,07:06:18:211,VLG5FN,RYR4WX,16.31827926763575,8.888779726741506,14.214057326734885,3.511107813041253,5.7746952463285135
07:06:18:211,07:06:18:352,RYR4WX,VLG5FN,14.214057326734885,3.511107813041253,16.277563926446657,8.687627540165556,5.572648918814203
07:06:18:352,07:06:22:227,VLG5FN,RYR4WX,16.277563926446657,8.687627540165556,13.936739775656244,3.500809279679089,5.690565997529553
07:06:22:227,07:06:22:328,RYR4WX,VLG5FN,13.936739775656244,3.500809279679089,16.24005280722305,8.482912361302759,5.488770539684597
07:06:22:328,07:06:26:242,VLG5FN,RYR4WX,16.24005280722305,8.482912361302759,13.67029071928881,3.532630649019972,5.577541234230864
07:06:26:242,07:06:26:305,RYR4WX,VLG5FN,13.67029071928881,3.532630649019972,16.20290659633229,8.27179113992028,5.373433291589574
07:06:26:305,07:06:30:250,VLG5FN,RYR4WX,16.20290659633229,8.27179113992028,13.40008779735422,3.58432682222414,5.461512148625087
07:06:30:250,07:06:30:281,RYR4WX,VLG5FN,13.40008779735422,3.58432682222414,16.164050202924845,8.050427122154423,5.2521938338607725
07:06:34:258,07:06:34:266,VLG5FN,RYR4WX,16.125524522183895,7.822490685799869,13.126998454106278,3.651606896445692,5.13686968544448
07:06:34:266,07:06:38:242,RYR4WX,VLG5FN,13.126998454106278,3.651606896445692,16.092881313398692,7.593567404420837,4.933103868912575
07:06:38:242,07:06:38:273,VLG5FN,RYR4WX,16.092881313398692,7.593567404420837,12.846341236233856,3.718846343321198,5.055045575854542
07:06:38:273,07:06:42:219,RYR4WX,VLG5FN,12.846341236233856,3.718846343321198,16.055224541037727,7.35206854560443,4.847394726552897
07:06:42:219,07:06:42:289,VLG5FN,RYR4WX,16.055224541037727,7.35206854560443,12.56539302543941,3.786330513663321,4.989329786624101
07:06:42:289,07:06:46:195,RYR4WX,VLG5FN,12.56539302543941,3.786330513663321,16.020093130955292,7.106326039294077,4.791380083990382
07:06:46:195,07:06:46:305,VLG5FN,RYR4WX,16.020093130955292,7.106326039294077,12.277892778686486,3.848358881865843,4.961694617305843
07:06:46:305,07:06:50:031,RYR4WX,VLG6VG,12.277892778686486,3.848358881865843,18.281973179560307,10.529274184674838,8.982405621183256
07:06:50:031,07:06:50:180,VLG6VG,VLG5FN,18.281973179560307,10.529274184674838,15.978962882761902,6.844711896149625,4.345095589878505
07:06:50:180,07:06:50:313,VLG5FN,RYR4WX,15.978962882761902,6.844711896149625,11.984472725307588,3.904121524845254,4.960143480768209
07:06:50:313,07:06:54:109,RYR4WX,VLG6VG,11.984472725307588,3.904121524845254,18.174787225983817,10.481683811460194,9.032403846794137
07:06:54:109,07:06:54:164,VLG6VG,VLG5FN,18.174787225983817,10.481683811460194,15.94160281366794,6.587888281183874,4.4887365985330945
07:06:54:164,07:06:54:320,VLG5FN,RYR4WX,15.94160281366794,6.587888281183874,11.687098357846857,3.9567407313252727,5.002373995787237
07:06:54:320,07:06:58:148,RYR4WX,VLG5FN,11.687098357846857,3.9567407313252727,15.901196020813458,6.3218291724672735,4.832417867635628
07:06:58:148,07:06:58:172,VLG5FN,VLG6VG,15.901196020813458,6.3218291724672735,18.049531389924567,10.418539464103684,4.625838310163192
07:06:58:172,07:06:58:336,VLG6VG,RYR4WX,18.049531389924567,10.418539464103684,11.384190505506195,4.007868224611756,9.247890291647499
07:06:58:336,07:07:02:133,RYR4WX,VLG5FN,11.384190505506195,4.007868224611756,15.858933985744995,6.049895905060665,4.918658990178034
07:07:02:133,07:07:02:227,VLG5FN,VLG6VG,15.858933985744995,6.049895905060665,17.910267629583444,10.354905409450012,4.7687604837343365
07:07:02:227,07:07:02:352,VLG6VG,RYR4WX,17.910267629583444,10.354905409450012,11.08216002448296,4.061490162846681,9.286017926593203
07:07:02:352,07:07:06:125,RYR4WX,VLG5FN,11.08216002448296,4.061490162846681,15.816563578138618,5.77982759536491,5.0365921555016415
07:07:06:125,07:07:06:273,VLG5FN,VLG6VG,15.816563578138618,5.77982759536491,17.754737540530957,10.282485654881787,4.902086077317279
07:07:06:273,07:07:06:359,VLG6VG,RYR4WX,17.754737540530957,10.282485654881787,10.77615798097114,4.111431851541774,9.31571133692019
07:07:06:359,07:07:10:109,RYR4WX,VLG5FN,10.77615798097114,4.111431851541774,15.77607605022003,5.514485677908398,5.1930473461045565
07:07:10:109,07:07:10:305,VLG5FN,VLG6VG,15.77607605022003,5.514485677908398,17.589989488873112,10.204038153731492,5.028139256864785
07:07:10:305,07:07:10:367,VLG6VG,RYR4WX,17.589989488873112,10.204038153731492,10.4631112625835,4.149822036300696,9.351252645978494
07:07:10:367,07:07:14:094,RYR4WX,VLG5FN,10.4631112625835,4.149822036300696,15.733138646395426,5.242758899200845,5.382164955890297
07:07:14:094,07:07:14:336,VLG5FN,VLG6VG,15.733138646395426,5.242758899200845,17.41360664443932,10.13180627599028,5.169792737135727
07:07:14:336,07:07:14:375,VLG6VG,RYR4WX,17.41360664443932,10.13180627599028,10.154827814934787,4.197830625619399,9.375603293381056
07:07:14:375,07:07:18:086,RYR4WX,VLG5FN,10.154827814934787,4.197830625619399,15.687370122870762,4.977612352539054,5.58722506533783
07:07:18:086,07:07:18:344,VLG5FN,VLG6VG,15.687370122870762,4.977612352539054,17.258328545002442,10.053418448454693,5.313352791543285
07:07:18:344,07:07:18:383,VLG6VG,RYR4WX,17.258328545002442,10.053418448454693,9.848822093557825,4.240339278324182,9.417678869668716
07:07:18:383,07:07:22:070,RYR4WX,VLG5FN,9.848822093557825,4.240339278324182,15.619542915327632,4.714101338587083,5.790135515905663
07:07:22:070,07:07:22:359,VLG5FN,VLG6VG,15.619542915327632,4.714101338587083,17.096906712064698,9.972773612491324,5.46225574943526
07:07:22:359,07:07:26:070,VLG6VG,VLG5FN,17.096906712064698,9.972773612491324,15.491237674120397,4.469186531458421,5.733030945139337
07:07:26:070,07:07:26:367,VLG5FN,VLG6VG,15.491237674120397,4.469186531458421,16.937645782755173,9.891578186930538,5.611989636667023
07:07:26:367,07:07:30:070,VLG6VG,VLG5FN,16.937645782755173,9.891578186930538,15.363590604023337,4.232633038444168,5.873781567207784
07:07:30:070,07:07:30:367,VLG5FN,VLG6VG,15.363590604023337,4.232633038444168,16.79068716083533,9.79636971931486,5.743846310315996
07:07:30:367,07:07:34:070,VLG6VG,VLG5FN,16.79068716083533,9.79636971931486,15.189249517805182,4.021915466182212,5.992405564215066
07:07:34:070,07:07:34:352,VLG5FN,VLG6VG,15.189249517805182,4.021915466182212,16.67512363452855,9.669233302075549,5.839522294704204
07:07:34:352,07:07:38:070,VLG6VG,VLG5FN,16.67512363452855,9.669233302075549,14.990343547115478,3.841375056806197,6.066499457668942
07:07:42:078,07:07:42:320,VLG5FN,VLG6VG,14.772591561449484,3.662512841311097,16.47914271216953,9.37866448519434,5.9654594496897735
07:07:42:320,07:07:46:086,VLG6VG,VLG5FN,16.47914271216953,9.37866448519434,14.555110225951172,3.498574414857898,6.186869987586035
07:07:46:086,07:07:46:289,VLG5FN,VLG6VG,14.555110225951172,3.498574414857898,16.45165648369376,9.179308970473146,5.988959241731287
07:07:46:289,07:07:50:086,VLG6VG,VLG5FN,16.45165648369376,9.179308970473146,14.335624638532405,3.3331492818764565,6.217328515874797
07:07:50:086,07:07:50:266,VLG5FN,VLG6VG,14.335624638532405,3.3331492818764565,16.41203538579779,9.009966164119174,6.044644861848801
07:07:50:266,07:07:54:086,VLG6VG,VLG5FN,16.41203538579779,9.009966164119174,14.110653236298583,3.1590959111128694,6.287212618923241
07:07:54:086,07:07:54:234,VLG5FN,VLG6VG,14.110653236298583,3.1590959111128694,16.393154697061977,8.820136001469848,6.10386662886862
07:07:54:234,07:07:58:086,VLG6VG,VLG5FN,16.393154697061977,8.820136001469848,13.888679043284492,2.98951251013672,6.345752012019527
07:07:58:086,07:07:58:203,VLG5FN,VLG6VG,13.888679043284492,2.98951251013672,16.376788550927667,8.613088322574278,6.149414105445908
07:07:58:203,07:08:02:094,VLG6VG,VLG5FN,16.376788550927667,8.613088322574278,13.669122741684212,2.820050979936631,6.394586443839841
07:08:02:094,07:08:02:172,VLG5FN,VLG6VG,13.669122741684212,2.820050979936631,16.36987090372687,8.40957340573504,6.207801670743043
07:08:02:172,07:08:06:094,VLG6VG,VLG5FN,16.36987090372687,8.40957340573504,13.445248391799892,2.645398784596886,6.463677428541995
07:08:06:094,07:08:06:141,VLG5FN,VLG6VG,13.445248391799892,2.645398784596886,16.366111021172703,8.19354748801774,6.270039276985206
07:08:06:141,07:08:10:094,VLG6VG,VLG5FN,16.366111021172703,8.19354748801774,13.222401711087052,2.4760039814954555,6.524815091272268
07:08:10:094,07:08:10:117,VLG5FN,VLG6VG,13.222401711087052,2.4760039814954555,16.361827890151776,7.969101926100391,6.32693620663429
07:08:10:117,07:08:14:094,VLG6VG,VLG5FN,16.361827890151776,7.969101926100391,13.002251173015257,2.306174646158525,6.584489433223777
07:08:14:094,07:08:14:094,VLG5FN,VLG6VG,13.002251173015257,2.306174646158525,16.366741243117154,7.74804273330747,6.39794667918891
07:08:18:063,07:08:18:094,VLG6VG,VLG5FN,16.372485560227787,7.512236615766866,12.776544211826248,2.1312492601079067,6.471925455604806
07:08:18:094,07:08:22:047,VLG5FN,VLG6VG,12.776544211826248,2.1312492601079067,16.37768826341164,7.267135055484047,6.272604035280343
07:08:22:047,07:08:22:102,VLG6VG,VLG5FN,16.37768826341164,7.267135055484047,12.551280783098166,1.956661856287096,6.5454197577228
07:08:22:102,07:08:26:023,VLG5FN,VLG6VG,12.551280783098166,1.956661856287096,16.383870765448048,7.01244968928481,6.344268010188125
07:09:49:727,07:11:13:719,VLG6VG,IBE04YC,16.809747176285473,1.4063428238192122,18.248477701806877,10.50733192719346,9.214008258342506
07:12:49:648,07:12:53:586,IBE04YC,VLG8QR,16.6425595328362,6.967830935056252,18.25630140946296,10.51705352749119,3.898864431476098
07:12:53:586,07:12:53:633,VLG8QR,IBE04YC,18.25630140946296,10.51705352749119,16.6335191815422,6.730007016826825,4.120090221486733
07:12:57:617,07:12:57:656,IBE04YC,VLG8QR,16.619752403796543,6.482957573277679,18.15166617244995,10.466527369323876,4.267972365721388
07:12:57:656,07:13:01:602,VLG8QR,IBE04YC,18.15166617244995,10.466527369323876,16.605049411273058,6.228794644602324,4.511141989799174
07:13:01:602,07:13:01:719,IBE04YC,VLG8QR,16.605049411273058,6.228794644602324,18.02357566344244,10.406655159668205,4.412112329875596
07:13:01:719,07:13:05:586,VLG8QR,IBE04YC,18.02357566344244,10.406655159668205,16.591410364369867,5.96671518988284,4.665207860231449
07:13:05:586,07:13:05:766,IBE04YC,VLG8QR,16.591410364369867,5.96671518988284,17.881722423375418,10.336948583103164,4.556736235600341
07:13:05:766,07:13:09:570,VLG8QR,IBE04YC,17.881722423375418,10.336948583103164,16.57683832961334,5.698185515964385,4.818801229684002
07:13:09:570,07:13:09:813,IBE04YC,VLG8QR,16.57683832961334,5.698185515964385,17.726586166286715,10.265334846856543,4.709646812511932
07:13:09:813,07:13:13:563,VLG8QR,IBE04YC,17.726586166286715,10.265334846856543,16.560361965242883,5.423783156462673,4.9800302868412425
07:13:13:563,07:13:13:844,IBE04YC,VLG8QR,16.560361965242883,5.423783156462673,17.56003868615537,10.18948424609164,4.869420953463056
07:13:13:844,07:13:17:547,VLG8QR,IBE04YC,17.56003868615537,10.18948424609164,16.545059537180908,5.145407583045956,5.1451814404873035
07:13:17:547,07:13:17:867,IBE04YC,VLG8QR,16.545059537180908,5.145407583045956,17.389779795999697,10.111441306535257,5.037364713666451
07:13:17:867,07:13:21:531,VLG8QR,IBE04YC,17.389779795999697,10.111441306535257,16.52843309637787,4.856318014880658,5.325245435417984
07:13:21:531,07:13:21:883,IBE04YC,VLG8QR,16.52843309637787,4.856318014880658,17.22073762861974,10.030889617320996,5.22067781366985
07:13:21:883,07:13:25:523,VLG8QR,IBE04YC,17.22073762861974,10.030889617320996,16.510629308060725,4.564613252884147,5.512207463378722
07:13:25:523,07:13:25:891,IBE04YC,VLG8QR,16.510629308060725,4.564613252884147,17.06040457079942,9.955476001671723,5.418824043626527
07:13:25:891,07:13:29:508,VLG8QR,IBE04YC,17.06040457079942,9.955476001671723,16.493331625300524,4.273791251531726,5.709913600527612
07:13:29:508,07:13:29:898,IBE04YC,VLG8QR,16.493331625300524,4.273791251531726,16.898445537681074,9.871706302905174,5.612554695002773
07:13:29:898,07:13:33:508,VLG8QR,IBE04YC,16.898445537681074,9.871706302905174,16.465878659674473,3.97456157441772,5.912988250679663
07:13:33:508,07:13:33:898,IBE04YC,VLG8QR,16.465878659674473,3.97456157441772,16.757670284861685,9.769235435404944,5.802015814157867
07:13:33:898,07:13:37:500,VLG8QR,IBE04YC,16.757670284861685,9.769235435404944,16.395867945176757,3.6879019912474567,6.092086456381742
07:13:37:500,07:13:37:891,IBE04YC,VLG8QR,16.395867945176757,3.6879019912474567,16.633161730610865,9.640245810725514,5.957071871807849
07:13:37:891,07:13:41:492,VLG8QR,IBE04YC,16.633161730610865,9.640245810725514,16.303226185734875,3.411692747221734,6.237285525663784
07:13:41:492,07:13:41:867,IBE04YC,VLG8QR,16.303226185734875,3.411692747221734,16.534214578702716,9.49199389445102,6.08468714714928
07:13:41:867,07:13:45:492,VLG8QR,IBE04YC,16.534214578702716,9.49199389445102,16.19325776818658,3.136776938668236,6.364356534772886
07:13:45:492,07:13:45:844,IBE04YC,VLG8QR,16.19325776818658,3.136776938668236,16.453176271288022,9.330855411077971,6.199529478163986
07:13:45:844,07:13:49:492,VLG8QR,IBE04YC,16.453176271288022,9.330855411077971,16.048998033744063,2.884703706892686,6.458810404484327
07:13:49:492,07:13:49:820,IBE04YC,VLG8QR,16.048998033744063,2.884703706892686,16.41748029990959,9.147099685705085,6.273227444938066
07:13:49:820,07:13:53:492,VLG8QR,IBE04YC,16.41748029990959,9.147099685705085,15.89633539183932,2.6353845619490937,6.53253594465121
07:13:53:492,07:13:53:781,IBE04YC,VLG8QR,15.89633539183932,2.6353845619490937,16.39552746941082,8.955269317166183,6.339569074435226
07:13:53:781,07:13:57:492,VLG8QR,IBE04YC,16.39552746941082,8.955269317166183,15.749889828793783,2.381103128098715,6.605793596870811
07:13:57:492,07:13:57:750,IBE04YC,VLG8QR,15.749889828793783,2.381103128098715,16.387219713240718,8.757361787405088,6.408031200921906
07:13:57:750,07:14:01:484,VLG8QR,IBE04YC,16.387219713240718,8.757361787405088,15.613496062297926,2.127404927201684,6.674951404780893
07:14:01:484,07:14:01:719,IBE04YC,VLG8QR,15.613496062297926,2.127404927201684,16.38540960938809,8.554976756898004,6.473757035144817
07:14:01:719,07:14:05:484,VLG8QR,IBE04YC,16.38540960938809,8.554976756898004,15.485699672982676,1.8716800303519296,6.7435845886833885
07:14:05:484,07:14:05:695,IBE04YC,VLG8QR,15.485699672982676,1.8716800303519296,16.38402531800823,8.343906533326587,6.534271563863729
07:14:05:695,07:14:09:547,VLG8QR,VLG9FC,16.38402531800823,8.343906533326587,18.165841242724134,10.472918735362224,2.7762494387190473
07:14:09:547,07:14:09:664,VLG9FC,VLG8QR,18.165841242724134,10.472918735362224,16.393338129600316,8.130857030898106,2.937178971998642
07:14:09:664,07:14:13:609,VLG8QR,VLG9FC,16.393338129600316,8.130857030898106,18.043122636097024,10.417750699614436,2.8198708427677
07:14:13:609,07:14:13:633,VLG9FC,VLG8QR,18.043122636097024,10.417750699614436,16.39975152888649,7.906426679998973,3.001235900010517
07:14:17:617,07:14:17:672,VLG8QR,VLG9FC,16.409133982024564,7.675587001143378,17.904835366352795,10.35397847736391,3.067719597840094
07:14:17:672,07:14:21:594,VLG9FC,VLG8QR,17.904835366352795,10.35397847736391,16.421951294568544,7.44321674827664,3.266722977828171
07:14:21:594,07:14:21:711,VLG8QR,VLG9FC,16.421951294568544,7.44321674827664,17.751508692799806,10.28009296270264,3.132984125584978
07:14:21:711,07:14:25:570,VLG9FC,VLG8QR,17.751508692799806,10.28009296270264,16.430404656093497,7.199217631664683,3.3521796910666857
07:14:25:570,07:14:25:742,VLG8QR,VLG9FC,16.430404656093497,7.199217631664683,17.58521025241143,10.20326404969589,3.2183646230614302
07:14:25:742,07:14:29:547,VLG9FC,VLG8QR,17.58521025241143,10.20326404969589,16.438735744641107,6.94581498640644,3.453314088943044
07:14:29:547,07:14:29:773,VLG8QR,VLG9FC,16.438735744641107,6.94581498640644,17.41064116256001,10.129144936147782,3.3283914598947546
07:14:29:773,07:14:33:523,VLG9FC,VLG8QR,17.41064116256001,10.129144936147782,16.445782019805957,6.687998376885577,3.57385545422282
07:14:33:523,07:14:33:789,VLG8QR,VLG9FC,16.445782019805957,6.687998376885577,17.245739201039328,10.049465851253316,3.455342974733343
07:14:33:789,07:14:37:508,VLG9FC,VLG8QR,17.245739201039328,10.049465851253316,16.450640133936847,6.421498853253363,3.7140714943420288
07:14:37:508,07:14:37:797,VLG8QR,VLG9FC,16.450640133936847,6.421498853253363,17.081459853632236,9.972163131729738,3.6062654280023163
07:14:37:797,07:14:41:484,VLG9FC,VLG8QR,17.081459853632236,9.972163131729738,16.452684956676915,6.146599498843545,3.876892438577911
07:14:41:484,07:14:41:805,VLG8QR,VLG9FC,16.452684956676915,6.146599498843545,16.916939762709358,9.89167072407746,3.773737008192182
07:14:41:805,07:14:45:469,VLG9FC,VLG8QR,16.916939762709358,9.89167072407746,16.455039900369385,5.873784825145694,4.044348968581274
07:14:45:469,07:14:45:805,VLG8QR,VLG9FC,16.455039900369385,5.873784825145694,16.76420594862389,9.797529558661887,3.935906042982908
07:14:45:805,07:14:49:461,VLG9FC,VLG8QR,16.76420594862389,9.797529558661887,16.45426804052301,5.596306576401883,4.212640033701859
07:14:49:461,07:14:49:805,VLG8QR,VLG9FC,16.45426804052301,5.596306576401883,16.633027959131482,9.676912731588947,4.084519763968766
07:14:49:805,07:14:53:438,VLG9FC,VLG8QR,16.633027959131482,9.676912731588947,16.452853617449925,5.312049177042098,4.368580621118459
07:14:53:438,07:14:53:789,VLG8QR,VLG9FC,16.452853617449925,5.312049177042098,16.51172172857708,9.536404948526195,4.224765927075568
07:14:53:789,07:14:57:430,VLG9FC,VLG8QR,16.51172172857708,9.536404948526195,16.4501010049326,5.034496655482807,4.502329995963791
07:14:57:430,07:14:57:766,VLG8QR,VLG9FC,16.4501010049326,5.034496655482807,16.419161929549514,9.374691112594824,4.340304730307706
07:14:57:766,07:15:01:414,VLG9FC,VLG8QR,16.419161929549514,9.374691112594824,16.446075063082755,4.754452119503242,4.620317377631163
07:15:01:414,07:15:01:742,VLG8QR,VLG9FC,16.446075063082755,4.754452119503242,16.34979173855067,9.194873174834733,4.441464806481549
07:15:01:742,07:15:05:398,VLG9FC,VLG8QR,16.34979173855067,9.194873174834733,16.442388961044077,4.475364578485798,4.7204168922485
07:15:05:398,07:15:05:719,VLG8QR,VLG9FC,16.442388961044077,4.475364578485798,16.288835140799378,9.004409906755912,4.531647643102571
07:15:05:719,07:15:09:391,VLG9FC,VLG8QR,16.288835140799378,9.004409906755912,16.435737679426765,4.193638706861568,4.813013597901842
07:15:09:391,07:15:09:688,VLG8QR,VLG9FC,16.435737679426765,4.193638706861568,16.23783463576708,8.8082987244962,4.6189016760530235
07:15:09:688,07:15:13:375,VLG9FC,VLG8QR,16.23783463576708,8.8082987244962,16.4094210013365,3.906064471415998,4.905236238237882
07:15:13:375,07:15:13:664,VLG8QR,VLG9FC,16.4094210013365,3.906064471415998,16.189349640620236,8.603811752099357,4.702899203361199
07:15:13:664,07:15:17:375,VLG9FC,VLG8QR,16.189349640620236,8.603811752099357,16.32940268470192,3.6381716557524175,4.967614761795141
07:15:17:375,07:15:17:641,VLG8QR,VLG9FC,16.32940268470192,3.6381716557524175,16.14580481011871,8.387961969320742,4.753337375194291
07:15:17:641,07:15:21:375,VLG9FC,VLG8QR,16.14580481011871,8.387961969320742,16.234444352291746,3.3668150354071256,5.021929260790793
07:15:21:375,07:15:21:617,VLG8QR,VLG9FC,16.234444352291746,3.3668150354071256,16.111004735652692,8.174486446950866,4.80925584059852
07:15:21:617,07:15:25:367,VLG9FC,VLG8QR,16.111004735652692,8.174486446950866,16.115950157348298,3.11059010066652,5.063898761143205
07:15:25:367,07:15:25:594,VLG8QR,VLG9FC,16.115950157348298,3.11059010066652,16.074334112148023,7.946490302188848,4.8360792646835105
07:15:25:594,07:15:29:367,VLG9FC,VLG8QR,16.074334112148023,7.946490302188848,16.01741824974403,2.8445464342765474,5.1022613267766985
07:15:29:367,07:15:29:570,VLG8QR,VLG9FC,16.01741824974403,2.8445464342765474,16.03962129874673,7.710340754290613,4.8658449769866445
07:15:29:570,07:15:33:367,VLG9FC,VLG8QR,16.03962129874673,7.710340754290613,15.88934699110301,2.5915775764966416,5.120968544902149
07:15:33:367,07:15:33:555,VLG8QR,VLG9FC,15.88934699110301,2.5915775764966416,16.007568858657965,7.4666642432477905,4.8765199085313915
07:15:33:555,07:15:37:359,VLG9FC,VLG8QR,16.007568858657965,7.4666642432477905,15.757991076050155,2.3358262415145794,5.136904483207867
07:15:37:359,07:15:37:531,VLG8QR,VLG9FC,15.757991076050155,2.3358262415145794,15.978510068983311,7.220596937029089,4.889745737152553
07:15:37:531,07:15:41:359,VLG9FC,VLG8QR,15.978510068983311,7.220596937029089,15.62733101756074,2.083865950284538,5.14872139043663
07:15:41:359,07:15:41:508,VLG8QR,VLG9FC,15.62733101756074,2.083865950284538,15.946477328832176,6.965843444003726,4.8923980436161205
07:15:41:508,07:15:45:359,VLG9FC,VLG8QR,15.946477328832176,6.965843444003726,15.495966819209684,1.824165122396655,5.161377304767054
07:15:45:359,07:15:45:492,VLG8QR,VLG9FC,15.495966819209684,1.824165122396655,15.917997232197076,6.716840948593551,4.910843757414583
07:15:45:492,07:15:49:352,VLG9FC,VLG8QR,15.917997232197076,6.716840948593551,15.365791449492615,1.5647327296802955,5.181616574568768
07:15:49:352,07:15:49:383,VLG8QR,WMT182,15.365791449492615,1.5647327296802955,18.22330554405805,10.504009114003091,9.38488407365543
07:15:49:383,07:15:49:477,WMT182,VLG9FC,18.22330554405805,10.504009114003091,15.886844551642556,6.462652804002859,4.668148540209264
07:15:49:477,07:15:53:453,VLG9FC,WMT182,15.886844551642556,6.462652804002859,18.107233214649582,10.449250481017716,4.563232062167163
07:15:53:453,07:15:53:461,WMT182,VLG9FC,18.107233214649582,10.449250481017716,15.855367864542416,6.210628034798209,4.79966850903363
07:15:57:445,07:15:57:508,VLG9FC,WMT182,15.823801704918038,5.955557689316959,17.97657042697502,10.385410076581444,4.92524165332217
07:15:57:508,07:16:01:430,WMT182,VLG9FC,17.97657042697502,10.385410076581444,15.79112439440651,5.698163330309128,5.17169763440496
07:16:01:430,07:16:01:563,VLG9FC,WMT182,15.79112439440651,5.698163330309128,17.832367432474864,10.320306638561776,5.052809307948131
07:16:01:563,07:16:05:422,WMT182,VLG9FC,17.832367432474864,10.320306638561776,15.760090107654776,5.446027791371403,5.296501448232694
07:16:05:422,07:16:05:594,VLG9FC,WMT182,15.760090107654776,5.446027791371403,17.67278647054352,10.244817813709108,5.165926156566289
07:16:05:594,07:16:09:406,WMT182,VLG9FC,17.67278647054352,10.244817813709108,15.727724727823796,5.195280922042247,5.411200236851019
07:16:09:406,07:16:09:625,VLG9FC,WMT182,15.727724727823796,5.195280922042247,17.497822127930622,10.16291353770266,5.273577401540444
07:16:09:625,07:16:13:391,WMT182,VLG9FC,17.497822127930622,10.16291353770266,15.690666102540268,4.939019423927811,5.527647113558913
07:16:13:391,07:16:13:648,VLG9FC,WMT182,15.690666102540268,4.939019423927811,17.32117266743939,10.08193042100743,5.39519093101084
07:16:13:648,07:16:17:383,WMT182,VLG9FC,17.32117266743939,10.08193042100743,15.631894663837771,4.680284875505359,5.659632035096861
07:16:17:383,07:16:17:664,VLG9FC,WMT182,15.631894663837771,4.680284875505359,17.154090206152063,10.006162036383888,5.539137730893594
07:16:17:664,07:16:21:375,WMT182,VLG9FC,17.154090206152063,10.006162036383888,15.512821355740613,4.448823963421424,5.794632852608443
07:16:21:375,07:16:21:672,VLG9FC,WMT182,15.512821355740613,4.448823963421424,16.97992131046596,9.923878748991704,5.66821022741316
07:16:21:672,07:16:25:375,WMT182,VLG9FC,16.97992131046596,9.923878748991704,15.390467531397192,4.227073258497956,5.914385522800801
07:16:25:375,07:16:25:680,VLG9FC,WMT182,15.390467531397192,4.227073258497956,16.811021100677195,9.843650363301553,5.7934368743776
07:16:25:680,07:16:29:375,WMT182,VLG9FC,16.811021100677195,9.843650363301553,15.223869172206802,4.02553957824732,6.0307101033967525
07:16:29:375,07:16:29:680,VLG9FC,WMT182,15.223869172206802,4.02553957824732,16.659146388280163,9.74927031026355,5.900941804458534
07:16:29:680,07:16:33:375,WMT182,VLG9FC,16.659146388280163,9.74927031026355,15.026304939675637,3.8523119885256154,6.118847002875231
07:16:33:375,07:16:33:672,VLG9FC,WMT182,15.026304939675637,3.8523119885256154,16.523298837537176,9.62811457415811,5.966647822557796
07:16:33:672,07:16:37:383,WMT182,VLG9FC,16.523298837537176,9.62811457415811,14.809501135337133,3.703227547786285,6.167770167518834
07:16:37:383,07:16:37:656,VLG9FC,WMT182,14.809501135337133,3.703227547786285,16.40725001145584,9.494360672887186,6.007497344467122
07:16:37:656,07:16:41:398,WMT182,VLG9FC,16.40725001145584,9.494360672887186,14.576911791541612,3.5733900368174023,6.197421340564107
07:16:41:398,07:16:41:648,VLG9FC,WMT182,14.576911791541612,3.5733900368174023,16.307536532818492,9.340966272655708,6.021627490249329
07:16:41:648,07:16:45:398,WMT182,VLG9FC,16.307536532818492,9.340966272655708,14.340028236090326,3.480474896048334,6.181945330798677
07:16:45:398,07:16:45:625,VLG9FC,WMT182,14.340028236090326,3.480474896048334,16.24450776469454,9.176857345156533,6.006314617249121
07:16:45:625,07:16:49:414,WMT182,VLG9FC,16.24450776469454,9.176857345156533,14.056747404857582,3.426267305747233,6.152688940083627
07:16:49:414,07:16:49:594,VLG9FC,WMT182,14.056747404857582,3.426267305747233,16.196365585919853,8.99385352223192,5.964560523519104
07:16:49:594,07:16:53:422,WMT182,VLG9FC,16.196365585919853,8.99385352223192,13.817534845862664,3.392991982055528,6.085103588441868
07:16:53:422,07:16:53:570,VLG9FC,WMT182,13.817534845862664,3.392991982055528,16.180569560251495,8.811352066329112,5.91122314451552
07:16:53:570,07:16:57:430,WMT182,VLG9FC,16.180569560251495,8.811352066329112,13.549262743641512,3.401488358442363,6.015845817592763
07:16:57:430,07:16:57:539,VLG9FC,WMT182,13.549262743641512,3.401488358442363,16.173857457949826,8.625682936618876,5.8464268066079494
07:16:57:539,07:17:01:438,WMT182,VLG9FC,16.173857457949826,8.625682936618876,13.284222089752644,3.4385674298922284,5.937689773073371
07:17:01:438,07:17:01:508,VLG9FC,WMT182,13.284222089752644,3.4385674298922284,16.16801118844105,8.43919750053579,5.772567944090284
07:17:01:508,07:17:05:453,WMT182,VLG9FC,16.16801118844105,8.43919750053579,13.023163033207132,3.4810494419275173,5.871396945409088
07:17:05:453,07:17:05:484,VLG9FC,WMT182,13.023163033207132,3.4810494419275173,16.168133869412213,8.252820695230792,5.7149490334063335
07:17:17:414,07:17:21:305,WMT182,NJE838T,16.18115769912675,7.676258071478087,18.175032208481824,10.477381349578495,3.4382884082304543
07:17:21:305,07:17:21:391,NJE838T,WMT182,18.175032208481824,10.477381349578495,16.191117894767753,7.480383759497123,3.5941494903680793
07:17:25:367,07:17:25:375,WMT182,NJE838T,16.20392178337936,7.286666994322227,18.03613948911679,10.408190653406445,3.619520917944839
07:17:25:375,07:17:29:352,NJE838T,WMT182,18.03613948911679,10.408190653406445,16.21947540225477,7.094021014527971,3.7794164628627636
07:17:29:352,07:17:29:430,WMT182,NJE838T,16.21947540225477,7.094021014527971,17.879227665000364,10.333826259613794,3.640208180829048
07:17:29:430,07:17:33:328,NJE838T,WMT182,17.879227665000364,10.333826259613794,16.23445660771494,6.895609421544584,3.811378603139086
07:17:33:328,07:17:33:469,WMT182,NJE838T,16.23445660771494,6.895609421544584,17.721342971380746,10.259958377260054,3.67827064723072
07:17:33:469,07:17:37:313,NJE838T,WMT182,17.721342971380746,10.259958377260054,16.252458208565887,6.703132148369528,3.848198964314769
07:17:37:313,07:17:37:500,WMT182,NJE838T,16.252458208565887,6.703132148369528,17.554736814055296,10.174972361292134,3.70804585063102
07:17:37:500,07:17:41:289,NJE838T,WMT182,17.554736814055296,10.174972361292134,16.2662303837343,6.5015153054559205,3.892882680232147
07:17:41:289,07:17:41:516,WMT182,NJE838T,16.2662303837343,6.5015153054559205,17.389464092086623,10.088438210130745,3.758679274380802
07:17:41:516,07:17:45:281,NJE838T,WMT182,17.389464092086623,10.088438210130745,16.28407775048849,6.309212801586975,3.937565701391474
07:17:45:281,07:17:45:516,WMT182,NJE838T,16.28407775048849,6.309212801586975,17.242533927070397,9.963388397553782,3.777782091199462
07:17:45:516,07:17:49:266,NJE838T,WMT182,17.242533927070397,9.963388397553782,16.300245711833462,6.110518873710923,3.9664229033641267
07:17:49:266,07:17:49:516,WMT182,NJE838T,16.300245711833462,6.110518873710923,17.09577760414872,9.84453740268449,3.817822071077777
07:17:49:516,07:17:53:250,NJE838T,WMT182,17.09577760414872,9.84453740268449,16.31738760930667,5.917845657322794,4.0030986806675
07:17:53:250,07:17:53:508,WMT182,NJE838T,16.31738760930667,5.917845657322794,16.980899655970436,9.691448523406692,3.831491462470528
07:17:53:508,07:17:57:227,NJE838T,WMT182,16.980899655970436,9.691448523406692,16.333063313847305,5.718389340301396,4.025529927678193
07:17:57:227,07:17:57:477,WMT182,NJE838T,16.333063313847305,5.718389340301396,16.890657767936588,9.50254281288768,3.825013605115407
07:17:57:477,07:18:01:219,NJE838T,WMT182,16.890657767936588,9.50254281288768,16.347815119055017,5.520265331292579,4.019105880897414
07:18:01:219,07:18:01:445,WMT182,NJE838T,16.347815119055017,5.520265331292579,16.836000897457257,9.305202586819169,3.8162907885153814
07:18:01:445,07:18:05:203,NJE838T,WMT182,16.836000897457257,9.305202586819169,16.360698365549716,5.315717852006074,4.017698463815376
07:18:05:203,07:18:05:406,WMT182,NJE838T,16.360698365549716,5.315717852006074,16.81707218844735,9.087926105985868,3.799714749506796
07:18:05:406,07:18:09:188,NJE838T,WMT182,16.81707218844735,9.087926105985868,16.37573642776451,5.107410611016093,4.004907097468302
07:18:09:188,07:18:09:375,WMT182,NJE838T,16.37573642776451,5.107410611016093,16.820264806475798,8.866248225026679,3.7850317948440644
07:18:09:375,07:18:13:172,NJE838T,WMT182,16.820264806475798,8.866248225026679,16.391046579987517,4.899732390257166,3.9896711836224084
07:18:13:172,07:18:13:336,WMT182,NJE838T,16.391046579987517,4.899732390257166,16.833439374448904,8.63780424875382,3.7641589503999406
07:18:13:336,07:18:17:156,NJE838T,WMT182,16.833439374448904,8.63780424875382,16.405269518191833,4.685608734466979,3.9753212208519995
07:18:17:156,07:18:17:305,WMT182,NJE838T,16.405269518191833,4.685608734466979,16.84690424874918,8.407331024285641,3.747833779367426
07:18:17:305,07:18:21:148,NJE838T,WMT182,16.84690424874918,8.407331024285641,16.42178087844437,4.467238526978781,3.9629608586652902
07:18:21:148,07:18:21:273,WMT182,NJE838T,16.42178087844437,4.467238526978781,16.852538618970183,8.169253653951168,3.726991847503196
07:18:21:273,07:18:25:133,NJE838T,WMT182,16.852538618970183,8.169253653951168,16.454133390515796,4.249253344176747,3.9401940503852537
07:18:25:133,07:18:25:258,WMT182,NJE838T,16.454133390515796,4.249253344176747,16.85534008506169,7.9373284120446845,3.7098334892522513
07:18:25:258,07:18:29:117,NJE838T,WMT182,16.85534008506169,7.9373284120446845,16.544618906467296,4.028663262771433,3.92099616168779
07:18:29:117,07:18:29:234,WMT182,NJE838T,16.544618906467296,4.028663262771433,16.848676840396674,7.700964755067389,3.6848676336477144
07:18:29:234,07:18:33:102,NJE838T,WMT182,16.848676840396674,7.700964755067389,16.63344008683482,3.823597648901034,3.8833365210942894
07:18:33:102,07:18:33:211,WMT182,NJE838T,16.63344008683482,3.823597648901034,16.837693050760617,7.468551267327616,3.650672013993246
07:18:33:211,07:18:37:078,NJE838T,WMT182,16.837693050760617,7.468551267327616,16.781956750238436,3.635530117360851,3.8334263617928594
07:18:37:078,07:18:37:195,WMT182,NJE838T,16.781956750238436,3.635530117360851,16.821992921256097,7.235795317710889,3.6004878013737605
07:18:37:195,07:18:41:055,NJE838T,WMT182,16.821992921256097,7.235795317710889,16.959352809354844,3.4703270171504963,3.767972831826641
07:18:41:055,07:18:41:180,WMT182,NJE838T,16.959352809354844,3.4703270171504963,16.805006997050267,7.005046499383501,3.5380876823297527
07:18:41:180,07:18:45:031,NJE838T,WMT182,16.805006997050267,7.005046499383501,17.15751878225461,3.3234228109886823,3.698461510095491
07:18:45:031,07:18:45:164,WMT182,NJE838T,17.15751878225461,3.3234228109886823,16.78487257198889,6.768261721371813,3.4649358315147825
07:18:45:164,07:18:49:008,NJE838T,WMT182,16.78487257198889,6.768261721371813,17.376106840094035,3.2111853138162982,3.605877220451339
07:18:49:008,07:18:49:148,WMT182,NJE838T,17.376106840094035,3.2111853138162982,16.764106160653586,6.527897671092789,3.372703024659323
07:18:49:148,07:18:52:984,NJE838T,WMT182,16.764106160653586,6.527897671092789,17.616837987469605,3.1234591202914017,3.5096087267169302
07:18:52:984,07:18:53:133,WMT182,NJE838T,17.616837987469605,3.1234591202914017,16.742674702264587,6.284466206883114,3.279653526012078
07:18:53:133,07:18:56:961,NJE838T,WMT182,16.742674702264587,6.284466206883114,17.865929726629535,3.0546582768847834,3.419555689624195
07:18:56:961,07:18:57:125,WMT182,NJE838T,17.865929726629535,3.0546582768847834,16.72002291326841,6.041623320121476,3.199228437361957
07:18:57:125,07:19:00:938,NJE838T,WMT182,16.72002291326841,6.041623320121476,18.121171181755493,3.001442982477873,3.347523406292946
07:19:00:938,07:19:01:117,WMT182,NJE838T,18.121171181755493,3.001442982477873,16.692073850454914,5.793482163958225,3.136527056036965
07:19:01:117,07:19:04:914,NJE838T,WMT182,16.692073850454914,5.793482163958225,18.38140590987468,2.94496749346704,3.311778772047875
07:19:04:914,07:19:05:102,WMT182,NJE838T,18.38140590987468,2.94496749346704,16.663186824452225,5.545548548046342,3.1169373825835467
07:19:05:102,07:19:08:883,NJE838T,WMT182,16.663186824452225,5.545548548046342,18.648758701986782,2.9005575246282573,3.3073362687846473
07:19:08:883,07:19:09:094,WMT182,NJE838T,18.648758701986782,2.9005575246282573,16.63272662707833,5.290267838675645,3.1265157463419473
07:19:09:094,07:19:12:859,NJE838T,WMT182,16.63272662707833,5.290267838675645,18.918302560970925,2.861411943100994,3.335145920504341
07:19:12:859,07:19:13:086,WMT182,NJE838T,18.918302560970925,2.861411943100994,16.601162891329253,5.036306833305802,3.177940218453787
07:19:13:086,07:19:16:836,NJE838T,WMT182,16.601162891329253,5.036306833305802,19.19434034311197,2.8429671080009595,3.3963669482308054
07:19:16:836,07:19:17:070,WMT182,NJE838T,19.19434034311197,2.8429671080009595,16.5706458126674,4.777647812549691,3.2598715339163182
07:19:17:070,07:19:20:805,NJE838T,WMT182,16.5706458126674,4.777647812549691,19.475831766781724,2.82283035395435,3.5016305808026487
07:19:20:805,07:19:21:063,WMT182,NJE838T,19.475831766781724,2.82283035395435,16.539861172924205,4.514699975446603,3.388561072804268
07:19:21:063,07:19:24:781,NJE838T,WMT182,16.539861172924205,4.514699975446603,19.76292269273669,2.800573819601712,3.650527912322758
07:19:24:781,07:19:25:055,WMT182,NJE838T,19.76292269273669,2.800573819601712,16.51393476429482,4.25124462441929,3.558141135917894
07:19:25:055,07:19:28:750,NJE838T,WMT182,16.51393476429482,4.25124462441929,20.05474377245136,2.777182263044386,3.83538632701644
07:20:12:484,07:22:08:898,WMT182,TRA3T,23.574566627905075,2.3333846857262377,18.230522772103186,10.497128683304451,9.757331642961011
07:23:32:914,07:23:36:805,TRA3T,QTR138,16.18096112134588,7.448241546096316,18.19353922374916,10.486453677618192,3.6443385647329585
07:23:36:805,07:23:36:898,QTR138,TRA3T,18.19353922374916,10.486453677618192,16.144752195008593,7.206524495608402,3.867229464117045
07:23:36:898,07:23:40:867,TRA3T,QTR138,16.144752195008593,7.206524495608402,18.076698116457266,10.425679960420627,3.754381034209577
07:23:40:867,07:23:40:875,QTR138,TRA3T,18.076698116457266,10.425679960420627,16.10107900546701,6.958378285797474,3.990645533564018
07:23:44:859,07:23:44:922,TRA3T,QTR138,16.058731159545538,6.711614937996133,17.947068679408478,10.367457390613104,4.114729958001933
07:23:44:922,07:23:48:844,QTR138,TRA3T,17.947068679408478,10.367457390613104,16.01630293685204,6.470488433709423,4.349048563042322
07:23:48:844,07:23:48:961,TRA3T,QTR138,16.01630293685204,6.470488433709423,17.80507479717439,10.301997135812137,4.2284942594935515
07:23:48:961,07:23:52:836,QTR138,TRA3T,17.80507479717439,10.301997135812137,15.970100222138656,6.227731907321671,4.468419054107845
07:23:52:836,07:23:53:000,TRA3T,QTR138,15.970100222138656,6.227731907321671,17.649013285186147,10.229415332034865,4.3396105015192115
07:23:53:000,07:23:56:820,QTR138,TRA3T,17.649013285186147,10.229415332034865,15.92364256359692,5.9817055509083055,4.5847510850203825
07:23:56:820,07:23:57:023,TRA3T,QTR138,15.92364256359692,5.9817055509083055,17.478498898099804,10.149059512849057,4.447967767986524
07:23:57:023,07:24:00:805,QTR138,TRA3T,17.478498898099804,10.149059512849057,15.87491002330694,5.733311147909383,4.697907076755228
07:24:00:805,07:24:01:047,TRA3T,QTR138,15.87491002330694,5.733311147909383,17.30379213726893,10.066197544672654,4.562412587968857
07:24:01:047,07:24:04:797,QTR138,TRA3T,17.30379213726893,10.066197544672654,15.825546211360644,5.486369795260911,4.8124872188657575
07:24:04:797,07:24:05:063,TRA3T,QTR138,15.825546211360644,5.486369795260911,17.140685468464305,9.991389622920224,4.693058162134656
07:24:05:063,07:24:08:789,QTR138,TRA3T,17.140685468464305,9.991389622920224,15.773496033372137,5.2322823348558725,4.9515966243965055
07:24:08:789,07:24:09:078,TRA3T,QTR138,15.773496033372137,5.2322823348558725,16.961957843961645,9.901343173482276,4.817942568153381
07:24:09:078,07:24:12:781,QTR138,TRA3T,16.961957843961645,9.901343173482276,15.72164245525088,4.982985556048348,5.072339097146709
07:24:12:781,07:24:13:086,TRA3T,QTR138,15.72164245525088,4.982985556048348,16.7939044894528,9.818966203079505,4.953428579120802
07:24:13:086,07:24:16:773,QTR138,TRA3T,16.7939044894528,9.818966203079505,15.652233132295946,4.733340495088922,5.212197456881991
07:24:16:773,07:24:17:086,TRA3T,QTR138,15.652233132295946,4.733340495088922,16.619152916076832,9.72740393649422,5.08680681027379
07:24:17:086,07:24:20:766,QTR138,TRA3T,16.619152916076832,9.72740393649422,15.528288886577077,4.507974737667861,5.3322064375282405
07:24:20:766,07:24:21:086,TRA3T,QTR138,15.528288886577077,4.507974737667861,16.46280103085286,9.625291354181188,5.201946011008028
07:24:21:086,07:24:24:766,QTR138,TRA3T,16.46280103085286,9.625291354181188,15.37786368071406,4.290771365965882,5.443729655153241
07:24:24:766,07:24:25:078,TRA3T,QTR138,15.37786368071406,4.290771365965882,16.30837036536801,9.495296001763242,5.287052049564798
07:24:25:078,07:24:28:766,QTR138,TRA3T,16.30837036536801,9.495296001763242,15.223133286914877,4.088451617099124,5.514680926075723
07:24:28:766,07:24:29:070,TRA3T,QTR138,15.223133286914877,4.088451617099124,16.1670927219159,9.360831703985518,5.356216126662892
07:24:29:070,07:24:32:766,QTR138,TRA3T,16.1670927219159,9.360831703985518,15.02567285023699,3.915604977339788,5.56357200259334
07:24:32:766,07:24:33:047,TRA3T,QTR138,15.02567285023699,3.915604977339788,16.057860186215436,9.204201168294018,5.388381980477059
07:24:33:047,07:24:36:773,QTR138,TRA3T,16.057860186215436,9.204201168294018,14.816285319709568,3.754584930551771,5.5892598157361615
07:24:36:773,07:24:37:023,TRA3T,QTR138,14.816285319709568,3.754584930551771,15.980187510988602,9.02350123769506,5.3959380428749
07:24:37:023,07:24:40:773,QTR138,TRA3T,15.980187510988602,9.02350123769506,14.598105839369495,3.5951064723822626,5.60157294651251
07:24:40:773,07:24:41:000,TRA3T,QTR138,14.598105839369495,3.5951064723822626,15.938767982799034,8.835205305188596,5.408882579646501
07:24:41:000,07:24:44:773,QTR138,TRA3T,15.938767982799034,8.835205305188596,14.381837550844066,3.427695531218617,5.627183516247567
07:24:44:773,07:24:44:969,TRA3T,QTR138,14.381837550844066,3.427695531218617,15.944555899846918,8.642887160591082,5.444291723391283
07:24:44:969,07:24:48:781,QTR138,TRA3T,15.944555899846918,8.642887160591082,14.167426048142929,3.261390872513965,5.667335600474462
07:24:48:781,07:24:48:938,TRA3T,QTR138,14.167426048142929,3.261390872513965,15.952817259045204,8.434850324644906,5.472869857653301
07:24:48:938,07:24:52:781,QTR138,TRA3T,15.952817259045204,8.434850324644906,13.952502672985029,3.092390415958333,5.7046591764213606
07:24:52:781,07:24:52:906,TRA3T,QTR138,13.952502672985029,3.092390415958333,15.9742706455538,8.233191680608906,5.524073078584114
07:24:52:906,07:24:56:789,QTR138,TRA3T,15.9742706455538,8.233191680608906,13.735040828325776,2.921714142903115,5.764194983509512
07:24:56:789,07:24:56:883,TRA3T,QTR138,13.735040828325776,2.921714142903115,15.997322489683135,8.032923771930207,5.5894885443279225
07:24:56:883,07:25:00:789,QTR138,TRA3T,15.997322489683135,8.032923771930207,13.51784135230563,2.748108638614182,5.837559224876174
07:25:00:789,07:25:00:852,TRA3T,QTR138,13.51784135230563,2.748108638614182,16.023356057109584,7.836857695523751,5.6721222571615
07:26:24:453,07:26:24:734,QTR138,BTX6F,17.05358024278055,3.4496467963065656,17.91530570787967,10.3561282591631,6.960032828513184
07:26:24:734,07:26:28:438,BTX6F,QTR138,17.91530570787967,10.3561282591631,17.21330123952756,3.2397598604826703,7.150909694530045
07:26:28:438,07:26:28:773,QTR138,BTX6F,17.21330123952756,3.2397598604826703,17.767263435137714,10.287326736113895,7.069304985687044
07:26:28:773,07:26:32:414,BTX6F,QTR138,17.767263435137714,10.287326736113895,17.379571738416278,3.029648917520827,7.268025328120739
07:26:32:414,07:26:32:797,QTR138,BTX6F,17.379571738416278,3.029648917520827,17.62615641884172,10.219831463512476,7.194409569193532
07:26:32:797,07:26:36:391,BTX6F,QTR138,17.62615641884172,10.219831463512476,17.550404672044902,2.815743615618768,7.404475348494993
07:26:36:391,07:26:36:820,QTR138,BTX6F,17.550404672044902,2.815743615618768,17.48888189539216,10.153268923307472,7.337783227448142
07:26:36:820,07:26:40:375,BTX6F,QTR138,17.48888189539216,10.153268923307472,17.724029460145797,2.5946111032769683,7.562314620373702
07:26:40:375,07:26:40:828,QTR138,BTX6F,17.724029460145797,2.5946111032769683,17.354780828386122,10.081499128727147,7.495988050796618
07:26:40:828,07:26:44:352,BTX6F,QTR138,17.354780828386122,10.081499128727147,17.902119935379343,2.361817714264764,7.739060746553168
07:26:44:352,07:26:44:820,QTR138,BTX6F,17.902119935379343,2.361817714264764,17.25011222060574,9.968904132530918,7.634977264870779
07:26:44:820,07:26:48:336,BTX6F,QTR138,17.25011222060574,9.968904132530918,18.083401489873605,2.1331439981284523,7.879943393842872
07:26:48:336,07:26:48:813,QTR138,BTX6F,18.083401489873605,2.1331439981284523,17.154307962036295,9.8695928070274,7.792037920607364
07:26:48:813,07:26:52:313,BTX6F,QTR138,17.154307962036295,9.8695928070274,18.26639336621561,1.9085054930538,8.038385731407772
07:26:52:313,07:26:52:789,QTR138,BTX6F,18.26639336621561,1.9085054930538,17.09947370662492,9.735016717775023,7.913025934661566
07:26:52:789,07:26:56:297,BTX6F,QTR138,17.09947370662492,9.735016717775023,18.45223052674872,1.6765683680744097,8.171201920108448
07:26:56:297,07:26:56:758,QTR138,BTX6F,18.45223052674872,1.6765683680744097,17.067032933815558,9.590826581119048,8.034566287872192
07:26:56:758,07:27:00:273,BTX6F,QTR138,17.067032933815558,9.590826581119048,18.64105937092717,1.4366164395175556,8.304739746561774
07:27:00:273,07:27:00:727,QTR138,BTX6F,18.64105937092717,1.4366164395175556,17.062265765274244,9.426161569640737,8.144042033015646
07:27:00:727,07:27:04:266,BTX6F,QTR138,17.062265765274244,9.426161569640737,18.831241464049977,1.1848728918149172,8.42900433587023
07:27:04:266,07:27:04:695,QTR138,BTX6F,18.831241464049977,1.1848728918149172,17.066422293745937,9.260504792690496,8.266221464630133
07:27:04:695,07:27:08:250,BTX6F,QTR138,17.066422293745937,9.260504792690496,19.02066327515305,0.9445755049706384,8.542466724065592
07:27:08:250,07:27:08:664,QTR138,BTX6F,19.02066327515305,0.9445755049706384,17.06745303668862,9.08333179744182,8.369849713339036
07:27:08:664,07:27:12:234,BTX6F,QTR138,17.06745303668862,9.08333179744182,19.210988173244083,0.7034925544281447,8.649650202198922
07:27:12:234,07:27:12:633,QTR138,BTX6F,19.210988173244083,0.7034925544281447,17.065127317338927,8.907855450655665,8.480347242059185
07:27:12:633,07:27:16:219,BTX6F,QTR138,17.065127317338927,8.907855450655665,19.404172560701788,0.4694925186560905,8.75654621541181
07:27:16:219,07:27:16:609,QTR138,BTX6F,19.404172560701788,0.4694925186560905,17.05159594526802,8.715835153927523,8.575359093926108
07:27:16:609,07:27:20:203,BTX6F,QTR138,17.05159594526802,8.715835153927523,19.608031318174078,0.2627455870923877,8.831199524457725
07:27:20:203,07:27:20:586,QTR138,BTX6F,19.608031318174078,0.2627455870923877,17.035463645363045,8.519762352541917,8.648492949416504
07:27:20:586,07:27:24:180,BTX6F,QTR138,17.035463645363045,8.519762352541917,19.83969947991624,0.0588661776369267,8.913501147041725
07:27:24:180,07:27:24:563,QTR138,BTX6F,19.83969947991624,0.0588661776369267,17.013267971152576,8.311526898032758,8.723251918848629
07:27:24:563,07:27:28:164,BTX6F,QTR138,17.013267971152576,8.311526898032758,20.09481571091249,-0.0945431423012065,8.953097229195029
07:27:28:164,07:27:28:547,QTR138,BTX6F,20.09481571091249,-0.0945431423012065,16.987684776745354,8.09381566377256,8.758052442127996
07:27:28:547,07:27:32:141,BTX6F,QTR138,16.987684776745354,8.09381566377256,20.381420493371003,-0.2219667358258828,8.981630087671826
07:27:32:141,07:27:32:523,QTR138,BTX6F,20.381420493371003,-0.2219667358258828,16.962583944921608,7.873761053958079,8.788017512004267
07:27:32:523,07:27:36:125,BTX6F,QTR138,16.962583944921608,7.873761053958079,20.671360693798977,-0.3303160313450515,9.003438553942004
07:27:36:125,07:27:36:508,QTR138,BTX6F,20.671360693798977,-0.3303160313450515,16.934787510795957,7.643465455928126,8.805860001085515
07:28:04:414,07:28:04:492,BTX6F,RYR23VU,16.731398417697704,5.912063796426635,18.14656341528212,10.464610657951562,4.767428541338461
07:28:04:492,07:28:08:406,RYR23VU,BTX6F,18.14656341528212,10.464610657951562,16.70113398277688,5.6579675505852975,5.019271282362016
07:28:08:406,07:28:08:547,BTX6F,RYR23VU,16.70113398277688,5.6579675505852975,18.03089003374846,10.411374110225026,4.935901647756115
07:28:08:547,07:28:12:391,RYR23VU,BTX6F,18.03089003374846,10.411374110225026,16.670242093439104,5.400399648738812,5.192420232525016
07:28:12:391,07:28:12:602,BTX6F,RYR23VU,16.670242093439104,5.400399648738812,17.894078160731723,10.347282531297994,5.096020503624697
07:28:12:602,07:28:16:383,RYR23VU,BTX6F,17.894078160731723,10.347282531297994,16.638465055564204,5.144070742766101,5.3525673453199705
07:28:16:383,07:28:16:641,BTX6F,RYR23VU,16.638465055564204,5.144070742766101,17.744704177849197,10.275600726732408,5.249415679103639
07:28:16:641,07:28:20:375,RYR23VU,BTX6F,17.744704177849197,10.275600726732408,16.609546379341637,4.890793124121914,5.503156925315169
07:28:20:375,07:28:20:672,BTX6F,RYR23VU,16.609546379341637,4.890793124121914,17.58295956503517,10.205389551495646,5.403005498418049
07:28:20:672,07:28:24:367,RYR23VU,BTX6F,17.58295956503517,10.205389551495646,16.578197868296932,4.63034369067136,5.664863848101409
07:28:24:367,07:28:24:695,BTX6F,RYR23VU,16.578197868296932,4.63034369067136,17.407422154054686,10.132490093228062,5.564281440694577
07:28:24:695,07:28:28:352,RYR23VU,BTX6F,17.407422154054686,10.132490093228062,16.54562816988324,4.370531647079615,5.8260496055471
07:28:28:352,07:28:28:711,BTX6F,RYR23VU,16.54562816988324,4.370531647079615,17.242186234530536,10.047123176312365,5.719168167415799
07:28:28:711,07:28:32:352,RYR23VU,BTX6F,17.242186234530536,10.047123176312365,16.515354496303637,4.11032020660383,5.9811298160827455
07:28:32:352,07:28:32:727,BTX6F,RYR23VU,16.515354496303637,4.11032020660383,17.071319516716773,9.964948153124826,5.880966374339139
07:29:24:484,07:29:28:391,RYR23VU,RYR98RR,16.196181939734817,7.806617538243274,18.122478278891524,10.45025362794562,3.2709982208838397
07:29:28:391,07:29:28:461,RYR98RR,RYR23VU,18.122478278891524,10.45025362794562,16.218355200079788,7.5816283839200445,3.4430648396340553
07:29:32:438,07:29:32:453,RYR23VU,RYR98RR,16.23732580939289,7.341132037701547,18.00010221201206,10.393572369014167,3.5248790932250267
07:29:32:453,07:29:36:406,RYR98RR,RYR23VU,18.00010221201206,10.393572369014167,16.258293985908566,7.100347544083458,3.725483276577913
07:29:36:406,07:29:36:500,RYR23VU,RYR98RR,16.258293985908566,7.100347544083458,17.856023775489408,10.32681801615203,3.6003961153801454
07:29:36:500,07:29:40:383,RYR98RR,RYR23VU,17.856023775489408,10.32681801615203,16.280252826941798,6.854959980518758,3.8127224265448385
07:29:40:383,07:29:40:539,RYR23VU,RYR98RR,16.280252826941798,6.854959980518758,17.699566121854232,10.25249233922118,3.682075007050404
07:29:40:539,07:29:44:367,RYR98RR,RYR23VU,17.699566121854232,10.25249233922118,16.301281718980576,6.610297947448577,3.9013817114939595
07:29:44:367,07:29:44:570,RYR23VU,RYR98RR,16.301281718980576,6.610297947448577,17.532308004183474,10.172830709755566,3.769226100590294
07:29:44:570,07:29:48:352,RYR98RR,RYR23VU,17.532308004183474,10.172830709755566,16.317660777630614,6.362895918010878,3.99887121602074
07:29:48:352,07:29:48:594,RYR23VU,RYR98RR,16.317660777630614,6.362895918010878,17.35818263184944,10.088013978760474,3.8677112477057816
07:29:48:594,07:29:52:328,RYR98RR,RYR23VU,17.35818263184944,10.088013978760474,16.329173726096876,6.1115735093057015,4.10742475709973
07:29:52:328,07:29:52:609,RYR23VU,RYR98RR,16.329173726096876,6.1115735093057015,17.186696354164255,10.004172746144606,3.9859345047662798
07:29:52:609,07:29:56:313,RYR98RR,RYR23VU,17.186696354164255,10.004172746144606,16.342641955863037,5.861824043614277,4.227467397940087
07:29:56:313,07:29:56:625,RYR23VU,RYR98RR,16.342641955863037,5.861824043614277,17.014426551469196,9.918456373984972,4.1118803979082985
07:29:56:625,07:30:00:297,RYR98RR,RYR23VU,17.014426551469196,9.918456373984972,16.351801722554058,5.603261083264941,4.365773936079048
07:30:00:297,07:30:00:625,RYR23VU,RYR98RR,16.351801722554058,5.603261083264941,16.851425359277382,9.817449368630804,4.243702002130629
07:30:00:625,07:30:04:281,RYR98RR,RYR23VU,16.851425359277382,9.817449368630804,16.364607647808544,5.357729092275759,4.486211812602262
07:30:04:281,07:30:04:609,RYR23VU,RYR98RR,16.364607647808544,5.357729092275759,16.72490446176214,9.6785421108226,4.335808913615655
07:30:04:609,07:30:08:266,RYR98RR,RYR23VU,16.72490446176214,9.6785421108226,16.37588311000873,5.1022283253836935,4.5896038790703875
07:30:08:266,07:30:08:594,RYR23VU,RYR98RR,16.37588311000873,5.1022283253836935,16.61975963796997,9.5270606176711,4.431547875828474
07:30:08:594,07:30:12:250,RYR98RR,RYR23VU,16.61975963796997,9.5270606176711,16.387797286922087,4.851781105404527,4.681030340653993
07:30:12:250,07:30:12:570,RYR23VU,RYR98RR,16.387797286922087,4.851781105404527,16.543130361974182,9.351467600170407,4.5023668126201795
07:30:12:570,07:30:16:234,RYR98RR,RYR23VU,16.543130361974182,9.351467600170407,16.399640770361525,4.598895537545032,4.754737687123063
07:30:16:234,07:30:16:539,RYR23VU,RYR98RR,16.399640770361525,4.598895537545032,16.469962143953353,9.16361075027801,4.565256845889366
07:30:16:539,07:30:20:219,RYR98RR,RYR23VU,16.469962143953353,9.16361075027801,16.411756384681823,4.346390482135518,4.817571901094493
07:30:20:219,07:30:20:516,RYR23VU,RYR98RR,16.411756384681823,4.346390482135518,16.425361608448025,8.967658952050327,4.621288497069025
07:30:20:516,07:30:24:211,RYR98RR,RYR23VU,16.425361608448025,8.967658952050327,16.417174708639475,4.085005467286167,4.882660348376494
07:30:24:211,07:30:24:484,RYR23VU,RYR98RR,16.417174708639475,4.085005467286167,16.396656710633774,8.75156705252647,4.666606691921085
07:30:24:484,07:30:28:203,RYR98RR,RYR23VU,16.396656710633774,8.75156705252647,16.403592811584183,3.8217117201660655,4.929860211760442
07:30:28:203,07:30:28:453,RYR23VU,RYR98RR,16.403592811584183,3.8217117201660655,16.38747085381369,8.530958543383864,4.709274419643569
07:30:28:453,07:30:32:195,RYR98RR,RYR23VU,16.38747085381369,8.530958543383864,16.360811459095192,3.558860109490766,4.972169904543584
07:30:32:195,07:30:32:422,RYR23VU,RYR98RR,16.360811459095192,3.558860109490766,16.384377413371915,8.297919730221327,4.739118213659569
07:30:32:422,07:30:36:195,RYR98RR,RYR23VU,16.384377413371915,8.297919730221327,16.292128734110314,3.3114605625092386,4.987312387457341
07:30:36:195,07:30:36:398,RYR23VU,RYR98RR,16.292128734110314,3.3114605625092386,16.38111175124303,8.061471572747381,4.750844406494663
07:30:36:398,07:30:40:188,RYR98RR,RYR23VU,16.38111175124303,8.061471572747381,16.192196154678843,3.0684298074386995,4.996614371025849
07:30:40:188,07:30:40:367,RYR23VU,RYR98RR,16.192196154678843,3.0684298074386995,16.374690534457926,7.813217156624576,4.748295608704801
07:30:40:367,07:30:44:188,RYR98RR,RYR23VU,16.374690534457926,7.813217156624576,16.07267910449148,2.8181976459215314,5.00414136652178
07:30:44:188,07:30:44:344,RYR23VU,RYR98RR,16.07267910449148,2.8181976459215314,16.374909240818532,7.557051945489591,4.7484821920103
07:30:44:344,07:30:48:180,RYR98RR,RYR23VU,16.374909240818532,7.557051945489591,15.943580306935152,2.579248725997788,4.996455697911063
07:30:48:180,07:30:48:313,RYR23VU,RYR98RR,15.943580306935152,2.579248725997788,16.376364291941982,7.296502501200206,4.737065036215975
07:30:48:313,07:30:52:180,RYR98RR,RYR23VU,16.376364291941982,7.296502501200206,15.808727255119608,2.3301391403380824,4.998697514121675
07:30:52:180,07:30:52:289,RYR23VU,RYR98RR,15.808727255119608,2.3301391403380824,16.384241353514096,7.037668275812012,4.742578100441441
07:30:52:289,07:30:56:188,RYR98RR,RYR23VU,16.384241353514096,7.037668275812012,15.67463023931174,2.0770764621916755,5.011089609531704
07:30:56:188,07:30:56:250,RYR23VU,LHX06E,15.67463023931174,2.0770764621916755,18.18738229080682,10.47632097644548,8.76705374014072
07:30:56:250,07:30:56:273,LHX06E,RYR98RR,18.18738229080682,10.47632097644548,16.392476238570367,6.77874974101389,4.110197170142346
07:30:56:273,07:31:00:180,RYR98RR,RYR23VU,16.392476238570367,6.77874974101389,15.537538844855504,1.8129596316981744,5.03884801883821
07:31:00:180,07:31:00:258,RYR23VU,RYR98RR,15.537538844855504,1.8129596316981744,16.39995728391787,6.518836525950975,4.784249461294545
07:31:00:258,07:31:00:313,RYR98RR,LHX06E,16.39995728391787,6.518836525950975,18.06610965479369,10.42260005716517,4.24445914465118
07:31:00:313,07:31:04:180,LHX06E,RYR23VU,18.06610965479369,10.42260005716517,15.400146177561336,1.5489017424417044,9.265521196493099
07:31:04:180,07:31:04:234,RYR23VU,RYR98RR,15.400146177561336,1.5489017424417044,16.408557770877135,6.260899733795586,4.818694741530814
07:31:04:234,07:31:04:367,RYR98RR,LHX06E,16.408557770877135,6.260899733795586,17.93235545348097,10.358560232988584,4.371816664060311
07:31:04:367,07:31:08:180,LHX06E,RYR23VU,17.93235545348097,10.358560232988584,15.259617910587352,1.2785835464745083,9.465173141619342
07:31:08:180,07:31:08:219,RYR23VU,RYR98RR,15.259617910587352,1.2785835464745083,16.414521021577016,5.997991738500982,4.858663898515743
07:31:08:219,07:31:08:406,RYR98RR,LHX06E,16.414521021577016,5.997991738500982,17.782244342646546,10.290244468811572,4.504897399925572
07:31:08:406,07:31:12:172,LHX06E,RYR23VU,17.782244342646546,10.290244468811572,15.11923666158606,1.0084787333080782,9.656230376195147
07:31:12:172,07:31:12:203,RYR23VU,RYR98RR,15.11923666158606,1.0084787333080782,16.42063582334251,5.73710533791331,4.904441797391503
07:31:12:203,07:31:12:438,RYR98RR,LHX06E,16.42063582334251,5.73710533791331,17.62750011336904,10.217202526170924,4.639805193192384
07:31:12:438,07:31:16:172,LHX06E,RYR23VU,17.62750011336904,10.217202526170924,14.976703673413905,0.727601758046268,9.85288001066038
07:31:16:172,07:31:16:188,RYR23VU,RYR98RR,14.976703673413905,0.727601758046268,16.427773954181156,5.477646955955478,4.966742830256696
07:31:16:188,07:31:16:461,RYR98RR,LHX06E,16.427773954181156,5.477646955955478,17.47794251953018,10.144661609599462,4.783709835783824
07:31:16:461,07:31:20:172,LHX06E,RYR23VU,17.47794251953018,10.144661609599462,14.83421776530885,0.4551993211319302,10.043652722775569
07:31:20:172,07:31:20:172,RYR23VU,RYR98RR,14.83421776530885,0.4551993211319302,16.43066617871778,5.209175356074888,5.014871451741096
07:31:20:172,07:31:20:477,RYR98RR,LHX06E,16.43066617871778,5.209175356074888,17.324842846387835,10.073850236493318,4.946171610971418
07:31:20:477,07:31:24:156,LHX06E,RYR98RR,17.324842846387835,10.073850236493318,16.435643770512065,4.948916891484873,5.201501397415727
07:31:24:156,07:31:24:164,RYR98RR,RYR23VU,16.435643770512065,4.948916891484873,14.678859076728845,0.1874856942912513,5.075186647397285
07:31:24:164,07:31:24:492,RYR23VU,LHX06E,14.678859076728845,0.1874856942912513,17.17312630555977,9.99895862385735,10.123555208345943
07:31:24:492,07:31:28:141,LHX06E,RYR98RR,17.17312630555977,9.99895862385735,16.43957060687164,4.682334337508467,5.366991500391313
07:31:28:141,07:31:28:164,RYR98RR,RYR23VU,16.43957060687164,4.682334337508467,14.502603102196876,-0.0683207090584911,5.13035734482873
07:31:28:164,07:31:28:492,RYR23VU,LHX06E,14.502603102196876,-0.0683207090584911,17.03697452780902,9.901545146164317,10.286946276427079
07:31:28:492,07:31:32:125,LHX06E,RYR98RR,17.03697452780902,9.901545146164317,16.444753429305155,4.41608777116596,5.517333453982729
07:31:32:125,07:31:32:164,RYR98RR,RYR23VU,16.444753429305155,4.41608777116596,14.286382937718582,-0.2922125810016909,5.179445470817672
07:31:32:164,07:31:32:477,RYR23VU,LHX06E,14.286382937718582,-0.2922125810016909,16.92687935117862,9.774469993968632,10.407224383797365
07:31:32:477,07:31:36:117,LHX06E,RYR98RR,16.92687935117862,9.774469993968632,16.447971593586686,4.143615929409491,5.651183074068998
07:31:36:117,07:31:36:172,RYR98RR,RYR23VU,16.447971593586686,4.143615929409491,13.994469894189756,-0.4604277449909099,5.21698080739521
07:31:36:172,07:31:36:461,RYR23VU,LHX06E,13.994469894189756,-0.4604277449909099,16.837847045989133,9.636360814518747,10.489515376928518
07:31:36:461,07:31:40:102,LHX06E,RYR98RR,16.837847045989133,9.636360814518747,16.455654604283637,3.878938621021084,5.770093706056796
07:31:40:102,07:31:40:430,RYR98RR,LHX06E,16.455654604283637,3.878938621021084,16.7773136337898,9.46910687249309,5.599414756117681
07:31:40:430,07:31:44:094,LHX06E,RYR98RR,16.7773136337898,9.46910687249309,16.462731820390598,3.611210882425928,5.866336774151861
07:31:44:094,07:31:44:406,RYR98RR,LHX06E,16.462731820390598,3.611210882425928,16.743630673542462,9.295966765067254,5.691691629992545
07:31:44:406,07:31:48:086,LHX06E,RYR98RR,16.743630673542462,9.295966765067254,16.48340432977362,3.344810159996387,5.956843349297505
07:31:48:086,07:31:48:375,RYR98RR,LHX06E,16.48340432977362,3.344810159996387,16.713551730077413,9.10828517150017,5.7680683104567265
07:31:48:375,07:31:52:063,LHX06E,RYR98RR,16.713551730077413,9.10828517150017,16.53927486815016,3.078885645640786,6.031917693987259
07:31:52:063,07:31:52:344,RYR98RR,LHX06E,16.53927486815016,3.078885645640786,16.69588946745793,8.91579124817924,5.83900634917116
07:31:52:344,07:31:56:047,LHX06E,RYR98RR,16.69588946745793,8.91579124817924,16.64011474339602,2.8287118677473075,6.087334901541378
07:31:56:047,07:31:56:313,RYR98RR,LHX06E,16.64011474339602,2.8287118677473075,16.681266297798082,8.716216336444102,5.887648284277385
07:31:56:313,07:32:00:031,LHX06E,RYR98RR,16.681266297798082,8.716216336444102,16.776238880324172,2.598664349689502,6.118289148289482
07:32:00:031,07:32:00:289,RYR98RR,LHX06E,16.776238880324172,2.598664349689502,16.675207980448683,8.510582034342487,5.912780898430312
07:32:00:289,07:32:04:008,LHX06E,RYR98RR,16.675207980448683,8.510582034342487,16.938922808763486,2.3832141505405726,6.1330402488586575
07:32:04:008,07:32:04:258,RYR98RR,LHX06E,16.938922808763486,2.3832141505405726,16.669943001921784,8.295086505733162,5.917988246066307
07:32:04:258,07:32:07:984,LHX06E,RYR98RR,16.669943001921784,8.295086505733162,17.13570777417284,2.198842195643312,6.114011082045317
07:32:07:984,07:32:08:234,RYR98RR,LHX06E,17.13570777417284,2.198842195643312,16.665952119873577,8.073963943592004,5.89387189612786
07:32:08:234,07:32:11:969,LHX06E,RYR98RR,16.665952119873577,8.073963943592004,17.35358897508776,2.037183191303862,6.075818158556544
07:32:11:969,07:32:12:211,RYR98RR,LHX06E,17.35358897508776,2.037183191303862,16.662926502226554,7.8422936266023795,5.8460518144667954
07:32:12:211,07:32:15:945,LHX06E,RYR98RR,16.662926502226554,7.8422936266023795,17.58114495710073,1.8846990633293608,6.027939789945794
07:32:15:945,07:32:16:188,RYR98RR,LHX06E,17.58114495710073,1.8846990633293608,16.655125495949978,7.598988814676439,5.7888357555539764
07:32:16:188,07:32:19:922,LHX06E,RYR98RR,16.655125495949978,7.598988814676439,17.813795224696825,1.746070491905087,5.966503870219721
07:32:19:922,07:32:20:141,RYR98RR,ANE53GX,17.813795224696825,1.746070491905087,18.176532189049716,10.480990836617249,8.742448829348353
07:32:20:141,07:32:20:164,ANE53GX,LHX06E,18.176532189049716,10.480990836617249,16.650514409446654,7.349194178741373,3.483802602035191
07:32:24:148,07:32:24:211,LHX06E,ANE53GX,16.644390073427218,7.090000313509065,18.062918297852267,10.428879894994829,3.6277181785735553
07:32:24:211,07:32:28:125,ANE53GX,LHX06E,18.062918297852267,10.428879894994829,16.635436310724398,6.822458044172141,3.878657421024171
07:32:28:125,07:32:28:258,LHX06E,ANE53GX,16.635436310724398,6.822458044172141,17.9267972789428,10.362390057647158,3.768120461219792
07:32:28:258,07:32:32:109,ANE53GX,LHX06E,17.9267972789428,10.362390057647158,16.627578111071102,6.556629287786818,4.021415855587829
07:32:32:109,07:32:32:305,LHX06E,ANE53GX,16.627578111071102,6.556629287786818,17.780695503619686,10.29652237534332,3.913627476823893
07:32:32:305,07:32:36:094,ANE53GX,LHX06E,17.780695503619686,10.29652237534332,16.614902854712966,6.277319669117881,4.184861155877796
07:32:36:094,07:32:36:336,LHX06E,ANE53GX,16.614902854712966,6.277319669117881,17.619422719318937,10.219400867141374,4.068054120854138
07:32:36:336,07:32:40:078,ANE53GX,LHX06E,17.619422719318937,10.219400867141374,16.60211515550793,5.99165632140634,4.348417944882876
07:32:40:078,07:32:40:359,LHX06E,ANE53GX,16.60211515550793,5.99165632140634,17.457621948153513,10.14234911265707,4.2379408348399
07:32:40:359,07:32:44:063,ANE53GX,LHX06E,17.457621948153513,10.14234911265707,16.588716805534876,5.707247933089062,4.519415738773614
07:32:44:063,07:32:44:383,LHX06E,ANE53GX,16.588716805534876,5.707247933089062,17.289663069765894,10.06438140663783,4.413155081306182
07:32:44:383,07:32:48:047,ANE53GX,LHX06E,17.289663069765894,10.06438140663783,16.570122749086796,5.409223339283711,4.710438929137614
07:32:48:047,07:32:48:391,LHX06E,ANE53GX,16.570122749086796,5.409223339283711,17.12299104600155,9.988619766790954,4.612649454922791
07:32:48:391,07:32:52:039,ANE53GX,LHX06E,17.12299104600155,9.988619766790954,16.55237062066382,5.112692764447785,4.909202766436915
07:32:52:039,07:32:52:406,LHX06E,ANE53GX,16.55237062066382,5.112692764447785,16.955743302767,9.910065136819265,4.814300696867643
07:32:52:406,07:32:56:023,ANE53GX,LHX06E,16.955743302767,9.910065136819265,16.530801572333957,4.80591851447545,5.121805171679923
07:32:56:023,07:32:56:406,LHX06E,ANE53GX,16.530801572333957,4.80591851447545,16.792324793644774,9.829199812671806,5.030084432302708
07:32:56:406,07:33:00:008,ANE53GX,LHX06E,16.792324793644774,9.829199812671806,16.51246391871233,4.503429156558708,5.333118711488925
07:33:00:008,07:33:00:406,LHX06E,ANE53GX,16.51246391871233,4.503429156558708,16.64803442048514,9.730894805927656,5.229223314822503
07:33:00:406,07:33:04:008,ANE53GX,LHX06E,16.64803442048514,9.730894805927656,16.492107221881742,4.194464688474271,5.538625437480784
07:33:04:008,07:33:04:406,LHX06E,ANE53GX,16.492107221881742,4.194464688474271,16.509162673492895,9.619489926900703,5.425052048228978
07:33:04:406,07:33:07:992,ANE53GX,LHX06E,16.509162673492895,9.619489926900703,16.472624172936204,3.886300515464933,5.733305843003857
07:33:07:992,07:33:08:391,LHX06E,ANE53GX,16.472624172936204,3.886300515464933,16.3886323335213,9.497055895966303,5.611384015455846
07:33:08:391,07:33:11:984,ANE53GX,LHX06E,16.3886323335213,9.497055895966303,16.453924498665792,3.5781049399958613,5.91931106515046
07:33:11:984,07:33:12:375,LHX06E,ANE53GX,16.453924498665792,3.5781049399958613,16.276909363595596,9.351135907495186,5.775744186661154
07:33:12:375,07:33:15:969,ANE53GX,LHX06E,16.276909363595596,9.351135907495186,16.44667568624289,3.2759919441227727,6.0775155104701675
07:33:15:969,07:33:16:359,LHX06E,ANE53GX,16.44667568624289,3.2759919441227727,16.186623508234128,9.198984198207322,5.928698371247493
07:33:16:359,07:33:19:953,ANE53GX,LHX06E,16.186623508234128,9.198984198207322,16.492097462154554,2.961094419152829,6.24536493986991
07:33:19:953,07:33:20:336,LHX06E,ANE53GX,16.492097462154554,2.961094419152829,16.116185700998102,9.02661302398398,6.077156045201455
07:33:20:336,07:33:23:938,ANE53GX,LHX06E,16.116185700998102,9.02661302398398,16.537777752758533,2.672480881590134,6.368102946805287
07:33:23:938,07:33:24:313,LHX06E,ANE53GX,16.537777752758533,2.672480881590134,16.067641395913252,8.850751210482132,6.196132055637209
07:33:24:313,07:33:27:922,ANE53GX,LHX06E,16.067641395913252,8.850751210482132,16.659938182929128,2.376674258405436,6.501114355656267
07:33:27:922,07:33:28:289,LHX06E,ANE53GX,16.659938182929128,2.376674258405436,16.03271078085601,8.66463143553208,6.31916289355559
07:33:28:289,07:33:31:906,ANE53GX,LHX06E,16.03271078085601,8.66463143553208,16.793764523873598,2.098388654716951,6.610200228160103
07:33:31:906,07:33:32:258,LHX06E,ANE53GX,16.793764523873598,2.098388654716951,16.008170256961694,8.467892053238534,6.417766893241204
07:34:16:039,07:34:19:984,ANE53GX,VLG7CV,15.780860528567873,6.023673164387302,18.18240395224219,10.48269327085428,5.064609671600581
07:34:19:984,07:34:20:023,VLG7CV,ANE53GX,18.18240395224219,10.48269327085428,15.760720288785055,5.784831779403573,5.285305512334233
07:34:24:008,07:34:24:047,ANE53GX,VLG7CV,15.739045075258762,5.543452657875625,18.06258677294974,10.424578373861149,5.4059443463805525
07:34:24:047,07:34:27:992,VLG7CV,ANE53GX,18.06258677294974,10.424578373861149,15.71872830272582,5.298417182889756,5.6365948128512535
07:34:27:992,07:34:28:102,ANE53GX,VLG7CV,15.71872830272582,5.298417182889756,17.925673849641715,10.36317121526877,5.524702892966405
07:34:28:102,07:34:31:984,VLG7CV,ANE53GX,17.925673849641715,10.36317121526877,15.68829103350532,5.046755844741606,5.768028628389417
07:34:31:984,07:34:32:148,ANE53GX,VLG7CV,15.68829103350532,5.046755844741606,17.775217142585337,10.290913681378786,5.644152017825442
07:34:32:148,07:34:35:977,VLG7CV,ANE53GX,17.775217142585337,10.290913681378786,15.628548740849329,4.791994507386328,5.903075241695105
07:34:35:977,07:34:36:180,ANE53GX,VLG7CV,15.628548740849329,4.791994507386328,17.60893192508614,10.213151070534982,5.7715557728031746
07:34:36:180,07:34:39:969,VLG7CV,ANE53GX,17.60893192508614,10.213151070534982,15.511288312260104,4.563341441318917,6.026645631925975
07:34:39:969,07:34:40:211,ANE53GX,VLG7CV,15.511288312260104,4.563341441318917,17.430941136568073,10.130530955317202,5.888859486407026
07:34:40:211,07:34:43:969,VLG7CV,ANE53GX,17.430941136568073,10.130530955317202,15.40011964219997,4.336683336909927,6.139454875419408
07:34:43:969,07:34:44:227,ANE53GX,VLG7CV,15.40011964219997,4.336683336909927,17.260127434060024,10.050828002756036,6.009249391396371
07:34:44:227,07:34:47:969,VLG7CV,ANE53GX,17.260127434060024,10.050828002756036,15.24681777814278,4.129372011440154,6.254363023338218
07:34:47:969,07:34:48:242,ANE53GX,VLG7CV,15.24681777814278,4.129372011440154,17.08926345569318,9.96897392482938,6.123361542615564
07:34:48:242,07:34:51:969,VLG7CV,ANE53GX,17.08926345569318,9.96897392482938,15.07717073387445,3.929751703337465,6.365588909265005
07:34:51:969,07:34:52:250,ANE53GX,VLG7CV,15.07717073387445,3.929751703337465,16.926095896675783,9.886548309982633,6.237142780999912
07:34:52:250,07:34:55:969,VLG7CV,ANE53GX,16.926095896675783,9.886548309982633,14.88928424918827,3.7479400402434777,6.467697672019831
07:34:55:969,07:34:56:242,ANE53GX,VLG7CV,14.88928424918827,3.7479400402434777,16.782851580685737,9.7745319694964,6.317072701865231
07:34:56:242,07:34:59:969,VLG7CV,ANE53GX,16.782851580685737,9.7745319694964,14.683270914686869,3.5803003311626136,6.540393303339755
07:34:59:969,07:35:00:227,ANE53GX,VLG7CV,14.683270914686869,3.5803003311626136,16.67786112169973,9.622680404133636,6.363076853232948
07:35:00:227,07:35:03:977,VLG7CV,ANE53GX,16.67786112169973,9.622680404133636,14.460312756241224,3.4319542188675776,6.575911454246213
07:35:03:977,07:35:04:203,ANE53GX,VLG7CV,14.460312756241224,3.4319542188675776,16.5913433971166,9.468431459099902,6.401589573238241
07:35:04:203,07:35:07:984,VLG7CV,ANE53GX,16.5913433971166,9.468431459099902,14.18645640107647,3.323025530455322,6.599204155922354
07:35:07:984,07:35:08:180,ANE53GX,VLG7CV,14.18645640107647,3.323025530455322,16.53314576263091,9.290820050289026,6.412606520798698
07:35:08:180,07:35:11:992,VLG7CV,ANE53GX,16.53314576263091,9.290820050289026,13.92113820276985,3.2223751703464694,6.606709222727481
07:35:11:992,07:35:12:148,ANE53GX,VLG7CV,13.92113820276985,3.2223751703464694,16.499765422907657,9.103923353744385,6.421987805505937
07:35:12:148,07:35:16:000,VLG7CV,ANE53GX,16.499765422907657,9.103923353744385,13.667523621474558,3.1463106763194992,6.596570505649031
07:35:16:000,07:35:16:117,ANE53GX,VLG7CV,13.667523621474558,3.1463106763194992,16.478649393718932,8.910867963947583,6.413466210226929
07:35:16:117,07:35:20:016,VLG7CV,ANE53GX,16.478649393718932,8.910867963947583,13.370155886156407,3.116021239370279,6.575939510663299
07:35:20:016,07:35:20:086,ANE53GX,VLG7CV,13.370155886156407,3.116021239370279,16.461942385029975,8.704401272311332,6.386637233097799
07:35:20:086,07:35:24:023,VLG7CV,ANE53GX,16.461942385029975,8.704401272311332,13.073387492331264,3.125016440500306,6.527774457062324
07:35:24:023,07:35:24:055,ANE53GX,VLG7CV,13.073387492331264,3.125016440500306,16.45711234908299,8.499345748829882,6.350827459518149
07:35:28:031,07:35:28:031,VLG7CV,ANE53GX,16.454219305019254,8.283854534436747,12.775705609171036,3.1682685748069344,6.300847777950567
07:35:28:031,07:35:32:000,ANE53GX,VLG7CV,12.775705609171036,3.1682685748069344,16.4594851337022,8.068072813320313,6.13011526491213
07:35:32:000,07:35:32:047,VLG7CV,ANE53GX,16.4594851337022,8.068072813320313,12.478043673037805,3.2305773023050763,6.265240531997953
07:35:32:047,07:35:35:977,ANE53GX,VLG7CV,12.478043673037805,3.2305773023050763,16.46194784202321,7.835845330900785,6.089333793024086
07:35:35:977,07:35:36:055,VLG7CV,ANE53GX,16.46194784202321,7.835845330900785,12.177590218476103,3.290360946150664,6.246370829405936
07:35:36:055,07:35:39:953,ANE53GX,VLG7CV,12.177590218476103,3.290360946150664,16.467675349524956,7.601735458814161,6.082169071975134
07:37:15:703,07:37:31:742,VLG7CV,RYR26UP,15.121369647577712,0.962659074740525,18.17571994699481,10.472813840093163,9.98859847088213
07:39:03:680,07:39:07:641,RYR26UP,RYR97BB,15.999599998154425,6.720589462999088,18.12547046444246,10.453128714099536,4.295483034588917
07:39:07:641,07:39:07:664,RYR97BB,RYR26UP,18.12547046444246,10.453128714099536,15.961989617350646,6.470725987809889,4.53212762950166
07:39:11:648,07:39:11:703,RYR26UP,RYR97BB,15.923765978673565,6.223129866477875,18.001181858848664,10.392898471566191,4.658607834877695
07:39:11:703,07:39:15:641,RYR97BB,RYR26UP,18.001181858848664,10.392898471566191,15.88201104295055,5.969837017833185,4.904524194093961
07:39:15:641,07:39:15:750,RYR26UP,RYR97BB,15.88201104295055,5.969837017833185,17.85719907472774,10.325936237387069,4.7829873689435765
07:39:15:750,07:39:19:625,RYR97BB,RYR26UP,17.85719907472774,10.325936237387069,15.840497554320082,5.717551005548979,5.0303379078783514
07:39:19:625,07:39:19:789,RYR26UP,RYR97BB,15.840497554320082,5.717551005548979,17.699993552557505,10.252123330417204,4.901027600097943
07:39:19:789,07:39:23:617,RYR97BB,RYR26UP,17.699993552557505,10.252123330417204,15.794590164302775,5.458419133210039,5.158503853085136
07:39:23:617,07:39:23:828,RYR26UP,RYR97BB,15.794590164302775,5.458419133210039,17.529985047237425,10.175083165911198,5.025785013019611
07:39:23:828,07:39:27:609,RYR97BB,RYR26UP,17.529985047237425,10.175083165911198,15.74352462752915,5.189150502279527,5.296316206331857
07:39:31:594,07:39:31:867,RYR26UP,RYR97BB,15.682516381159388,4.920799076055792,17.175572569452306,10.004886315237908,5.298788525409766
07:39:31:867,07:39:35:586,RYR97BB,RYR26UP,17.175572569452306,10.004886315237908,15.566445520241684,4.6646284275495535,5.577422717305813
07:39:35:586,07:39:35:875,RYR26UP,RYR97BB,15.566445520241684,4.6646284275495535,16.995916826432012,9.916062298174822,5.442512830740206
07:39:35:875,07:39:39:586,RYR97BB,RYR26UP,16.995916826432012,9.916062298174822,15.448369133739318,4.400781444590121,5.7282830547273464
07:39:39:586,07:39:39:883,RYR26UP,RYR97BB,15.448369133739318,4.400781444590121,16.828519544122248,9.826583061049138,5.598583600916347
07:39:39:883,07:39:43:586,RYR97BB,RYR26UP,16.828519544122248,9.826583061049138,15.256967893675892,4.170857051357319,5.870009479270474
07:39:43:586,07:39:43:875,RYR26UP,RYR97BB,15.256967893675892,4.170857051357319,16.68545975824114,9.689206372202392,5.700242822371726
07:39:43:875,07:39:47:586,RYR97BB,RYR26UP,16.68545975824114,9.689206372202392,15.0715694066029,3.93933432841823,5.972074228189203
07:39:47:586,07:39:47:859,RYR26UP,RYR97BB,15.0715694066029,3.93933432841823,16.56905036135978,9.544715353093665,5.801960499835465
07:39:47:859,07:39:51:594,RYR97BB,RYR26UP,16.56905036135978,9.544715353093665,14.839425943236224,3.744455846668447,6.052653217362229
07:39:51:594,07:39:51:836,RYR26UP,RYR97BB,14.839425943236224,3.744455846668447,16.471005864864303,9.379300172539477,5.866304084980664
07:39:51:836,07:39:55:594,RYR97BB,RYR26UP,16.471005864864303,9.379300172539477,14.594290950073216,3.5590648512369207,6.115324853737305
07:39:55:594,07:39:55:813,RYR26UP,RYR97BB,14.594290950073216,3.5590648512369207,16.386524095898558,9.188857900893954,5.908186644898893
07:39:55:813,07:39:59:602,RYR97BB,RYR26UP,16.386524095898558,9.188857900893954,14.343692668743314,3.3790064890788933,6.1585334022917
07:39:59:602,07:39:59:773,RYR26UP,RYR97BB,14.343692668743314,3.3790064890788933,16.357162484048565,8.962993747445266,5.935905524748803
07:39:59:773,07:40:03:602,RYR97BB,RYR26UP,16.357162484048565,8.962993747445266,14.09128639195087,3.197926582740992,6.194367915961345
07:40:03:602,07:40:03:750,RYR26UP,RYR97BB,14.09128639195087,3.197926582740992,16.302126045016124,8.773547749936503,5.997946596264785
07:40:03:750,07:40:07:602,RYR97BB,RYR26UP,16.302126045016124,8.773547749936503,13.845048009773542,3.0160023874479736,6.259917018011079
07:40:07:602,07:40:07:719,RYR26UP,RYR97BB,13.845048009773542,3.0160023874479736,16.287512653671918,8.552835344888859,6.051623975041509
07:40:07:719,07:40:11:609,RYR97BB,RYR26UP,16.287512653671918,8.552835344888859,13.595274772808644,2.8194908554669174,6.333986409958591
07:40:11:609,07:40:11:688,RYR26UP,RYR97BB,13.595274772808644,2.8194908554669174,16.283842615474448,8.314761412242305,6.117711625827025
07:40:11:688,07:40:15:617,RYR97BB,RYR26UP,16.283842615474448,8.314761412242305,13.355116451416611,2.6329687246082507,6.392198767974032
07:40:15:617,07:40:15:664,RYR26UP,RYR97BB,13.355116451416611,2.6329687246082507,16.283435327442387,8.071739616493455,6.176996054240818
07:40:15:664,07:40:19:617,RYR97BB,RYR26UP,16.283435327442387,8.071739616493455,13.106877031362243,2.4344589459559085,6.470661169216932
07:40:19:617,07:40:19:633,RYR26UP,RYR97BB,13.106877031362243,2.4344589459559085,16.278508569050725,7.819884273931784,6.249964205822644
07:40:23:609,07:40:23:617,RYR97BB,RYR26UP,16.277530426990406,7.562405059707093,12.863520700084075,2.238844551021457,6.324220023453351
07:40:23:617,07:40:27:359,RYR26UP,KLM1498,12.863520700084075,2.238844551021457,18.36869832719626,10.56504508182229,9.981612894976674
07:40:27:359,07:40:27:578,KLM1498,RYR97BB,18.36869832719626,10.56504508182229,16.287789964979645,7.308618787335972,3.864517023298634
07:40:27:578,07:40:27:617,RYR97BB,RYR26UP,16.287789964979645,7.308618787335972,12.621164874438112,2.048006454332066,6.412346035012575
07:40:27:617,07:40:31:422,RYR26UP,KLM1498,12.621164874438112,2.048006454332066,18.28781531914868,10.531695106352348,10.202151753770192
07:40:31:422,07:40:31:555,KLM1498,RYR97BB,18.28781531914868,10.531695106352348,16.302902155554587,7.057338799777126,4.001378763882286
07:40:31:555,07:40:31:617,RYR97BB,RYR26UP,16.302902155554587,7.057338799777126,12.374630029246095,1.8474071602279336,6.524929853041179
07:40:31:617,07:40:35:492,RYR26UP,KLM1498,12.374630029246095,1.8474071602279336,18.19511670197605,10.485796547815193,10.416325471057787
07:40:35:492,07:40:35:531,KLM1498,RYR97BB,18.19511670197605,10.485796547815193,16.3171866962001,6.805987013760452,4.131297533888576
07:40:39:508,07:40:39:547,RYR97BB,KLM1498,16.331557233162833,6.54878830178026,18.082604875672136,10.431362481650192,4.259172467572786
07:40:39:547,07:40:43:492,KLM1498,RYR97BB,18.082604875672136,10.431362481650192,16.345408617709108,6.291118116863529,4.489930315587143
07:40:43:492,07:40:43:609,RYR97BB,KLM1498,16.345408617709108,6.291118116863529,17.958805109567052,10.373709599762169,4.389829319708915
07:40:43:609,07:40:47:477,KLM1498,RYR97BB,17.958805109567052,10.373709599762169,16.360055334990587,6.035519654495815,4.623407060049805
07:40:47:477,07:40:47:648,RYR97BB,KLM1498,16.360055334990587,6.035519654495815,17.818214732964165,10.311531904730476,4.517799198067081
07:40:47:648,07:40:51:461,KLM1498,RYR97BB,17.818214732964165,10.311531904730476,16.372952133667876,5.779194897484092,4.7571906339960535
07:40:51:461,07:40:51:688,RYR97BB,KLM1498,16.372952133667876,5.779194897484092,17.662525823093816,10.23827360011216,4.641808179652714
07:40:51:688,07:40:55:445,KLM1498,RYR97BB,17.662525823093816,10.23827360011216,16.3831325234333,5.517979679251813,4.890605475248169
07:40:55:445,07:40:55:711,RYR97BB,KLM1498,16.3831325234333,5.517979679251813,17.4974465584977,10.163286401082622,4.777088057449642
07:40:55:711,07:40:59:430,KLM1498,RYR97BB,17.4974465584977,10.163286401082622,16.395655645465986,5.261517200213357,5.024070512505749
07:40:59:430,07:40:59:734,RYR97BB,KLM1498,16.395655645465986,5.261517200213357,17.329832764408042,10.0897733465655,4.917798725480958
07:40:59:734,07:41:03:414,KLM1498,RYR97BB,17.329832764408042,10.0897733465655,16.405887411669976,5.0033009647315385,5.169707564844063
07:41:03:414,07:41:03:750,RYR97BB,KLM1498,16.405887411669976,5.0033009647315385,17.163318717806533,10.012860652817448,5.066496861936374
07:41:03:750,07:41:07:398,KLM1498,RYR97BB,17.163318717806533,10.012860652817448,16.414890942011997,4.739023417550553,5.326678450936224
07:41:07:398,07:41:07:758,RYR97BB,KLM1498,16.414890942011997,4.739023417550553,17.00224006696665,9.93869162542762,5.232736231322242
07:41:07:758,07:41:11:383,KLM1498,RYR97BB,17.00224006696665,9.93869162542762,16.423667121889665,4.475674087602652,5.493569629244561
07:41:11:383,07:41:11:766,RYR97BB,KLM1498,16.423667121889665,4.475674087602652,16.842680288238306,9.864768662013812,5.405359596319316
07:41:11:766,07:41:15:367,KLM1498,RYR97BB,16.842680288238306,9.864768662013812,16.433295859332258,4.217275354778473,5.6623119188100794
07:41:15:367,07:41:15:773,RYR97BB,KLM1498,16.433295859332258,4.217275354778473,16.688977301373008,9.777771315214608,5.566371199069517
07:41:15:773,07:41:19:359,KLM1498,RYR97BB,16.688977301373008,9.777771315214608,16.44354017850207,3.955603224098638,5.82733907220887
07:41:19:359,07:41:19:766,RYR97BB,KLM1498,16.44354017850207,3.955603224098638,16.54756963509879,9.668615301887144,5.7139591465810415
07:41:19:766,07:41:23:352,KLM1498,RYR97BB,16.54756963509879,9.668615301887144,16.45205899247678,3.691660477969634,5.977717896488999
07:41:23:352,07:41:23:750,RYR97BB,KLM1498,16.45205899247678,3.691660477969634,16.44029407586551,9.529161704383847,5.837513081925411
07:41:23:750,07:41:27:336,KLM1498,RYR97BB,16.44029407586551,9.529161704383847,16.45991859702439,3.4287059582484485,6.100487311058611
07:41:27:336,07:41:27:734,RYR97BB,KLM1498,16.45991859702439,3.4287059582484485,16.357812071593692,9.385066021841256,5.957235176631761
07:41:27:734,07:41:31:328,KLM1498,RYR97BB,16.357812071593692,9.385066021841256,16.456888320095914,3.1607078681194607,6.225146627094037
07:41:31:328,07:41:31:711,RYR97BB,KLM1498,16.456888320095914,3.1607078681194607,16.29323812585563,9.221533864166537,6.063034977668767
07:41:31:711,07:41:35:320,KLM1498,RYR97BB,16.29323812585563,9.221533864166537,16.45024711520018,2.9017646135906774,6.321719323353352
07:41:35:320,07:41:35:680,RYR97BB,KLM1498,16.45024711520018,2.9017646135906774,16.264427963395597,9.04590935952475,6.146953994960971
07:41:35:680,07:41:39:305,KLM1498,RYR97BB,16.264427963395597,9.04590935952475,16.43899986553997,2.623278804771337,6.42500261415281
07:41:39:305,07:41:39:648,RYR97BB,KLM1498,16.43899986553997,2.623278804771337,16.258468854686797,8.869608994841016,6.248938492996677
07:41:39:648,07:41:43:297,KLM1498,RYR97BB,16.258468854686797,8.869608994841016,16.43034833224593,2.3521949846253527,6.5196800485423685
07:41:43:297,07:41:43:617,RYR97BB,KLM1498,16.43034833224593,2.3521949846253527,16.26249120755826,8.684988324866973,6.335017561500286
07:41:43:617,07:41:47:289,KLM1498,RYR97BB,16.26249120755826,8.684988324866973,16.418838331849088,2.065995355314082,6.620839248483882
07:41:47:289,07:41:47:586,RYR97BB,KLM1498,16.418838331849088,2.065995355314082,16.272739754856627,8.50147026641682,6.437133067261544
07:41:47:586,07:41:51:281,KLM1498,RYR97BB,16.272739754856627,8.50147026641682,16.409706172846402,1.7755681403973869,6.7272965750329226
07:41:51:281,07:41:51:563,RYR97BB,KLM1498,16.409706172846402,1.7755681403973869,16.273413580143632,8.311358740316546,6.53721151843944
07:41:51:563,07:41:55:266,KLM1498,RYR97BB,16.273413580143632,8.311358740316546,16.411118202925074,1.487214237282805,6.825533734545673
07:41:55:266,07:41:55:539,RYR97BB,KLM1498,16.411118202925074,1.487214237282805,16.269244125859675,8.124685023940454,6.638986872820045
07:41:55:539,07:41:59:266,KLM1498,RYR97BB,16.269244125859675,8.124685023940454,16.438167585738604,1.1899627810009468,6.936779347940759
07:41:59:266,07:41:59:523,RYR97BB,KLM1498,16.438167585738604,1.1899627810009468,16.25726952290585,7.937597865951626,6.750059507055771
07:41:59:523,07:42:03:250,KLM1498,RYR97BB,16.25726952290585,7.937597865951626,16.5440168559785,0.8906378251527511,7.052791635206612
07:42:03:250,07:42:03:500,RYR97BB,KLM1498,16.5440168559785,0.8906378251527511,16.235242722740235,7.746328877600403,6.862640983758937
07:42:03:500,07:42:07:234,KLM1498,RYR97BB,16.235242722740235,7.746328877600403,16.661874045766904,0.604419956670804,7.154640264935846
07:42:07:234,07:42:07:336,RYR97BB,WMT95Z,16.661874045766904,0.604419956670804,18.24714944596509,10.51607399583425,10.037628399504463
07:42:07:336,07:42:07:484,WMT95Z,KLM1498,18.24714944596509,10.51607399583425,16.211241196408622,7.562753309431817,3.5870636288396964
07:42:07:484,07:42:11:219,KLM1498,RYR97BB,16.211241196408622,7.562753309431817,16.779934854434487,0.3406143672513754,7.244494694375727
07:42:11:219,07:42:11:406,RYR97BB,WMT95Z,16.779934854434487,0.3406143672513754,18.137127127850444,10.46481190731446,10.214761215869874
07:42:11:406,07:42:11:469,WMT95Z,KLM1498,18.137127127850444,10.46481190731446,16.17816392492492,7.373015278469835,3.66015617488533
07:42:15:453,07:42:15:469,KLM1498,WMT95Z,16.14546481466426,7.184364911095558,18.00841119153753,10.402202089333883,3.7182045813481053
07:42:15:469,07:42:19:438,WMT95Z,KLM1498,18.00841119153753,10.402202089333883,16.111868068156802,6.996970427518172,3.8977530051909284
07:42:19:438,07:42:19:516,KLM1498,WMT95Z,16.111868068156802,6.996970427518172,17.860309843264137,10.328485738019452,3.762451714646306
07:42:19:516,07:42:23:422,WMT95Z,KLM1498,17.860309843264137,10.328485738019452,16.077550546453832,6.806860921562451,3.9471599990688726
07:42:23:422,07:42:23:555,KLM1498,WMT95Z,16.077550546453832,6.806860921562451,17.703125367106857,10.25973927503174,3.8163939028090246
07:42:23:555,07:42:27:406,WMT95Z,KLM1498,17.703125367106857,10.25973927503174,16.041965345993248,6.617913999407095,4.002792019818752
07:42:27:406,07:42:27:586,KLM1498,WMT95Z,16.041965345993248,6.617913999407095,17.533391124838996,10.177127136941564,3.8590606385756123
07:42:27:586,07:42:31:398,WMT95Z,KLM1498,17.533391124838996,10.177127136941564,16.008215434864763,6.428743224724547,4.046794143350478
07:42:31:398,07:42:31:602,KLM1498,WMT95Z,16.008215434864763,6.428743224724547,17.37181421790515,10.102431617017546,3.9185951621438955
07:42:31:602,07:42:35:383,WMT95Z,KLM1498,17.37181421790515,10.102431617017546,15.971258726224487,6.233508925468208,4.114622519559021
07:42:35:383,07:42:35:625,KLM1498,WMT95Z,15.971258726224487,6.233508925468208,17.20292584853316,10.021916795085732,3.983596124954951
07:42:35:625,07:42:39:375,WMT95Z,KLM1498,17.20292584853316,10.021916795085732,15.936764189458184,6.041658225064175,4.176795857010674
07:42:39:375,07:42:39:641,KLM1498,WMT95Z,15.936764189458184,6.041658225064175,17.034479516701218,9.943872122257485,4.053671451796862
07:42:39:641,07:42:43:367,WMT95Z,KLM1498,17.034479516701218,9.943872122257485,15.900051540000897,5.847106302068373,4.250931312052707
07:42:43:367,07:42:43:641,KLM1498,WMT95Z,15.900051540000897,5.847106302068373,16.868646761479518,9.858910412234012,4.127075104891252
07:42:43:641,07:42:47:352,WMT95Z,KLM1498,16.868646761479518,9.858910412234012,15.86236393268357,5.6491829914182885,4.328326476722543
07:42:47:352,07:42:47:641,KLM1498,WMT95Z,15.86236393268357,5.6491829914182885,16.713056692443892,9.749593196793407,4.187725160973803
07:42:47:641,07:42:51:344,WMT95Z,KLM1498,16.713056692443892,9.749593196793407,15.82431382315846,5.44678638511473,4.3936329325894
07:42:51:344,07:42:51:633,KLM1498,WMT95Z,15.82431382315846,5.44678638511473,16.580943059625817,9.623546354640116,4.244739290522667
07:42:51:633,07:42:55:328,WMT95Z,KLM1498,16.580943059625817,9.623546354640116,15.788329476205824,5.243909300036323,4.450781619297948
07:42:55:328,07:42:55:617,KLM1498,WMT95Z,15.788329476205824,5.243909300036323,16.452198362801994,9.474694762084846,4.282553855408192
07:42:55:617,07:42:59:320,WMT95Z,KLM1498,16.452198362801994,9.474694762084846,15.749393512708355,5.029551169076375,4.5003595656102195
07:42:59:320,07:42:59:602,KLM1498,WMT95Z,15.749393512708355,5.029551169076375,16.351301510593938,9.31100110209407,4.3235525632118605
07:42:59:602,07:43:03:313,WMT95Z,KLM1498,16.351301510593938,9.31100110209407,15.70512735021353,4.809434075773237,4.547707855392901
07:43:03:313,07:43:03:578,KLM1498,WMT95Z,15.70512735021353,4.809434075773237,16.268766285225436,9.128747531558378,4.355933605828713
07:43:03:578,07:43:07:305,WMT95Z,KLM1498,16.268766285225436,9.128747531558378,15.639164474017496,4.586281700446055,4.5858907823343635
07:43:07:305,07:43:07:547,KLM1498,WMT95Z,15.639164474017496,4.586281700446055,16.226488254051898,8.924846974007005,4.378138629091466
07:43:07:547,07:43:11:297,WMT95Z,KLM1498,16.226488254051898,8.924846974007005,15.531594836771257,4.372422399177357,4.605154326501216
07:43:11:297,07:43:11:516,KLM1498,WMT95Z,15.531594836771257,4.372422399177357,16.20492619934798,8.717521092203542,4.396960060765538
07:43:11:516,07:43:15:305,WMT95Z,KLM1498,16.20492619934798,8.717521092203542,15.377639657957072,4.1748893020818105,4.617348438464559
07:43:15:305,07:43:15:484,KLM1498,WMT95Z,15.377639657957072,4.1748893020818105,16.1966029035014,8.50022688092132,4.402186498601998
07:43:15:484,07:43:19:305,WMT95Z,KLM1498,16.1966029035014,8.50022688092132,15.194073121232844,4.005434695150596,4.605238621135825
07:43:19:305,07:43:19:453,KLM1498,WMT95Z,15.194073121232844,4.005434695150596,16.192552011369504,8.276223662990692,4.385954685341973
07:43:19:453,07:43:23:313,WMT95Z,KLM1498,16.192552011369504,8.276223662990692,14.989013880940195,3.847578645903417,4.589270172780115
07:43:23:313,07:43:23:430,KLM1498,WMT95Z,14.989013880940195,3.847578645903417,16.196165746984846,8.047980311402675,4.370422151145588
07:43:23:430,07:43:27:313,WMT95Z,KLM1498,16.196165746984846,8.047980311402675,14.778941484557931,3.689756572401177,4.582863599236585
07:43:27:313,07:43:27:398,KLM1498,WMT95Z,14.778941484557931,3.689756572401177,16.200870552369523,7.810766391014006,4.359427049394322
07:43:27:398,07:43:31:313,WMT95Z,KLM1498,16.200870552369523,7.810766391014006,14.566710681813245,3.535624369867977,4.576823984326366
07:43:31:313,07:43:31:367,KLM1498,WMT95Z,14.566710681813245,3.535624369867977,16.21129927070704,7.57044296596414,4.357112889302169
07:43:31:367,07:43:35:320,WMT95Z,KLM1498,16.21129927070704,7.57044296596414,14.35445706091546,3.3741629788079828,4.588750235376835
07:43:35:320,07:43:35:344,KLM1498,WMT95Z,14.35445706091546,3.3741629788079828,16.224990379835365,7.324274907893817,4.370615419994732
07:43:35:344,07:43:39:320,WMT95Z,KLM1498,16.224990379835365,7.324274907893817,14.141511701572748,3.210253371481545,4.611513483102802
07:43:39:320,07:43:39:320,KLM1498,WMT95Z,14.141511701572748,3.210253371481545,16.241677803365196,7.072691504552354,4.396490189562306
07:43:43:297,07:43:43:320,WMT95Z,KLM1498,16.257283911729466,6.808861019242864,13.923035602005957,3.0416373254434124,4.431781755746896
07:43:43:320,07:43:47:273,KLM1498,WMT95Z,13.923035602005957,3.0416373254434124,16.27523713231086,6.543300886722125,4.218352727731033
07:43:47:273,07:43:47:328,WMT95Z,KLM1498,16.27523713231086,6.543300886722125,13.70061837653624,2.8673825631479715,4.487876698303404
07:43:47:328,07:43:51:258,KLM1498,WMT95Z,13.70061837653624,2.8673825631479715,16.2922479395506,6.268956918075488,4.276359653255388
07:43:51:258,07:43:51:328,WMT95Z,KLM1498,16.2922479395506,6.268956918075488,13.47130353907202,2.6895035681072748,4.557434979809379
07:43:51:328,07:43:55:234,KLM1498,WMT95Z,13.47130353907202,2.6895035681072748,16.30977772078107,5.993457357185871,4.355806047173782
07:43:55:234,07:43:55:328,WMT95Z,KLM1498,16.30977772078107,5.993457357185871,13.242153801825332,2.5086555355167564,4.642645823714937
07:43:55:328,07:43:59:219,KLM1498,WMT95Z,13.242153801825332,2.5086555355167564,16.326876150348724,5.704180443833854,4.441496527878264
07:43:59:219,07:43:59:328,WMT95Z,KLM1498,16.326876150348724,5.704180443833854,13.006274964232182,2.3240143608451675,4.738345173773822
07:43:59:328,07:44:03:195,KLM1498,WMT95Z,13.006274964232182,2.3240143608451675,16.343012551387407,5.409627879492265,4.5447583557316005
07:44:03:195,07:44:03:336,WMT95Z,KLM1498,16.343012551387407,5.409627879492265,12.768448816304137,2.1375384657848104,4.846037043551035
07:44:03:336,07:44:07:180,KLM1498,WMT95Z,12.768448816304137,2.1375384657848104,16.363428142369624,5.116642360238943,4.668933108193996
07:44:07:180,07:44:07:336,WMT95Z,KLM1498,16.363428142369624,5.116642360238943,12.531750917075744,1.9514833994268768,4.969907605383095
07:44:07:336,07:44:11:164,KLM1498,WMT95Z,12.531750917075744,1.9514833994268768,16.379639817275667,4.814897832280039,4.7963935620999205
07:44:11:164,07:44:11:234,WMT95Z,IBE04LK,16.379639817275667,4.814897832280039,18.15160153653281,10.4665582818105,5.922931214466328
07:44:11:234,07:44:11:336,IBE04LK,KLM1498,18.15160153653281,10.4665582818105,12.284510930239575,1.7550314497579529,10.503021085765075
07:44:11:336,07:44:15:148,KLM1498,WMT95Z,12.284510930239575,1.7550314497579529,16.396852889649644,4.515092056208623,4.9527054164774915
07:44:15:148,07:44:15:297,WMT95Z,IBE04LK,16.396852889649644,4.515092056208623,18.02166801161904,10.40781082695118,6.112622897876338
07:44:15:297,07:44:15:336,IBE04LK,KLM1498,18.02166801161904,10.40781082695118,12.043986526077182,1.5743227290282849,10.665982745098335
07:44:15:336,07:44:19:133,KLM1498,WMT95Z,12.043986526077182,1.5743227290282849,16.41422159412063,4.208761417528646,5.102864073579093
07:44:19:133,07:44:19:336,WMT95Z,KLM1498,16.41422159412063,4.208761417528646,11.78888030090472,1.3952009112750057,5.413862281318067
07:44:19:336,07:44:19:352,KLM1498,IBE04LK,11.78888030090472,1.3952009112750057,17.87540333472076,10.336736716067266,10.816507069731669
07:44:19:352,07:44:23:125,IBE04LK,WMT95Z,17.87540333472076,10.336736716067266,16.429986849125267,3.904790221954432,6.592356522516179
07:44:23:125,07:44:23:344,WMT95Z,KLM1498,16.429986849125267,3.904790221954432,11.522350053709632,1.239741975846992,5.584566327817925
07:44:23:344,07:44:23:398,KLM1498,IBE04LK,11.522350053709632,1.239741975846992,17.716863384290633,10.263261574294525,10.945131399225522
07:44:23:398,07:44:27:109,IBE04LK,WMT95Z,17.716863384290633,10.263261574294525,16.4432856380396,3.599110157356725,6.784756029778812
07:44:27:109,07:44:27:344,WMT95Z,KLM1498,16.4432856380396,3.599110157356725,11.24414479867646,1.0947919972769216,5.770846984147054
07:44:27:344,07:44:27:430,KLM1498,IBE04LK,11.24414479867646,1.0947919972769216,17.558336573444258,10.191180657858425,11.073089200078769
07:44:27:430,07:44:31:102,IBE04LK,WMT95Z,17.558336573444258,10.191180657858425,16.448230978405558,3.2882849391078603,6.99158806967924
07:44:31:102,07:44:31:344,WMT95Z,KLM1498,16.448230978405558,3.2882849391078603,10.958325965377831,0.966902277032451,5.9605263623149325
07:44:31:344,07:44:31:453,KLM1498,IBE04LK,10.958325965377831,0.966902277032451,17.39599602854764,10.122932499792324,11.192697855402198
07:44:31:453,07:44:35:086,IBE04LK,WMT95Z,17.39599602854764,10.122932499792324,16.452630643579546,2.9825125028677264,7.202467353764033
07:44:35:086,07:44:35:344,WMT95Z,KLM1498,16.452630643579546,2.9825125028677264,10.66411380876546,0.8576365024332595,6.166200220893614
07:44:35:344,07:44:35:469,KLM1498,IBE04LK,10.66411380876546,0.8576365024332595,17.24342816089698,10.054159629719445,11.307670625503444
07:44:35:469,07:44:39:070,IBE04LK,WMT95Z,17.24342816089698,10.054159629719445,16.47905361664226,2.6803159081677905,7.413355493551578
07:44:39:070,07:44:39:352,WMT95Z,KLM1498,16.47905361664226,2.6803159081677905,10.365310377683445,0.7601352876008165,6.4081939739302225
07:44:39:352,07:44:39:469,KLM1498,IBE04LK,10.365310377683445,0.7601352876008165,17.10050008147924,9.95915464381284,11.401084924781516
07:44:39:469,07:44:43:055,IBE04LK,WMT95Z,17.10050008147924,9.95915464381284,16.540540698588767,2.383418952736022,7.596402159676791
07:44:43:055,07:44:43:352,WMT95Z,KLM1498,16.540540698588767,2.383418952736022,10.061451559407356,0.6697486211846813,6.7018849645974825
07:44:43:352,07:44:43:461,KLM1498,IBE04LK,10.061451559407356,0.6697486211846813,16.99087185852611,9.838322602719368,11.492589548779415
07:44:43:461,07:44:47:039,IBE04LK,WMT95Z,16.99087185852611,9.838322602719368,16.646168306951576,2.091254172684043,7.75473338020838
07:44:47:039,07:44:47:438,WMT95Z,IBE04LK,16.646168306951576,2.091254172684043,16.90213512032939,9.694557331131508,7.607610526887401
07:44:47:438,07:44:51:023,IBE04LK,WMT95Z,16.90213512032939,9.694557331131508,16.789956780306145,1.8189316878924395,7.876424522104885
07:44:51:023,07:44:51:414,WMT95Z,IBE04LK,16.789956780306145,1.8189316878924395,16.84231351303462,9.53888488574559,7.720130737526735
07:44:51:414,07:44:55:000,IBE04LK,WMT95Z,16.84231351303462,9.53888488574559,16.958840252907216,1.558414010964792,7.981321561266025
07:44:55:000,07:44:55:383,WMT95Z,IBE04LK,16.958840252907216,1.558414010964792,16.80482056516622,9.375678937027049,7.818782065542879
07:44:55:383,07:44:58:984,IBE04LK,WMT95Z,16.80482056516622,9.375678937027049,17.15982489812954,1.3257913566480088,8.057711718171818
07:44:58:984,07:44:59:359,WMT95Z,IBE04LK,17.15982489812954,1.3257913566480088,16.776245204024956,9.202362353167082,7.885905404259858
07:44:59:359,07:45:02:961,IBE04LK,WMT95Z,16.776245204024956,9.202362353167082,17.385996889279028,1.1195309427408555,8.105797969789466
07:45:02:961,07:45:03:328,WMT95Z,IBE04LK,17.385996889279028,1.1195309427408555,16.754074244380664,9.023537502932228,7.929227322550641
07:45:03:328,07:45:06:938,IBE04LK,WMT95Z,16.754074244380664,9.023537502932228,17.637520236860542,0.9444924277330438,8.127204079431557
07:45:06:938,07:45:07:297,WMT95Z,IBE04LK,17.637520236860542,0.9444924277330438,16.739567206363446,8.8426032920143,7.948992066259502
07:45:55:055,07:45:55:086,IBE04LK,DAL251,16.62058208260634,6.154861578914884,18.17786850525994,10.480404609139692,4.597332216460722
07:45:55:086,07:45:59:039,DAL251,IBE04LK,18.17786850525994,10.480404609139692,16.607792917156498,5.894635539208479,4.847103806923899
07:45:59:039,07:45:59:148,IBE04LK,DAL251,16.607792917156498,5.894635539208479,18.0676589151816,10.426209728518424,4.760921482802454
07:45:59:148,07:46:03:023,DAL251,IBE04LK,18.0676589151816,10.426209728518424,16.592315673214856,5.628932019323262,5.019014953231134
07:46:03:023,07:46:03:195,IBE04LK,DAL251,16.592315673214856,5.628932019323262,17.937115455364417,10.364767887297289,4.923070974753341
07:46:03:195,07:46:07:008,DAL251,IBE04LK,17.937115455364417,10.364767887297289,16.577895990809886,5.367942977495163,5.178391326661488
07:46:07:008,07:46:07:234,IBE04LK,DAL251,16.577895990809886,5.367942977495163,17.792234690359752,10.297243340919762,5.076674162291917
07:46:07:234,07:46:11:000,DAL251,IBE04LK,17.792234690359752,10.297243340919762,16.56232100511551,5.104006272908319,5.3368903790240205
07:46:11:000,07:46:11:273,IBE04LK,DAL251,16.56232100511551,5.104006272908319,17.629543720337463,10.220714604950487,5.2268220248134964
07:46:11:273,07:46:14:992,DAL251,IBE04LK,17.629543720337463,10.220714604950487,16.545092054002172,4.8376048001634135,5.491257286543048
07:46:14:992,07:46:15:305,IBE04LK,DAL251,16.545092054002172,4.8376048001634135,17.45998438967084,10.134462507378354,5.375288788181299
07:46:15:305,07:46:18:984,DAL251,IBE04LK,17.45998438967084,10.134462507378354,16.528950599437373,4.571062151671028,5.640766564611666
07:46:18:984,07:46:19:328,IBE04LK,DAL251,16.528950599437373,4.571062151671028,17.28935084681022,10.059081874602834,5.54044844895187
07:46:19:328,07:46:22:969,DAL251,IBE04LK,17.28935084681022,10.059081874602834,16.513036823304336,4.305452095808492,5.805766021337832
07:46:22:969,07:46:23:336,IBE04LK,DAL251,16.513036823304336,4.305452095808492,17.118172685884222,9.976780381915002,5.703521187912965
07:46:23:336,07:46:26:961,DAL251,IBE04LK,17.118172685884222,9.976780381915002,16.493620682704698,4.037249501162897,5.972276976839188
07:46:26:961,07:46:27:352,IBE04LK,DAL251,16.493620682704698,4.037249501162897,16.955447599115224,9.8993739194168,5.8802879857886134
07:46:27:352,07:46:30:953,DAL251,IBE04LK,16.955447599115224,9.8993739194168,16.433738410890538,3.780598860238627,6.140976201052966
07:46:30:953,07:46:31:352,IBE04LK,DAL251,16.433738410890538,3.780598860238627,16.790426999113258,9.81436983385075,6.0443046672857665
07:46:31:352,07:46:34:945,DAL251,IBE04LK,16.790426999113258,9.81436983385075,16.352029569519235,3.530052679314308,6.299590018808815
07:46:34:945,07:46:35:352,IBE04LK,DAL251,16.352029569519235,3.530052679314308,16.650958769743376,9.716866248557183,6.194031062830926
07:46:35:352,07:46:38:945,DAL251,IBE04LK,16.650958769743376,9.716866248557183,16.259798738578716,3.2738767380602427,6.454852438464751
07:46:38:945,07:46:39:336,IBE04LK,DAL251,16.259798738578716,3.2738767380602427,16.52677734337746,9.5804218841349,6.312193695926806
07:46:39:336,07:46:42:945,DAL251,IBE04LK,16.52677734337746,9.5804218841349,16.13775874353576,3.0299422011490598,6.562020995717178
07:46:42:945,07:46:43:320,IBE04LK,DAL251,16.13775874353576,3.0299422011490598,16.43155300675953,9.427999939320308,6.4047995979637165
07:46:43:320,07:46:46:945,DAL251,IBE04LK,16.43155300675953,9.427999939320308,16.01971933054759,2.78467795031336,6.6560749715192875
07:46:46:945,07:46:47:297,IBE04LK,DAL251,16.01971933054759,2.78467795031336,16.36676527455989,9.260603229671403,6.485217738139864
07:46:47:297,07:46:50:945,DAL251,IBE04LK,16.36676527455989,9.260603229671403,15.898391827851665,2.5292549618775992,6.747623521500883
07:46:50:945,07:46:51:266,IBE04LK,DAL251,15.898391827851665,2.5292549618775992,16.330487835644547,9.083721432108884,6.568693756702066
07:50:23:023,07:50:26:750,DAL251,WZZ17JZ,8.518966055835897,2.4098194871468475,18.15720849974996,10.47256845156264,12.56597144158996
07:51:46:789,07:51:50:586,WZZ17JZ,WZZ521,16.079120390664556,8.059028306563272,18.243196635337924,10.513326997196668,3.2721259229443453
07:51:50:586,07:51:50:766,WZZ521,WZZ17JZ,18.243196635337924,10.513326997196668,16.09148426786119,7.845185216631881,3.4276590661189976
07:51:50:766,07:51:54:656,WZZ17JZ,WZZ521,16.09148426786119,7.845185216631881,18.131025803295387,10.45909959292785,3.3154604569151505
07:51:54:656,07:51:54:734,WZZ521,WZZ17JZ,18.131025803295387,10.45909959292785,16.109972574075623,7.627902220749295,3.478553537832986
07:51:54:734,07:51:58:711,WZZ17JZ,WZZ521,16.109972574075623,7.627902220749295,17.99751500346428,10.39519550432266,3.349735592558416
07:51:58:711,07:52:02:688,WZZ521,WZZ17JZ,17.99751500346428,10.39519550432266,16.138674417112988,7.167539257507411,3.7246547723342514
07:52:02:688,07:52:02:766,WZZ17JZ,WZZ521,16.138674417112988,7.167539257507411,17.845541851221697,10.3200520310003,3.5849314114298862
07:52:02:766,07:52:06:664,WZZ521,WZZ17JZ,17.845541851221697,10.3200520310003,16.15645075798955,6.937764191839984,3.7805951579305503
07:52:06:664,07:52:06:805,WZZ17JZ,WZZ521,16.15645075798955,6.937764191839984,17.68283329077599,10.251563965666255,3.648439745618199
07:52:06:805,07:52:10:641,WZZ521,WZZ17JZ,17.68283329077599,10.251563965666255,16.17048984925467,6.691317728901998,3.868143734597592
07:52:10:641,07:52:10:836,WZZ17JZ,WZZ521,16.17048984925467,6.691317728901998,17.51087474853969,10.171868264334092,3.729727028607851
07:52:10:836,07:52:14:617,WZZ521,WZZ17JZ,17.51087474853969,10.171868264334092,16.192179720093048,6.449004743202377,3.9495150809970476
07:52:14:617,07:52:14:852,WZZ17JZ,WZZ521,16.192179720093048,6.449004743202377,17.343344996812643,10.09284856920545,3.8213583085894496
07:52:14:852,07:52:18:602,WZZ521,WZZ17JZ,17.343344996812643,10.09284856920545,16.21020821477047,6.189855615318473,4.06415464333092
07:52:18:602,07:52:18:867,WZZ17JZ,WZZ521,16.21020821477047,6.189855615318473,17.16978399835702,10.012567222299488,3.9413081222600588
07:52:18:867,07:52:22:578,WZZ521,WZZ17JZ,17.16978399835702,10.012567222299488,16.233514083270897,5.932103469685335,4.1865004228225455
07:52:22:578,07:52:22:883,WZZ17JZ,WZZ521,16.233514083270897,5.932103469685335,16.996434762874525,9.929154766953932,4.069209632884921
07:52:22:883,07:52:26:563,WZZ521,WZZ17JZ,16.996434762874525,9.929154766953932,16.257289132996828,5.664668855875488,4.328068431523911
07:52:26:563,07:52:26:891,WZZ17JZ,WZZ521,16.257289132996828,5.664668855875488,16.831514417292244,9.837258833780789,4.211916642199832
07:52:26:891,07:52:30:547,WZZ521,WZZ17JZ,16.831514417292244,9.837258833780789,16.28587773275579,5.394220810604397,4.476416677087055
07:52:30:547,07:52:30:883,WZZ17JZ,WZZ521,16.28587773275579,5.394220810604397,16.68555144670554,9.715911188119852,4.340132117428232
07:52:30:883,07:52:34:531,WZZ521,WZZ17JZ,16.68555144670554,9.715911188119852,16.312920686512008,5.118633472054968,4.612354722055662
07:52:34:531,07:52:34:875,WZZ17JZ,WZZ521,16.312920686512008,5.118633472054968,16.543596451499756,9.577773155149536,4.465102240923651
07:52:34:875,07:52:38:508,WZZ521,WZZ17JZ,16.543596451499756,9.577773155149536,16.343194007149428,4.84841909671291,4.733598097615869
07:52:38:508,07:52:38:859,WZZ17JZ,WZZ521,16.343194007149428,4.84841909671291,16.434040648753385,9.424077110895617,4.576559775098009
07:52:38:859,07:52:42:492,WZZ521,WZZ17JZ,16.434040648753385,9.424077110895617,16.370236327277695,4.569325646443166,4.855170725426881
07:52:42:492,07:52:42:836,WZZ17JZ,WZZ521,16.370236327277695,4.569325646443166,16.33998234786198,9.247582090178936,4.678354267969212
07:52:42:836,07:52:46:477,WZZ521,WZZ17JZ,16.33998234786198,9.247582090178936,16.399353956680166,4.291168363627906,4.956769312432961
07:52:46:477,07:52:46:805,WZZ17JZ,WZZ521,16.399353956680166,4.291168363627906,16.271760136760008,9.051695861566868,4.762237104714003
07:52:46:805,07:52:50:461,WZZ521,WZZ17JZ,16.271760136760008,9.051695861566868,16.425591924007627,4.007090094507031,5.046950719377113
07:52:50:461,07:52:50:773,WZZ17JZ,WZZ521,16.425591924007627,4.007090094507031,16.24067669401982,8.850385315942722,4.846823933697534
07:52:50:773,07:52:54:453,WZZ521,WZZ17JZ,16.24067669401982,8.850385315942722,16.453617144642,3.719964946099031,5.13483756382013
07:52:54:453,07:52:54:742,WZZ17JZ,WZZ521,16.453617144642,3.719964946099031,16.227770073995575,8.633647664863728,4.918870272736047
07:52:54:742,07:52:58:438,WZZ521,WZZ17JZ,16.227770073995575,8.633647664863728,16.482293658850647,3.4300366846029453,5.209832002007173
07:52:58:438,07:52:58:711,WZZ17JZ,WZZ521,16.482293658850647,3.4300366846029453,16.228304791492494,8.412376937544117,4.988809952365371
07:52:58:711,07:53:02:430,WZZ521,WZZ17JZ,16.228304791492494,8.412376937544117,16.505436267889433,3.13066795347662,5.28897453648524
07:53:02:430,07:53:02:688,WZZ17JZ,WZZ521,16.505436267889433,3.13066795347662,16.230436039156025,8.18257769808694,5.059389013852575
07:53:02:688,07:53:06:414,WZZ521,WZZ17JZ,16.230436039156025,8.18257769808694,16.534551758656175,2.830999718874248,5.360212051630168
07:53:06:414,07:53:06:656,WZZ17JZ,WZZ521,16.534551758656175,2.830999718874248,16.24109218179741,7.95288515204432,5.13028546123604
07:53:06:656,07:53:10:398,WZZ521,WZZ17JZ,16.24109218179741,7.95288515204432,16.59024644543097,2.5389259652748977,5.425206242698844
07:53:10:398,07:53:10:633,WZZ17JZ,WZZ521,16.59024644543097,2.5389259652748977,16.253575246597613,7.714404582056972,5.186417492729676
07:53:10:633,07:53:14:383,WZZ521,WZZ17JZ,16.253575246597613,7.714404582056972,16.692352995066212,2.2549898013455003,5.4770188661718215
07:53:14:383,07:53:14:602,WZZ17JZ,WZZ521,16.692352995066212,2.2549898013455003,16.265077738575076,7.46803190936498,5.230523125347382
07:53:14:602,07:53:18:367,WZZ521,WZZ17JZ,16.265077738575076,7.46803190936498,16.835149650462583,1.974696858945869,5.522835500074777
07:53:18:367,07:53:18:578,WZZ17JZ,WZZ521,16.835149650462583,1.974696858945869,16.278553951191153,7.212083748279303,5.266879550645638
07:53:18:578,07:53:22:344,WZZ521,WZZ17JZ,16.278553951191153,7.212083748279303,17.006652963230614,1.721616580290497,5.538533911974888
07:53:22:344,07:53:22:555,WZZ17JZ,WZZ521,17.006652963230614,1.721616580290497,16.293868396981363,6.951367916638049,5.278102014731446
07:53:22:555,07:53:26:320,WZZ521,WZZ17JZ,16.293868396981363,6.951367916638049,17.209306700312776,1.4930984001283616,5.534503898459662
07:53:26:320,07:53:26:531,WZZ17JZ,WZZ521,17.209306700312776,1.4930984001283616,16.30971171720636,6.686251134094017,5.270493947622481
07:53:26:531,07:53:30:305,WZZ521,WZZ17JZ,16.30971171720636,6.686251134094017,17.444000547099275,1.2864614647837804,5.517638953611354
07:53:30:305,07:53:30:508,WZZ17JZ,WZZ521,17.444000547099275,1.2864614647837804,16.327104729271994,6.420231527072519,5.253860611049002
07:53:30:508,07:53:34:281,WZZ521,WZZ17JZ,16.327104729271994,6.420231527072519,17.697782599639506,1.1164613099354783,5.478023032126199
07:53:34:281,07:53:34:484,WZZ17JZ,WZZ521,17.697782599639506,1.1164613099354783,16.34202313864531,6.145821440927911,5.208891152951028
07:53:34:484,07:53:34:508,WZZ521,AEA68NT,16.34202313864531,6.145821440927911,18.147932486982736,10.463963349087228,4.6805617305419975
07:53:34:508,07:53:38:258,AEA68NT,WZZ17JZ,18.147932486982736,10.463963349087228,17.964835659313124,0.9729307796246204,9.492798516923378
07:53:38:258,07:53:38:469,WZZ17JZ,WZZ521,17.964835659313124,0.9729307796246204,16.360496549633595,5.877140906074545,5.159959393563217
07:53:38:469,07:53:38:563,WZZ521,AEA68NT,16.360496549633595,5.877140906074545,18.03477329782345,10.413606782651764,4.835568764776146
07:53:38:563,07:53:42:234,AEA68NT,WZZ17JZ,18.03477329782345,10.413606782651764,18.246438698326024,0.8558221030644723,9.560128148886053
07:53:42:234,07:53:42:453,WZZ17JZ,WZZ521,18.246438698326024,0.8558221030644723,16.372192796938684,5.593027586236365,5.094498354957149
07:53:42:453,07:53:42:617,WZZ521,AEA68NT,16.372192796938684,5.593027586236365,17.898943119773943,10.348592202673274,4.994633256745113
07:53:42:617,07:53:46:211,AEA68NT,WZZ17JZ,17.898943119773943,10.348592202673274,18.53898469028739,0.7702857591550547,9.599667053493468
07:53:46:211,07:53:46:438,WZZ17JZ,WZZ521,18.53898469028739,0.7702857591550547,16.386635694788513,5.314337337927177,5.028022568462322
07:53:46:438,07:53:46:656,WZZ521,AEA68NT,16.386635694788513,5.314337337927177,17.75358079461037,10.278373099389585,5.148804710513369
07:53:46:656,07:53:50:188,AEA68NT,WZZ17JZ,17.75358079461037,10.278373099389585,18.8379186903592,0.7011756482703841,9.638386778391968
07:53:50:188,07:53:50:422,WZZ17JZ,WZZ521,18.8379186903592,0.7011756482703841,16.402423750581622,5.0375458510132525,4.97350400994293
07:53:50:422,07:53:50:688,WZZ521,AEA68NT,16.402423750581622,5.0375458510132525,17.599618598187266,10.211153755183242,5.310319599536706
07:53:50:688,07:53:54:406,AEA68NT,WZZ521,17.599618598187266,10.211153755183242,16.4176729339735,4.758218651953803,5.579560627252434
07:53:54:406,07:53:54:711,WZZ521,AEA68NT,16.4176729339735,4.758218651953803,17.433339823569717,10.133660966051934,5.470553838764292
07:53:54:711,07:53:58:391,AEA68NT,WZZ521,17.433339823569717,10.133660966051934,16.431261934049484,4.4731452763261705,5.748530070400333
07:53:58:391,07:53:58:727,WZZ521,AEA68NT,16.431261934049484,4.4731452763261705,17.273867263064922,10.058699156238092,5.648751710412163
07:53:58:727,07:54:02:375,AEA68NT,WZZ521,17.273867263064922,10.058699156238092,16.445735112151443,4.193310162177046,5.923562349720735
07:54:02:375,07:54:02:742,WZZ521,AEA68NT,16.445735112151443,4.193310162177046,17.10895882170573,9.9751676125938,5.81977158193126
07:54:02:742,07:54:06:359,AEA68NT,WZZ521,17.10895882170573,9.9751676125938,16.464462907748516,3.90537913927362,6.103909164949792
07:54:06:359,07:54:06:750,WZZ521,AEA68NT,16.464462907748516,3.90537913927362,16.951684561316178,9.896513811669443,6.010913375061116
07:54:06:750,07:54:10:344,AEA68NT,WZZ521,16.951684561316178,9.896513811669443,16.508290879398743,3.632372270926297,6.2798142647397
07:54:10:344,07:54:10:750,WZZ521,AEA68NT,16.508290879398743,3.632372270926297,16.799725922970424,9.794125768024458,6.168641709778827
07:54:10:750,07:54:14:328,AEA68NT,WZZ521,16.799725922970424,9.794125768024458,16.616263051205877,3.361559942081956,6.435181561572247
07:54:14:328,07:54:14:742,WZZ521,AEA68NT,16.616263051205877,3.361559942081956,16.67336104375766,9.666623254756036,6.305321844091869
07:54:14:742,07:54:18:313,AEA68NT,WZZ521,16.67336104375766,9.666623254756036,16.710703963146784,3.11343292172106,6.553296730242845
07:54:18:313,07:54:18:727,WZZ521,AEA68NT,16.710703963146784,3.11343292172106,16.565352508579295,9.5237016210633,6.41191639395834
07:54:18:727,07:54:22:289,AEA68NT,WZZ521,16.565352508579295,9.5237016210633,16.871927085222218,2.870731730176095,6.660029755195954
07:54:22:289,07:54:22:703,WZZ521,AEA68NT,16.871927085222218,2.870731730176095,16.482272100648455,9.365355731732215,6.506302477489962
07:54:22:703,07:54:26:266,AEA68NT,WZZ521,16.482272100648455,9.365355731732215,17.054180454600235,2.6614240940476503,6.728281992311849
07:54:26:266,07:54:26:680,WZZ521,AEA68NT,17.054180454600235,2.6614240940476503,16.418354721168843,9.194960719828606,6.564402120811518
07:54:26:680,07:54:30:242,AEA68NT,WZZ521,16.418354721168843,9.194960719828606,17.262558888640992,2.4653678781073807,6.782337391469322
07:54:30:242,07:54:30:648,WZZ521,AEA68NT,17.262558888640992,2.4653678781073807,16.385503322228928,9.018611929580317,6.6116740742976585
07:54:30:648,07:54:34:219,AEA68NT,WZZ521,16.385503322228928,9.018611929580317,17.49239966740698,2.2965250280980825,6.812611234324732
07:54:34:219,07:54:34:625,WZZ521,AEA68NT,17.49239966740698,2.2965250280980825,16.370802743930522,8.840846955507335,6.639738635542923
07:54:34:625,07:54:38:195,AEA68NT,WZZ521,16.370802743930522,8.840846955507335,17.73491793853956,2.141881149962765,6.836443017243591
07:54:38:195,07:54:38:594,WZZ521,AEA68NT,17.73491793853956,2.141881149962765,16.367010727391033,8.65326530378726,6.653517395858288
07:54:38:594,07:54:42:172,AEA68NT,WZZ521,16.367010727391033,8.65326530378726,17.98154024435402,1.9859635347261255,6.860001344086636
07:54:42:172,07:54:42:563,WZZ521,AEA68NT,17.98154024435402,1.9859635347261255,16.37359142846063,8.467972941953233,6.678468787822076
07:54:42:563,07:54:46:148,AEA68NT,WZZ521,16.37359142846063,8.467972941953233,18.2309431944224,1.833607001957089,6.889453317085632
07:54:46:148,07:54:46:539,WZZ521,AEA68NT,18.2309431944224,1.833607001957089,16.380346288126255,8.282054696107325,6.708739566698379
07:54:54:492,07:54:58:375,AEA68NT,RYR2VW,16.38907518795342,7.884187167524423,18.189588999983776,10.47963303377153,3.158827192476866
07:54:58:375,07:54:58:469,RYR2VW,AEA68NT,18.189588999983776,10.47963303377153,16.398005570751426,7.68105714264203,3.3229201317984187
07:54:58:469,07:55:02:438,AEA68NT,RYR2VW,16.398005570751426,7.68105714264203,18.07588808449933,10.430580046368233,3.2210504386078704
07:55:02:438,07:55:02:445,RYR2VW,AEA68NT,18.07588808449933,10.430580046368233,16.402120817257202,7.466613293342274,3.4039088968323497
07:55:06:422,07:55:06:492,AEA68NT,RYR2VW,16.407102588961795,7.24157139327073,17.945060448780552,10.368811908798744,3.484960203580266
07:55:06:492,07:55:10:398,RYR2VW,AEA68NT,17.945060448780552,10.368811908798744,16.41237125762385,7.0150565697971645,3.6873853921946083
07:55:10:398,07:55:10:531,AEA68NT,RYR2VW,16.41237125762385,7.0150565697971645,17.80064346128877,10.300525688433202,3.5667361888678735
07:55:10:531,07:55:14:383,RYR2VW,AEA68NT,17.80064346128877,10.300525688433202,16.416776326522662,6.782610984078248,3.7803190492076943
07:55:14:383,07:55:14:570,AEA68NT,RYR2VW,16.416776326522662,6.782610984078248,17.6378620935358,10.223704487078589,3.6513250946462192
07:55:14:570,07:55:18:359,RYR2VW,AEA68NT,17.6378620935358,10.223704487078589,16.420197338769484,6.540507966256845,3.8792581850134074
07:55:18:359,07:55:18:586,AEA68NT,RYR2VW,16.420197338769484,6.540507966256845,17.477612908590075,10.133503217679808,3.745362808066391
07:55:18:586,07:55:22:344,RYR2VW,AEA68NT,17.477612908590075,10.133503217679808,16.426893773411944,6.2953425292933485,3.9793828882007194
07:55:22:344,07:55:22:625,AEA68NT,RYR2VW,16.426893773411944,6.2953425292933485,17.27355858038884,10.070518561156906,3.8689527480870454
07:55:22:625,07:55:26:328,RYR2VW,AEA68NT,17.27355858038884,10.070518561156906,16.431448794987823,6.044703759054941,4.112947083478152
07:55:26:328,07:55:26:641,AEA68NT,RYR2VW,16.431448794987823,6.044703759054941,17.093472413734236,9.980531515492752,3.9911170616914244
07:55:26:641,07:55:30:313,RYR2VW,AEA68NT,17.093472413734236,9.980531515492752,16.435377023265804,5.788453931717372,4.243418905946927
07:55:30:313,07:55:30:648,AEA68NT,RYR2VW,16.435377023265804,5.788453931717372,16.91500040099961,9.897480906723986,4.136924131018212
07:55:30:648,07:55:34:297,RYR2VW,AEA68NT,16.91500040099961,9.897480906723986,16.439659824198973,5.529236317017161,4.39403111726079
07:55:34:297,07:55:34:656,AEA68NT,RYR2VW,16.439659824198973,5.529236317017161,16.733531165344015,9.808092157784632,4.288935493944423
07:55:34:656,07:55:38:281,RYR2VW,AEA68NT,16.733531165344015,9.808092157784632,16.444003946291193,5.271858649267953,4.545463722697828
07:55:38:281,07:55:38:664,AEA68NT,RYR2VW,16.444003946291193,5.271858649267953,16.552917278099606,9.719304287506263,4.448779025635076
07:55:38:664,07:55:42:266,RYR2VW,AEA68NT,16.552917278099606,9.719304287506263,16.448572965208918,5.01608632578016,4.7043752965867505
07:55:42:266,07:55:42:664,AEA68NT,RYR2VW,16.448572965208918,5.01608632578016,16.382819449973077,9.623993865256642,4.608376657471704
07:55:42:664,07:55:46:258,RYR2VW,AEA68NT,16.382819449973077,9.623993865256642,16.448822137448197,4.754639474461279,4.869801693900072
07:55:46:258,07:55:46:656,AEA68NT,RYR2VW,16.448822137448197,4.754639474461279,16.23070543252833,9.497339481511572,4.7477129498148845
07:55:46:656,07:55:50:242,RYR2VW,AEA68NT,16.23070543252833,9.497339481511572,16.44831667669613,4.490315629128545,5.011750443898901
07:55:50:242,07:55:50:641,AEA68NT,RYR2VW,16.44831667669613,4.490315629128545,16.106855633985166,9.339706560093104,4.86139774602023
07:55:50:641,07:55:54:227,RYR2VW,AEA68NT,16.106855633985166,9.339706560093104,16.451138327520315,4.234078667323599,5.117222562337287
07:55:54:227,07:55:54:617,AEA68NT,RYR2VW,16.451138327520315,4.234078667323599,16.02286543065151,9.16434878905484,4.948836342760607
07:55:54:617,07:55:58:219,RYR2VW,AEA68NT,16.02286543065151,9.16434878905484,16.4674386417426,3.974858011131116,5.208498811958703
07:55:58:219,07:55:58:586,AEA68NT,RYR2VW,16.4674386417426,3.974858011131116,15.968636563319814,8.975222954205652,5.025181894953425
07:55:58:586,07:56:02:203,RYR2VW,AEA68NT,15.968636563319814,8.975222954205652,16.510739796865632,3.72606662684676,5.277074764002564
07:56:02:203,07:56:02:555,AEA68NT,RYR2VW,16.510739796865632,3.72606662684676,15.964993018302676,8.77131043221491,5.074674827209871
07:56:02:555,07:56:06:188,RYR2VW,AEA68NT,15.964993018302676,8.77131043221491,16.631542810186907,3.4714593099315723,5.341601870546781
07:56:06:188,07:56:06:523,AEA68NT,RYR2VW,16.631542810186907,3.4714593099315723,15.993328813079074,8.566732790674518,5.135088017713688
07:56:06:523,07:56:10:164,RYR2VW,AEA68NT,15.993328813079074,8.566732790674518,16.73864978924588,3.252074633719101,5.366665136079108
07:56:10:164,07:56:10:484,AEA68NT,RYR2VW,16.73864978924588,3.252074633719101,16.045307134652035,8.367290745613783,5.161991854707463
07:56:10:484,07:56:14:141,RYR2VW,AEA68NT,16.045307134652035,8.367290745613783,16.89678903528739,3.045511415770225,5.389467196547331
07:56:14:141,07:56:14:445,AEA68NT,RYR2VW,16.89678903528739,3.045511415770225,16.100837059453273,8.15872258062087,5.174791586546025
07:56:14:445,07:56:18:125,RYR2VW,AEA68NT,16.100837059453273,8.15872258062087,17.07132648626907,2.852416453732706,5.394324280186733
07:56:18:125,07:56:18:414,AEA68NT,RYR2VW,17.07132648626907,2.852416453732706,16.15268102689115,7.94318826590822,5.172994019296412
07:56:18:414,07:56:22:102,RYR2VW,AEA68NT,16.15268102689115,7.94318826590822,17.26422529527149,2.6736336389914785,5.385511733032325
07:56:22:102,07:56:22:383,AEA68NT,RYR2VW,17.26422529527149,2.6736336389914785,16.19451418882547,7.723707087740193,5.162123951341221
07:56:22:383,07:56:26:078,RYR2VW,AEA68NT,16.19451418882547,7.723707087740193,17.46374461633435,2.4996252656907694,5.376055874112694
07:56:26:078,07:56:26:359,AEA68NT,RYR2VW,17.46374461633435,2.4996252656907694,16.226027436853222,7.495407275959304,5.146822486787886
07:56:26:359,07:56:30:055,RYR2VW,AEA68NT,16.226027436853222,7.495407275959304,17.66552557459248,2.32226799047789,5.369685740855412
07:56:30:055,07:56:30:336,AEA68NT,RYR2VW,17.66552557459248,2.32226799047789,16.247854474478252,7.259976632969733,5.137193590496441
07:56:30:336,07:56:34:039,RYR2VW,AEA68NT,16.247854474478252,7.259976632969733,17.868158464915258,2.142750193401548,5.367624377249378
07:56:34:039,07:56:34:305,AEA68NT,RYR2VW,17.868158464915258,2.142750193401548,16.26858930103591,7.024993552984961,5.137598829436763
07:56:34:305,07:56:38:016,RYR2VW,AEA68NT,16.26858930103591,7.024993552984961,18.07342175569603,1.9607878569097537,5.376206796762477
07:56:38:016,07:56:38:281,AEA68NT,RYR2VW,18.07342175569603,1.9607878569097537,16.282319590996615,6.775617086069499,5.137180887448092
07:56:38:281,07:56:42:000,RYR2VW,AEA68NT,16.282319590996615,6.775617086069499,18.279696472930105,1.7794445999457886,5.380636943669581
07:56:42:000,07:56:42:273,AEA68NT,RYR2VW,18.279696472930105,1.7794445999457886,16.294084199157062,6.518035920229991,5.137791724314146
07:56:42:273,07:56:45:984,RYR2VW,AEA68NT,16.294084199157062,6.518035920229991,18.48859116476148,1.595399902077003,5.3896387809669974
07:56:45:984,07:56:46:250,AEA68NT,RYR2VW,18.48859116476148,1.595399902077003,16.305789976541295,6.255374894040362,5.145870961559313
07:56:46:250,07:56:49:961,RYR2VW,AEA68NT,16.305789976541295,6.255374894040362,18.69647274894457,1.408066708624994,5.404790538278115
07:56:49:961,07:56:50:227,AEA68NT,RYR2VW,18.69647274894457,1.408066708624994,16.31864513713158,5.991126300205966,5.163186939428265
07:58:02:016,07:59:22:008,RYR2VW,VLG7KT,16.368867522769882,0.7072802690099476,18.23533193386903,10.507855410478465,9.976721029550257
