Time,time_seconds,callsign_preceding,callsign_following,X_preceding,Y_preceding,lat_preceding,lon_preceding,X_following,Y_following,lat_following,lon_following,id_preceding,id_following,distance_nm,distance_to_threshold_preceding,distance_to_threshold_following,both_beyond_threshold,runway_preceding,runway_following,sid_preceding,sid_following,Time_preceding,Time_following
04:01:27:438,14487.438,RYR82GJ,RYR1FB,28.451345875759745,9.26288733189064,41.26832014,2.32316401,17.64150406638069,10.230940333570665,41.28550594,2.08365183,544,545,10.85310124148214,11.255202445384175,0.4612884669903653,False,LEBL-06R,LEBL-06R,-,-,,
04:03:51:227,14631.227,RYR1FB,VLG6152,25.57480076223676,10.049305288852771,41.28175187,2.25951778,17.700124366235805,10.257117768663036,41.28593767,2.08495416,545,546,7.877418001382145,8.351991310326042,0.5254832503558833,True,LEBL-06R,LEBL-06R,-,-,,
04:03:55:219,14635.219,RYR1FB,VLG6152,25.842082277457735,10.073331342892391,41.28212297,2.26544692,17.833851015408133,10.324034160727582,41.28704244,2.08792587,545,546,8.012154507330663,8.619339455138718,0.6749567720470143,True,LEBL-06R,LEBL-06R,-,-,,
04:03:59:203,14639.203,RYR1FB,VLG6152,26.10882816249936,10.126701906348735,41.28298271,2.27136858,17.979265860403416,10.388316702304827,41.28810236,2.09115657,545,546,8.13377068309174,8.88645963881511,0.833913905948805,True,LEBL-06R,LEBL-06R,-,-,,
04:04:03:188,14643.188,RYR1FB,VLG6152,26.37278726317664,10.198127001534234,41.28414325,2.2772313,18.13827063087476,10.464179157935392,41.28935407,2.09468989,545,546,8.238813501808497,9.151382171453072,1.0100805357171725,True,LEBL-06R,LEBL-06R,-,-,,
04:04:07:172,14647.172,RYR1FB,VLG6152,26.623944302576287,10.310224602096133,41.28598255,2.28281651,18.299689460488548,10.540400296032882,41.29061146,2.09827691,545,546,8.327436551910825,9.40508649771074,1.1885884199140493,True,LEBL-06R,LEBL-06R,-,-,,
04:04:11:156,14651.156,RYR1FB,VLG6152,26.871045520578416,10.44801754119807,41.28825013,2.28831601,18.45334404715645,10.60861942914758,41.29173603,2.10169107,545,546,8.41923340109201,9.656964650095029,1.35667902006189,True,LEBL-06R,LEBL-06R,-,-,,
04:04:15:141,14655.141,RYR1FB,VLG6152,27.112153478008985,10.59943057989549,41.29074505,2.29368509,18.609038059278696,10.674845352632188,41.29282713,2.10515036,545,546,8.50344984181101,9.90529778226779,1.5257933235051864,True,LEBL-06R,LEBL-06R,-,-,,
04:04:19:117,14659.117,RYR1FB,VLG6152,27.36572254624076,10.750848944556047,41.29323836,2.29933089,18.758151467278616,10.748298522194078,41.29403906,2.10846461,545,546,8.607571456807069,10.16797108587072,1.6919633646889345,True,LEBL-06R,LEBL-06R,-,-,,
04:04:23:102,14663.102,RYR1FB,VLG6152,27.628341326008474,10.900707229470076,41.29570434,2.30517755,18.9178677549617,10.801361313886934,41.29491033,2.11201192,545,546,8.711040089613144,10.441281203327344,1.859288455906513,True,LEBL-06R,LEBL-06R,-,-,,
04:04:27:086,14667.086,RYR1FB,VLG6152,27.88762600270628,11.048822544590832,41.29814138,2.31095044,19.08820920668675,10.837574634443628,41.29549991,2.11579312,545,546,8.801952148791324,10.712668540468995,2.0298011286151247,True,LEBL-06R,LEBL-06R,-,-,,
04:04:31:078,14671.078,RYR1FB,VLG6152,28.1520133184978,11.195199558488662,41.30054856,2.31683664,19.26244797333448,10.8538492621502,41.29575686,2.11965864,545,546,8.896116683741226,10.990359214313077,2.1970005128836245,True,LEBL-06R,LEBL-06R,-,-,,
04:04:35:063,14675.063,RYR1FB,VLG6152,28.418156292921743,11.34115538331978,41.30294821,2.32276214,19.452549780563967,10.845523659353718,41.29560252,2.12387325,545,546,8.979295681746635,11.271006460338642,2.3716866841233646,True,LEBL-06R,LEBL-06R,-,-,,
04:04:39:047,14679.047,RYR1FB,VLG6152,28.689843760746808,11.486256518176113,41.30533264,2.3288109,19.64027855420517,10.835329881603409,41.2954171,2.12803501,545,546,9.07294527227233,11.558204765896205,2.54576825918736,True,LEBL-06R,LEBL-06R,-,-,,
04:04:43:031,14683.031,RYR1FB,VLG6152,28.9633376659992,11.630903879314896,41.30770897,2.33490009,19.833281017540436,10.821932331886073,41.29517771,2.13231333,545,546,9.165826169452238,11.848177595573164,2.725827281364222,True,LEBL-06R,LEBL-06R,-,-,,
04:04:47:016,14687.016,RYR1FB,VLG6152,29.227891670587404,11.771862258884337,41.31002463,2.34079083,20.03712796452657,10.80410276840172,41.2948634,2.13683159,545,546,9.241574321081028,12.129733367130179,2.916898530568061,True,LEBL-06R,LEBL-06R,-,-,,
04:04:51:008,14691.008,RYR1FB,VLG6152,29.502500805233847,11.911500222566676,41.31231673,2.34690479,20.23600877029273,10.784321230726324,41.29451682,2.14123946,545,546,9.334795504630693,12.421882398420712,3.1044049444342856,True,LEBL-06R,LEBL-06R,-,-,,
04:04:54:992,14694.992,RYR1FB,VLG6152,29.7761542754502,12.050841289270307,41.31460368,2.35299793,20.44155417310879,10.75937693132395,41.29408348,2.14579447,545,546,9.423515228325257,12.713792541401096,3.2987314704474513,True,LEBL-06R,LEBL-06R,-,-,,
04:04:58:984,14698.984,RYR1FB,VLG6152,30.048243318146685,12.190455625149427,41.31689506,2.35905684,20.661973306685105,10.72969288843598,41.29356969,2.15067868,545,546,9.499257471036014,13.0049040332323,3.50815762624104,True,LEBL-06R,LEBL-06R,-,-,,
04:05:02:977,14702.977,RYR1FB,VLG6152,30.323098504621186,12.330342192427718,41.3191903,2.36517758,20.661973306685105,10.72969288843598,41.29356969,2.15067868,545,546,9.792824836816225,13.29944741407452,3.50815762624104,True,LEBL-06R,LEBL-06R,-,-,,
04:05:39:102,14739.102,VLG6152,VLG9YD,22.98091658413964,10.341413815280372,41.2868859,2.20204895,17.56003240732852,10.200258201899816,41.28500085,2.08184242,546,547,5.422721656658212,5.76612279817619,0.37451646026740093,False,LEBL-06R,LEBL-06R,-,-,,
04:05:43:094,14743.094,VLG6152,VLG9YD,23.214520781945712,10.305379960263886,41.28626265,2.20722367,17.69221736777747,10.25884495371539,41.28596704,2.08477902,546,547,5.522499479852279,5.997696063591258,0.5190465244896626,True,LEBL-06R,LEBL-06R,-,-,,
04:05:47:086,14747.086,VLG6152,VLG9YD,23.45182259747053,10.270238603898234,41.28565367,2.21248039,17.84083149673111,10.328569368637302,41.28711747,2.0880811,546,547,5.611294290151965,6.233357761677611,0.6832036079865358,True,LEBL-06R,LEBL-06R,-,-,,
04:05:51:078,14751.078,VLG6152,VLG9YD,23.681922889844863,10.237009224268544,41.28507703,2.2175776,18.010621279928838,10.405311184710458,41.2883831,2.09185353,546,547,5.673798330970593,6.462190908128279,0.869512443547054,True,LEBL-06R,LEBL-06R,-,-,,
04:05:55:070,14755.07,VLG6152,VLG9YD,23.91648064533568,10.204183011800788,41.28450643,2.2227736,18.179029369199696,10.48011347880906,41.2896164,2.09559527,546,547,5.744082587207277,6.695742108098277,1.0537583647667605,True,LEBL-06R,LEBL-06R,-,-,,
04:05:59:063,14759.063,VLG6152,VLG9YD,24.15123257319252,10.172580242854837,41.28395596,2.22797398,18.346141288987543,10.555781312833355,41.2908641,2.0993085,546,547,5.81772531819656,6.929734718717535,1.2371975847861019,True,LEBL-06R,LEBL-06R,-,-,,
04:06:03:063,14763.063,VLG6152,VLG9YD,24.39838098964457,10.139024167654512,41.28337143,2.23344884,18.507865409004594,10.633524470738267,41.29214668,2.10290262,546,547,5.911235433943755,7.176283671193411,1.4166182309310473,True,LEBL-06R,LEBL-06R,-,-,,
04:06:07:055,14767.055,VLG6152,VLG9YD,24.6465930918018,10.107241175006266,41.28281607,2.23894743,18.670113387983907,10.703906699710132,41.29330647,2.10650772,546,547,6.006190090108484,7.424104315854298,1.5934247505529189,True,LEBL-06R,LEBL-06R,-,-,,
04:06:11:047,14771.047,VLG6152,VLG9YD,24.90257960114013,10.074992576701542,41.28225187,2.24461822,18.84303562348673,10.755929693931472,41.29415942,2.11034769,546,547,6.097683869694868,7.679853951427992,1.7724293364860106,True,LEBL-06R,LEBL-06R,-,-,,
04:06:15:039,14775.039,VLG6152,VLG9YD,25.16175206129504,10.04307337971046,41.28169254,2.25035959,19.02440667581524,10.786744994618562,41.29465823,2.11437283,546,547,6.182237123524965,7.938936094117969,1.9512458357197195,True,LEBL-06R,LEBL-06R,-,-,,
04:06:19:031,14779.031,VLG6152,VLG9YD,25.43165555428217,10.008891489570813,41.28109407,2.25633844,19.219653494219788,10.7936829342827,41.29475796,2.11870313,546,547,6.261379017909094,8.208886725863197,2.1352839622482613,True,LEBL-06R,LEBL-06R,-,-,,
04:06:23:031,14783.031,VLG6152,VLG9YD,25.704824506788,9.972832362377446,41.28046366,2.2623893,19.423087011832724,10.786589269080253,41.29462308,2.12321344,546,547,6.334226571471335,8.482251591938333,2.3243469732589186,True,LEBL-06R,LEBL-06R,-,-,,
04:06:27:023,14787.023,VLG6152,VLG9YD,25.977828876098474,9.938184851427364,41.27985647,2.2684366,19.63589691781723,10.771669729865735,41.29435686,2.12793078,546,547,6.396467619401696,8.755572064660461,2.5223441555081365,True,LEBL-06R,LEBL-06R,-,-,,
04:06:31:016,14791.016,VLG6152,VLG9YD,26.24526220308436,9.895912246541808,41.27912255,2.27435915,19.852140389798212,10.75168619286752,41.29400579,2.13272365,546,547,6.450143840777896,9.023552206960344,2.7246386713219324,True,LEBL-06R,LEBL-06R,-,-,,
04:06:35:016,14795.016,VLG6152,VLG9YD,26.51617201105568,9.82610712194635,41.27792924,2.28035451,20.06789712696328,10.728665325985668,41.29360396,2.13750533,546,547,6.511133564326224,9.295753784484244,2.927871949013301,True,LEBL-06R,LEBL-06R,-,-,,
04:06:39:016,14799.016,VLG6152,VLG9YD,26.76013795863128,9.691667315344429,41.27566186,2.28574258,20.28612945250009,10.70272800419604,41.29315313,2.14234151,546,547,6.552482724433546,9.543581421462513,3.134748054264718,True,LEBL-06R,LEBL-06R,-,-,,
04:06:43:016,14803.016,VLG6152,VLG9YD,26.996670141147877,9.56542237388095,41.27353161,2.29096674,20.51186696670152,10.67357861366422,41.29264793,2.14734367,546,547,6.57880554987607,9.785237423948802,3.3500251590122936,True,LEBL-06R,LEBL-06R,-,-,,
04:06:47:016,14807.016,VLG6152,VLG9YD,27.197708222163783,9.384353342925577,41.27049185,2.29539536,20.74131712321545,10.642083120154997,41.2921031,2.1524278,546,547,6.577755712635491,9.99623922044906,3.570094520601994,True,LEBL-06R,LEBL-06R,-,-,,
04:06:51:031,14811.031,VLG6152,VLG9YD,27.377999261478124,9.17509280595378,41.26698466,2.29935935,20.97739929712136,10.608649129726798,41.29152516,2.15765867,546,547,6.55917400570784,10.19171919082473,3.797801732559024,True,LEBL-06R,LEBL-06R,-,-,,
04:06:55:039,14815.039,VLG6152,VLG9YD,27.525603690818222,8.943126149960845,41.26310287,2.30259493,21.22193170809417,10.572825496879164,41.29090641,2.16307653,546,547,6.510929305953656,10.360726362033539,4.034808152377197,True,LEBL-06R,LEBL-06R,-,-,,
04:06:59:047,14819.047,VLG6152,VLG9YD,27.64123830244013,8.694089193833385,41.25894035,2.30511894,21.46877737766688,10.535531561691576,41.2902627,2.1685454,546,547,6.44128743823747,10.504653628530603,4.275089000753232,True,LEBL-06R,LEBL-06R,-,-,,
04:07:30:953,14850.953,VLG9YD,RYR28RR,23.52600144628712,10.24464237458659,41.28521983,2.21412164,17.71800960040238,10.267518124369944,41.2861096,2.08535175,547,548,5.8080368956982165,6.306592084402708,0.5460825290402395,True,LEBL-06R,LEBL-06R,-,-,,
04:07:34:945,14854.945,VLG9YD,RYR28RR,23.78239895894306,10.21104364883403,41.28463431,2.21980179,17.85180220054803,10.33000639098961,41.28714058,2.08832449,547,548,5.931789784264679,6.561880964285809,0.6937483273625565,True,LEBL-06R,LEBL-06R,-,-,,
04:07:38:938,14858.938,VLG9YD,RYR28RR,24.035000545020235,10.178713267787105,41.28407003,2.22539785,17.99436325382244,10.392565275946062,41.28817199,2.09149175,547,548,6.0444215244474035,6.813649722655172,0.849400753716015,True,LEBL-06R,LEBL-06R,-,-,,
04:07:42:930,14862.93,VLG9YD,RYR28RR,24.29530636823302,10.144997852651258,41.28348161,2.23116443,18.1515528647219,10.46645301761768,41.28939093,2.09498463,547,548,6.152157388671779,7.073307969418587,1.0230855417353557,True,LEBL-06R,LEBL-06R,-,-,,
04:07:46:922,14866.922,VLG9YD,RYR28RR,24.548640551047544,10.114092726736263,41.28294045,2.23677673,18.308694863665963,10.533922697633509,41.29050284,2.09847592,547,548,6.254053036706323,7.326224773237593,1.1940449316181014,True,LEBL-06R,LEBL-06R,-,-,,
04:07:50:914,14870.914,VLG9YD,RYR28RR,24.801283501777817,10.082468464859325,41.28238711,2.24237351,18.46696156206089,10.596437765274883,41.29153201,2.10199175,547,548,6.3551395639866834,7.578599937138316,1.3640038251677509,True,LEBL-06R,LEBL-06R,-,-,,
04:07:54:906,14874.906,VLG9YD,RYR28RR,25.05835116777989,10.05034967763152,41.28182479,2.24806822,18.62421019280271,10.666307160872986,41.29268368,2.10548589,547,548,6.463557356985505,7.835543949922586,1.5360747223263433,True,LEBL-06R,LEBL-06R,-,-,,
04:07:58:898,14878.898,VLG9YD,RYR28RR,25.313906099413717,10.030162148879874,41.28146113,2.253731,18.78696308915445,10.723965307571657,41.29363136,2.10910091,547,548,6.563714488167731,8.09109121262563,1.7082249026710055,True,LEBL-06R,LEBL-06R,-,-,,
04:08:02:891,14882.891,VLG9YD,RYR28RR,25.5714121262828,10.037928593203974,41.2815627,2.25944101,18.955720567344883,10.775891111912646,41.29448294,2.11284857,547,548,6.656723179013926,8.34859409613858,1.883730161448467,True,LEBL-06R,LEBL-06R,-,-,,
04:08:06:883,14886.883,VLG9YD,RYR28RR,25.834945290422283,10.11777184453301,41.28286414,2.26529518,19.135187760096105,10.81936167274844,41.29519266,2.1168329,547,548,6.7363921539810665,8.61250301378795,2.0660948762684717,True,LEBL-06R,LEBL-06R,-,-,,
04:08:10:859,14890.859,VLG9YD,RYR28RR,26.09382048176803,10.202561664453327,41.28424821,2.27104704,19.323665246626025,10.83912078386391,41.29550646,2.12101453,547,548,6.8000153985432625,8.872541299596385,2.2486539119421196,True,LEBL-06R,LEBL-06R,-,-,,
04:08:14:844,14894.844,VLG9YD,RYR28RR,26.345932349351106,10.319584662416633,41.28616976,2.27665399,19.323665246626025,10.83912078386391,41.29550646,2.12101453,547,548,7.041459581898017,9.127479836306877,2.2486539119421196,True,LEBL-06R,LEBL-06R,-,-,,
04:10:42:695,15042.695,RYR91MD,RYR699N,22.37880522602097,10.448474996115,41.28872757,2.18871252,17.683318072627348,10.251078770476488,41.28583832,2.08458093,549,550,4.699634547236717,5.172354654391654,0.5076941433899336,True,LEBL-06R,LEBL-06R,-,-,,
04:10:46:688,15046.688,RYR91MD,RYR699N,22.634971731876966,10.409353711739715,41.28805131,2.19438738,17.81862527284371,10.316173487604754,41.28691263,2.08758749,549,550,4.817247737828315,5.424925528551555,0.6578342147621457,True,LEBL-06R,LEBL-06R,-,-,,
04:10:50:680,15050.68,RYR91MD,RYR699N,22.89169315646397,10.369189939310232,41.28735735,2.20007429,17.969919717747015,10.380419966641798,41.28797151,2.09094854,549,550,4.921786250496214,5.678581073661582,0.8221185480478453,True,LEBL-06R,LEBL-06R,-,-,,
04:10:54:672,15054.672,RYR91MD,RYR699N,23.140882041913848,10.331413797995909,41.28670363,2.20559438,18.12601755412635,10.452732694205036,41.28916431,2.09441703,549,550,5.016331737978418,5.925366900678529,0.9941516769824662,True,LEBL-06R,LEBL-06R,-,-,,
04:10:58:664,15058.664,RYR91MD,RYR699N,23.402345836402542,10.293618002700828,41.2860481,2.21138651,18.290719152749976,10.526687781310178,41.2903837,2.09807659,549,550,5.116937450734565,6.1848405488487606,1.1746889744967668,True,LEBL-06R,LEBL-06R,-,-,,
04:11:02:656,15062.656,RYR91MD,RYR699N,23.66364883189589,10.257189131086744,41.28541507,2.21717514,18.456793570889243,10.592623507653183,41.29146926,2.10176589,549,550,5.217648697455122,6.444582518317333,1.353166009087932,True,LEBL-06R,LEBL-06R,-,-,,
,15062.656,RYR28RR,RYR91MD,30.78492956272161,9.10124101065326,41.26533373,2.37486013,23.66364883189589,10.257189131086744,41.28541507,2.21717514,548,549,7.214489261504477,13.594377931461736,6.444582518317333,True,LEBL-06R,LEBL-06R,-,-,04:11:02:656,04:11:02:656
04:11:06:656,15066.656,RYR91MD,RYR699N,23.921312811995584,10.222792606347294,41.28481598,2.22288325,18.625567560195417,10.662618631482909,41.29262212,2.1055156,549,550,5.313978237097947,6.701062032266621,1.5358077120744935,True,LEBL-06R,LEBL-06R,-,-,,
,15066.656,RYR28RR,RYR91MD,31.119313719464568,9.028188509309516,41.26407275,2.38225861,23.921312811995584,10.222792606347294,41.28481598,2.22288325,548,549,7.2964577715891545,13.933087846964678,6.701062032266621,True,LEBL-06R,LEBL-06R,-,-,04:11:06:656,04:11:06:656
04:11:10:648,15070.648,RYR91MD,RYR699N,24.186267111825845,10.186954318008572,41.28419184,2.22875269,18.79554178842809,10.72634127707688,41.29367026,2.10929139,549,550,5.417643196440201,6.965056598232334,1.7170355607097898,True,LEBL-06R,LEBL-06R,-,-,,
04:11:14:641,15074.641,RYR91MD,RYR699N,24.451237541995088,10.148988747399873,41.28353196,2.23462208,18.97914339768511,10.777719222962537,41.29451151,2.11336816,549,550,5.5080955270486,7.229282008907267,1.906009086441666,True,LEBL-06R,LEBL-06R,-,-,,
04:11:18:641,15078.641,RYR91MD,RYR699N,24.71400293335532,10.097753605254312,41.28265094,2.24044061,19.166619577717057,10.808768737958603,41.29501362,2.11752875,549,550,5.592763593550772,7.491428649861928,2.091291101933035,True,LEBL-06R,LEBL-06R,-,-,,
04:11:22:641,15082.641,RYR91MD,RYR699N,24.96417190538323,9.973938787511242,41.28056177,2.24596948,19.358956747565536,10.818477242815751,41.29515963,2.12179486,549,550,5.6684814693105725,7.741613305879245,2.2744881012718325,True,LEBL-06R,LEBL-06R,-,-,,
04:11:26:641,15086.641,RYR91MD,RYR699N,25.194381609442093,9.854690361510691,41.27855055,2.25105617,19.550989928148294,10.812105854574492,41.29503761,2.12605247,549,550,5.724029533017335,7.973655303867501,2.453707063913154,True,LEBL-06R,LEBL-06R,-,-,,
04:11:30:648,15090.648,RYR91MD,RYR699N,25.40940569615432,9.684814942505737,41.27569729,2.25579864,19.75077102727007,10.79273218522848,41.29469816,2.13048042,549,550,5.766075522625518,8.19417333425488,2.6384076146377615,True,LEBL-06R,LEBL-06R,-,-,,
04:11:34:656,15094.656,RYR91MD,RYR699N,25.59525962391944,9.484499410751049,41.27233987,2.25988968,19.945762991547284,10.769224973706384,41.29429008,2.13480166,549,550,5.793732128023803,8.390672666341722,2.8195948169066525,True,LEBL-06R,LEBL-06R,-,-,,
04:11:38:664,15098.664,RYR91MD,RYR699N,25.74914458915126,9.25092658003187,41.26843173,2.26326685,20.156213634499668,10.74253562004022,41.2938275,2.13946527,549,550,5.788417244094849,8.562514692344317,3.0169752366261324,True,LEBL-06R,LEBL-06R,-,-,,
04:11:42:672,15102.672,RYR91MD,RYR699N,25.86942670271332,9.002099749906398,41.26427305,2.26589661,20.37399087453683,10.714762358545316,41.29334604,2.14429115,549,550,5.756129615691058,8.708359251116898,3.22316911386923,True,LEBL-06R,LEBL-06R,-,-,,
04:11:46:695,15106.695,RYR91MD,RYR699N,25.950183006622595,8.738667598290641,41.25987534,2.2676479,20.595224862996144,10.683741477866803,41.29280997,2.14919323,549,550,5.697270321566347,8.823457117799705,3.4338009868917685,True,LEBL-06R,LEBL-06R,-,-,,
04:11:50:703,15110.703,RYR91MD,RYR699N,25.98509311673696,8.458908876417993,41.25521066,2.26838056,20.822712150016287,10.647977632994731,41.29219412,2.15423333,549,550,5.607334417223596,8.903305231173157,3.6513204473501704,True,LEBL-06R,LEBL-06R,-,-,,
04:11:54:719,15114.719,RYR91MD,RYR699N,25.9782745020916,8.18021865676791,41.25056838,2.26818859,21.057484981226413,10.60943538276669,41.29153111,2.15943455,549,550,5.487737549348446,8.95024249729426,3.877110672826394,True,LEBL-06R,LEBL-06R,-,-,,
04:11:58:602,15118.602,RYR699N,VLG53PC,21.29972421328735,10.56882947963653,41.29083281,2.16480097,17.62387058361651,10.225862428750409,41.28542266,2.08326036,550,551,3.691818834227624,4.111406915504933,0.4431609322784433,False,LEBL-06R,LEBL-06R,-,-,,
04:11:58:734,15118.734,RYR91MD,RYR699N,25.94589843457922,7.903229869353744,41.24595726,2.2674306,21.29972421328735,10.56882947963653,41.29083281,2.16480097,549,550,5.356524636080454,8.980337934524913,4.111406915504933,True,LEBL-06R,LEBL-06R,-,-,,
04:12:02:594,15122.594,RYR699N,VLG53PC,21.541498121439385,10.52841660395622,41.29013752,2.17015698,17.751246822023916,10.285337719647885,41.28640398,2.08609047,550,551,3.7980379482987323,4.346512857076978,0.5837380050732638,True,LEBL-06R,LEBL-06R,-,-,,
04:12:02:750,15122.75,RYR91MD,RYR699N,25.899764839808764,7.627796514705133,41.24137356,2.26636813,21.541498121439385,10.52841660395622,41.29013752,2.17015698,549,550,5.235273220244879,9.005287669913733,4.346512857076978,True,LEBL-06R,LEBL-06R,-,-,,
04:12:06:586,15126.586,RYR699N,VLG53PC,21.79024929500504,10.487349068920704,41.28943043,2.1756675,17.890996865695627,10.349453286673638,41.2874616,2.08919549,550,551,3.901689986946284,4.58954843878541,0.7374893210803514,True,LEBL-06R,LEBL-06R,-,-,,
04:12:06:766,15126.766,RYR91MD,RYR699N,25.84891523681577,7.351892789045157,41.23678253,2.26520126,21.79024929500504,10.487349068920704,41.28943043,2.1756675,549,550,5.128728430149659,9.034437926154444,4.58954843878541,True,LEBL-06R,LEBL-06R,-,-,,
04:12:10:578,15130.578,RYR699N,VLG53PC,22.034980927200984,10.448401886226875,41.28875878,2.18108904,18.05064515525207,10.42240882184776,41.28866489,2.09274271,550,551,3.9844205580018235,4.829689467876796,0.9130123690785552,True,LEBL-06R,LEBL-06R,-,-,,
04:12:10:781,15130.781,RYR91MD,RYR699N,25.79328985285088,7.0791060840140005,41.23224394,2.26392921,22.034980927200984,10.448401886226875,41.28875878,2.18108904,549,550,5.0474785966291105,9.066642863878972,4.829689467876796,True,LEBL-06R,LEBL-06R,-,-,,
04:12:14:570,15134.57,RYR699N,VLG53PC,22.2793736280146,10.410070630439773,41.28809717,2.18650303,18.21155909525961,10.49163678928204,41.28980587,2.09631774,550,551,4.068632216256587,5.070275907681588,1.0881236846434998,True,LEBL-06R,LEBL-06R,-,-,,
04:12:14:797,15134.797,RYR91MD,RYR699N,25.74069692226913,6.803066472590681,41.22765081,2.26272404,22.2793736280146,10.410070630439773,41.28809717,2.18650303,549,550,4.999123717421851,9.111237695738819,5.070275907681588,True,LEBL-06R,LEBL-06R,-,-,,
04:12:18:570,15138.57,RYR699N,VLG53PC,22.532364026139863,10.372930558702013,41.28745433,2.19210769,18.378250065050796,10.563738120981965,41.29099416,2.10002129,550,551,4.1584937570637655,5.320142226200176,1.2697006815671372,True,LEBL-06R,LEBL-06R,-,-,,
04:12:22:563,15142.563,RYR699N,VLG53PC,22.77861530950627,10.340221917429762,41.2868857,2.19756339,18.536940239856506,10.630158865540858,41.29208832,2.10354697,550,551,4.251572747862645,5.564048265975913,1.4416573006402782,True,LEBL-06R,LEBL-06R,-,-,,
04:12:26:555,15146.555,RYR699N,VLG53PC,23.028540447220003,10.308439798046589,41.28633189,2.20310057,18.690982089917807,10.69719895678089,41.29319306,2.10696976,550,551,4.3549450268059555,5.812049449551499,1.6096417891767805,True,LEBL-06R,LEBL-06R,-,-,,
04:12:30:547,15150.547,RYR699N,VLG53PC,23.278536810313643,10.277311427300312,41.2857887,2.20863932,18.853393663408312,10.757663697141124,41.29418748,2.11057756,550,551,4.451138076238978,6.0604724118932936,1.7826028021751787,True,LEBL-06R,LEBL-06R,-,-,,
04:12:34:547,15154.547,RYR699N,VLG53PC,23.540486640262426,10.244073215536169,41.2852089,2.21444272,19.020665543582883,10.799472002786798,41.29487057,2.11429124,550,551,4.553817141571336,6.3210508250267985,1.9527243055218584,True,LEBL-06R,LEBL-06R,-,-,,
04:12:38:531,15158.531,RYR699N,VLG53PC,23.790470917804075,10.213318244006166,41.28467139,2.21998106,19.196296623317117,10.819326563012975,41.2951871,2.11818798,550,551,4.633970600988984,6.570010636136489,2.122770099501768,True,LEBL-06R,LEBL-06R,-,-,,
04:12:42:523,15162.523,RYR699N,VLG53PC,24.05211994641423,10.18127072810081,41.28411089,2.22577775,19.3791679262359,10.814910884644744,41.29509855,2.12224265,550,551,4.71571632213747,6.830818863719918,2.292268160083893,True,LEBL-06R,LEBL-06R,-,-,,
04:12:46:523,15166.523,RYR699N,VLG53PC,24.30980247634684,10.149448927811148,41.28355427,2.23148643,19.56966346331005,10.792468402926175,41.29470889,2.12646438,550,551,4.783554317480944,7.087871419536392,2.465346511354855,True,LEBL-06R,LEBL-06R,-,-,,
04:12:50:516,15170.516,RYR699N,VLG53PC,24.56754180538567,10.118127550632568,41.2830057,2.23719634,19.76589207363751,10.76682643059384,41.29426529,2.13081283,550,551,4.845270929809827,7.345168273607383,2.645639054401931,True,LEBL-06R,LEBL-06R,-,-,,
04:12:54:508,15174.508,RYR699N,VLG53PC,24.820828723387397,10.08672526453329,41.28245597,2.24280743,19.96517409547717,10.74084906030316,41.29381568,2.13522889,550,551,4.899516282832253,7.59817129957816,2.8311606577859076,True,LEBL-06R,LEBL-06R,-,-,,
04:12:58:500,15178.5,RYR699N,VLG53PC,25.08196371885861,10.0549224708163,41.28189846,2.24859236,20.16775956139559,10.714434202826988,41.29335833,2.13971809,550,551,4.958261613296191,7.859165380348462,3.0217817537234017,True,LEBL-06R,LEBL-06R,-,-,,
04:13:02:500,15182.5,RYR699N,VLG53PC,25.335273216454112,10.023962811362871,41.28135555,2.25420382,20.37726910879084,10.68514145263588,41.29285226,2.14436043,550,551,5.001895833309756,8.112466159394945,3.220284909405418,True,LEBL-06R,LEBL-06R,-,-,,
04:13:06:492,15186.492,RYR699N,VLG53PC,25.59222282207564,9.991099049887314,41.28078025,2.25989561,20.59069669903305,10.654684782429635,41.29232627,2.14908944,550,551,5.045355248534158,8.369532395456094,3.4239957084827766,True,LEBL-06R,LEBL-06R,-,-,,
04:13:10:484,15190.484,RYR699N,VLG53PC,25.85278597874297,9.956121639143028,41.28016906,2.2656671,20.81472971872332,10.62104573656426,41.29174613,2.15405316,550,551,5.0817452646167345,8.630349905087666,3.63903364529082,True,LEBL-06R,LEBL-06R,-,-,,
04:13:14:477,15194.477,RYR699N,VLG53PC,26.106729002466427,9.929502093519687,41.27969756,2.27129295,21.04213242953849,10.587250257164346,41.29116287,2.15909149,550,551,5.107129437687214,8.884565174374627,3.858702667350197,True,LEBL-06R,LEBL-06R,-,-,,
04:13:18:469,15198.469,RYR699N,VLG53PC,26.355987015550447,9.92400352182865,41.27957819,2.276818,21.273579759589907,10.552195771019443,41.29055805,2.16421926,550,551,5.121082797356798,9.133871895038872,4.083352556517571,True,LEBL-06R,LEBL-06R,-,-,,
04:13:22:453,15202.453,RYR699N,VLG53PC,26.61232239878748,9.9955974980779,41.28074213,2.28251152,21.51642554780686,10.514820103916527,41.28991329,2.16959939,550,551,5.122280432604998,9.389597040729232,4.3200778072563155,True,LEBL-06R,LEBL-06R,-,-,,
04:13:26:438,15206.438,RYR699N,VLG53PC,26.85043713211224,10.055593885619212,41.28171465,2.28779953,21.759597244536334,10.477615495191808,41.2892711,2.17498666,550,551,5.1083023598726145,9.62763642343925,4.558094569278535,True,LEBL-06R,LEBL-06R,-,-,,
04:13:30:422,15210.422,RYR699N,VLG53PC,27.08214862151613,10.170970150795776,41.2836103,2.29295421,21.759597244536334,10.477615495191808,41.2892711,2.17498666,550,551,5.331377357478017,9.860236396693415,4.558094569278535,True,LEBL-06R,LEBL-06R,-,-,,
04:13:38:469,15218.469,VLG53PC,SWR7YT,22.51755081749065,10.359182502637566,41.2872267,2.1917775,17.654530367517143,10.23489737502808,41.28557089,2.08394104,551,552,4.864608379901248,5.304506661327314,0.4747763525201747,False,LEBL-06R,LEBL-06R,-,-,,
04:13:42:461,15222.461,VLG53PC,SWR7YT,22.769944677770745,10.320831009770002,41.28656348,2.19736865,17.794509294301974,10.295427181577946,41.28656881,2.0870507,551,552,4.975500237117856,5.554366988162677,0.6272563354714643,True,LEBL-06R,LEBL-06R,-,-,,
04:13:46:453,15226.453,VLG53PC,SWR7YT,23.022372177751187,10.285084693098469,41.28594339,2.20296077,17.946739956863098,10.362908601568249,41.28768153,2.09043281,551,552,5.076228816990706,5.80484415817984,0.7937702824416746,True,LEBL-06R,LEBL-06R,-,-,,
04:13:50:445,15230.445,VLG53PC,SWR7YT,23.27196107809645,10.251262669774638,41.28535537,2.2084901,18.102324665737747,10.429672572827956,41.28878194,2.09388933,551,552,5.172714058353937,6.052925166766373,0.963053947813162,True,LEBL-06R,LEBL-06R,-,-,,
04:13:54:438,15234.438,VLG53PC,SWR7YT,23.533309162517718,10.216659672005797,41.2847529,2.21427994,18.262186652184216,10.503539295168205,41.29000025,2.09744154,551,552,5.278923416486582,6.313038966260498,1.1391435775415495,True,LEBL-06R,LEBL-06R,-,-,,
04:13:58:430,15238.43,VLG53PC,SWR7YT,23.787166461189454,10.18485329583364,41.28419749,2.21990397,18.41403148494953,10.570268895937796,41.29110017,2.10081537,551,552,5.3869401943679,6.566006113840236,1.3049998553291133,True,LEBL-06R,LEBL-06R,-,-,,
04:14:02:422,15242.422,VLG53PC,SWR7YT,24.044795581570632,10.152111644538063,41.28362584,2.2256114,18.565505942808304,10.636611918159131,41.29219358,2.10418106,551,552,5.500668637591897,6.822943255779337,1.4703612857314634,True,LEBL-06R,LEBL-06R,-,-,,
04:14:06:414,15246.414,VLG53PC,SWR7YT,24.310515324587,10.120373952426684,41.2830698,2.23149824,18.727571283887603,10.68134812072304,41.29292607,2.10777942,551,552,5.611056600951082,7.088183877667351,1.6367819950389901,True,LEBL-06R,LEBL-06R,-,-,,
04:14:10:406,15250.406,VLG53PC,SWR7YT,24.572998062293884,10.088184363135872,41.28250627,2.23731315,18.891274057607284,10.707925964163932,41.29335579,2.11141223,551,552,5.715423634121688,7.350356006629255,1.7981820331869434,True,LEBL-06R,LEBL-06R,-,-,,
04:14:14:406,15254.406,VLG53PC,SWR7YT,24.851180029048404,10.055126117856489,41.28192632,2.24347589,19.06413716376982,10.70720176915078,41.29332979,2.11524527,551,552,5.823664463169441,7.628382759597156,1.9593872709722995,True,LEBL-06R,LEBL-06R,-,-,,
04:14:18:398,15258.398,VLG53PC,SWR7YT,25.12149354086296,10.022730425586142,41.28135792,2.24946417,19.244556025706363,10.692784327740554,41.29307491,2.11924436,551,552,5.915011985520178,7.8986889614829465,2.125337319829127,True,LEBL-06R,LEBL-06R,-,-,,
04:14:22:391,15262.391,VLG53PC,SWR7YT,25.407395419591865,9.988847400414835,41.28076275,2.25579772,19.426381111676065,10.67964200940436,41.29284102,2.12327474,551,552,6.020774812538873,8.184720900151289,2.295270901058173,True,LEBL-06R,LEBL-06R,-,-,,
04:14:26:383,15266.383,VLG53PC,SWR7YT,25.68600824794444,9.956629486343948,41.28019577,2.2619698,19.617783704765078,10.66007657617043,41.29249918,2.12751675,551,552,6.10886134354265,8.463574844372824,2.4746084527492687,True,LEBL-06R,LEBL-06R,-,-,,
04:14:30:375,15270.375,VLG53PC,SWR7YT,25.983320956934783,9.920231014226225,41.27955675,2.26855572,19.81029163896546,10.637969691968443,41.29211475,2.13178294,551,552,6.2146150138231375,8.76128534106709,2.6562756543199018,True,LEBL-06R,LEBL-06R,-,-,,
04:14:34:367,15274.367,VLG53PC,SWR7YT,26.276777641715785,9.884675513614605,41.27893183,2.27505615,20.003238420606216,10.612502411315193,41.29167414,2.13605843,551,552,6.315617654023756,9.055246236142121,2.8392909215227524,True,LEBL-06R,LEBL-06R,-,-,,
04:14:38:367,15278.367,VLG53PC,SWR7YT,26.581184499092025,9.84588656515114,41.27825144,2.28179872,20.2066882164097,10.582303493012066,41.29115364,2.14056621,551,552,6.416892764381443,9.360324197157375,3.0332307582925027,True,LEBL-06R,LEBL-06R,-,-,,
04:14:42:359,15282.359,VLG53PC,SWR7YT,26.889175329948262,9.807303584325826,41.27757368,2.28862063,20.41627123830648,10.549926783787663,41.29059615,2.14520966,551,552,6.515364655640686,9.669093560755611,3.234332944414441,True,LEBL-06R,LEBL-06R,-,-,,
04:14:46:352,15286.352,VLG53PC,SWR7YT,27.19609619534744,9.764510432248125,41.2768255,2.29541803,20.62927803655813,10.517072656558897,41.29003022,2.14992889,551,552,6.60979959091534,9.977008652008289,3.4400774445871347,True,LEBL-06R,LEBL-06R,-,-,,
04:14:50:352,15290.352,VLG53PC,SWR7YT,27.501457604698675,9.714366580621675,41.27595464,2.30217956,20.84207759481836,10.484963040275002,41.28947652,2.15464353,551,552,6.703816899321147,10.283711857154325,3.6468375994917728,True,LEBL-06R,LEBL-06R,-,-,,
04:14:54:344,15294.344,VLG53PC,SWR7YT,27.80153933906506,9.65849413645005,41.27498857,2.30882297,21.06625746783163,10.44880968438988,41.28885424,2.15960994,551,552,6.7814910270737006,10.585502001842777,3.8654043522278405,True,LEBL-06R,LEBL-06R,-,-,,
04:14:58:336,15298.336,VLG53PC,SWR7YT,28.108503046905877,9.59622507100708,41.27391473,2.31561772,21.06625746783163,10.44880968438988,41.28885424,2.15960994,551,552,7.093667832579129,10.894618028856764,3.8654043522278405,True,LEBL-06R,LEBL-06R,-,-,,
04:15:18:352,15318.352,SWR7YT,RYR32FE,22.523144533518074,10.249405834438312,41.28539725,2.19188755,17.616768691556718,10.221852859602633,41.28535639,2.0831025,552,553,4.906453206645744,5.304567981323119,0.4350284003398354,False,LEBL-06R,LEBL-06R,-,-,,
04:15:22:336,15322.336,SWR7YT,RYR32FE,22.77391937777136,10.221256327653917,41.28490415,2.19744396,17.73947500550386,10.279998313836249,41.28631591,2.08582893,552,553,5.034787061872285,5.554147884551525,0.5708129898466883,True,LEBL-06R,LEBL-06R,-,-,,
04:15:26:328,15326.328,SWR7YT,RYR32FE,23.03583675144329,10.192057994908934,41.28439222,2.20324719,17.8728528359932,10.33862119743392,41.28728251,2.0887921,552,553,5.165063763742974,5.815077852697709,0.7164691212241556,True,LEBL-06R,LEBL-06R,-,-,,
04:15:30:320,15330.32,SWR7YT,RYR32FE,23.29032640275243,10.16644158689416,41.28394041,2.20888612,18.025584380882957,10.410005828280982,41.28846017,2.09218578,552,553,5.270373050982313,6.068882114918784,0.8850587340226709,True,LEBL-06R,LEBL-06R,-,-,,
04:15:34:313,15334.313,SWR7YT,RYR32FE,23.545118540109325,10.143102734009762,41.28352624,2.21453198,18.18190102144569,10.478524193445738,41.2895897,2.09565878,552,553,5.373696093746899,6.3231853977269585,1.0556996845407611,True,LEBL-06R,LEBL-06R,-,-,,
04:15:38:305,15338.305,SWR7YT,RYR32FE,23.795333353792195,10.120246621837344,41.2831203,2.22007635,18.34023419070092,10.546530663356728,41.29071044,2.09917656,552,553,5.47172961349638,6.573038438492562,1.2279718854616153,True,LEBL-06R,LEBL-06R,-,-,,
04:15:42:297,15342.297,SWR7YT,RYR32FE,24.057034342239437,10.095454674752949,41.28268067,2.22587504,18.50076295038365,10.613151802466108,41.29180782,2.102743,552,553,5.580337095193937,6.834463549432979,1.4016868889111083,True,LEBL-06R,LEBL-06R,-,-,,
04:15:46:281,15346.281,SWR7YT,RYR32FE,24.30673284276944,10.071156182796742,41.28225021,2.23140762,18.660699031740062,10.679893779296034,41.29290715,2.10629643,552,553,5.678755079828557,7.083995601809427,1.5749297006931873,True,LEBL-06R,LEBL-06R,-,-,,
04:15:50:281,15350.281,SWR7YT,RYR32FE,24.553019816899603,10.04756527363151,41.28183163,2.23686459,18.831602787207085,10.730741622885056,41.29374069,2.11009149,552,553,5.762060634168558,7.33020892518826,1.7518626436031677,True,LEBL-06R,LEBL-06R,-,-,,
04:15:54:273,15354.273,SWR7YT,RYR32FE,24.811231367836733,10.02107903119654,41.2813633,2.24258545,19.004144550973844,10.77787869614182,41.29451215,2.11392257,552,553,5.85619356164429,7.58843069385522,1.9291324959405405,True,LEBL-06R,LEBL-06R,-,-,,
04:15:58:266,15358.266,SWR7YT,RYR32FE,25.058246835758084,9.99620266612516,41.2809227,2.24805824,19.18090392194043,10.808185525045923,41.29500274,2.11784544,552,553,5.933167441576524,7.835536663442491,2.104360918992739,True,LEBL-06R,LEBL-06R,-,-,,
04:16:02:258,15362.258,SWR7YT,RYR32FE,25.30176017598403,9.971298224513893,41.28048175,2.25345331,19.36096922169625,10.818418751065884,41.29515849,2.12183948,552,553,6.000884130613855,8.07921188176208,2.2763581970876157,True,LEBL-06R,LEBL-06R,-,-,,
04:16:06:250,15366.25,SWR7YT,RYR32FE,25.549070209186272,9.945587855316914,41.28002671,2.25893236,19.55463151997285,10.811095224129811,41.29502047,2.12613311,552,553,6.056599557854898,8.326757451284966,2.456844133398189,True,LEBL-06R,LEBL-06R,-,-,,
04:16:10:242,15370.242,SWR7YT,RYR32FE,25.797315432676072,9.919433406065146,41.27956391,2.264432,19.747548093419333,10.794681692807664,41.29473091,2.13040917,552,553,6.11275260603464,8.575307716288986,2.6358792545155305,True,LEBL-06R,LEBL-06R,-,-,,
04:16:14:234,15374.234,SWR7YT,RYR32FE,26.05293547504421,9.89012933571002,41.27904756,2.27009459,19.94262360838376,10.770329029840257,41.29430874,2.13473217,552,553,6.1733834004861965,8.831344099796228,2.816850262421955,True,LEBL-06R,LEBL-06R,-,-,,
04:16:18:234,15378.234,SWR7YT,RYR32FE,26.301766571566752,9.862065856599523,41.27855236,2.27560677,20.15207280536477,10.740783893263536,41.29379867,2.13937325,552,553,6.21215572937625,9.080639846049486,3.0125397460157357,True,LEBL-06R,LEBL-06R,-,-,,
04:16:22:227,15382.227,SWR7YT,RYR32FE,26.550900283888517,9.836378486529885,41.27809645,2.28112593,20.35766105874301,10.71138353088186,41.29329116,2.14392866,552,553,6.2547458723374465,9.33024626485844,3.206493902443264,True,LEBL-06R,LEBL-06R,-,-,,
04:16:26:219,15386.219,SWR7YT,RYR32FE,26.80405590025888,9.808503895870963,41.27760338,2.28673384,20.577915528930543,10.678995277625203,41.29273241,2.14880886,552,553,6.28669859061121,9.58396970081698,3.4159079360370725,True,LEBL-06R,LEBL-06R,-,-,,
04:16:30:219,15390.219,SWR7YT,RYR32FE,27.05730696125787,9.77886535583614,41.27708064,2.29234351,20.801634977957367,10.644928291201754,41.29214518,2.15376561,552,553,6.315338230899825,9.837884456760246,3.6300301884275785,True,LEBL-06R,LEBL-06R,-,-,,
04:16:34:211,15394.211,SWR7YT,RYR32FE,27.30624131839921,9.750553400690832,41.27658023,2.2978576,21.03296512334393,10.609629748699057,41.29153654,2.15889088,552,553,6.3318248863305095,10.087500160695438,3.8528898055910044,True,LEBL-06R,LEBL-06R,-,-,,
04:16:38:203,15398.203,SWR7YT,RYR32FE,27.55977557421584,9.723947352837046,41.27610744,2.30347384,21.03296512334393,10.609629748699057,41.29153654,2.15889088,552,553,6.586629484641644,10.341706476176872,3.8528898055910044,True,LEBL-06R,LEBL-06R,-,-,,
04:16:54:195,15414.195,RYR32FE,RYR57ZC,22.25615323066325,10.431938376974289,41.28846369,2.18599093,17.695474184122897,10.2560488026429,41.28592021,2.08485095,553,554,4.56406951173081,5.048780760272453,0.5208131879235401,True,LEBL-06R,LEBL-06R,-,LARPA4R,,
04:16:58:195,15418.195,RYR32FE,RYR57ZC,22.501256762184504,10.397337959836577,41.28786394,2.19142108,17.827930389749802,10.318807523950852,41.28695581,2.08779407,553,554,4.673986137404997,5.2907020882837354,0.6673803359547862,True,LEBL-06R,LEBL-06R,-,LARPA4R,,
04:17:02:188,15422.188,RYR32FE,RYR57ZC,22.75441930001662,10.361386614858008,41.28724065,2.19702964,17.97293932361252,10.387780523222752,41.28809391,2.09101624,553,554,4.781552823419622,5.541085808030581,0.8279522513265514,True,LEBL-06R,LEBL-06R,-,LARPA4R,,
04:17:06:180,15426.18,RYR32FE,RYR57ZC,22.99606884587936,10.327914622774196,41.28665952,2.20238315,18.12636900481839,10.452608871667248,41.28916222,2.09442481,553,554,4.87129604907526,5.780559688866168,0.9944192681240475,True,LEBL-06R,LEBL-06R,-,LARPA4R,,
04:17:10:172,15430.172,RYR32FE,RYR57ZC,23.246148956517917,10.295030222816832,41.2860871,2.20792356,18.2874497966266,10.527582475764978,41.29039886,2.09800419,553,554,4.964149263333861,6.028841518601094,1.1720915699501997,True,LEBL-06R,LEBL-06R,-,LARPA4R,,
04:17:14:164,15434.164,RYR32FE,RYR57ZC,23.49239400954039,10.263102724667428,41.28553074,2.21337897,18.443609278948465,10.589116211993066,41.29141186,2.10147318,553,554,5.059299561182003,6.273640155353317,1.3397055483896732,True,LEBL-06R,LEBL-06R,-,LARPA4R,,
04:17:18:156,15438.156,RYR32FE,RYR57ZC,23.74248901402906,10.230624514617032,41.28496456,2.21891957,18.60297365314829,10.65576129682875,41.29250966,2.10501388,553,554,5.157068879539883,6.522536034484058,1.5123821870766667,True,LEBL-06R,LEBL-06R,-,LARPA4R,,
04:17:22:148,15442.148,RYR32FE,RYR57ZC,23.9920712462157,10.197674683820289,41.28439031,2.22444864,18.76347533120514,10.713284740300216,41.29345529,2.10857895,553,554,5.25395745822217,6.771152237544375,1.6824250388747437,True,LEBL-06R,LEBL-06R,-,LARPA4R,,
04:17:26:141,15446.141,RYR32FE,RYR57ZC,24.24594918219104,10.164355475051964,41.2838092,2.2300728,18.92594585810893,10.766870616327498,41.29433505,2.11218736,553,554,5.354013435144798,7.024279965564843,1.8528057968322216,True,LEBL-06R,LEBL-06R,-,LARPA4R,,
04:17:30:133,15450.133,RYR32FE,RYR57ZC,24.49559949673545,10.132049646440471,41.28324514,2.23560327,19.1015701570386,10.801468388304404,41.29489728,2.1160855,553,554,5.435409273409789,7.273398363886208,2.028209350378019,True,LEBL-06R,LEBL-06R,-,LARPA4R,,
04:17:34:133,15454.133,RYR32FE,RYR57ZC,24.74912603690345,10.099311128243986,41.2826732,2.24121952,19.285931186045385,10.82255253472343,41.29523352,2.12017597,553,554,5.510859834044816,7.526563283077573,2.2074933523458387,True,LEBL-06R,LEBL-06R,-,LARPA4R,,
04:17:38:125,15458.125,RYR32FE,RYR57ZC,25.00245259249281,10.065464639290363,41.28208255,2.24683108,19.46940578927865,10.83096422335788,41.29535856,2.12424543,553,554,5.585749416127254,7.7796854520698355,2.382651587612124,True,LEBL-06R,LEBL-06R,-,LARPA4R,,
04:17:42:125,15462.125,RYR32FE,RYR57ZC,25.25189980808789,10.032232531550244,41.28150228,2.25235662,19.66104705459267,10.81921946919636,41.29514696,2.12849376,553,554,5.645970505704993,8.029083367113731,2.5605328367025915,True,LEBL-06R,LEBL-06R,-,LARPA4R,,
04:17:46:117,15466.117,RYR32FE,RYR57ZC,25.504769502836545,9.998335011051102,41.28091029,2.25795784,19.85693161695712,10.79788994718437,41.29477516,2.13283508,553,554,5.704152950357314,8.28204320257548,2.7417187766288222,True,LEBL-06R,LEBL-06R,-,LARPA4R,,
04:17:50:109,15470.109,RYR32FE,RYR57ZC,25.76210225481478,9.96498123588582,41.2803266,2.26365798,20.05794587474288,10.766870372039149,41.29424132,2.137289,553,554,5.760245324202408,8.539590593114886,2.9274894382117918,True,LEBL-06R,LEBL-06R,-,LARPA4R,,
04:17:54:102,15474.102,RYR32FE,RYR57ZC,26.00768927863741,9.932634831184195,41.27976071,2.26909777,20.26600550912123,10.732680860894822,41.29365389,2.14189871,553,554,5.797155005585179,8.785494938706055,3.121620969639554,True,LEBL-06R,LEBL-06R,-,LARPA4R,,
04:17:58:094,15478.094,RYR32FE,RYR57ZC,26.260835104080435,9.898022426912846,41.27915597,2.2747047,20.477518317748792,10.69678573007125,41.29303756,2.14658471,553,554,5.838216839544236,9.039090433761027,3.320838700809677,True,LEBL-06R,LEBL-06R,-,LARPA4R,,
04:18:02:086,15482.086,RYR32FE,RYR57ZC,26.513858903703444,9.86541585782695,41.27858439,2.28030912,20.70416271999359,10.657325838286564,41.29236032,2.15160573,553,554,5.863419749955173,9.292631001175929,3.53612339943337,True,LEBL-06R,LEBL-06R,-,LARPA4R,,
04:18:06:086,15486.086,RYR32FE,RYR57ZC,26.76325032570137,9.832244361771108,41.27800354,2.28583283,20.938113742362127,10.615083730611154,41.29163586,2.15678833,553,554,5.877504035895091,9.542636099497658,3.7599512898845675,True,LEBL-06R,LEBL-06R,-,LARPA4R,,
04:18:10:078,15490.078,RYR32FE,RYR57ZC,27.01239705147263,9.800345677261824,41.27744366,2.29135121,21.168056154126145,10.575100953208358,41.29094917,2.1618822,553,554,5.895469978042777,9.792446758504,3.981722327571323,True,LEBL-06R,LEBL-06R,-,LARPA4R,,
04:18:14:070,15494.07,RYR32FE,RYR57ZC,27.25789473520817,9.76772613536138,41.27687193,2.29678849,21.408875220054128,10.533866861137534,41.29024042,2.16721698,553,554,5.898983039503133,10.038697353294573,4.215404370456379,True,LEBL-06R,LEBL-06R,-,LARPA4R,,
04:18:14:102,15494.102,RYR57ZC,VLG1510,21.408875220054128,10.533866861137534,41.29024042,2.16721698,17.655053414005586,10.23442795433207,41.28556303,2.08395259,554,555,3.7657458504889028,4.215404370456379,0.47505704465060034,False,LEBL-06R,LEBL-06R,LARPA4R,-,,
04:18:18:070,15498.07,RYR32FE,RYR57ZC,27.514909108495228,9.732753080039618,41.27625939,2.30248061,21.408875220054128,10.533866861137534,41.29024042,2.16721698,553,554,6.158362861756048,10.296596473694077,4.215404370456379,True,LEBL-06R,LEBL-06R,-,LARPA4R,,
04:18:18:094,15498.094,RYR57ZC,VLG1510,21.65366383603653,10.494679579289729,41.28956516,2.17263991,17.798946924470965,10.30187509315208,41.2866759,2.08714974,554,555,3.8595357283207474,4.45438802814656,0.6339670335341463,True,LEBL-06R,LEBL-06R,LARPA4R,-,,
04:18:22:086,15502.086,RYR57ZC,VLG1510,21.890933914573534,10.460172547585405,41.28896832,2.1778966,17.95135830613798,10.369216462702592,41.28778627,2.09053585,554,555,3.940625455934321,4.6872284454090805,0.8005788974710679,True,LEBL-06R,LEBL-06R,LARPA4R,-,,
04:18:26:078,15506.078,RYR57ZC,VLG1510,22.13268375588443,10.428541778190947,41.28841874,2.18325288,18.113853458342625,10.441339499829043,41.28897543,2.09414615,554,555,4.018850674274807,4.925427513111182,0.9783538967617424,True,LEBL-06R,LEBL-06R,LARPA4R,-,,
04:18:30:070,15510.07,RYR57ZC,VLG1510,22.370408356805903,10.3971484070312,41.28787325,2.18851985,18.274732790733413,10.507818492290667,41.29007057,2.09772017,554,555,4.0971705127190585,5.160151438368204,1.1523428422472797,True,LEBL-06R,LEBL-06R,LARPA4R,-,,
04:18:34:063,15514.063,RYR57ZC,VLG1510,22.612682592885918,10.36672718335366,41.28734328,2.19388773,18.433377581716957,10.580615774418538,41.29127104,2.10124542,554,555,4.184774630224393,5.399921227411037,1.3268855791195804,True,LEBL-06R,LEBL-06R,LARPA4R,-,,
04:18:38:055,15518.055,RYR57ZC,VLG1510,22.86344521995578,10.337038403454835,41.28682444,2.19944382,18.586610085010488,10.650110648953255,41.29241681,2.10465044,554,555,4.288278559329364,5.648584453939661,1.4951394050722728,True,LEBL-06R,LEBL-06R,LARPA4R,-,,
04:18:42:047,15522.047,RYR57ZC,VLG1510,23.102014193166884,10.308755947521352,41.28632996,2.20472965,18.74745038763233,10.708497558657555,41.29337681,2.1082231,554,555,4.372873116401314,5.885458781525207,1.665828291741805,True,LEBL-06R,LEBL-06R,LARPA4R,-,,
04:18:46:039,15526.039,RYR57ZC,VLG1510,23.34835578500181,10.279718505809557,41.28582189,2.21018763,18.91907946494187,10.7383532739933,41.29386049,2.11203205,554,555,4.4529579573616775,6.130331952456039,1.8354158363434359,True,LEBL-06R,LEBL-06R,LARPA4R,-,,
04:18:50:031,15530.031,RYR57ZC,VLG1510,23.594400127104656,10.249230747585978,41.28528943,2.21563874,19.09866063360693,10.739771608349844,41.29386962,2.11601432,554,555,4.5224223519563225,6.375105062691401,2.003053797248364,True,LEBL-06R,LEBL-06R,LARPA4R,-,,
04:18:54:031,15534.031,RYR57ZC,VLG1510,23.844305081267027,10.218268047233783,41.28474841,2.22117529,19.283509317629274,10.726285681273446,41.29362987,2.12011177,554,555,4.589002060809227,6.623959004397545,2.1728145450395564,True,LEBL-06R,LEBL-06R,LARPA4R,-,,
04:18:58:023,15538.023,RYR57ZC,VLG1510,24.098053964611324,10.186714592772434,41.28419689,2.22679689,19.47466873382653,10.702942083895568,41.29322522,2.12434804,554,555,4.6521158427999465,6.876858859744437,2.3481663203258227,True,LEBL-06R,LEBL-06R,LARPA4R,-,,
04:19:02:016,15542.016,RYR57ZC,VLG1510,24.347714167875115,10.154618526182515,41.28363648,2.23232767,19.665418732893023,10.676194654959067,41.29276374,2.1285748,554,555,4.711255904593133,7.125861614224211,2.5247692358204423,True,LEBL-06R,LEBL-06R,LARPA4R,-,,
04:19:06:008,15546.008,RYR57ZC,VLG1510,24.59328716347143,10.12469392242183,41.28311241,2.23776804,19.86482441007461,10.64357188697682,41.29220349,2.13299277,554,555,4.756847102058438,7.370986991396987,2.710671446235938,True,LEBL-06R,LEBL-06R,LARPA4R,-,,
04:19:10:008,15550.008,RYR57ZC,VLG1510,24.846309603599927,10.091933901040193,41.28254006,2.24337308,20.070883261965854,10.609285026071666,41.29161478,2.137558,554,555,4.80336849835029,7.623687177274234,2.9049303144582908,True,LEBL-06R,LEBL-06R,LARPA4R,-,,
04:19:14:000,15554.0,RYR57ZC,VLG1510,25.099328737340304,10.05926516024422,41.28196896,2.24897796,20.28088245006595,10.574755627898863,41.29102151,2.14221049,554,555,4.845942121568398,7.876541257902931,3.1049308486449236,True,LEBL-06R,LEBL-06R,LARPA4R,-,,
04:19:17:992,15557.992,RYR57ZC,VLG1510,25.34846588525757,10.027243662816336,41.28140879,2.25449677,20.501543178833668,10.53897025221406,41.2904062,2.14709915,554,555,4.8738612848894505,8.125654079781961,3.3168798661936667,True,LEBL-06R,LEBL-06R,LARPA4R,-,,
04:19:21:984,15561.984,RYR57ZC,VLG1510,25.597246826555057,9.993099987965447,41.28081304,2.26000728,20.727146461238565,10.50362611962453,41.2897976,2.15209736,554,555,4.89678613984342,8.374545518952623,3.5352170467015025,True,LEBL-06R,LEBL-06R,LARPA4R,-,,
04:19:25:977,15565.977,RYR57ZC,VLG1510,25.84960725044556,9.959549636855616,41.28022652,2.26559713,20.95958583479932,10.46742810650536,41.28917395,2.15724695,554,555,4.916324845391383,8.627139734688608,3.7614394813018857,True,LEBL-06R,LEBL-06R,LARPA4R,-,,
04:19:29:969,15569.969,RYR57ZC,VLG1510,26.09451840517256,9.926180203279111,41.27964357,2.27102176,21.199468571052776,10.432155576098856,41.28856482,2.16256159,554,555,4.921130353528162,8.872396467007126,3.9962038192477776,True,LEBL-06R,LEBL-06R,LARPA4R,-,,
04:19:33:969,15573.969,RYR57ZC,VLG1510,26.343001652267617,9.893404007512398,41.27906985,2.27652557,21.442487667620718,10.398778522933773,41.28798674,2.1679459,554,555,4.926503903840655,9.121319012724767,4.235122710116141,True,LEBL-06R,LEBL-06R,LARPA4R,-,,
04:19:37:961,15577.961,RYR57ZC,VLG1510,26.588014710111,9.860815661037494,41.27849939,2.28195238,21.442487667620718,10.398778522933773,41.28798674,2.1679459,554,555,5.173572516721731,9.366859772781728,4.235122710116141,True,LEBL-06R,LEBL-06R,LARPA4R,-,,
04:22:49:727,15769.727,VLG8FU,RYR73JP,22.570302903411022,10.370615094151628,41.28741212,2.19294858,17.61102980321525,10.22185890483482,41.28535692,2.08297526,556,557,4.961503611425216,5.35786153809186,0.42984089802263037,False,LEBL-06R,LEBL-06R,-,-,,
04:22:53:719,15773.719,VLG8FU,RYR73JP,22.82759539854453,10.337568509477892,41.28683675,2.19864903,17.739888819849778,10.279648454905358,41.28631005,2.08583807,556,557,5.0880362580877465,5.612813789579951,0.5710390147431789,True,LEBL-06R,LEBL-06R,-,-,,
04:22:57:711,15777.711,VLG8FU,RYR73JP,23.092850432649872,10.302597662368145,41.28622826,2.20452567,17.884994708989694,10.34422919213234,41.28737502,2.08906188,556,557,5.208022121950959,5.876023545696879,0.7298435132614131,True,LEBL-06R,LEBL-06R,-,-,,
04:23:01:703,15781.703,VLG8FU,RYR73JP,23.354241847175828,10.268483030878055,41.28563412,2.21031665,18.039449163237435,10.415307705265455,41.28854744,2.09249374,556,557,5.316820361668619,6.1357798511958315,0.8998675130019728,True,LEBL-06R,LEBL-06R,-,-,,
04:23:05:695,15785.695,VLG8FU,RYR73JP,23.61526079510185,10.2348541085624,41.28504782,2.21609933,18.204205617011784,10.482012296973313,41.28964609,2.0961537,556,557,5.416696900365931,6.395494053301805,1.0774383218359274,True,LEBL-06R,LEBL-06R,-,-,,
04:23:09:688,15789.688,VLG8FU,RYR73JP,23.884140579331085,10.19850168624578,41.28441506,2.22205582,18.36671712885745,10.550599241592492,41.29077616,2.0997642,556,557,5.528646689771154,6.663272284860155,1.2537788112911656,True,LEBL-06R,LEBL-06R,-,-,,
04:23:13:680,15793.68,VLG8FU,RYR73JP,24.15267548904312,10.16275794565877,41.28379217,2.22800463,18.53118634714366,10.615422007718577,41.29184325,2.10341784,556,557,5.639684825021165,6.930992636333915,1.4303951329409108,True,LEBL-06R,LEBL-06R,-,-,,
04:23:17:680,15797.68,VLG8FU,RYR73JP,24.417401773169317,10.12813306221393,41.28318801,2.23386904,18.694335036549766,10.676201714984764,41.29284297,2.10704189,556,557,5.74924970060887,7.195156846060335,1.6042234462155804,True,LEBL-06R,LEBL-06R,-,-,,
04:23:21:672,15801.672,VLG8FU,RYR73JP,24.681739186288503,10.093948509966742,41.28259093,2.23972478,18.86041727890793,10.73697714527792,41.29384227,2.1107311,556,557,5.8567289996361565,7.45913609875215,1.7808010015944433,True,LEBL-06R,LEBL-06R,-,-,,
04:23:25:664,15805.664,VLG8FU,RYR73JP,24.949642779156065,10.057536118524508,41.28195606,2.24565916,19.035288730617054,10.79188589067506,41.294743,2.11461469,556,557,5.959769576026187,7.726851174620519,1.9632678293902768,True,LEBL-06R,LEBL-06R,-,-,,
04:23:29:656,15809.656,VLG8FU,RYR73JP,25.2135624688945,10.02119139218766,41.28132244,2.25150511,19.220050284752684,10.830504424334388,41.29537139,2.11871593,556,557,6.047906735843315,7.990760692347619,2.1489716367518183,True,LEBL-06R,LEBL-06R,-,-,,
04:23:33:648,15813.648,VLG8FU,RYR73JP,25.473030961898644,9.984822259381264,41.2806886,2.25725226,19.415972563046694,10.8363354485358,41.29545246,2.12306114,556,557,6.1166192589049615,8.250379930694109,2.3341708113059103,True,LEBL-06R,LEBL-06R,-,-,,
04:23:37:648,15817.648,VLG8FU,RYR73JP,25.736866887827063,9.948243779984704,41.28005051,2.26309609,19.60757742239499,10.826098670339526,41.29526603,2.12730884,556,557,6.191834829804205,8.514514785708954,2.5118220503808244,True,LEBL-06R,LEBL-06R,-,-,,
04:23:41:641,15821.641,VLG8FU,RYR73JP,25.997942073765167,9.916356720727364,41.27949059,2.26887929,19.81210653514085,10.790521788716047,41.29465618,2.13184027,556,557,6.247297485873332,8.775957700283113,2.696614304438014,True,LEBL-06R,LEBL-06R,-,-,,
04:23:45:633,15825.633,VLG8FU,RYR73JP,26.2506342663199,9.909641324918072,41.27935068,2.27448028,20.021693340270463,10.744728912010313,41.29387552,2.13648261,556,557,6.284669946650273,9.028719027638182,2.886889522499141,True,LEBL-06R,LEBL-06R,-,-,,
04:23:49:617,15829.617,VLG8FU,RYR73JP,26.51674587340434,9.933957545783414,41.27972598,2.28038339,20.234960081889746,10.6958960240964,41.29304371,2.14120609,556,557,6.327826086043179,9.294502569396593,3.0832973899093346,True,LEBL-06R,LEBL-06R,-,-,,
04:23:53:602,15833.602,VLG8FU,RYR73JP,26.772761363627023,10.03236637827136,41.28133652,2.28607395,20.459900432924684,10.648293396835394,41.29223119,2.14618844,556,557,6.342836843446722,9.549944595675722,3.294236114907577,True,LEBL-06R,LEBL-06R,-,-,,
04:23:57:586,15837.586,VLG8FU,RYR73JP,27.01294924179556,10.114623152916216,41.2826795,2.29141142,20.459900432924684,10.648293396835394,41.29223119,2.14618844,556,557,6.574743540297885,9.790436383458992,3.294236114907577,True,LEBL-06R,LEBL-06R,-,-,,
04:24:33:594,15873.594,RYR73JP,ITY075,22.902434950538343,10.259503777832128,41.2855289,2.20029826,17.651147237099302,10.232690140785198,41.28553437,2.08386581,557,558,5.251356169642992,5.683961120032904,0.47078192661698515,False,LEBL-06R,LEBL-06R,-,-,,
04:24:37:586,15877.586,RYR73JP,ITY075,23.15709070842905,10.230586889638191,41.28502223,2.20594056,17.778475324292373,10.298273365066924,41.28661744,2.08669548,557,558,5.379041263034491,5.937418991826959,0.6138827112584695,True,LEBL-06R,LEBL-06R,-,-,,
04:24:41:578,15881.578,RYR73JP,ITY075,23.41492716687152,10.200455798477778,41.28449474,2.21165313,17.920376160206786,10.362111026895208,41.28767025,2.08984818,557,558,5.496928522158092,6.194257725913996,0.7694653494421491,True,LEBL-06R,LEBL-06R,-,-,,
04:24:45:570,15885.57,RYR73JP,ITY075,23.67269196467384,10.170342981146469,41.28396728,2.21736402,18.074789264984386,10.426605110924848,41.28873295,2.09327848,557,558,5.603765244400327,6.45124552017215,0.9366954270087163,True,LEBL-06R,LEBL-06R,-,-,,
04:24:49:563,15889.563,RYR73JP,ITY075,23.9259072510885,10.140225913947026,41.28343993,2.22297395,18.220666110418406,10.496869807489547,41.28989235,2.09652021,557,558,5.716377466542579,6.703879068085152,1.0985842421535137,True,LEBL-06R,LEBL-06R,-,-,,
04:24:53:555,15893.555,RYR73JP,ITY075,24.18310397997954,10.110411990169132,41.28291695,2.2286721,18.364025965265675,10.559966325912692,41.29093243,2.0997055,557,558,5.836417397865927,6.960669703619392,1.2551953332282964,True,LEBL-06R,LEBL-06R,-,-,,
04:24:57:547,15897.547,RYR73JP,ITY075,24.44031110698307,10.080975690180129,41.28239998,2.23437044,18.50404511464284,10.621869920179924,41.29195281,2.10281669,557,558,5.9608573628180554,7.217625084907489,1.408276291232801,True,LEBL-06R,LEBL-06R,-,-,,
04:25:01:539,15901.539,RYR73JP,ITY075,24.68928046744871,10.05321562407367,41.28191152,2.23988629,18.644171790065855,10.669436122846918,41.29273423,2.10592885,557,558,6.076435355080959,7.466479336752641,1.5555764259686697,True,LEBL-06R,LEBL-06R,-,-,,
04:25:05:531,15905.531,RYR73JP,ITY075,24.945502801481105,10.021666339099584,41.2813589,2.24556232,18.790448084182827,10.704030571699302,41.29329896,2.10917607,557,558,6.192763479971376,7.722700612609394,1.70351628174295,True,LEBL-06R,LEBL-06R,-,-,,
04:25:09:523,15909.523,RYR73JP,ITY075,25.190432956728134,9.99111403342098,41.28082382,2.25098805,18.94045540100109,10.720421518270348,41.29356002,2.11250413,557,558,6.2923849893779655,7.967748878993693,1.8484876480299042,True,LEBL-06R,LEBL-06R,-,-,,
04:25:13:523,15913.523,RYR73JP,ITY075,25.43883547506788,9.960837180652106,41.2802927,2.25649071,19.107341292348245,10.721266367769513,41.29356061,2.11620481,557,558,6.376995462945901,8.216373398144698,2.0047970760862817,True,LEBL-06R,LEBL-06R,-,-,,
04:25:17:516,15917.516,RYR73JP,ITY075,25.68826518946976,9.9305509250001,41.27976105,2.26201605,19.27260292836346,10.7185984255191,41.29350269,2.11986909,557,558,6.463879725958538,8.466120406373049,2.1600368441144475,True,LEBL-06R,LEBL-06R,-,-,,
04:25:21:508,15921.508,RYR73JP,ITY075,25.938085332490207,9.8995543806773,41.27921726,2.26754985,19.27260292836346,10.7185984255191,41.29350269,2.11986909,557,558,6.715615297730661,8.716356059760175,2.1600368441144475,True,LEBL-06R,LEBL-06R,-,-,,
04:26:05:477,15965.477,ITY075,RYR2A,21.80784835209306,10.451727938251768,41.28883534,2.17605333,17.72112763654478,10.26998651638436,41.28615049,2.08542113,558,559,4.090759850115116,4.60371994128512,0.5499513027317362,True,LEBL-06R,LEBL-06R,-,DUNES4R,,
04:26:09:469,15969.469,ITY075,RYR2A,22.056516812762062,10.41402002690315,41.28818395,2.18156226,17.852895171837563,10.329177656088849,41.28712669,2.08834864,558,559,4.20447774734677,4.848355090056637,0.6943906871960662,True,LEBL-06R,LEBL-06R,-,DUNES4R,,
04:26:13:461,15973.461,ITY075,RYR2A,22.30791461509492,10.374612296136702,41.28750372,2.18713138,17.999814545682266,10.39375231623842,41.28819135,2.09161274,558,559,4.308142586828203,5.096270554007797,0.8548496853740222,True,LEBL-06R,LEBL-06R,-,DUNES4R,,
04:26:17:453,15977.453,ITY075,RYR2A,22.551952772188397,10.33657444388038,41.28684675,2.19253738,18.155481522795636,10.468985531708949,41.28943282,2.095072,558,559,4.398464748399956,5.337530370105588,1.0277143623922464,True,LEBL-06R,LEBL-06R,-,DUNES4R,,
04:26:21:445,15981.445,ITY075,RYR2A,22.79978381295929,10.29780187515393,41.28617692,2.19802727,18.309983106017544,10.533587784144329,41.29049716,2.09850445,558,559,4.49598769826309,5.5830456045133925,1.1950774774700708,True,LEBL-06R,LEBL-06R,-,DUNES4R,,
04:26:25:445,15985.445,ITY075,RYR2A,23.056182960778752,10.259924178380489,41.2855209,2.20370713,18.46565882218484,10.600141010974191,41.29159381,2.10196325,558,559,4.60311409376234,5.837610731143149,1.3643391664018234,True,LEBL-06R,LEBL-06R,-,DUNES4R,,
04:26:29:438,15989.438,ITY075,RYR2A,23.305279948386627,10.223360717709468,41.28488722,2.20922515,18.62147473396108,10.669121825252551,41.29273079,2.10542553,558,559,4.704969102095993,6.08530640918668,1.5347360801030936,True,LEBL-06R,LEBL-06R,-,DUNES4R,,
04:26:33:430,15993.43,ITY075,RYR2A,23.55411869635569,10.188027542519642,41.2842738,2.2147375,18.78138602856662,10.728937860002254,41.29371465,2.10897777,558,559,4.803286488409798,6.33309409317782,1.7051305669674397,True,LEBL-06R,LEBL-06R,-,DUNES4R,,
04:26:37:422,15997.422,ITY075,RYR2A,23.815240831775924,10.152120195709925,41.28364931,2.220522,18.949068235781475,10.774708938371914,41.29446378,2.11270093,558,559,4.905838610930529,6.593422277420657,1.8771475829304252,True,LEBL-06R,LEBL-06R,-,DUNES4R,,
04:26:41:414,16001.414,ITY075,RYR2A,24.07710537153472,10.117921984358633,41.28305293,2.22632308,19.11899801110193,10.81627499715305,41.29514255,2.11647356,558,559,5.007047585958901,6.854761223598558,2.049943970086344,True,LEBL-06R,LEBL-06R,-,DUNES4R,,
04:26:45:406,16005.406,ITY075,RYR2A,24.3397096874042,10.085514674603171,41.28248602,2.2321407,19.29184071491536,10.845625404303329,41.29561744,2.12030953,558,559,5.104777123912545,7.11705482138992,2.2213089379503757,True,LEBL-06R,LEBL-06R,-,DUNES4R,,
04:26:49:398,16009.398,ITY075,RYR2A,24.614074868898133,10.052406957514972,41.28190592,2.23821886,19.477370033678607,10.853059612431874,41.29572602,2.12442447,558,559,5.198728809814293,7.391272215435839,2.397589780156739,True,LEBL-06R,LEBL-06R,-,DUNES4R,,
04:26:53:391,16013.391,ITY075,RYR2A,24.892491703403515,10.020044552279597,41.28133749,2.24438684,19.661872360723237,10.84907517858094,41.2956443,2.12851538,558,559,5.295910732571562,7.669693105542362,2.5705900852435866,True,LEBL-06R,LEBL-06R,-,DUNES4R,,
04:26:57:383,16017.383,ITY075,RYR2A,25.178597291461404,9.986499104195596,41.2807482,2.250725,19.849621645341934,10.830384532961478,41.29531715,2.13267663,558,559,5.3953798803993225,7.955941553464692,2.7439113403736686,True,LEBL-06R,LEBL-06R,-,DUNES4R,,
04:27:01:383,16021.383,ITY075,RYR2A,25.464350830076626,9.9537248730457,41.28017145,2.25705535,20.047509495941213,10.805179202528835,41.29488045,2.13706192,558,559,5.483351576763384,8.241956719647,2.9271983960204495,True,LEBL-06R,LEBL-06R,-,DUNES4R,,
04:27:05:375,16025.375,ITY075,RYR2A,25.758656168732426,9.922300629199269,41.27961591,2.26357537,20.25283481743174,10.778544477440343,41.29441913,2.14161191,558,559,5.572003435039249,8.536613008861766,3.1193615104954273,True,LEBL-06R,LEBL-06R,-,DUNES4R,,
04:27:09:367,16029.367,ITY075,RYR2A,26.063959802981707,9.88830221204782,41.2790159,2.27033872,20.46555447053016,10.747674041697229,41.29388642,2.14632531,558,559,5.663979361545809,8.842397501380926,3.319629981630262,True,LEBL-06R,LEBL-06R,-,DUNES4R,,
04:27:13:359,16033.359,ITY075,RYR2A,26.36039514177194,9.854009801048392,41.27841159,2.2769053,20.685024912179564,10.71136704551676,41.29326235,2.15118769,558,559,5.739763818101386,9.139415597759129,3.527210879405446,True,LEBL-06R,LEBL-06R,-,DUNES4R,,
04:27:17:352,16037.352,ITY075,RYR2A,26.66470419607372,9.819546529107468,41.27780317,2.28364628,20.907269728276088,10.671378883914969,41.2925765,2.15611106,558,559,5.820109106510041,9.444397226276902,3.7386114533798493,True,LEBL-06R,LEBL-06R,-,DUNES4R,,
04:27:21:344,16041.344,ITY075,RYR2A,26.968900842534666,9.78455620779518,41.27718559,2.29038456,21.1371061062751,10.631652455670451,41.29189412,2.16120269,558,559,5.8929960036495155,9.749359926519382,3.959151773673717,True,LEBL-06R,LEBL-06R,-,DUNES4R,,
04:27:25:336,16045.336,ITY075,RYR2A,27.272809536271076,9.75062401173064,41.27658528,2.29711649,21.37066082421754,10.592661975333696,41.29122344,2.16637675,558,559,5.961911384056625,10.05407992130124,4.1848542449896495,True,LEBL-06R,LEBL-06R,-,DUNES4R,,
04:27:29:328,16049.328,ITY075,RYR2A,27.576707311258133,9.716807650880972,41.27598651,2.30384807,21.37066082421754,10.592661975333696,41.29122344,2.16637675,558,559,6.267546074579061,10.358848901178575,4.1848542449896495,True,LEBL-06R,LEBL-06R,-,DUNES4R,,
,16145.25,RYR2A,TVF32ER,27.597712188882667,9.026732175816647,41.26448732,2.30420614,21.445588788308147,10.477321958628046,41.28929502,2.16802418,559,560,6.320825345941258,10.423997066989598,4.245632456119973,True,LEBL-06R,LEBL-06R,DUNES4R,-,04:29:05:250,04:29:05:250
04:29:21:211,16161.211,TVF32ER,VLG911N,22.39566419130942,10.36207832476908,41.28728657,2.18907539,17.650184685183532,10.238819479276197,41.28563656,2.08384508,560,561,4.74707999575034,5.183030536821576,0.47248759406917257,False,LEBL-06R,LEBL-06R,-,-,,
04:29:25:203,16165.203,TVF32ER,VLG911N,22.640954785284496,10.331848312107835,41.28675947,2.19451012,17.786458861138115,10.301839460789692,41.28667625,2.08687285,560,561,4.854588675543095,5.426136097171468,0.6226249524621995,True,LEBL-06R,LEBL-06R,-,-,,
04:29:29:195,16169.195,TVF32ER,VLG911N,22.88944685170502,10.300975820545656,41.2862211,2.20001566,17.932344552940194,10.368048499097435,41.28776826,2.09011415,560,561,4.957556045535708,5.6727591756628595,0.7828215642487937,True,LEBL-06R,LEBL-06R,-,-,,
04:29:33:188,16173.188,TVF32ER,VLG911N,23.137890127270104,10.270208777346769,41.28568423,2.20552004,18.09553605899268,10.43761460854119,41.28891478,2.09373962,560,561,5.045132234361335,5.919654983188032,0.9601421689022397,True,LEBL-06R,LEBL-06R,-,-,,
04:29:37:180,16177.18,TVF32ER,VLG911N,23.389341827326795,10.237710088891506,41.28511795,2.2110908,18.256432500424093,10.508751855382132,41.29008754,2.09731449,560,561,5.140060485771263,6.169778918325273,1.1360490309342102,True,LEBL-06R,LEBL-06R,-,-,,
04:29:41:172,16181.172,TVF32ER,VLG911N,23.63685776614575,10.205870015908191,41.28456277,2.21657429,18.4160513381525,10.576057926198027,41.29119646,2.10086076,560,561,5.233914295009079,6.416253951084991,1.3092153716274286,True,LEBL-06R,LEBL-06R,-,-,,
04:29:45:172,16185.172,TVF32ER,VLG911N,23.887539186451452,10.173163245004504,41.28399257,2.22212775,18.572923689062083,10.646892845636,41.29236428,2.10434662,560,561,5.335687174076618,6.666105410894741,1.4813389326122652,True,LEBL-06R,LEBL-06R,-,-,,
04:29:49:156,16189.156,TVF32ER,VLG911N,24.13501845011978,10.141646007487523,41.28344225,2.22761028,18.720146694756952,10.71908774021328,41.29355542,2.10761878,560,561,5.445573898288356,6.912987659662277,1.645235895704119,True,LEBL-06R,LEBL-06R,-,-,,
04:29:53:156,16193.156,TVF32ER,VLG911N,24.3824517080155,10.110082830279762,41.28289091,2.23309169,18.720146694756952,10.71908774021328,41.29355542,2.10761878,560,561,5.69496137331027,7.1600033939863215,1.645235895704119,True,LEBL-06R,LEBL-06R,-,-,,
04:30:45:094,16245.094,VLG911N,TAP1041,21.493585619815377,10.56708449986292,41.29078612,2.16909931,17.620793056489322,10.223391295634777,41.28538172,2.08319188,561,562,3.8880132789364548,4.303499354165896,0.4393254597295188,False,LEBL-06R,LEBL-06R,-,-,,
04:30:49:086,16249.086,VLG911N,TAP1041,21.73654174831115,10.5257525492179,41.29007521,2.17448137,17.75141116609342,10.285199811973712,41.28640167,2.0860941,561,562,3.9923841719857958,4.540073629194084,0.5838282158307675,True,LEBL-06R,LEBL-06R,-,-,,
04:30:53:078,16253.078,VLG911N,TAP1041,21.993655038804626,10.482525195993237,41.28933115,2.18017698,17.897417423118682,10.35450643534919,41.2875453,2.08933836,561,562,4.098237597704323,4.791564855517467,0.7454474733157762,True,LEBL-06R,LEBL-06R,-,-,,
04:30:57:070,16257.07,VLG911N,TAP1041,22.242437702099945,10.439791397056217,41.28859582,2.18568781,18.057461514188045,10.42292397282795,41.28867295,2.0928939,561,562,4.185010179604073,5.03572885964471,0.9194131856577948,True,LEBL-06R,LEBL-06R,-,-,,
04:31:01:070,16261.07,VLG911N,TAP1041,22.506438224631165,10.395571200636365,41.28783401,2.19153574,18.218250636909776,10.497439603978147,41.28990203,2.09646671,561,562,4.289397388805004,5.295751739612484,1.096629675698205,True,LEBL-06R,LEBL-06R,-,-,,
04:31:05:070,16265.07,VLG911N,TAP1041,22.77070287669999,10.352839007236405,41.28709667,2.19738958,18.37697063173465,10.564311341821876,41.29100381,2.09999298,561,562,4.3988184309815725,5.556849706046012,1.2687744867626565,True,LEBL-06R,LEBL-06R,-,-,,
04:31:09:063,16269.063,VLG911N,TAP1041,23.034848921329083,10.311821912066426,41.28638762,2.20324088,18.533032684322723,10.642430570873074,41.29229308,2.10346161,561,562,4.513939689124349,5.818509642399228,1.4431985061631425,True,LEBL-06R,LEBL-06R,-,-,,
04:31:13:055,16273.055,VLG911N,TAP1041,23.306262475941548,10.269415562883466,41.28565441,2.209253,18.69055293832168,10.699244273781291,41.29322717,2.10696046,561,562,4.635679805205176,6.087870291828228,1.6100901381247674,True,LEBL-06R,LEBL-06R,-,-,,
04:31:17:047,16277.047,VLG911N,TAP1041,23.574295876867048,10.230451139014455,41.28497857,2.2151905,18.856572269383587,10.730889797154026,41.29374116,2.11064519,561,562,4.744191700086253,6.354413460673895,1.7748782372993437,True,LEBL-06R,LEBL-06R,-,-,,
04:31:21:039,16281.039,VLG911N,TAP1041,23.845638286092928,10.190302416296436,41.28428236,2.22120108,19.028158053652877,10.736773550964202,41.29382538,2.11445064,561,562,4.848375654894712,6.624586904542619,1.9361014047620306,True,LEBL-06R,LEBL-06R,-,-,,
04:31:25:031,16285.031,VLG911N,TAP1041,24.117432646292905,10.150370857707973,41.28358941,2.22722158,19.1994808906816,10.71770381164846,41.29349376,2.11824756,561,562,4.950567255491754,6.895541388030015,2.090482945019896,True,LEBL-06R,LEBL-06R,-,-,,
04:31:29:023,16289.023,VLG911N,TAP1041,24.389605934932487,10.11528808626008,41.28297689,2.23325102,19.38468777658313,10.692074655681228,41.29305159,2.12235159,561,562,5.038044116364972,7.167211987369163,2.258845981473978,True,LEBL-06R,LEBL-06R,-,-,,
04:31:33:016,16293.016,VLG911N,TAP1041,24.660601784217945,10.096916987209308,41.2826426,2.23925657,19.569999055084907,10.664469203329636,41.29257634,2.12645766,561,562,5.122143268581994,7.438022500357451,2.4295216716963166,True,LEBL-06R,LEBL-06R,-,-,,
04:31:37:008,16297.008,VLG911N,TAP1041,24.93995229459477,10.13458811401939,41.28324079,2.24545518,19.76169561509788,10.637795982942858,41.29211594,2.13070536,561,562,5.202649363362926,7.717747217809207,2.608921505592424,True,LEBL-06R,LEBL-06R,-,-,,
04:31:40:992,16300.992,VLG911N,TAP1041,25.202006595731465,10.169157274263751,41.28378882,2.25126999,19.955838903571426,10.611278406684384,41.29165777,2.13500727,561,562,5.264764624367997,7.980277629214738,2.7926388830019038,True,LEBL-06R,LEBL-06R,-,-,,
04:31:44:977,16304.977,VLG911N,TAP1041,25.464042804708683,10.236075414147964,41.2848755,2.25708915,20.16035058482125,10.582368172579931,41.29115869,2.13953875,561,562,5.314985403351257,8.24362113257128,2.9876705908234853,True,LEBL-06R,LEBL-06R,-,-,,
04:31:48:961,16308.961,VLG911N,TAP1041,25.729768333339887,10.305060535319642,41.28599592,2.2629906,20.36882973637149,10.556046136143678,41.29070221,2.14415843,561,562,5.366810636894735,8.511162576643866,3.188489761232166,True,LEBL-06R,LEBL-06R,-,-,,
04:31:52:945,16312.945,VLG911N,TAP1041,26.006459685852292,10.374298502522295,41.28711904,2.26913542,20.581815448709232,10.532222125659713,41.29028677,2.14887826,561,562,5.426942506634307,8.790103257106013,3.395260259628949,True,LEBL-06R,LEBL-06R,-,-,,
04:31:56:938,16316.938,VLG911N,TAP1041,26.27863258920005,10.445788103984736,41.28827985,2.2751806,20.801184717423983,10.506510775111469,41.28983913,2.15373935,561,562,5.477784445449907,9.065021986694001,3.60899550421574,True,LEBL-06R,LEBL-06R,-,-,,
04:32:00:922,16320.922,VLG911N,TAP1041,26.561119562580146,10.519260266350186,41.28947221,2.28145498,21.024162621628125,10.481167733332564,41.2893971,2.15868043,561,562,5.537087971761732,9.35072949603393,3.8271689131662407,True,LEBL-06R,LEBL-06R,-,-,,
04:32:04:906,16324.906,VLG911N,TAP1041,26.84312101246841,10.595424216553806,41.29070913,2.28771923,21.258264480009068,10.453658763131353,41.28891777,2.16386783,561,562,5.586655522934795,9.636478093487403,4.05686656762657,True,LEBL-06R,LEBL-06R,-,-,,
04:32:08:898,16328.898,VLG911N,TAP1041,27.131597918288005,10.67434000693767,41.29199081,2.29412772,21.496284424116027,10.427247604287526,41.28845614,2.16914216,561,562,5.640728041046138,9.929235303036382,4.291218806595161,True,LEBL-06R,LEBL-06R,-,-,,
04:32:12:891,16332.891,VLG911N,TAP1041,27.4303933991676,10.754020361174524,41.29328367,2.30076538,21.496284424116027,10.427247604287526,41.28845614,2.16914216,561,562,5.943099339774757,10.232705153025472,4.291218806595161,True,LEBL-06R,LEBL-06R,-,-,,
,16400.875,TAP1041,RYR2VR,26.24510247087282,9.854445805638786,41.27843173,2.27434946,19.9846261591112,10.898049227354816,41.29643305,2.13567799,562,563,6.34686314268283,9.024137569575169,2.8928255873376107,True,LEBL-06R,LEBL-06R,-,-,04:33:20:875,04:33:20:875
04:34:28:781,16468.781,RYR2VR,RYR81RY,24.17203124764088,10.233308840085485,41.28496558,2.2284434,17.635385922619427,10.231237545989885,41.28551135,2.08351621,563,564,6.536645653191249,6.951976402400462,0.45586895095871866,False,LEBL-06R,LEBL-06R,-,-,,
04:34:32:773,16472.773,RYR2VR,RYR81RY,24.4407749999526,10.194396472811036,41.28428955,2.23439639,17.7606890738979,10.287693112793916,41.28644251,2.08630006,563,564,6.680737402600565,7.219665900055665,0.5932893383611243,True,LEBL-06R,LEBL-06R,-,-,,
04:34:36:766,16476.766,RYR2VR,RYR81RY,24.70908617327276,10.155307660639954,41.28361032,2.24033964,17.902195808721796,10.35106555596492,41.28748761,2.08944396,563,564,6.8097046623622965,7.487197847729377,0.7483253270969387,True,LEBL-06R,LEBL-06R,-,-,,
04:34:40:766,16480.766,RYR2VR,RYR81RY,24.973477421991312,10.116514104536126,41.28293612,2.2461959,18.05756157140705,10.422938238538544,41.28867318,2.09289612,563,564,6.922700903712494,7.75106395712002,0.9195100011585258,True,LEBL-06R,LEBL-06R,-,-,,
04:34:44:758,16484.758,RYR2VR,RYR81RY,25.23780187045941,10.077323719802571,41.28225502,2.2520505,18.21751486344533,10.489325376367102,41.2897669,2.09644956,563,564,7.032366246567554,8.015083652149661,1.0925800481212284,True,LEBL-06R,LEBL-06R,-,-,,
04:34:48:758,16488.758,RYR2VR,RYR81RY,25.50154356413704,10.037045870863972,41.28155557,2.2578919,18.378198885751424,10.559645560844922,41.29092598,2.10001973,563,564,7.142489050957858,8.278725516283723,1.267962737376513,True,LEBL-06R,LEBL-06R,-,-,,
04:34:52:750,16492.75,RYR2VR,RYR81RY,25.77313411362284,9.996355255665796,41.28084809,2.26390712,18.53964785934315,10.625498324597826,41.29201046,2.10360652,563,564,7.260795024791599,8.550414189221595,1.4422188477076237,True,LEBL-06R,LEBL-06R,-,-,,
04:34:56:742,16496.742,RYR2VR,RYR81RY,26.029388423861302,9.95898132955489,41.28019725,2.2695827,18.7014901895504,10.68736876765979,41.29302845,2.10720173,563,564,7.364009831091064,8.806918789170423,1.6152509056631807,True,LEBL-06R,LEBL-06R,-,-,,
04:35:00:734,16500.734,RYR2VR,RYR81RY,26.300898091708618,9.917874012897348,41.27948223,2.27559581,18.869414210698395,10.736112880037636,41.29382715,2.11093051,563,564,7.476394018336232,9.07886581009412,1.7887401310237752,True,LEBL-06R,LEBL-06R,-,-,,
04:35:04:734,16504.734,RYR2VR,RYR81RY,26.5606941444584,9.877911380660116,41.27878729,2.28134928,19.04141341097355,10.76733165187447,41.29433342,2.11474786,563,564,7.571700678698508,9.339236629577412,1.959644607341619,True,LEBL-06R,LEBL-06R,-,-,,
04:35:08:727,16508.727,RYR2VR,RYR81RY,26.820740669197956,9.839607444202372,41.27811967,2.28710843,19.22226792327755,10.78177289561897,41.29455932,2.11875981,563,564,7.656661400920003,9.599958779619922,2.1335441909380832,True,LEBL-06R,LEBL-06R,-,-,,
04:35:12:719,16512.719,RYR2VR,RYR81RY,27.080964917767037,9.79973128631122,41.27742555,2.29287116,19.39889624409074,10.779142609465133,41.29450101,2.1226762,563,564,7.744251135326179,9.86100946783247,2.2990471921607316,True,LEBL-06R,LEBL-06R,-,-,,
04:35:16:719,16516.719,RYR2VR,RYR81RY,27.344244690857582,9.756803601826116,41.27667995,2.29870103,19.591886230045315,10.763724152863205,41.29422815,2.12695398,563,564,7.817477259386712,10.125313145935854,2.4779321855557597,True,LEBL-06R,LEBL-06R,-,-,,
04:35:20:711,16520.711,RYR2VR,RYR81RY,27.597981957314968,9.70356354707469,41.27576337,2.30431762,19.591886230045315,10.763724152863205,41.29422815,2.12695398,563,564,8.075983488360489,10.380530767463787,2.4779321855557597,True,LEBL-06R,LEBL-06R,-,-,,
04:35:52:695,16552.695,RYR81RY,KLM73T,21.59397876973853,10.51942324853797,41.28998288,2.17131954,17.726520626839424,10.275646967538176,41.28624439,2.08554127,564,565,3.8751334637989823,4.397666443877755,0.5572399122342705,True,LEBL-06R,LEBL-06R,-,-,,
04:35:56:688,16556.688,RYR81RY,KLM73T,21.842984061926632,10.481606476341366,41.28932987,2.17683607,17.858362325844833,10.334834426621134,41.28722052,2.08847043,564,565,3.987323966551327,4.641478748712758,0.7017347954281374,True,LEBL-06R,LEBL-06R,-,-,,
04:36:00:688,16560.688,RYR81RY,KLM73T,22.084456531962637,10.446300813088726,41.28871914,2.18218578,18.008408999481322,10.406805785953862,41.28840817,2.09180463,564,565,4.07623887232034,4.878810768433595,0.8681436149324024,True,LEBL-06R,LEBL-06R,-,-,,
04:36:04:680,16564.68,RYR81RY,KLM73T,22.329814262801342,10.410724170604755,41.28810328,2.1876215,18.167053339592933,10.476659534733464,41.28955978,2.09532937,564,565,4.163283076615583,5.120629006941293,1.041441330167124,True,LEBL-06R,LEBL-06R,-,-,,
04:36:08:672,16568.672,RYR81RY,KLM73T,22.575182763989453,10.37542099231658,41.28749172,2.19305739,18.330822817713507,10.54452754324936,41.2906778,2.09896767,564,565,4.247727437009104,5.363032789622337,1.2185789572684937,True,LEBL-06R,LEBL-06R,-,-,,
04:36:12:664,16572.664,RYR81RY,KLM73T,22.82115393064667,10.341364092795974,41.28690061,2.1985067,18.495481241111264,10.608518380759303,41.29173104,2.1026254,564,565,4.333914585056985,5.6065861083096795,1.394969492111356,True,LEBL-06R,LEBL-06R,-,-,,
04:36:16:656,16576.656,RYR81RY,KLM73T,23.0706280022372,10.30711148461886,41.28630564,2.20403355,18.65495223998035,10.672879843000828,41.29279075,2.10616826,564,565,4.430798904190536,5.85403014908386,1.5668265463008084,True,LEBL-06R,LEBL-06R,-,-,,
04:36:20:648,16580.648,RYR81RY,KLM73T,23.32077392006874,10.274498711666132,41.28573766,2.20957541,18.812683343422165,10.740407465814195,41.29390324,2.10967299,564,565,4.532102339360998,6.10256665650158,1.7383913518180212,True,LEBL-06R,LEBL-06R,-,-,,
04:36:24:641,16584.641,RYR81RY,KLM73T,23.56691672088593,10.24190060623053,41.28517006,2.21502842,18.97856318211113,10.803498427422252,41.29494105,2.11335806,564,565,4.622594543062859,6.347396426223652,1.9156386101160392,True,LEBL-06R,LEBL-06R,-,-,,
04:36:28:633,16588.633,RYR81RY,KLM73T,23.81658937604896,10.209267903165328,41.28460127,2.22055959,19.151787520919147,10.859272959549576,41.29585625,2.11720532,564,565,4.709870796629949,6.596012929157017,2.096790616189581,True,LEBL-06R,LEBL-06R,-,-,,
04:36:32:625,16592.625,RYR81RY,KLM73T,24.074346157619303,10.175205471937495,41.28400757,2.2262697,19.33855711105646,10.884599946272498,41.29626294,2.12134973,564,565,4.788625942142655,6.8529154343079295,2.2790866839057218,True,LEBL-06R,LEBL-06R,-,-,,
04:36:36:617,16596.617,RYR81RY,KLM73T,24.32503005234259,10.143949159867908,41.28346107,2.23182328,19.53508313068412,10.881555998116545,41.296196,2.12570741,564,565,4.846406437778057,7.103012403288498,2.461565609549308,True,LEBL-06R,LEBL-06R,-,-,,
04:36:40:617,16600.617,RYR81RY,KLM73T,24.575262354203424,10.112594352134067,41.28291271,2.23736674,19.72742216596289,10.865753259208043,41.29591668,2.12997081,564,565,4.90599661944695,7.352829627572682,2.6380569456670044,True,LEBL-06R,LEBL-06R,-,-,,
04:36:44:609,16604.609,RYR81RY,KLM73T,24.8332430443005,10.08024629016156,41.28234672,2.24308175,19.9322278776844,10.836003221269856,41.29540378,2.13450905,564,565,4.958943254597621,7.610546056420843,2.824676524965385,True,LEBL-06R,LEBL-06R,-,-,,
04:36:48:602,16608.602,RYR81RY,KLM73T,25.09074135471738,10.047580132910792,41.2817752,2.24878592,20.142922902107973,10.79701461089681,41.29473628,2.13917676,564,565,5.004254137908698,7.86792999298607,3.0173082654295937,True,LEBL-06R,LEBL-06R,-,-,,
04:36:52:594,16612.594,RYR81RY,KLM73T,25.34802596969365,10.013719379640635,41.28118352,2.25448508,20.35344317882902,10.75760121315138,41.29406153,2.14384045,564,565,5.049674983306195,8.12524219085193,3.2124164725877122,True,LEBL-06R,LEBL-06R,-,-,,
04:36:56:586,16616.586,RYR81RY,KLM73T,25.601649322807777,9.981818521213675,41.28062461,2.26010325,20.57683446193798,10.718896217680028,41.29339727,2.14878953,564,565,5.078587196912749,8.379015085581337,3.4225681955985516,True,LEBL-06R,LEBL-06R,-,-,,
04:37:00:586,16620.586,RYR81RY,KLM73T,25.85882214560137,9.950040235875182,41.28006708,2.26580003,20.803441739635076,10.680872208205,41.29274386,2.1538099,564,565,5.10793367427646,8.636445122171375,3.6379975570548764,True,LEBL-06R,LEBL-06R,-,-,,
04:37:04:578,16624.578,RYR81RY,KLM73T,26.116261268433465,9.917415596059143,41.27949514,2.27150249,21.038055991380155,10.64332374807358,41.29209744,2.15900777,564,565,5.129825677452705,8.894251466879595,3.8630663751037813,True,LEBL-06R,LEBL-06R,-,-,,
04:37:08:578,16628.578,RYR81RY,KLM73T,26.36914047109601,9.883786164654843,41.27890669,2.27710361,21.27586915676086,10.605714196193787,41.29144948,2.16427646,564,565,5.144180475464582,9.147610957907455,4.092712537594018,True,LEBL-06R,LEBL-06R,-,-,,
04:37:12:570,16632.57,RYR81RY,KLM73T,26.61850220771975,9.850358599861128,41.27832173,2.28262668,21.51335862019254,10.568459375469564,41.29080722,2.16953791,564,565,5.155401029328331,9.397544098460278,4.323291344894794,True,LEBL-06R,LEBL-06R,-,-,,
04:37:16:563,16636.563,RYR81RY,KLM73T,26.87577673016165,9.816899584336165,41.27773508,2.28832506,21.7543651541407,10.530881260959724,41.29015901,2.1748772,564,565,5.170940568751065,9.65547493000525,4.558346461191273,True,LEBL-06R,LEBL-06R,-,-,,
04:37:20:555,16640.555,RYR81RY,KLM73T,27.12485623615004,9.78176988739845,41.27712126,2.29384141,21.996289018755693,10.494326635919863,41.28952752,2.18023685,564,565,5.177831478833143,9.90533521588711,4.795297769029484,True,LEBL-06R,LEBL-06R,-,-,,
04:37:24:547,16644.547,RYR81RY,KLM73T,27.37754809869257,9.747196154250451,41.27651602,2.29943782,22.238234694911867,10.460088286854642,41.28893437,2.18559717,564,565,5.18852170227792,10.158873648347349,5.033203516851635,True,LEBL-06R,LEBL-06R,-,-,,
04:37:28:547,16648.547,RYR81RY,KLM73T,27.63484252348084,9.714006578806211,41.27593303,2.30513637,22.238234694911867,10.460088286854642,41.28893437,2.18559717,564,565,5.447936670929317,10.417042994923522,5.033203516851635,True,LEBL-06R,LEBL-06R,-,-,,
04:37:40:539,16660.539,KLM73T,AFR32SN,23.213448028202546,10.32157500414353,41.28653257,2.20720201,17.695785975897937,10.255718886437656,41.28591469,2.08485783,565,566,5.518055051526905,5.997370153987282,0.5209577704613658,True,LEBL-06R,LEBL-06R,-,OLOXO1R,,
04:37:44:531,16664.531,KLM73T,AFR32SN,23.458878396686444,10.282854402722323,41.28586315,2.2126385,17.835737789724398,10.317646169625604,41.28693587,2.08796706,565,566,5.623248238581482,6.240892248910998,0.6739834643510136,True,LEBL-06R,LEBL-06R,-,OLOXO1R,,
04:37:48:531,16668.531,KLM73T,AFR32SN,23.708136628165448,10.243342720398177,41.28517991,2.21815964,17.985440307649398,10.384349325227708,41.28803579,2.09129307,565,566,5.724433250502051,6.488590189245625,0.8378678196282057,True,LEBL-06R,LEBL-06R,-,OLOXO1R,,
04:37:52:523,16672.523,KLM73T,AFR32SN,23.962127449141235,10.203907539960332,41.2844972,2.2237856,18.147071395762826,10.459897658471336,41.28928206,2.09488459,565,566,5.820687918511708,6.741368018327263,1.0162758677554449,True,LEBL-06R,LEBL-06R,-,OLOXO1R,,
04:37:56:516,16676.516,KLM73T,AFR32SN,24.22431814515688,10.164042982877591,41.28380622,2.22959318,18.3039113741696,10.53146827030944,41.29046232,2.0983696,565,566,5.931797170824065,7.002646815265843,1.1886740051796214,True,LEBL-06R,LEBL-06R,-,OLOXO1R,,
04:38:00:508,16680.508,KLM73T,AFR32SN,24.482690268355267,10.125292693695826,41.28313391,2.23531613,18.461496337519996,10.60155715121224,41.29161773,2.1018711,565,566,6.040000346541455,7.260405215642638,1.3611348758003945,True,LEBL-06R,LEBL-06R,-,OLOXO1R,,
04:38:04:500,16684.5,KLM73T,AFR32SN,24.7561442925932,10.08632017504265,41.28245603,2.2413733,18.61606907427301,10.675256857401983,41.29283343,2.10530631,565,566,6.168255028973602,7.533485602227408,1.5323552550963868,True,LEBL-06R,LEBL-06R,-,OLOXO1R,,
04:38:08:492,16688.492,KLM73T,AFR32SN,25.03385681650576,10.04922933799545,41.28180873,2.24752502,18.773937879628388,10.735989641378962,41.29383273,2.10881336,565,566,6.297477654631206,7.811047844032889,1.7012092301270343,True,LEBL-06R,LEBL-06R,-,OLOXO1R,,
04:38:12:492,16692.492,KLM73T,AFR32SN,25.31508204165979,10.013729965524936,41.28118724,2.25375472,18.937728000193097,10.778034627030443,41.2945201,2.11244982,565,566,6.422990439492387,8.092298371481112,1.8680404700823598,True,LEBL-06R,LEBL-06R,-,OLOXO1R,,
04:38:16:477,16696.477,KLM73T,AFR32SN,25.598439321380347,9.98938572292308,41.28075103,2.26003318,19.10718466404309,10.791927566384135,41.29473787,2.11620897,565,566,6.540677368354788,8.375758430011013,2.029845076237765,True,LEBL-06R,LEBL-06R,-,OLOXO1R,,
04:38:20:477,16700.477,KLM73T,AFR32SN,25.89220400446744,10.03099119750932,41.28141207,2.26655193,19.290364685552028,10.776867868154342,41.29447203,2.1202693,565,566,6.643840335272216,8.669388261715099,2.1958326526093637,True,LEBL-06R,LEBL-06R,-,OLOXO1R,,
04:38:24:461,16704.461,KLM73T,AFR32SN,26.172347764903627,10.069129921664628,41.2820165,2.27276832,19.46608859243184,10.759261759865334,41.29416424,2.12416398,565,566,6.7416759075514925,8.949586246620147,2.3565787717594247,True,LEBL-06R,LEBL-06R,-,OLOXO1R,,
04:38:28:445,16708.445,KLM73T,AFR32SN,26.451596936851946,10.174637393305648,41.28374307,2.27897506,19.647517186321,10.738045718996805,41.2937957,2.12818472,565,566,6.827366270608555,9.229800427628,2.5239222025134618,True,LEBL-06R,LEBL-06R,-,OLOXO1R,,
04:38:32:422,16712.422,KLM73T,AFR32SN,26.711447422622303,10.309264825358596,41.28595665,2.28475643,19.8309099686894,10.71425621350184,41.29338398,2.13224868,565,566,6.892446131776705,9.492525567420527,2.6945105145066517,True,LEBL-06R,LEBL-06R,-,OLOXO1R,,
04:38:36:406,16716.406,KLM73T,AFR32SN,26.95504570420221,10.475563027887883,41.28869944,2.29018267,20.01303584934724,10.689001849656504,41.29294782,2.13628433,565,566,6.945290271510723,9.742089742810267,2.8653106966572772,True,LEBL-06R,LEBL-06R,-,OLOXO1R,,
04:38:40:383,16720.383,KLM73T,AFR32SN,27.18007256125504,10.661603074383056,41.29177302,2.29520061,20.197042841727463,10.66026869587293,41.2924534,2.14036124,565,566,6.983029847019947,9.976805474631005,3.0387627318787036,True,LEBL-06R,LEBL-06R,-,OLOXO1R,,
04:38:44:359,16724.359,KLM73T,AFR32SN,27.367111435455648,10.891442380190243,41.2955805,2.29938344,20.37698098353639,10.630008042215072,41.29193374,2.14434769,565,566,6.995017630279528,10.18018734266655,3.2093649901323547,True,LEBL-06R,LEBL-06R,-,OLOXO1R,,
04:38:48:336,16728.336,KLM73T,AFR32SN,27.52416463498593,11.143259057030845,41.29975748,2.30290522,20.55241909315429,10.598850306358528,41.29139939,2.14823419,565,566,6.992969096732657,10.360542648517399,3.3766196211046333,True,LEBL-06R,LEBL-06R,-,OLOXO1R,,
04:38:52:313,16732.313,KLM73T,AFR32SN,27.646342297954945,11.41271249943389,41.30423228,2.30565676,20.734931282930024,10.563920944307608,41.29080145,2.15227704,565,566,6.963336077101371,10.513874828794147,3.551372769195604,True,LEBL-06R,LEBL-06R,-,OLOXO1R,,
04:38:56:289,16736.289,KLM73T,AFR32SN,27.72123003370764,11.695978121719294,41.3089427,2.307362,20.910492804373455,10.531299067630506,41.29024243,2.15616597,565,566,6.909603382689332,10.628631282174096,3.7206129874934852,True,LEBL-06R,LEBL-06R,-,OLOXO1R,,
04:39:00:266,16740.266,KLM73T,AFR32SN,27.75883483091915,11.990473910620976,41.31384459,2.30824229,21.094669331358578,10.49831658559431,41.2896765,2.16024581,565,566,6.829175300734645,10.715524352826925,3.8991987311365737,True,LEBL-06R,LEBL-06R,-,OLOXO1R,,
04:39:04:242,16744.242,KLM73T,AFR32SN,27.751911474076863,12.288079010263104,41.31880353,2.30813546,21.282920318348943,10.465910433780865,41.28911966,2.16441599,565,566,6.720725027406297,10.766973909624202,4.0826609823353595,True,LEBL-06R,LEBL-06R,-,OLOXO1R,,
04:39:08:211,16748.211,KLM73T,AFR32SN,27.700199923164124,12.583333143421966,41.32372858,2.30703466,21.282920318348943,10.465910433780865,41.28911966,2.16441599,565,566,6.757585105470797,10.782287184122147,4.0826609823353595,True,LEBL-06R,LEBL-06R,-,OLOXO1R,,
04:40:00:352,16800.352,AFR32SN,VLG8SJ,24.27179292943916,10.146739438135288,41.28351305,2.23064336,17.67886046875167,10.249809017677984,41.2858175,2.08448197,566,567,6.593738072551407,7.049824080457878,0.5031168146989343,True,LEBL-06R,LEBL-06R,OLOXO1R,-,,
04:40:04:344,16804.344,AFR32SN,VLG8SJ,24.528627926371662,10.122890594905767,41.28308911,2.23633426,17.813549289420546,10.310169820222317,41.28681299,2.08747434,566,567,6.717689677908054,7.306310994399386,0.6507002028894745,True,LEBL-06R,LEBL-06R,OLOXO1R,-,,
04:40:08:336,16808.336,AFR32SN,VLG8SJ,24.78107719123069,10.097104083475076,41.28263307,2.24192758,17.961288289289165,10.376681865952786,41.28790989,2.09075678,566,567,6.825517152824388,7.558495579163552,0.8127147001324894,True,LEBL-06R,LEBL-06R,OLOXO1R,-,,
04:40:12:336,16812.336,AFR32SN,VLG8SJ,25.04453545512668,10.06890047186136,41.28213532,2.24776455,18.12614248472701,10.448437477883228,41.28909274,2.09441936,566,567,6.928795684086495,7.821781158634214,0.9924782696888548,True,LEBL-06R,LEBL-06R,OLOXO1R,-,,
04:40:16:328,16816.328,AFR32SN,VLG8SJ,25.3115793288756,10.038652433184009,41.28160283,2.25368063,18.29312876413976,10.525922929719794,41.29037077,2.09812994,566,567,7.035345113527485,8.088761386348786,1.1765621288088555,True,LEBL-06R,LEBL-06R,OLOXO1R,-,,
04:40:20:320,16820.32,AFR32SN,VLG8SJ,25.580984838465252,10.021003200963452,41.28127968,2.25965079,18.459391512103025,10.596495767590838,41.29153357,2.1018239,566,567,7.144808129007411,8.358182711693056,1.3571264301340888,True,LEBL-06R,LEBL-06R,OLOXO1R,-,,
04:40:24:305,16824.305,AFR32SN,VLG8SJ,25.86621301681246,10.059638170553882,41.28189219,2.2659799,18.621891007552595,10.67063696451326,41.292756,2.10543492,566,567,7.270042702767756,8.643423779931167,1.5357396555222207,True,LEBL-06R,LEBL-06R,OLOXO1R,-,,
04:40:28:297,16828.297,AFR32SN,VLG8SJ,26.14023265803911,10.080395891768164,41.28220776,2.27205799,18.782673403256176,10.739703631558266,41.29389391,2.10900746,566,567,7.387040333136753,8.917518647849729,1.710699372918239,True,LEBL-06R,LEBL-06R,OLOXO1R,-,,
04:40:32:281,16832.281,AFR32SN,VLG8SJ,26.42482401527939,10.156909716797747,41.28345073,2.27837884,18.951051640990528,10.792802662296255,41.29476507,2.11274685,566,567,7.5007755159595435,9.202783034967295,1.88614588991314,True,LEBL-06R,LEBL-06R,OLOXO1R,-,,
04:40:36:266,16836.266,AFR32SN,VLG8SJ,26.69903689111267,10.260875830939042,41.28515189,2.28447397,19.12629879753464,10.81105743281879,41.29505503,2.11663489,566,567,7.5926979413759605,9.478855466981063,2.0547285739859507,True,LEBL-06R,LEBL-06R,OLOXO1R,-,,
04:40:40:242,16840.242,AFR32SN,VLG8SJ,26.962734570608973,10.407453728289472,41.28756385,2.29034277,19.310272361844948,10.805573715482538,41.29494865,2.12071388,566,567,7.662811323578585,9.746946866264992,2.224338150856851,True,LEBL-06R,LEBL-06R,OLOXO1R,-,,
04:40:44:227,16844.227,AFR32SN,VLG8SJ,27.20134979550008,10.587030199266238,41.29052817,2.29566093,19.49460531257272,10.784253884584516,41.29457826,2.12479908,566,567,7.7092676505088225,9.993661877768696,2.391428130056415,True,LEBL-06R,LEBL-06R,OLOXO1R,-,,
04:40:48:203,16848.203,AFR32SN,VLG8SJ,27.41997575385264,10.795040901740434,41.29396829,2.30054074,19.68417118884379,10.759781165935124,41.29415476,2.12899992,566,567,7.735884921389459,10.225271002997161,2.565192056418297,True,LEBL-06R,LEBL-06R,OLOXO1R,-,,
04:40:52:188,16852.188,AFR32SN,VLG8SJ,27.603242777767143,11.028921147195472,41.29784334,2.30464101,19.87983479299232,10.732298748338934,41.29368045,2.13333558,566,567,7.729101871937444,10.427679105773752,2.7464038804266813,True,LEBL-06R,LEBL-06R,OLOXO1R,-,,
04:40:56:164,16856.164,AFR32SN,VLG8SJ,27.78021020873084,11.279395174054,41.30199544,2.30860467,20.07842767597883,10.703488154982962,41.2931836,2.13773598,566,567,7.723284474653206,10.63020608488629,2.9322836069515197,True,LEBL-06R,LEBL-06R,OLOXO1R,-,,
04:41:00:141,16860.141,AFR32SN,VLG8SJ,27.91449430652369,11.55065791624191,41.30649881,2.31162548,20.283376254658705,10.669936657203234,41.29260705,2.1422767,566,567,7.681772754880367,10.798246831388928,3.125255369050985,True,LEBL-06R,LEBL-06R,OLOXO1R,-,,
04:41:04:109,16864.109,AFR32SN,VLG8SJ,28.020626491347368,11.837472641167787,41.31126455,2.31402477,20.283376254658705,10.669936657203234,41.29260705,2.1422767,566,567,7.824843864192489,10.946836019049616,3.125255369050985,True,LEBL-06R,LEBL-06R,OLOXO1R,-,,
05:08:59:313,18539.313,VLG1265,VLG73QE,13.22240337145248,2.4909793858728437,41.15684282,1.98509538,18.20375930957077,10.490622822220748,41.28978958,2.09614469,572,573,9.423810380675667,9.720588616126777,0.35332119744990387,False,LEBL-24L,LEBL-24L,OLOXO1C,GRAUS1C,,
05:12:03:070,18723.07,VLG73QE,VLG6001,13.008134491195545,2.332677423949691,41.1542173,1.98034239,16.25361158608734,7.391206714725852,41.2382943,2.05261923,573,574,6.010144770228723,9.970581666373766,3.96234602060654,True,LEBL-24L,LEBL-24L,GRAUS1C,-,,
05:12:07:070,18727.07,VLG73QE,VLG6001,12.788581016823576,2.1636585956171026,41.15141332,1.97547208,16.247841819526013,7.142454735733848,41.23415035,2.0524686,573,574,6.062581653549494,10.233240802809545,4.171760424618698,True,LEBL-24L,LEBL-24L,GRAUS1C,-,,
05:12:11:070,18731.07,VLG73QE,VLG6001,12.56472863119234,1.98911220654374,41.14851727,1.97050668,16.240962942886554,6.880272488053286,41.22978272,2.05229219,573,574,6.118672046604098,10.50363211644117,4.397342862771133,True,LEBL-24L,LEBL-24L,GRAUS1C,-,,
05:15:06:758,18906.758,VLG4SW,VLG4VF,16.425872592172034,6.85329489371872,41.22932045,2.05638597,18.206896430277794,10.489361908504566,41.28976833,2.09621412,575,576,4.048830602521502,4.327776710589567,0.3510043412630469,False,LEBL-24L,LEBL-24L,DIPES1C,-,,
05:15:10:742,18910.742,VLG4SW,VLG4VF,16.436989666074947,6.607566323704032,41.2252257,2.05660947,18.086343057834416,10.438151426817624,41.28892443,2.09353584,575,576,4.170581355531173,4.539107212860871,0.48192379573021804,False,LEBL-24L,LEBL-24L,DIPES1C,-,,
05:15:14:727,18914.727,VLG4SW,VLG4VF,16.445809964106324,6.356988606489371,41.22105032,2.05678162,17.948539405069535,10.371108670111717,41.28781801,2.09047354,575,576,4.286181944098159,4.759137460502464,0.6351334926618768,True,LEBL-24L,LEBL-24L,DIPES1C,-,,
05:15:18:711,18918.711,VLG4SW,VLG4VF,16.452703019548856,6.104971325242086,41.21685109,2.05691093,17.79701101952961,10.298425836275358,41.28661858,2.08710647,575,576,4.403660379152502,4.984180066804769,0.8031796345520054,True,LEBL-24L,LEBL-24L,DIPES1C,-,,
05:15:22:688,18922.688,VLG4SW,VLG4VF,16.45690784796628,5.843701225026838,41.21249789,2.05697983,17.632515247478604,10.223287306273775,41.28537911,2.08345177,575,576,4.534625342940696,5.2212622577643755,0.9840191998198786,True,LEBL-24L,LEBL-24L,DIPES1C,-,,
05:15:26:672,18926.672,VLG4SW,VLG4VF,16.45961902287415,5.581200439614683,41.20812429,2.05701553,17.463183833740786,10.142311442969516,41.28404263,2.07968942,575,576,4.670211549227114,5.462259616611117,1.1717067150762446,True,LEBL-24L,LEBL-24L,DIPES1C,-,,
05:15:30:656,18930.656,VLG4SW,VLG4VF,16.459762832525357,5.31218073716681,41.20364226,2.05699377,17.463183833740786,10.142311442969516,41.28404263,2.07968942,575,576,4.9332561600649045,5.7121624857140825,1.1717067150762446,True,LEBL-24L,LEBL-24L,DIPES1C,-,,
05:15:34:648,18934.648,VLG4SW,VLG4VF,16.459226724149833,5.040582662119487,41.19911732,2.05695672,17.463183833740786,10.142311442969516,41.28404263,2.07968942,575,576,5.19957367783665,5.966383310893343,1.1717067150762446,True,LEBL-24L,LEBL-24L,DIPES1C,-,,
05:15:46:602,18946.602,VLG4SW,VLG4VF,16.460579289739364,4.212238363088915,41.18531654,2.0569099,16.51642461644225,9.307205892601065,41.27019763,2.05862067,575,576,5.0952735772770525,6.749179925147122,2.409329095360233,True,LEBL-24L,LEBL-24L,DIPES1C,-,,
05:15:50:594,18950.594,VLG4SW,VLG4VF,16.45953759432338,3.933202713275155,41.18066772,2.05686099,16.51642461644225,9.307205892601065,41.27019763,2.05862067,575,576,5.374304262385089,7.015668899368135,2.409329095360233,True,LEBL-24L,LEBL-24L,DIPES1C,-,,
05:15:54:586,18954.586,VLG4SW,VLG4VF,16.456820574719835,3.643849497979216,41.17584712,2.05677405,16.51642461644225,9.307205892601065,41.27019763,2.05862067,575,576,5.66367003755461,7.293466888751728,2.409329095360233,True,LEBL-24L,LEBL-24L,DIPES1C,-,,
05:15:58:570,18958.57,VLG4SW,VLG4VF,16.458648080852342,3.365857657537702,41.17121549,2.05678876,16.49307957227465,9.114601386323388,41.26699037,2.05808525,575,576,5.748846839745716,7.559960409876513,2.5394697788538454,True,LEBL-24L,LEBL-24L,DIPES1C,-,,
05:16:02:563,18962.563,VLG4SW,VLG4VF,16.46284863265522,3.0835655790957244,41.16651205,2.05685559,16.477856297949213,8.915579966314967,41.26367563,2.0577293,575,576,5.832033696983396,7.8307770934574155,2.6752526041817144,True,LEBL-24L,LEBL-24L,DIPES1C,-,,
05:16:06:547,18966.547,VLG4SW,VLG4VF,16.48584166066208,2.809503172940905,41.16194441,2.05733905,16.470702236202417,8.710790148890712,41.26026422,2.05755169,575,576,5.901306395594775,8.089662629793269,2.8166846768136558,True,LEBL-24L,LEBL-24L,DIPES1C,-,,
05:16:10:531,18970.531,VLG4SW,VLG4VF,16.58097733994582,2.524128705300011,41.15718325,2.05941779,16.4681881611542,8.504486863479508,41.25682727,2.05747679,575,576,5.981421662026224,8.34345546262245,2.9634062697708954,True,LEBL-24L,LEBL-24L,DIPES1C,-,,
05:16:14:516,18974.516,VLG4SW,VLG4VF,16.65903059007418,2.2650103519968137,41.1528607,2.06112071,16.46876839149667,8.292363634204179,41.25329314,2.05746993,575,576,6.030355486432242,8.57834005531588,3.1192162879501306,True,LEBL-24L,LEBL-24L,DIPES1C,-,,
05:16:18:500,18978.5,VLG4SW,VLG4VF,16.805722125165868,2.0068875583222514,41.14854984,2.06434215,16.47340108984749,8.082363592857435,41.2497941,2.05755307,575,576,6.084558021477521,8.80063392142844,3.277153765716376,True,LEBL-24L,LEBL-24L,DIPES1C,-,,
05:16:22:477,18982.477,VLG4SW,VLG4VF,16.972635799811812,1.7686782897842737,41.14456921,2.06801246,16.47771971268299,7.863303727556463,41.24614414,2.0576284,575,576,6.1146873313390895,9.004102690054403,3.4481424109170993,True,LEBL-24L,LEBL-24L,DIPES1C,-,,
05:16:26:461,18986.461,VLG4SW,VLG4VF,17.176159617260303,1.5535729046216866,41.14097073,2.07249447,16.484312398370086,7.6422102748115215,41.24246014,2.05775392,575,576,6.127818339340545,9.183974222982052,3.624712582041856,True,LEBL-24L,LEBL-24L,DIPES1C,-,,
05:16:30:438,18990.438,VLG4SW,VLG4VF,17.40812323491867,1.368504087130641,41.13787041,2.07760806,16.493338801569386,7.4231822168948,41.23881038,2.05793354,575,576,6.123394305002951,9.336498601884864,3.802902816083901,True,LEBL-24L,LEBL-24L,DIPES1C,-,,
05:16:34:414,18994.414,VLG4SW,VLG4VF,17.66214973612734,1.223820075961435,41.13544105,2.08321322,16.49791150774221,7.191790152919941,41.23495494,2.05801332,575,576,6.080470170299781,9.453601471707751,3.998100486562053,True,LEBL-24L,LEBL-24L,DIPES1C,-,,
05:16:38:391,18998.391,VLG4SW,VLG4VF,17.946948755943072,1.116377084316261,41.13362954,2.08950241,16.50056670161854,6.951562015995508,41.23095242,2.05804979,575,576,6.011772137562152,9.539118947013428,4.205650950610947,True,LEBL-24L,LEBL-24L,DIPES1C,-,,
05:16:42:367,19002.367,VLG4SW,VLG4VF,18.243735014550943,1.0445972076739838,41.13241093,2.09606006,16.502170298486288,6.705513346907756,41.226853,2.05806242,575,576,5.922754358883943,9.59749412086532,4.422173983928212,True,LEBL-24L,LEBL-24L,DIPES1C,-,,
05:16:42:617,19002.617,VLG4VF,DLH03K,16.502170298486288,6.705513346907756,41.226853,2.05806242,18.23690102647694,10.494741834590355,41.28985564,2.09687997,576,577,4.167438449515522,4.422173983928212,0.32163922366118347,False,LEBL-24L,LEBL-24L,-,-,,
05:16:46:344,19006.344,VLG4SW,VLG4VF,18.54217797080076,1.009207644298102,41.1317981,2.1026579,16.502908826614416,6.44970808689971,41.22259109,2.05805498,575,576,5.810134568870053,9.628780200208483,4.650802009672582,True,LEBL-24L,LEBL-24L,DIPES1C,-,,
05:16:46:602,19006.602,VLG4VF,DLH03K,16.502908826614416,6.44970808689971,41.22259109,2.05805498,18.118607640102372,10.443450831040105,41.28901024,2.09425178,576,577,4.308185669429816,4.650802009672582,0.4504473263216785,False,LEBL-24L,LEBL-24L,-,-,,
05:16:50:320,19010.32,VLG4SW,VLG4VF,18.84429300873401,0.9871435379247308,41.13140661,2.10933825,16.504702828584616,6.195303989285503,41.21835245,2.05807105,575,576,5.709519900847173,9.656112852745373,4.880415176181487,True,LEBL-24L,LEBL-24L,DIPES1C,-,,
05:16:50:586,19010.586,VLG4VF,DLH03K,16.504702828584616,6.195303989285503,41.21835245,2.05807105,17.97884493229839,10.37929342931274,41.28795206,2.09114632,576,577,4.436086403148738,4.880415176181487,0.6042171873404989,True,LEBL-24L,LEBL-24L,-,-,,
05:16:54:297,19014.297,VLG4SW,VLG4VF,19.146097521834346,0.970193957002368,41.13109997,2.1160122,16.50267160455401,5.928324243073952,41.21390456,2.05800123,575,576,5.618786035596094,9.687715886339285,5.125441096163219,True,LEBL-24L,LEBL-24L,DIPES1C,-,,
05:16:54:563,19014.563,VLG4VF,DLH03K,16.50267160455401,5.928324243073952,41.21390456,2.05800123,17.831644162847873,10.31094468498011,41.28682453,2.08787562,576,577,4.579686670342399,5.125441096163219,0.7665082290775932,True,LEBL-24L,LEBL-24L,-,-,,
05:16:58:273,19018.273,VLG4SW,VLG4VF,19.449223832779747,0.9623697856958264,41.13094487,2.12271632,16.50267160455401,5.928324243073952,41.21390456,2.05800123,575,576,5.7743288533314185,9.719654322268969,5.125441096163219,True,LEBL-24L,LEBL-24L,DIPES1C,-,,
05:16:58:555,19018.555,VLG4VF,DLH03K,16.500470553431924,5.655002482572737,41.20935102,2.05792707,17.67843693587031,10.23990524522248,41.28565253,2.08447159,576,577,4.733807995800867,5.378499481640044,0.9353810690507094,True,LEBL-24L,LEBL-24L,-,-,,
05:17:02:539,19022.539,VLG4VF,DLH03K,16.500173645335696,5.383105254517073,41.20482108,2.05789522,17.526855908034584,10.168090405069226,41.28446739,2.08110366,576,577,4.893890002804018,5.631438392690228,1.103112951622316,True,LEBL-24L,LEBL-24L,-,-,,
05:17:06:523,19026.523,VLG4VF,DLH03K,16.499540644063146,5.112677172078593,41.20031564,2.05785607,17.38123450681544,10.100221308373769,41.28334745,2.07786837,576,577,5.064877153407322,5.884804216153554,1.2637724236999481,True,LEBL-24L,LEBL-24L,-,-,,
05:17:10:508,19030.508,VLG4VF,DLH03K,16.495780737824855,4.836192974896207,41.19570952,2.05774713,17.235653109543016,10.018003533023254,41.28198836,2.07463268,576,577,5.23436450648489,6.146374714792181,1.4305556046513757,True,LEBL-24L,LEBL-24L,-,-,,
05:17:14:500,19034.5,VLG4VF,DLH03K,16.49154595726608,4.564955130660724,41.19119084,2.05762818,17.11455029877838,9.903666017937264,41.28009227,2.07193671,576,577,5.374938915696459,6.404375061983473,1.5900502352084813,True,LEBL-24L,LEBL-24L,-,-,,
05:17:18:484,19038.484,VLG4VF,DLH03K,16.486815151418135,4.290631301787816,41.18662078,2.05749798,17.009316518946623,9.772775528054297,41.27791919,2.06959111,576,577,5.506987651761718,6.666519424243156,1.7451430011518683,True,LEBL-24L,LEBL-24L,-,-,,
05:17:22:477,19042.477,VLG4VF,DLH03K,16.479729250998105,4.013663265501721,41.18200683,2.05731542,16.938802167696604,9.623589840914098,41.27543876,2.06801359,576,577,5.628678719234569,6.9328311001622,1.8827219263492851,True,LEBL-24L,LEBL-24L,-,-,,
05:17:26:461,19046.461,VLG4VF,DLH03K,16.472133246677668,3.7378209390687855,41.17741167,2.0571217,16.90019672376262,9.462465107858318,41.27275711,2.06714239,576,577,5.740626202747402,7.199020313341995,2.0053530270728923,True,LEBL-24L,LEBL-24L,-,-,,
05:17:30:453,19050.453,VLG4VF,DLH03K,16.464705439306424,3.462182225369022,41.17281989,2.05693175,16.87474871548018,9.29959787671766,41.27004548,2.06656275,576,577,5.851799464689931,7.465675990147516,2.1246664801980653,True,LEBL-24L,LEBL-24L,-,-,,
05:17:34:445,19054.445,VLG4VF,DLH03K,16.45602517476236,3.1829964109073634,41.1681691,2.05671378,16.854141022413135,9.131406051136624,41.26724479,2.06608994,576,577,5.961717326083408,7.736721626755441,2.249697591360507,True,LEBL-24L,LEBL-24L,-,-,,
05:17:38:438,19058.438,VLG4VF,DLH03K,16.447589354044954,2.904548126163755,41.16353058,2.05650132,16.836156720054223,8.965766944062228,41.26448644,2.06567556,576,577,6.073661017572016,8.007560288374671,2.3765702267934916,True,LEBL-24L,LEBL-24L,-,-,,
05:17:42:422,19062.422,VLG4VF,DLH03K,16.43801644175739,2.622760309109156,41.1588365,2.05626342,16.823356625256046,8.804060593911275,41.26179324,2.06537649,576,577,6.1932996268478355,8.282430732437232,2.5016880582819687,True,LEBL-24L,LEBL-24L,-,-,,
05:17:46:414,19066.414,VLG4VF,DLH03K,16.426186190572476,2.3418772474024103,41.15415765,2.05597569,16.810041300688916,8.636178226122809,41.25899718,2.06506544,576,577,6.305994731704355,8.55743799920899,2.635883289255067,True,LEBL-24L,LEBL-24L,-,-,,
05:17:50:406,19070.406,VLG4VF,DLH03K,16.416746319494866,2.0607647216675358,41.14947481,2.05574087,16.799359093437147,8.468700332904017,41.25620767,2.06481281,576,577,6.4193482015338965,8.832482884981502,2.7718573001024236,True,LEBL-24L,LEBL-24L,-,-,,
05:17:54:398,19074.398,VLG4VF,DLH03K,16.40962127742376,1.7794530065437306,41.14478849,2.05555728,16.793135568768804,8.301536861887035,41.25342308,2.06465904,576,577,6.533349908568779,9.107563896407058,2.9082467349550756,True,LEBL-24L,LEBL-24L,-,-,,
05:17:58:391,19078.391,VLG4VF,DLH03K,16.39838285936836,1.495330163844684,41.14005562,2.05528246,16.785228378587934,8.132434706873406,41.25060631,2.06446779,576,577,6.648368684935633,9.386689092271046,3.050268230344246,True,LEBL-24L,LEBL-24L,-,-,,
05:18:02:383,19082.383,VLG4VF,DLH03K,16.388875406044885,1.2151015939014094,41.13538751,2.05504633,16.777819363996244,7.964959508177841,41.24781661,2.06428775,576,577,6.761054597128102,9.661937949519949,3.1933130551051767,True,LEBL-24L,LEBL-24L,-,-,,
05:18:06:375,19086.375,VLG4VF,DLH03K,16.384193711985098,0.9301159878880864,41.13063981,2.05491654,16.769143850063355,7.795342144243537,41.24499131,2.06407946,576,577,6.876010237536991,9.941078866206496,3.3411354063188012,True,LEBL-24L,LEBL-24L,-,-,,
05:18:10:367,19090.367,VLG4VF,DLH03K,16.396889465651753,0.6495770945959608,41.12596499,2.05517153,16.760365615434175,7.622208884808681,41.24210744,2.06386858,576,577,6.982099182434012,10.212561840819493,3.4940478417397727,True,LEBL-24L,LEBL-24L,-,-,,
05:18:10:531,19090.531,DLH03K,VLG593U,16.760365615434175,7.622208884808681,41.24210744,2.06386858,18.18353242438944,10.473628535951931,41.28950801,2.09569445,577,578,3.1868476262660894,3.4940478417397727,0.3788573467783177,False,LEBL-24L,LEBL-24L,-,-,,
05:18:14:352,19094.352,VLG4VF,DLH03K,16.448933850438884,0.3779379295340361,41.12143571,2.05629755,16.752086632801127,7.445789782207528,41.23916879,2.06366847,576,577,7.074350247251975,10.467946010526234,3.651418358635314,True,LEBL-24L,LEBL-24L,-,-,,
05:18:14:508,19094.508,DLH03K,VLG593U,16.752086632801127,7.445789782207528,41.23916879,2.06366847,18.06276300290821,10.424406921447904,41.28869725,2.0930116,577,578,3.2542330293532453,3.651418358635314,0.5090876230610282,True,LEBL-24L,LEBL-24L,-,-,,
05:18:18:336,19098.336,VLG4VF,DLH03K,16.548798032826493,0.1027636101134079,41.11684418,2.05848061,16.74008494931876,7.259289149523663,41.23606244,2.06338495,576,577,7.159081538902344,10.718934478940874,3.8211286157328845,True,LEBL-24L,LEBL-24L,-,-,,
05:18:18:500,19098.5,DLH03K,VLG593U,16.74008494931876,7.259289149523663,41.23606244,2.06338495,17.921395401916904,10.36133059222899,41.28765717,2.0898707,577,578,3.3193607061720454,3.8211286157328845,0.6638784789003727,True,LEBL-24L,LEBL-24L,-,-,,
05:18:22:320,19102.32,VLG4VF,DLH03K,16.691239884387652,-0.1494906230165209,41.11263147,2.06160704,16.74008494931876,7.259289149523663,41.23606244,2.06338495,576,577,7.408940785184392,10.94219467226973,3.8211286157328845,True,LEBL-24L,LEBL-24L,-,-,,
05:18:22:477,19102.477,DLH03K,VLG593U,16.729312614316054,7.069053834814779,41.23289378,2.06312834,17.769044148959964,10.285813238129466,41.28641056,2.08648512,577,578,3.3806186893742445,3.995156083828368,0.8338565760061984,True,LEBL-24L,LEBL-24L,-,-,,
05:18:26:469,19106.469,DLH03K,VLG593U,16.71788984784725,6.872172562084081,41.22961444,2.06285672,17.60311015704159,10.207903012291794,41.285125,2.08279828,577,578,3.4511900313157318,4.176899827231134,1.0171701084757614,True,LEBL-24L,LEBL-24L,-,-,,
05:18:30:453,19110.453,DLH03K,VLG593U,16.707364276493127,6.671658422886331,41.22627451,2.06260466,17.426801535727876,10.129207683084337,41.28382701,2.07888149,577,578,3.5316054219959203,4.362916508096854,1.2102217002892839,True,LEBL-24L,LEBL-24L,-,-,,
05:18:34:438,19114.438,DLH03K,VLG593U,16.697514506861108,6.467577693385827,41.22287511,2.06236726,17.2536741586508,10.046455214364212,41.28246106,2.07503499,577,578,3.621833495405775,4.553184300861789,1.4020979048952074,True,LEBL-24L,LEBL-24L,-,-,,
05:18:38:430,19118.43,DLH03K,VLG593U,16.684937102166437,6.252758290793484,41.21929699,2.06206846,17.0858463246312,9.967199193573952,41.28115285,2.07130648,577,578,3.7360138416373507,4.7555781410659606,1.5876961724578993,True,LEBL-24L,LEBL-24L,-,-,,
05:18:42:414,19122.414,DLH03K,VLG593U,16.671207788268717,6.034950369968298,41.21566916,2.0617439,16.922868687891057,9.87845961428606,41.27968617,2.06768474,577,578,3.8517394148040203,4.962251856106283,1.77294309379697,True,LEBL-24L,LEBL-24L,-,-,,
05:18:46:398,19126.398,DLH03K,VLG593U,16.655773146556808,5.810652916739888,41.21193333,2.061381,16.76620836085818,9.776922325001538,41.27800571,2.064202,577,578,3.967806567295085,5.176543736719363,1.958152989233872,True,LEBL-24L,LEBL-24L,-,-,,
05:18:50:391,19130.391,DLH03K,VLG593U,16.641014620538886,5.5861939512386645,41.20819476,2.0610331,16.652251838657484,9.628897371532084,41.27554762,2.06166175,577,578,4.042719037915343,5.391608824461608,2.127204864170144,True,LEBL-24L,LEBL-24L,-,-,,
05:18:54:375,19134.375,DLH03K,VLG593U,16.623805467877464,5.351236458103558,41.20428145,2.06062999,16.557504477667468,9.477335666052948,41.2730292,2.05954718,577,578,4.126631858446233,5.618157438754413,2.2842236235398743,True,LEBL-24L,LEBL-24L,-,-,,
05:18:58:367,19138.367,DLH03K,VLG593U,16.60837998939976,5.115693584917841,41.20035826,2.06026637,16.5142012968191,9.28805070070312,41.26987865,2.0585696,577,578,4.173419883953717,5.845388570490651,2.4218075153724263,True,LEBL-24L,LEBL-24L,-,-,,
05:19:02:359,19142.359,DLH03K,VLG593U,16.59127415880718,4.877595173287958,41.19639261,2.05986535,16.46937523121351,9.111781649314588,41.26694505,2.05755957,577,578,4.235940800142904,6.076249627578112,2.5601548784220585,True,LEBL-24L,LEBL-24L,-,-,,
05:19:06:344,19146.344,DLH03K,VLG593U,16.573894563248853,4.631800290838166,41.19229875,2.0594576,16.457941822457776,8.924739811839663,41.26382963,2.05728876,577,578,4.2945051832630865,6.315099368334464,2.684666541111186,True,LEBL-24L,LEBL-24L,-,-,,
05:19:10:336,19150.336,DLH03K,VLG593U,16.554926825011595,4.3786839489975,41.18808302,2.05901406,16.45312724125415,8.727883951171886,41.26055024,2.05716376,577,578,4.35039122541489,6.561969228997673,2.81791279735206,True,LEBL-24L,LEBL-24L,-,-,,
05:19:14:320,19154.32,DLH03K,VLG593U,16.536415206937,4.126369738487501,41.18388062,2.05858075,16.447551030284867,8.532279984093178,41.25729176,2.05702201,577,578,4.406806319118772,6.808450225268694,2.957916736748122,True,LEBL-24L,LEBL-24L,-,-,,
05:19:18:320,19158.32,DLH03K,VLG593U,16.51697551446816,3.871120873604284,41.17962939,2.05812668,16.447551030284867,8.532279984093178,41.25729176,2.05702201,577,578,4.661676094742934,7.058469615398469,2.957916736748122,True,LEBL-24L,LEBL-24L,-,-,,
05:20:34:414,19234.414,VLG38HJ,IBE04RC,16.61912664104833,8.327629312847899,41.25387013,2.0608053,18.22643195461316,10.49864624360121,41.2899215,2.09664824,579,580,2.7012487639296148,2.9949312679975937,0.32937531717409624,False,LEBL-24L,LEBL-24L,-,-,,
05:20:38:391,19238.391,VLG38HJ,IBE04RC,16.620222597617918,8.11487201167505,41.2503254,2.06080963,18.113674415478705,10.450324006107644,41.28912513,2.0941431,579,580,2.7721353413155847,3.161295239711852,0.45200548730262324,False,LEBL-24L,LEBL-24L,-,-,,
05:20:42:375,19242.375,VLG38HJ,IBE04RC,16.62125210735496,7.892221612392832,41.24661585,2.06081156,17.9828941208235,10.385976859807386,41.2880631,2.09123678,579,580,2.841282141366866,3.341104411956513,0.5977120391046001,True,LEBL-24L,LEBL-24L,-,-,,
05:20:46:344,19246.344,VLG38HJ,IBE04RC,16.62079621631617,7.665219347632783,41.2428339,2.06078017,17.836714366872535,10.321883377409373,41.28700639,2.08798914,579,580,2.921698258883214,3.530273061445218,0.7572951450361238,True,LEBL-24L,LEBL-24L,-,-,,
05:20:50:328,19250.328,VLG38HJ,IBE04RC,16.61572999084882,7.426610341602362,41.2388589,2.06064555,17.67708560756208,10.246224296356557,41.28575791,2.08444226,579,580,3.0127559806551507,3.7360048447230576,0.933935948810693,True,LEBL-24L,LEBL-24L,-,-,,
05:20:54:305,19254.305,VLG38HJ,IBE04RC,16.611434391731784,7.186078516824284,41.23485181,2.06052784,17.509824291461943,10.16742253410096,41.28445753,2.08072598,579,580,3.1137624445818903,3.9467553363202112,1.1188264234619296,True,LEBL-24L,LEBL-24L,-,-,,
05:20:58:281,19258.281,VLG38HJ,IBE04RC,16.60429325623015,6.940660302351208,41.23076351,2.06034665,17.351188581742925,10.090302897450275,41.28318442,2.07720125,579,580,3.236989512515482,4.166389621722251,1.2951885693761196,True,LEBL-24L,LEBL-24L,-,-,,
05:21:02:266,19262.266,VLG38HJ,IBE04RC,16.596636309387613,6.689392001649306,41.22657778,2.06015351,17.185193989913667,10.007242300365078,41.28181276,2.07351293,579,580,3.3696484605956374,4.39425116222741,1.4807436959087361,True,LEBL-24L,LEBL-24L,-,-,,
05:21:06:250,19266.25,VLG38HJ,IBE04RC,16.588408399367953,6.436748027053918,41.22236917,2.05994762,17.185193989913667,10.007242300365078,41.28181276,2.07351293,579,580,3.6200251928447664,4.626039448322889,1.4807436959087361,True,LEBL-24L,LEBL-24L,-,-,,
05:21:10:234,19270.234,VLG38HJ,IBE04RC,16.57669340337679,6.174018892596425,41.21799278,2.05966358,16.87089749744166,9.852112381585084,41.27925094,2.06653004,579,580,3.6898411568393157,4.87055895936133,1.8311914893533499,True,LEBL-24L,LEBL-24L,-,-,,
05:21:14:219,19274.219,VLG38HJ,IBE04RC,16.565662399832345,5.9128142630536,41.21364174,2.05939487,16.87089749744166,9.852112381585084,41.27925094,2.06653004,579,580,3.951105937769608,5.115240543427489,1.8311914893533499,True,LEBL-24L,LEBL-24L,-,-,,
05:21:18:211,19278.211,VLG38HJ,IBE04RC,16.553457035819182,5.649470964614195,41.20925515,2.05909999,16.619261996748232,9.604620235790602,41.27514548,2.06092814,579,580,3.955696658007302,5.3639246858575405,2.1677705415488524,True,LEBL-24L,LEBL-24L,-,-,,
,19282.195,VLG593U,VLG38HJ,14.76449316155903,0.2534322907132959,41.11947255,2.01903359,16.541964904635,5.386935628588681,41.20488197,2.05882102,578,579,5.432518966134518,11.044421451211562,5.6129646860554505,True,LEBL-24L,LEBL-24L,-,-,05:21:22:195,05:21:22:195
05:21:22:195,19282.195,VLG38HJ,IBE04RC,16.541964904635,5.386935628588681,41.20488197,2.05882102,16.52227661022423,9.455735905395423,41.27267181,2.05876425,579,580,4.068847910831693,5.6129646860554505,2.3255402713577267,True,LEBL-24L,LEBL-24L,-,-,,
05:21:26:180,19286.18,VLG38HJ,IBE04RC,16.527455936312883,5.122180661345219,41.20047202,2.05847508,16.45459085004197,9.291834403856926,41.26994586,2.0572486,579,580,4.170290355987118,5.866318668314617,2.4694574079533482,True,LEBL-24L,LEBL-24L,-,-,,
05:21:30:172,19290.172,VLG38HJ,IBE04RC,16.51558489029836,4.85737083208664,41.19606097,2.05818759,16.403672236801917,9.102892738969098,41.26680154,2.05610241,579,580,4.246996668686176,6.119857417500065,2.618401803185552,True,LEBL-24L,LEBL-24L,-,-,,
05:21:34:156,19294.156,VLG38HJ,IBE04RC,16.501858933270537,4.585649553224945,41.1915349,2.05785843,16.377308153487228,8.916377007445035,41.26369592,2.05550079,579,580,4.3325181106927015,6.381477866159252,2.7524520007229634,True,LEBL-24L,LEBL-24L,-,-,,
05:21:38:148,19298.148,VLG38HJ,IBE04RC,16.49047489482366,4.317990252244993,41.18707634,2.05758154,16.357627736307588,8.719144185254788,41.26041128,2.05504637,579,580,4.403158447021113,6.639353305200308,2.8946365718226414,True,LEBL-24L,LEBL-24L,-,-,,
05:21:42:133,19302.133,VLG38HJ,IBE04RC,16.480091580523457,4.054301452661388,41.18268386,2.05732721,16.33454273998131,8.50929329893945,41.25691665,2.05451538,579,580,4.457368822005555,6.893904321298929,3.0543230315465153,True,LEBL-24L,LEBL-24L,-,-,,
05:21:46:125,19306.125,VLG38HJ,IBE04RC,16.465226212414983,3.771154027850277,41.1779675,2.0569719,16.321358252225977,8.307026691733299,41.25354769,2.05420455,579,580,4.538153678857759,7.169058687097631,3.2076242509108503,True,LEBL-24L,LEBL-24L,-,-,,
05:21:46:367,19306.367,IBE04RC,EJU14CG,16.321358252225977,8.307026691733299,41.25354769,2.05420455,18.176234674457607,10.472589340930286,41.28949126,2.09553253,580,581,2.8513554898237237,3.2076242509108503,0.38588995861752434,False,LEBL-24L,LEBL-24L,-,-,,
05:21:50:109,19310.109,VLG38HJ,IBE04RC,16.45363665777921,3.4916967308013187,41.17331239,2.05668949,16.305814014663397,8.091490290746638,41.24995781,2.05384024,579,580,4.602168220299229,7.440385692684758,3.377700780070193,True,LEBL-24L,LEBL-24L,-,-,,
05:21:50:344,19310.344,IBE04RC,EJU14CG,16.305814014663397,8.091490290746638,41.24995781,2.05384024,18.055358902811665,10.41969710151976,41.28861935,2.09284695,580,581,2.912293644084692,3.377700780070193,0.5177858321089561,True,LEBL-24L,LEBL-24L,-,-,,
05:21:54:109,19314.109,VLG38HJ,IBE04RC,16.44102251383249,3.200400081883616,41.1684601,2.05638335,16.29913700159106,7.874486621944228,41.24634287,2.05367232,579,580,4.676239566420843,7.723987216028992,3.548354999234821,True,LEBL-24L,LEBL-24L,-,-,,
05:21:54:320,19314.32,IBE04RC,EJU14CG,16.29913700159106,7.874486621944228,41.24634287,2.05367232,17.920780329786723,10.357062001742673,41.2875861,2.08985663,580,581,2.965283730145043,3.548354999234821,0.6662262063883141,True,LEBL-24L,LEBL-24L,-,-,,
05:21:58:102,19318.102,VLG38HJ,IBE04RC,16.429644699932563,2.90967466695434,41.16361724,2.05610467,16.297232757256495,7.658018977477858,41.24273653,2.05361022,579,580,4.750190166071703,8.007286148637927,3.7205607504071407,True,LEBL-24L,LEBL-24L,-,-,,
05:21:58:297,19318.297,IBE04RC,EJU14CG,16.297232757256495,7.658018977477858,41.24273653,2.05361022,17.769402409256767,10.285580774218335,41.28640666,2.08649304,580,581,3.0118705948231983,3.7205607504071407,0.8336300871554874,True,LEBL-24L,LEBL-24L,-,-,,
05:22:02:086,19322.086,VLG38HJ,IBE04RC,16.420501242028028,2.610758431301252,41.15863776,2.05587472,16.29175295531784,7.4332012638310525,41.23899132,2.05346814,579,580,4.8241611700220846,8.298470269820365,3.9060788715311903,True,LEBL-24L,LEBL-24L,-,-,,
05:22:02:273,19322.273,IBE04RC,EJU14CG,16.29175295531784,7.4332012638310525,41.23899132,2.05346814,17.61241750737906,10.215151051188192,41.28524506,2.08300536,580,581,3.079512863822377,3.9060788715311903,1.0056745215240797,True,LEBL-24L,LEBL-24L,-,-,,
05:22:06:078,19326.078,VLG38HJ,IBE04RC,16.41216389150921,2.304437690165858,41.15353486,2.05566196,16.29084465166586,7.204930263043491,41.23518826,2.05342704,579,580,4.901994065151957,8.597174243485416,4.095940667222334,True,LEBL-24L,LEBL-24L,-,-,,
05:22:06:250,19326.25,IBE04RC,EJU14CG,16.29084465166586,7.204930263043491,41.23518826,2.05342704,17.457547405300435,10.131429545710878,41.28386175,2.07956338,580,581,3.1504909723392687,4.095940667222334,1.1814409498932494,True,LEBL-24L,LEBL-24L,-,-,,
05:22:10:070,19330.07,VLG38HJ,IBE04RC,16.405466873571466,1.9985775867982676,41.14843952,2.05548557,16.297392354393615,6.9757718677088105,41.2313699,2.05355104,579,580,4.978367504677024,8.895565730382861,4.286426425351968,True,LEBL-24L,LEBL-24L,-,-,,
05:22:10:234,19330.234,IBE04RC,EJU14CG,16.297392354393615,6.9757718677088105,41.2313699,2.05355104,17.29390256138268,10.060361800827003,41.2826898,2.07592824,580,581,3.2415625318860477,4.286426425351968,1.359764845589441,True,LEBL-24L,LEBL-24L,-,-,,
05:22:14:055,19334.055,VLG38HJ,IBE04RC,16.413454476150374,1.6935151700608837,41.14335645,2.05563416,16.310278160731595,6.741299045068631,41.22746256,2.05381494,579,580,5.0488382228837185,9.19029203134713,4.482026532091427,True,LEBL-24L,LEBL-24L,-,-,,
05:22:14:211,19334.211,IBE04RC,EJU14CG,16.310278160731595,6.741299045068631,41.22746256,2.05381494,17.13722401752585,9.98500435225524,41.28144576,2.07244726,580,581,3.347456283499421,4.482026532091427,1.5336166546164942,True,LEBL-24L,LEBL-24L,-,-,,
05:22:18:039,19338.039,VLG38HJ,IBE04RC,16.462059902746574,1.392951749955247,41.13834551,2.05668169,16.319821011683,6.489757738768234,41.22327108,2.05400319,579,580,5.0987903653446,9.472363350040817,4.6978726151259425,True,LEBL-24L,LEBL-24L,-,-,,
05:22:18:188,19338.188,IBE04RC,EJU14CG,16.319821011683,6.489757738768234,41.22327108,2.05400319,16.976688574995535,9.904590456181069,41.28011765,2.06888042,580,581,3.4774354751231935,4.6978726151259425,1.71311766818457,True,LEBL-24L,LEBL-24L,-,-,,
05:22:22:023,19342.023,VLG38HJ,IBE04RC,16.55444398410335,1.0895109484447465,41.13328356,2.05869719,16.319821011683,6.489757738768234,41.22327108,2.05400319,579,580,5.405341185862969,9.749654681990904,4.6978726151259425,True,LEBL-24L,LEBL-24L,-,-,,
05:22:22:172,19342.172,IBE04RC,EJU14CG,16.334168618828574,6.238557551324537,41.21908495,2.05429787,16.976688574995535,9.904590456181069,41.28011765,2.06888042,580,581,3.7219120292617895,4.914682509785015,1.71311766818457,True,LEBL-24L,LEBL-24L,-,-,,
05:22:26:148,19346.148,IBE04RC,EJU14CG,16.347358072537958,5.973868066557822,41.21467416,2.05456562,16.57768163141943,9.548270900172929,41.2742096,2.0600011,580,581,3.5818158186500226,5.1473787034265195,2.2313816346277835,True,LEBL-24L,LEBL-24L,-,-,,
05:22:30:133,19350.133,IBE04RC,EJU14CG,16.3622644229461,5.698029495084935,41.2100775,2.05487033,16.57768163141943,9.548270900172929,41.2742096,2.0600011,580,581,3.8562628866767383,5.392585491072336,2.2313816346277835,True,LEBL-24L,LEBL-24L,-,-,,
05:22:34:117,19354.117,IBE04RC,EJU14CG,16.37881616227913,5.415634437618838,41.20537149,2.05521083,16.483837898817992,9.396085197734068,41.27168069,2.05790661,580,581,3.981835985930053,5.646099512248916,2.3891779796139643,True,LEBL-24L,LEBL-24L,-,-,,
05:22:38:102,19358.102,IBE04RC,EJU14CG,16.397370057856797,5.127109956023624,41.20056322,2.05559505,16.416334734179813,9.216908334145558,41.26870022,2.05639365,580,581,4.0898423481396975,5.907278474997983,2.542719426304119,True,LEBL-24L,LEBL-24L,-,-,,
05:22:42:086,19362.086,IBE04RC,EJU14CG,16.41017343635418,4.822237984415439,41.19548299,2.05585038,16.37560407668899,9.036196087778118,41.26569229,2.0554741,580,581,4.214099896481293,6.1882781068035175,2.6805057137485044,True,LEBL-24L,LEBL-24L,-,-,,
05:22:46:070,19366.07,IBE04RC,EJU14CG,16.425595255469375,4.52717498151887,41.190566,2.05616455,16.35123547604691,8.84471904960935,41.26250387,2.05491629,580,581,4.31818435881321,6.461337052238468,2.8178937195917144,True,LEBL-24L,LEBL-24L,-,-,,
05:22:50:055,19370.055,IBE04RC,EJU14CG,16.435560016086267,4.215182846743709,41.18536734,2.0563563,16.334672436538323,8.646642830804304,41.25920496,2.05453092,580,581,4.4326082495566155,6.754074207153739,2.960141854117855,True,LEBL-24L,LEBL-24L,-,-,,
05:22:54:047,19374.047,IBE04RC,EJU14CG,16.436239277017066,3.9031213227309713,41.18016817,2.05634247,16.319732536313936,8.442042459084698,41.25579724,2.05418096,580,581,4.540416159634255,7.051288804011495,3.1120445109451293,True,LEBL-24L,LEBL-24L,-,-,,
05:22:58:039,19378.039,IBE04RC,EJU14CG,16.367029316491145,3.611994590792525,41.17532264,2.05478362,16.308280192172848,8.2303458466223,41.25227105,2.05390767,580,581,4.618724908655269,7.349878882114188,3.2726163673250985,True,LEBL-24L,LEBL-24L,-,-,,
05:23:02:039,19382.039,IBE04RC,EJU14CG,16.290633900222378,3.3147867907797126,41.17037627,2.05306541,16.300943992533874,8.015159891512393,41.24868644,2.0537253,580,581,4.700384408119705,7.656431296400856,3.438760601015076,True,LEBL-24L,LEBL-24L,-,-,,
05:23:06:031,19386.031,IBE04RC,EJU14CG,16.17725739022875,3.0361822075357185,41.16574235,2.05053072,16.30056621576719,7.795018021358689,41.24501878,2.05369668,580,581,4.760433107331706,7.956040789241406,3.6097089956161414,True,LEBL-24L,LEBL-24L,-,-,,
05:23:10:031,19390.031,IBE04RC,EJU14CG,16.046345019674067,2.7628256106760465,41.161197,2.0476088,16.302386354925083,7.568540365207017,41.24124541,2.05371618,580,581,4.812530671826809,8.25597443018155,3.7895815831614184,True,LEBL-24L,LEBL-24L,-,-,,
05:23:14:031,19394.031,IBE04RC,EJU14CG,15.912027314720762,2.490451293395102,41.15666817,2.04461202,16.307050071048053,7.334894698966492,41.23735242,2.05379802,580,581,4.8605220797565085,8.556234147303488,3.978583835162863,True,LEBL-24L,LEBL-24L,-,-,,
05:23:14:172,19394.172,EJU14CG,VLG23TK,16.307050071048053,7.334894698966492,41.23735242,2.05379802,18.250555591374575,10.506619526287864,41.29005247,2.09718396,581,582,3.7198188245916555,3.978583835162863,0.30415807224107033,False,LEBL-24L,LEBL-24L,-,LARPA1C,,
05:23:18:023,19398.023,IBE04RC,EJU14CG,15.780374192531523,2.2175917912177665,41.152131,2.04167457,16.314961101106555,7.095136092897954,41.23335736,2.05395123,580,581,4.9067526509569115,8.856363101209928,4.175579948516747,True,LEBL-24L,LEBL-24L,-,-,,
05:23:18:148,19398.148,EJU14CG,VLG23TK,16.314961101106555,7.095136092897954,41.23335736,2.05395123,18.138636637993454,10.459736801617344,41.28928003,2.09469755,581,582,3.827052441887195,4.175579948516747,0.42539210803164174,False,LEBL-24L,LEBL-24L,-,LARPA1C,,
05:23:22:023,19402.023,IBE04RC,EJU14CG,15.64578819519883,1.9459033926630145,41.14761346,2.03867274,16.326104637009628,6.858082331524792,41.22940714,2.05417628,580,581,4.959065676959252,9.156488473546757,4.3728959588411636,True,LEBL-24L,LEBL-24L,-,-,,
05:23:22:125,19402.125,EJU14CG,VLG23TK,16.326104637009628,6.858082331524792,41.22940714,2.05417628,18.006402321256562,10.398782403376927,41.28827465,2.09175932,581,582,3.9191781417153426,4.3728959588411636,0.5709989437029668,True,LEBL-24L,LEBL-24L,-,LARPA1C,,
05:23:26:023,19406.023,IBE04RC,EJU14CG,15.507646844429196,1.6670193031546527,41.14297619,2.03559204,16.334235933464694,6.612576394213564,41.22531631,2.0543338,580,581,5.01415840027373,9.464763368354037,4.582878057774364,True,LEBL-24L,LEBL-24L,-,-,,
05:23:26:109,19406.109,EJU14CG,VLG23TK,16.334235933464694,6.612576394213564,41.22531631,2.0543338,17.85633694766744,10.326582954046456,41.2870832,2.08842469,581,582,4.013805703309365,4.582878057774364,0.7375124356009435,True,LEBL-24L,LEBL-24L,-,LARPA1C,,
05:23:30:016,19410.016,IBE04RC,EJU14CG,15.368475888443577,1.388720787895927,41.13834866,2.03248905,16.34425423847013,6.36469966140066,41.22118585,2.05453288,580,581,5.070750352555918,9.77300337029931,4.797501981553152,True,LEBL-24L,LEBL-24L,-,-,,
05:23:30:086,19410.086,EJU14CG,VLG23TK,16.34425423847013,6.36469966140066,41.22118585,2.05453288,17.6947975951554,10.251461254328207,41.28584383,2.08483549,581,582,4.11471542619212,4.797501981553152,0.9156646821752389,True,LEBL-24L,LEBL-24L,-,LARPA1C,,
05:23:34:016,19414.016,IBE04RC,EJU14CG,15.2255679578159,1.1118846086912235,41.13374565,2.02930396,16.353968310189558,6.115222710896563,41.21702875,2.05472505,580,581,5.12900375513771,10.081262993215983,5.0167876936163855,True,LEBL-24L,LEBL-24L,-,-,,
05:23:34:070,19414.07,EJU14CG,VLG23TK,16.353968310189558,6.115222710896563,41.21702875,2.05472505,17.524072657993653,10.169891842393408,41.28449761,2.08104213,581,582,4.220128665178756,5.0167876936163855,1.104867321839567,True,LEBL-24L,LEBL-24L,-,LARPA1C,,
05:23:38:016,19418.016,IBE04RC,EJU14CG,15.079836693193569,0.8362463741508219,41.12916269,2.02605697,16.36258552447198,5.860384864938175,41.21278241,2.05489241,580,581,5.18530733310545,10.38952423846201,5.244129700385993,True,LEBL-24L,LEBL-24L,-,-,,
05:23:38:055,19418.055,EJU14CG,VLG23TK,16.36258552447198,5.860384864938175,41.21278241,2.05489241,17.359321320365474,10.093357988868934,41.28323472,2.07738186,581,582,4.34874047452082,5.244129700385993,1.2865270128166963,True,LEBL-24L,LEBL-24L,-,LARPA1C,,
05:23:42:016,19422.016,IBE04RC,EJU14CG,14.93533421507115,0.5604670680465472,41.12457721,2.0228376,16.370178042058786,5.603739719076252,41.20850603,2.05503689,580,581,5.243412613982302,10.697710620392296,5.475972544096427,True,LEBL-24L,LEBL-24L,-,-,,
05:23:42:039,19422.039,EJU14CG,VLG23TK,16.370178042058786,5.603739719076252,41.20850603,2.05503689,17.194651031415425,10.014992379507298,41.28194119,2.07372335,581,582,4.487639217265427,5.475972544096427,1.4688893365139546,True,LEBL-24L,LEBL-24L,-,LARPA1C,,
05:23:46:016,19426.016,IBE04RC,EJU14CG,14.784680180473451,0.27873934984852,41.11989292,2.01948214,16.370178042058786,5.603739719076252,41.20850603,2.05503689,580,581,5.5560266739250945,11.013758053983397,5.475972544096427,True,LEBL-24L,LEBL-24L,-,-,,
05:23:46:023,19426.023,EJU14CG,VLG23TK,16.379715761170157,5.3527615727838125,41.20432393,2.05522495,17.032049622499663,9.937128891133444,41.28065576,2.0701109,581,582,4.630546747003992,5.7039651986842275,1.649166334429513,True,LEBL-24L,LEBL-24L,-,LARPA1C,,
05:23:50:008,19430.008,EJU14CG,VLG23TK,16.384778182851072,5.096135942648422,41.20004805,2.05531337,16.88120291714421,9.834529412573282,41.27895726,2.06675683,581,582,4.764326835203959,5.940708953423729,1.8295417434468009,True,LEBL-24L,LEBL-24L,-,LARPA1C,,
05:23:53:992,19433.992,EJU14CG,VLG23TK,16.390290075119363,4.841120791309353,41.19579897,2.05541188,16.759413953038138,9.70285184389626,41.27677214,2.06404436,581,582,4.8757236657687635,6.177377950878854,1.9978365512288763,True,LEBL-24L,LEBL-24L,-,LARPA1C,,
05:23:57:984,19437.984,EJU14CG,VLG23TK,16.397078979684014,4.586417693373344,41.191555,2.05553868,16.6754698597546,9.539670507127044,41.27405941,2.06216805,581,582,4.961069936925443,6.414739824879846,2.150957087879228,True,LEBL-24L,LEBL-24L,-,LARPA1C,,
05:24:01:969,19441.969,EJU14CG,VLG23TK,16.402571786731702,4.325423108722667,41.1872063,2.05563619,16.60136829036629,9.374413870506793,41.27131138,2.06050988,581,582,5.052902904513284,6.659767716953999,2.3014148205220524,True,LEBL-24L,LEBL-24L,-,LARPA1C,,
05:24:05:953,19445.953,EJU14CG,VLG23TK,16.408511957394133,4.065279716588526,41.18287175,2.05574367,16.579101091212603,9.187049099318251,41.26819135,2.05999874,581,582,5.124609474139914,6.905022664481666,2.4271932473092708,True,LEBL-24L,LEBL-24L,-,LARPA1C,,
05:24:09:945,19449.945,EJU14CG,VLG23TK,16.415721316552638,3.805666828481228,41.17854595,2.05587928,16.55872397588035,8.999655842931293,41.26507071,2.05952954,581,582,5.195957240278519,7.150453468515275,2.559274124690913,True,LEBL-24L,LEBL-24L,-,LARPA1C,,
05:24:13:930,19453.93,EJU14CG,VLG23TK,16.425099228924314,3.545815120895385,41.17421602,2.05606285,16.547074348976675,8.80488557594071,41.26182655,2.05925313,581,582,5.260484766734186,7.396472739622834,2.6966564593473237,True,LEBL-24L,LEBL-24L,-,LARPA1C,,
05:24:17:922,19457.922,EJU14CG,VLG23TK,16.431862428697126,3.2838391441699257,41.16985088,2.05618833,16.541772149944403,8.60579350969839,41.25850994,2.05911702,581,582,5.3230891797519355,7.646177683755879,2.839454420981831,True,LEBL-24L,LEBL-24L,-,LARPA1C,,
05:24:21:914,19461.914,EJU14CG,VLG23TK,16.437656187906768,3.0187313893827685,41.16543363,2.05629205,16.54082776558533,8.399204466852456,41.25506812,2.0590768,581,582,5.3814621537103475,7.899960212080262,2.991417512323568,True,LEBL-24L,LEBL-24L,-,LARPA1C,,
05:24:25:898,19465.898,EJU14CG,VLG23TK,16.443865039087296,2.757701472029691,41.16108429,2.05640532,16.54082776558533,8.399204466852456,41.25506812,2.0590768,581,582,5.642336201514774,8.15041885743498,2.991417512323568,True,LEBL-24L,LEBL-24L,-,LARPA1C,,
05:24:49:984,19489.984,VLG23TK,VLG7830,16.550749857629075,6.811942841168236,41.22862277,2.05914848,17.995197639076675,10.391970681633714,41.28816202,2.09151019,582,583,3.8604441106998046,4.305313599793686,0.5840284885814183,True,LEBL-24L,LEBL-24L,LARPA1C,-,,
05:24:53:961,19493.961,VLG23TK,VLG7830,16.54711001994844,6.5726095646937805,41.2246356,2.05904552,17.854350023824164,10.32801504422877,41.28710721,2.08838078,582,583,3.976423863656191,4.520927149398893,0.7387120131461958,True,LEBL-24L,LEBL-24L,LARPA1C,-,,
05:24:57:953,19497.953,VLG23TK,VLG7830,16.544551379014422,6.338834098550193,41.22074095,2.05896704,17.699139139537262,10.252861950316174,41.28586684,2.08493189,582,583,4.080770383291489,4.7333206951286595,0.9111378044147748,True,LEBL-24L,LEBL-24L,LARPA1C,-,,
05:25:01:938,19501.938,VLG23TK,VLG7830,16.539246926384394,6.098786800124039,41.216742,2.05882717,17.528349616548535,10.17114380490954,41.28451815,2.08113708,582,583,4.190753596444855,4.9544906789066605,1.1004629589324664,True,LEBL-24L,LEBL-24L,LARPA1C,-,,
05:25:05:922,19505.922,VLG23TK,VLG7830,16.536389571858983,5.863739452051309,41.21282618,2.05874198,17.35946411831532,10.092481696813923,41.28322011,2.07738494,582,583,4.308098499531349,5.171791537810932,1.2867688775335657,True,LEBL-24L,LEBL-24L,LARPA1C,-,,
05:25:09:906,19509.906,VLG23TK,VLG7830,16.5312492938776,5.626503122192797,41.20887405,2.05860604,17.191494817079636,10.016998293761423,41.28197484,2.07365357,582,583,4.43986170983689,5.393460953069289,1.470900271638843,True,LEBL-24L,LEBL-24L,LARPA1C,-,,
05:25:13:898,19513.898,VLG23TK,VLG7830,16.524432598320782,5.391265704613531,41.20495534,2.05843318,17.020089183793832,9.936752869853503,41.28065036,2.0698457,582,583,4.572431412288666,5.615136184615755,1.66015959273004,True,LEBL-24L,LEBL-24L,LARPA1C,-,,
05:25:17:883,19517.883,VLG23TK,VLG7830,16.517611845192356,5.156440051283128,41.20104349,2.05826029,16.85524220284441,9.85066038889502,41.27922787,2.06618283,582,583,4.706346654939197,5.837495681621541,1.8459628998391102,True,LEBL-24L,LEBL-24L,LARPA1C,-,,
05:25:21:875,19521.875,VLG23TK,VLG7830,16.510218699010764,4.917982495415413,41.19707117,2.05807441,16.71798382060402,9.72503393999168,41.27714465,2.063128,582,583,4.811539248156815,6.064419036744711,2.0244409636640808,True,LEBL-24L,LEBL-24L,LARPA1C,-,,
05:25:25:859,19525.859,VLG23TK,VLG7830,16.50493718232269,4.683658544505988,41.19316757,2.05793569,16.604165098068474,9.58320707523894,41.27478979,2.06059146,582,583,4.900553232469848,6.287611320466747,2.191280066778416,True,LEBL-24L,LEBL-24L,LARPA1C,-,,
05:25:29:852,19529.852,VLG23TK,VLG7830,16.497892113571254,4.446817098867532,41.18922215,2.05775771,16.520757357921,9.411992033557691,41.27194312,2.05872649,582,583,4.965227583049401,6.514531263181921,2.3493764130868717,True,LEBL-24L,LEBL-24L,LARPA1C,-,,
05:25:33:844,19533.844,VLG23TK,VLG7830,16.490814378841776,4.210092588564752,41.18527868,2.05757904,16.465702915958527,9.236400225893634,41.26902152,2.05748976,582,583,5.026370365446501,6.742039426625644,2.4909134558360178,True,LEBL-24L,LEBL-24L,LARPA1C,-,,
05:25:37:836,19537.836,VLG23TK,VLG7830,16.47790408070532,3.967330068801228,41.18123502,2.05727072,16.420403248682167,9.04423173169006,41.26582305,2.05646782,582,583,5.07722727877399,6.97765100279485,2.6398612618381536,True,LEBL-24L,LEBL-24L,LARPA1C,-,,
05:25:41:820,19541.82,VLG23TK,VLG7830,16.425355175150955,3.730896880828868,41.17729957,2.05608562,16.387711995113268,8.855918819122932,41.26268793,2.05572579,582,583,5.12516018061863,7.219122631733141,2.7826674870421186,True,LEBL-24L,LEBL-24L,LARPA1C,-,,
05:25:45:820,19545.82,VLG23TK,VLG7830,16.352898776721354,3.487781636934117,41.17325416,2.05445942,16.356740184250715,8.655157006876214,41.25934528,2.05502079,582,583,5.167376797785897,7.4728017797161375,2.93809869470282,True,LEBL-24L,LEBL-24L,LARPA1C,-,,
05:25:49:813,19549.813,VLG23TK,VLG7830,16.271362093064326,3.251297472977553,41.16931983,2.05263306,16.32490681067345,8.449089548160092,41.25591429,2.05429628,582,583,5.198067861582248,7.72278103077793,3.1034057874335446,True,LEBL-24L,LEBL-24L,LARPA1C,-,,
05:25:53:813,19553.813,VLG23TK,VLG7830,16.15960225573688,3.0152748554467834,41.16539523,2.05013809,16.29718683933629,8.239304887937449,41.25242108,2.05366266,582,583,5.225841491856469,7.981233986925097,3.2735699781480316,True,LEBL-24L,LEBL-24L,LARPA1C,-,,
05:25:54:047,19554.047,VLG7830,VLG6UW,16.29718683933629,8.239304887937449,41.25242108,2.05366266,18.17134808163829,10.47473650640197,41.28952741,2.0954244,583,584,2.9171278482400926,3.2735699781480316,0.3894056999243665,False,LEBL-24L,LEBL-24L,-,SENIA1C,,
05:25:57:813,19557.813,VLG23TK,VLG7830,16.048794299065623,2.7833048687140893,41.16153803,2.04766485,16.268338350568587,8.0239529445349,41.24883519,2.05300359,582,583,5.245244688778084,8.235705408548617,3.4532761458725543,True,LEBL-24L,LEBL-24L,LARPA1C,-,,
05:25:58:023,19558.023,VLG7830,VLG6UW,16.268338350568587,8.0239529445349,41.24883519,2.05300359,18.049056126248697,10.414303907583774,41.28852998,2.09270665,583,584,2.9807270125209047,3.4532761458725543,0.5257794800636404,True,LEBL-24L,LEBL-24L,-,SENIA1C,,
05:26:01:805,19561.805,VLG23TK,VLG7830,15.928612618604612,2.53754493176843,41.15745166,2.04498324,16.23811492874591,7.803285419399926,41.24516083,2.05231364,582,583,5.27482839181185,8.506325449524041,3.6420850432713134,True,LEBL-24L,LEBL-24L,LARPA1C,-,,
05:26:02:000,19562.0,VLG7830,VLG6UW,16.23811492874591,7.803285419399926,41.24516083,2.05231364,17.912129853683894,10.353523196810176,41.2875278,2.08966447,583,584,3.0505800579964277,3.6420850432713134,0.6755623828882127,True,LEBL-24L,LEBL-24L,-,SENIA1C,,
05:26:05:805,19565.805,VLG23TK,VLG7830,15.804608991176632,2.2981285405710805,41.15347117,2.04221796,16.20362555655832,7.574213691684456,41.24134674,2.05152848,582,583,5.291151929518566,8.772281072525642,3.8438104612283523,True,LEBL-24L,LEBL-24L,LARPA1C,-,,
05:26:05:977,19565.977,VLG7830,VLG6UW,16.20362555655832,7.574213691684456,41.24134674,2.05152848,17.756968985105484,10.280636866522611,41.28632523,2.08621687,583,584,3.120513132212666,3.8438104612283523,0.8469882504899165,True,LEBL-24L,LEBL-24L,-,SENIA1C,,
05:26:09:805,19569.805,VLG23TK,VLG7830,15.67975139121629,2.0473482207955658,41.14930134,2.03943312,16.16896893005096,7.343094873446823,41.23749855,2.05073952,582,583,5.318295442091427,9.04950981771045,4.050503016842535,True,LEBL-24L,LEBL-24L,LARPA1C,-,,
05:26:09:961,19569.961,VLG7830,VLG6UW,16.16896893005096,7.343094873446823,41.23749855,2.05073952,17.591476052930336,10.202736335375102,41.28503979,2.08253982,583,584,3.1939123039654462,4.050503016842535,1.029897697151577,True,LEBL-24L,LEBL-24L,-,SENIA1C,,
05:26:13:805,19573.805,VLG23TK,VLG7830,15.551839917307715,1.802289592992813,41.14522697,2.03658157,16.132667521919217,7.105988461069954,41.23355071,2.04991367,582,583,5.3354083620208,9.322462523505925,4.265868197026566,True,LEBL-24L,LEBL-24L,LARPA1C,-,,
05:26:13:945,19573.945,VLG7830,VLG6UW,16.132667521919217,7.105988461069954,41.23355071,2.04991367,17.4130638482468,10.132257634430712,41.28387884,2.07857721,583,584,3.2859884147858427,4.265868197026566,1.2214342094303205,True,LEBL-24L,LEBL-24L,-,SENIA1C,,
05:26:17:805,19577.805,VLG23TK,VLG7830,15.424721348236329,1.5531202378865523,41.14108399,2.03374756,16.132667521919217,7.105988461069954,41.23355071,2.04991367,582,583,5.597815045968582,9.599248622316031,4.265868197026566,True,LEBL-24L,LEBL-24L,LARPA1C,-,,
05:26:17:930,19577.93,VLG7830,VLG6UW,16.090793827581525,6.86008019195523,41.2294566,2.04896368,17.247875277763345,10.053074169740611,41.28257176,2.07490707,583,584,3.3961813886376233,4.4941390830628585,1.404588467692875,True,LEBL-24L,LEBL-24L,-,SENIA1C,,
05:26:21:906,19581.906,VLG7830,VLG6UW,16.052182500589932,6.609910385958957,41.22529126,2.04808569,17.082324846946452,9.977683532165084,41.28132778,2.07122942,583,584,3.521801984505096,4.726474182928974,1.5864965626248322,True,LEBL-24L,LEBL-24L,-,SENIA1C,,
05:26:25:898,19585.898,VLG7830,VLG6UW,16.00296505152225,6.349458058482694,41.22095532,2.04697196,16.920235017928412,9.900715860682784,41.28005716,2.06762848,583,584,3.6678080878036377,4.975083190842514,1.7659162125786736,True,LEBL-24L,LEBL-24L,-,SENIA1C,,
05:26:29:883,19589.883,VLG7830,VLG6UW,15.955549822292133,6.089285626059159,41.21662391,2.04589832,16.774833062016917,9.79746933811738,41.27834742,2.06439515,583,584,3.7976112846456305,5.224179571134388,1.9414271814952095,True,LEBL-24L,LEBL-24L,-,SENIA1C,,
05:26:33:867,19593.867,VLG7830,VLG6UW,15.904756016977652,5.82311236500774,41.21219274,2.04474946,16.65349029152423,9.66392551129845,41.27613112,2.0616925,583,584,3.91311239790021,5.481602952852126,2.1097153023716384,True,LEBL-24L,LEBL-24L,-,SENIA1C,,
05:26:37:852,19597.852,VLG7830,VLG6UW,15.852567171761809,5.549854612963607,41.20764362,2.04356923,16.56198115381164,9.507192126403542,41.27352631,2.05964921,583,584,4.020421419852248,5.747194394400169,2.2653188128473176,True,LEBL-24L,LEBL-24L,-,SENIA1C,,
05:26:41:844,19601.844,VLG7830,VLG6UW,15.79695739715174,5.2703884111940855,41.20299128,2.04231286,16.50086809299614,9.33064449166134,41.27058922,2.05827802,583,584,4.1208214844488795,6.021010334857025,2.4095154895309197,True,LEBL-24L,LEBL-24L,-,SENIA1C,,
05:26:45:836,19605.836,VLG7830,VLG6UW,15.726885375540812,4.985245340853587,41.19824531,2.04073594,16.465270792107855,9.148633571988208,41.26755931,2.05747202,583,584,4.228358379625496,6.307308786392371,2.541683546267985,True,LEBL-24L,LEBL-24L,-,SENIA1C,,
05:26:49:836,19609.836,VLG7830,VLG6UW,15.593989727881237,4.724528956403936,41.19391044,2.03777044,16.449602304284248,8.964362017569758,41.26449034,2.0571076,583,584,4.325304297671292,6.599922755965389,2.6660428506410265,True,LEBL-24L,LEBL-24L,-,SENIA1C,,
05:26:53:828,19613.828,VLG7830,VLG6UW,15.46260750087764,4.463476817063764,41.1895698,2.03483881,16.429056390126945,8.763774149942758,41.26114987,2.0566336,583,584,4.407559484192744,6.892166568448124,2.811606526439354,True,LEBL-24L,LEBL-24L,-,SENIA1C,,
05:26:57:828,19617.828,VLG7830,VLG6UW,15.29216162896916,4.224680267604906,41.18560241,2.0310447,16.417851923046303,8.56612633928137,41.25785773,2.05636695,583,584,4.485011999031272,7.1819801145812505,2.9550210071389054,True,LEBL-24L,LEBL-24L,-,SENIA1C,,
05:27:01:828,19621.828,VLG7830,VLG6UW,15.0959599308875,4.003510157004969,41.18193021,2.0266824,16.406187136517104,8.358693069277683,41.25440259,2.05608922,583,584,4.548001047682838,7.468175127951849,3.1119141409714635,True,LEBL-24L,LEBL-24L,-,SENIA1C,,
05:27:05:836,19625.836,VLG7830,VLG6UW,14.866057894698528,3.813001056658168,41.1787708,2.02157718,16.408547471166504,8.156042175826766,41.25102615,2.05612276,583,584,4.60882634260628,7.743853988043372,3.2617291184025183,True,LEBL-24L,LEBL-24L,-,SENIA1C,,
05:27:09:836,19629.836,VLG7830,VLG6UW,14.628283735719387,3.62388256795457,41.17563482,2.01629832,16.409247769964523,7.940295958546531,41.24743165,2.0561183,583,584,4.669395833483846,8.023776181511282,3.4283222867027314,True,LEBL-24L,LEBL-24L,-,SENIA1C,,
05:27:13:844,19633.844,VLG7830,VLG6UW,14.389383386592543,3.441950677652028,41.1726184,2.01099562,16.41501955082108,7.720736145099986,41.24377326,2.05622586,583,584,4.734047628221998,8.29970665266577,3.6002519543615725,True,LEBL-24L,LEBL-24L,-,SENIA1C,,
05:27:17:844,19637.844,VLG7830,VLG6UW,14.150114777012094,3.253019169416425,41.16948514,2.0056847,16.419043246344124,7.492674128806609,41.23997334,2.05629389,583,584,4.808607966306587,8.583482899837087,3.785166468781806,True,LEBL-24L,LEBL-24L,-,SENIA1C,,
05:27:21:844,19641.844,VLG7830,VLG6UW,13.914978872066785,3.063571367839173,41.16634279,2.00046571,16.427165139749146,7.261605358644423,41.23612304,2.05645243,583,584,4.892296927976479,8.866950835403653,3.9749587930485433,True,LEBL-24L,LEBL-24L,-,SENIA1C,,
05:27:25:852,19645.852,VLG7830,VLG6UW,13.673093222257766,2.8709361480151747,41.16314749,1.9950976,16.434862418144107,7.025731278270217,41.23219271,2.0566011,583,584,4.988956971726425,9.157880153070685,4.173307395706565,True,LEBL-24L,LEBL-24L,-,SENIA1C,,
05:27:29:789,19649.789,VLG6UW,VLG3BV,16.441477581667858,6.784338473940734,41.22817051,2.05672527,18.19978037924645,10.492326998570451,41.28981828,2.09605664,584,585,4.103755307856254,4.380764217238254,0.35624133309520195,False,LEBL-24L,LEBL-24L,SENIA1C,-,,
05:27:29:859,19649.859,VLG7830,VLG6UW,13.431929538742835,2.683999450433311,41.16004684,1.98974642,16.441477581667858,6.784338473940734,41.22817051,2.05672527,583,584,5.086271672882961,9.444782475156023,4.380764217238254,True,LEBL-24L,LEBL-24L,-,SENIA1C,,
05:27:33:773,19653.773,VLG6UW,VLG3BV,16.448261803722435,6.540891847139646,41.22411408,2.05685298,18.08103415708973,10.432215960653023,41.28882595,2.09341752,584,585,4.219993947191304,4.593304593638814,0.4892263366326034,False,LEBL-24L,LEBL-24L,SENIA1C,-,,
05:27:33:859,19653.859,VLG7830,VLG6UW,13.18930255952811,2.490651045432303,41.1568392,1.98436289,16.448261803722435,6.540891847139646,41.22411408,2.05685298,583,584,5.1985830672534785,9.738958975154263,4.593304593638814,True,LEBL-24L,LEBL-24L,-,SENIA1C,,
05:27:37:750,19657.75,VLG6UW,VLG3BV,16.44834137637762,6.281374495752372,41.21979037,2.05683068,17.94956117392799,10.375197858933952,41.28788606,2.09049661,584,585,4.360395694141589,4.8261778679500615,0.6324966529733953,True,LEBL-24L,LEBL-24L,SENIA1C,-,,
05:27:37:859,19657.859,VLG7830,VLG6UW,12.943910873054556,2.295364540516064,41.15359917,1.97891857,16.44834137637762,6.281374495752372,41.21979037,2.05683068,583,584,5.3074766618294325,10.037251441706458,4.8261778679500615,True,LEBL-24L,LEBL-24L,-,SENIA1C,,
05:27:41:734,19661.734,VLG6UW,VLG3BV,16.448773952109228,6.019890519232944,41.21543387,2.05681602,17.798059718663033,10.302582931462302,41.28668776,2.08713014,584,585,4.49021451353848,5.063292544363343,0.8004787338588967,True,LEBL-24L,LEBL-24L,SENIA1C,-,,
05:27:41:859,19661.859,VLG7830,VLG6UW,12.706109164265213,2.106172939655257,41.15046002,1.97364316,16.448773952109228,6.019890519232944,41.21543387,2.05681602,583,584,5.415230835972084,10.327138728685568,5.063292544363343,True,LEBL-24L,LEBL-24L,-,SENIA1C,,
05:27:45:719,19665.719,VLG6UW,VLG3BV,16.444929217798755,5.749930364279114,41.21093645,2.05670585,17.636012106264005,10.2253827940407,41.28541376,2.08352951,584,585,4.631236648915017,5.312173287208218,0.9799650315473167,True,LEBL-24L,LEBL-24L,SENIA1C,-,,
05:27:45:859,19665.859,VLG7830,VLG6UW,12.460489328576504,1.9091616694774616,41.14719076,1.96819473,16.444929217798755,5.749930364279114,41.21093645,2.05670585,583,584,5.534190581990633,10.62869104870759,5.312173287208218,True,LEBL-24L,LEBL-24L,-,SENIA1C,,
05:27:49:703,19669.703,VLG6UW,VLG3BV,16.44189675780708,5.481222089524437,41.20645983,2.0566138,17.473746600340164,10.148293468168829,41.28414151,2.0799242,584,585,4.779777123558923,5.561558036723329,1.159605446996883,True,LEBL-24L,LEBL-24L,SENIA1C,-,,
05:27:49:859,19669.859,VLG7830,VLG6UW,12.21150106686497,1.7150676520516015,41.14397002,1.96267252,16.44189675780708,5.481222089524437,41.20645983,2.0566138,583,584,5.663935641304365,10.930557595526384,5.561558036723329,True,LEBL-24L,LEBL-24L,-,SENIA1C,,
05:27:53:688,19673.688,VLG6UW,VLG3BV,16.436073935509185,5.20273359449603,41.20182046,2.05645907,17.308426878231288,10.073396639525786,41.2829059,2.07625153,584,585,4.948167151066589,5.822797141250543,1.3410908682417626,True,LEBL-24L,LEBL-24L,SENIA1C,-,,
05:27:53:859,19673.859,VLG7830,VLG6UW,11.967326777998013,1.523930187551791,41.14079803,1.95725755,16.436073935509185,5.20273359449603,41.20182046,2.05645907,583,584,5.788203146461665,11.227973125788187,5.822797141250543,True,LEBL-24L,LEBL-24L,-,SENIA1C,,
05:27:57:672,19677.672,VLG6UW,VLG3BV,16.433061508766052,4.928995010569468,41.19726003,2.05636703,17.14329849416592,9.996119980350596,41.28163051,2.07258301,584,585,5.116658287868096,6.080144927749429,1.5234058979448752,True,LEBL-24L,LEBL-24L,SENIA1C,-,,
05:28:01:664,19681.664,VLG6UW,VLG3BV,16.427842499973334,4.653639840795319,41.19267282,2.056226,16.98016112794564,9.918805516578516,41.28035423,2.06895877,584,585,5.294055672190343,6.3411227248193285,1.7039318424594532,True,LEBL-24L,LEBL-24L,SENIA1C,-,,
05:28:05:648,19685.648,VLG6UW,VLG3BV,16.423869411138384,4.37477981724823,41.18802713,2.05611225,16.822575452814387,9.824135079809016,41.27878828,2.0654561,584,585,5.463921603140722,6.606198740821128,1.8868494802398597,True,LEBL-24L,LEBL-24L,SENIA1C,-,,
05:28:09:641,19689.641,VLG6UW,VLG3BV,16.417510736735522,4.101253012767168,41.18347046,2.0559462,16.702927472726785,9.682461578020243,41.27643644,2.0627902,584,585,5.588501745730979,6.868023049280811,2.057314505387065,True,LEBL-24L,LEBL-24L,SENIA1C,-,,
05:28:13:633,19693.633,VLG6UW,VLG3BV,16.36663569373614,3.8326702439314735,41.17899925,2.05479523,16.59578509180724,9.53252860268188,41.27394605,2.06040094,584,585,5.704462705325826,7.139341131784537,2.223386155304512,True,LEBL-24L,LEBL-24L,SENIA1C,-,,
05:28:17:625,19697.625,VLG6UW,VLG3BV,16.294526908079604,3.562490636367338,41.17450289,2.05317428,16.534381055690364,9.356437168795244,41.27101659,2.0590233,584,585,5.798909072641115,7.418689518315193,2.3673724804686698,True,LEBL-24L,LEBL-24L,SENIA1C,-,,
05:28:21:625,19701.625,VLG6UW,VLG3BV,16.21468196570607,3.306436111941444,41.17024237,2.05138362,16.488075123955937,9.168361317907085,41.26788639,2.05797933,584,585,5.868297107280199,7.686902997588576,2.511645967091457,True,LEBL-24L,LEBL-24L,SENIA1C,-,,
05:28:25:617,19705.617,VLG6UW,VLG3BV,16.09569175152122,3.049968478579135,41.16597761,2.04872682,16.456511260916976,8.971417158198781,41.2646074,2.05726139,584,585,5.932431641724145,7.967358373262875,2.656236200452291,True,LEBL-24L,LEBL-24L,SENIA1C,-,,
05:28:29:617,19709.617,VLG6UW,VLG3BV,15.97305706294382,2.803023641425664,41.16187169,2.04599057,16.41908292098016,8.7595332798377,41.26107991,2.05641216,584,585,5.973185593846264,8.240040339814922,2.8218700557403604,True,LEBL-24L,LEBL-24L,SENIA1C,-,,
05:28:33:617,19713.617,VLG6UW,VLG3BV,15.846474516525022,2.553463690456113,41.1577224,2.04316707,16.387974260932623,8.557153656873004,41.25771032,2.05570396,584,585,6.02806064883627,8.51664144990323,2.982651341604066,True,LEBL-24L,LEBL-24L,SENIA1C,-,,
05:28:37:609,19717.609,VLG6UW,VLG3BV,15.713889029289462,2.3097895068734258,41.1536715,2.04021162,16.34328793842316,8.339960761740528,41.25409487,2.05469357,584,585,6.06292902398207,8.78978653594309,3.1686335209008916,True,LEBL-24L,LEBL-24L,SENIA1C,-,,
05:28:41:609,19721.609,VLG6UW,VLG3BV,15.581107877386891,2.058276673927222,41.14948994,2.03725152,16.29428426397486,8.119066356927267,41.25041804,2.05358728,584,585,6.102605356726457,9.070668228069573,3.364592512129441,True,LEBL-24L,LEBL-24L,SENIA1C,-,,
05:28:45:609,19725.609,VLG6UW,VLG3BV,15.452843504622878,1.8093094806833168,41.14535042,2.03439195,16.24378342121025,7.897409547810359,41.2467286,2.05244787,584,585,6.139262853063349,9.347874002679463,3.5656871651277737,True,LEBL-24L,LEBL-24L,SENIA1C,-,,
05:28:49:609,19729.609,VLG6UW,VLG3BV,15.326527150111684,1.5561904448015311,41.14114153,2.03157548,16.19602133873279,7.675720921402141,41.24303843,2.05136927,584,585,6.180992913609396,9.628513787422003,3.7680971166413983,True,LEBL-24L,LEBL-24L,SENIA1C,-,,
05:28:53:602,19733.602,VLG6UW,VLG3BV,15.200438906334693,1.298642039429323,41.13685876,2.02876404,16.13943675124099,7.437667086429139,41.2390762,2.05009383,584,585,6.210422327058745,9.913377608426215,3.991532778046526,True,LEBL-24L,LEBL-24L,SENIA1C,-,,
,19733.758,VLG3BV,VLG2472,16.13943675124099,7.437667086429139,41.2390762,2.05009383,17.988356256416715,10.39168661022641,41.28815781,2.09135847,585,586,3.484929652603436,3.991532778046526,0.5903588411062894,True,LEBL-24L,LEBL-24L,-,-,05:28:53:758,05:28:53:758
05:28:57:602,19737.602,VLG6UW,VLG3BV,15.077284170463152,1.040654645245145,41.13256842,2.02601782,16.13943675124099,7.437667086429139,41.2390762,2.05009383,584,585,6.484592221374896,10.197768510567379,3.991532778046526,True,LEBL-24L,LEBL-24L,SENIA1C,-,,
,19825.555,VLG2472,VLG3LK,16.398541632856762,6.611512370964263,41.22529412,2.05575816,18.16249773035752,10.474436221817072,41.28952309,2.09522813,586,587,4.24661297876291,4.553430682366366,0.39758164848961147,False,LEBL-24L,LEBL-24L,-,DUNES1C,05:30:25:555,05:30:25:555
05:32:05:422,19925.422,VLG3LK,VLG55PB,16.296779466823022,6.363004932340731,41.2211609,2.05348116,18.197111138220635,10.48489406110824,41.28969465,2.09599669,587,588,4.538857835531823,4.820769264380531,0.3617609571886042,False,LEBL-24L,LEBL-24L,DUNES1C,-,,
05:32:09:406,19929.406,VLG3LK,VLG55PB,16.30670972991899,6.100307142439735,41.21678352,2.05367697,18.07578939711381,10.430562185164936,41.2887988,2.09330106,587,588,4.677686565379212,5.050814052285581,0.4946807254903204,False,LEBL-24L,LEBL-24L,DUNES1C,-,,
05:32:13:391,19933.391,VLG3LK,VLG55PB,16.31882904962477,5.839285285310932,41.21243391,2.05392139,17.942778264134684,10.365574073593969,41.28772624,2.09034524,587,588,4.808794157192018,5.281486138036795,0.6426921492163565,True,LEBL-24L,LEBL-24L,DUNES1C,-,,
05:32:17:367,19937.367,VLG3LK,VLG55PB,16.332211124722402,5.583882572835761,41.20817783,2.05419426,17.787771558748272,10.295819181509655,41.28657585,2.08690135,587,588,4.931632871703125,5.509233840996188,0.8126562868112721,True,LEBL-24L,LEBL-24L,DUNES1C,-,,
05:32:21:352,19941.352,VLG3LK,VLG55PB,16.347648131942183,5.330106646840767,41.20394871,2.05451275,17.62484076660587,10.21963228110314,41.28531879,2.08328125,587,588,5.053581101966014,5.737056204556097,0.9925192263172355,True,LEBL-24L,LEBL-24L,DUNES1C,-,,
05:32:25:344,19945.344,VLG3LK,VLG55PB,16.359859024920787,5.070958596348167,41.19963031,2.05475927,17.467958840481284,10.14324683845087,41.28405786,2.07979538,587,588,5.191916140715152,5.973189658516797,1.1669848882899445,True,LEBL-24L,LEBL-24L,DUNES1C,-,,
05:32:29:328,19949.328,VLG3LK,VLG55PB,16.373019013012566,4.817205111756717,41.19540172,2.05502727,17.30818679063542,10.06862141750097,41.28282636,2.07624574,587,588,5.334033369650089,6.205793539143026,1.3433255898912464,True,LEBL-24L,LEBL-24L,DUNES1C,-,,
05:32:33:313,19953.313,VLG3LK,VLG55PB,16.384815203465326,4.560717992484847,41.19112768,2.05526479,17.15202594241871,9.992807688075793,41.28157469,2.07277618,587,588,5.486001346965815,6.443053169456964,1.5169011711628368,True,LEBL-24L,LEBL-24L,DUNES1C,-,,
05:32:37:297,19957.297,VLG3LK,VLG55PB,16.397669236808802,4.3092261472684426,41.18693679,2.05552616,17.000959264370014,9.907311310123468,41.28016123,2.06941876,587,588,5.630498765467619,6.676682573010903,1.6900372785457782,True,LEBL-24L,LEBL-24L,DUNES1C,-,,
05:32:41:289,19961.289,VLG3LK,VLG55PB,16.405943621160663,4.043784744577549,41.18251381,2.05568483,16.877257509743785,9.783539264329812,41.27810802,2.0666645,587,588,5.7590727316633075,6.926271540141197,1.856002132964112,True,LEBL-24L,LEBL-24L,DUNES1C,-,,
05:32:45:273,19965.273,VLG3LK,VLG55PB,16.40480279517988,3.785597956296394,41.17821235,2.05563574,16.785580072147123,9.634934045390375,41.27563873,2.06461799,587,588,5.861716814878714,7.172851461286734,2.0078047189571615,True,LEBL-24L,LEBL-24L,DUNES1C,-,,
05:32:49:266,19969.266,VLG3LK,VLG55PB,16.3481178905643,3.5357180997514432,41.17405314,2.05435801,16.71846260658607,9.478925017815394,41.27304431,2.06311537,587,588,5.954734559962219,7.428347432113294,2.1462910723647766,True,LEBL-24L,LEBL-24L,DUNES1C,-,,
05:32:53:266,19973.266,VLG3LK,VLG55PB,16.26568339745074,3.280406238138754,41.16980519,2.05251004,16.67459730806783,9.302511168819988,41.27010827,2.06212637,587,588,6.035972032939798,7.696608774766793,2.2818926787185076,True,LEBL-24L,LEBL-24L,DUNES1C,-,,
05:32:57:258,19977.258,VLG3LK,VLG55PB,16.18236652864811,3.0335286385192783,41.16569779,2.05064355,16.65989508422594,9.114257330866712,41.2669729,2.06178276,587,588,6.099450381085953,7.957070641200569,2.408299820907068,True,LEBL-24L,LEBL-24L,DUNES1C,-,,
05:33:01:258,19981.258,VLG3LK,VLG55PB,16.068991227797856,2.7903402230810426,41.16165387,2.04811244,16.648381966624996,8.924534551787923,41.26381283,2.06150973,587,588,6.16149605944679,8.222941155820262,2.541091493005275,True,LEBL-24L,LEBL-24L,DUNES1C,-,,
05:33:05:258,19985.258,VLG3LK,VLG55PB,15.95340853415213,2.539831359431828,41.15748808,2.04553214,16.634063751375077,8.722282340876898,41.26044421,2.06117338,587,588,6.219806400741419,8.496610886586073,2.691669843997124,True,LEBL-24L,LEBL-24L,DUNES1C,-,,
05:33:09:258,19989.258,VLG3LK,VLG55PB,15.833859609999871,2.291147308942129,41.1533529,2.04286457,16.621874126663045,8.519078266561342,41.25705958,2.06088415,587,588,6.277586390591822,8.769898778932845,2.8480126298902224,True,LEBL-24L,LEBL-24L,DUNES1C,-,,
05:33:13:250,19993.25,VLG3LK,VLG55PB,15.708952279326615,2.0402121962731083,41.14918051,2.04007858,16.621874126663045,8.519078266561342,41.25705958,2.06088415,587,588,6.5428687787602975,9.047152938907672,2.8480126298902224,True,LEBL-24L,LEBL-24L,DUNES1C,-,,
05:33:21:383,20001.383,VLG55PB,VLG56ND,16.602635433271686,7.876195604427109,41.24635016,2.06039754,18.17234868204878,10.478568762024851,41.28959118,2.09544698,588,589,3.039135688772646,3.3648874734941416,0.3869029054991785,False,LEBL-24L,LEBL-24L,-,-,,
05:33:25:359,20005.359,VLG55PB,VLG56ND,16.59423934733904,7.649174798175742,41.24256846,2.06019024,18.0484189543744,10.419183786497245,41.28861133,2.09269302,588,589,3.128512126378837,3.55813392230857,0.5243011590550799,True,LEBL-24L,LEBL-24L,-,-,,
05:33:29:336,20009.336,VLG55PB,VLG56ND,16.581343323923686,7.4140866808781825,41.23865267,2.05988251,17.912891330541328,10.35783206905949,41.28759953,2.08968179,588,589,3.2308910542397022,3.764413194639921,0.6730669850564124,True,LEBL-24L,LEBL-24L,-,-,,
05:33:33:320,20013.32,VLG55PB,VLG56ND,16.569344908896763,7.176603940738243,41.23469692,2.05959448,17.758867742009823,10.28413215222818,41.28638332,2.08625932,588,589,3.3274158375086165,3.9755782007657468,0.8437954459289615,True,LEBL-24L,LEBL-24L,-,-,,
05:33:37:305,20017.305,VLG55PB,VLG56ND,16.556545757012763,6.937655753918893,41.23071681,2.05928861,17.597367571597577,10.207823829548468,41.28512411,2.08267095,588,589,3.431808458026535,4.191266644139885,1.0224103401826132,True,LEBL-24L,LEBL-24L,-,-,,
05:33:41:289,20021.289,VLG55PB,VLG56ND,16.54583162013419,6.695331175737165,41.2266803,2.05902865,17.440230570507897,10.121121747215597,41.2836913,2.07917843,588,589,3.540620075927394,4.4114720408951085,1.201506331267202,True,LEBL-24L,LEBL-24L,-,-,,
05:33:45:273,20025.273,VLG55PB,VLG56ND,16.536187348342434,6.449992648878087,41.2225935,2.05879214,17.27325968456827,10.042312232593146,41.2823906,2.07546881,588,589,3.6671563397777494,4.6361736636878055,1.3861406047507594,True,LEBL-24L,LEBL-24L,-,-,,
05:33:49:258,20029.258,VLG55PB,VLG56ND,16.527644637124162,6.200800589799298,41.21844242,2.0585797,17.11438783063516,9.963455161548836,41.2810884,2.07193889,588,589,3.8081277553988633,4.865950704295423,1.56348511297868,True,LEBL-24L,LEBL-24L,-,-,,
05:33:53:234,20033.234,VLG55PB,VLG56ND,16.521789817942228,5.942926887135987,41.21414651,2.05842601,16.950493303209733,9.880539180172942,41.27971883,2.06829737,588,589,3.9608808677560923,5.104493725532698,1.7471191656972935,True,LEBL-24L,LEBL-24L,-,-,,
05:33:57:227,20037.227,VLG55PB,VLG56ND,16.515786507436797,5.674707802332185,41.20967825,2.05826809,16.79455450072286,9.789664995682744,41.27821599,2.06483162,588,589,4.1243889604629,5.354482770347084,1.9270914004829949,True,LEBL-24L,LEBL-24L,-,-,,
05:34:01:211,20041.211,VLG55PB,VLG56ND,16.506846168716084,5.400858958895433,41.2051164,2.05804463,16.67317995572314,9.644057783441967,41.27579872,2.06212712,588,589,4.246457723012582,5.6124728470747485,2.101592456592436,True,LEBL-24L,LEBL-24L,-,-,,
05:34:05:195,20045.195,VLG55PB,VLG56ND,16.492938776343454,5.125643629104423,41.20053213,2.05771109,16.67317995572314,9.644057783441967,41.27579872,2.06212712,588,589,4.522007668377183,5.874911704009002,2.101592456592436,True,LEBL-24L,LEBL-24L,-,-,,
05:34:09:180,20049.18,VLG55PB,VLG56ND,16.48612300399145,4.849713234031442,41.19593545,2.05753455,16.471086555887794,9.337609192427117,41.27070734,2.05761851,588,589,4.487921147720379,6.136815807069547,2.430853127632384,True,LEBL-24L,LEBL-24L,-,-,,
05:34:13:172,20053.172,VLG55PB,VLG56ND,16.481206941306496,4.562518109137404,41.19115096,2.05739905,16.41840164869374,9.155271339459762,41.26767317,2.05643375,588,589,4.593182637280672,6.409974917210794,2.5759831711600567,True,LEBL-24L,LEBL-24L,-,-,,
05:34:17:164,20057.164,VLG55PB,VLG56ND,16.475080822014,4.284460488349618,41.18651879,2.05723763,16.38114396869924,8.95693549703818,41.26437138,2.05558956,588,589,4.673419180774377,6.675988643724939,2.7242477248545796,True,LEBL-24L,LEBL-24L,-,-,,
05:34:21:148,20061.148,VLG55PB,VLG56ND,16.460953574665897,3.996518601055987,41.1817225,2.0568982,16.351664294907444,8.757046659024692,41.26104317,2.0549177,588,589,4.761782390804667,6.954763485495796,2.8741581450293774,True,LEBL-24L,LEBL-24L,-,-,,
05:34:25:148,20065.148,VLG55PB,VLG56ND,16.419224509387558,3.708632553797512,41.17692906,2.05594786,16.31924580856421,8.548929446460553,41.25757807,2.05418002,588,589,4.841329337045954,7.242207585058274,3.0379203526828737,True,LEBL-24L,LEBL-24L,-,-,,
05:34:29:141,20069.141,VLG55PB,VLG56ND,16.32529843294376,3.4309390744073114,41.17230904,2.0538433,16.29149345497337,8.341948909885298,41.25413158,2.05354593,588,589,4.911126182526479,7.535218971353378,3.2030886953744178,True,LEBL-24L,LEBL-24L,-,-,,
05:34:33:141,20073.141,VLG55PB,VLG56ND,16.20602005971658,3.152657863161329,41.16768093,2.05117789,16.258280916958764,8.12788380357921,41.25056743,2.05279026,588,589,4.975500412562205,7.836267201665164,3.3820193027133016,True,LEBL-24L,LEBL-24L,-,-,,
05:34:37:133,20077.133,VLG55PB,VLG56ND,16.072525531985228,2.883126318767484,41.1631995,2.04819904,16.219084530439275,7.902141629480499,41.24680914,2.05190101,588,589,5.021154670909822,8.133370822777877,3.5779186389273607,True,LEBL-24L,LEBL-24L,-,-,,
05:34:41:133,20081.133,VLG55PB,VLG56ND,15.934377022764211,2.6112433377711364,41.15867913,2.0451174,16.182292703917714,7.677257912616497,41.24306498,2.05106522,588,589,5.072077075272755,8.434401472290377,3.775392051771934,True,LEBL-24L,LEBL-24L,-,-,,
05:34:45:133,20085.133,VLG55PB,VLG56ND,15.79413377810254,2.336603732964904,41.15411289,2.04198959,16.141034049382277,7.44414942147922,41.23918409,2.05012981,588,589,5.119312723254473,8.738978322092205,3.9853816671905307,True,LEBL-24L,LEBL-24L,-,-,,
05:34:49:125,20089.125,VLG55PB,VLG56ND,15.65517033744279,2.0663619501775488,41.14961975,2.03889092,16.098697379928087,7.204668665292335,41.2351971,2.04917005,588,589,5.157413318322418,9.039235975816874,4.204043009614363,True,LEBL-24L,LEBL-24L,-,-,,
05:34:53:125,20093.125,VLG55PB,VLG56ND,15.514425435870947,1.792544483942195,41.14506707,2.03575295,16.059163109073175,6.965846909891848,41.23122089,2.04827255,588,589,5.20190322122032,9.343686737175906,4.423155776892129,True,LEBL-24L,LEBL-24L,-,-,,
05:34:57:133,20097.133,VLG55PB,VLG56ND,15.37348083655206,1.5194390605799664,41.14052618,2.03261106,16.01552879272335,6.718325510750359,41.22710001,2.04728355,588,589,5.238381992542072,9.647746859274175,4.654086113447648,True,LEBL-24L,LEBL-24L,-,-,,
05:35:01:125,20101.125,VLG55PB,VLG56ND,15.233322501081318,1.245996729937356,41.13597954,2.02948697,15.973358434950717,6.471548871996794,41.22299143,2.04632717,588,589,5.277693470901842,9.952065746511655,4.885631006161267,True,LEBL-24L,LEBL-24L,-,-,,
05:35:05:125,20105.125,VLG55PB,VLG56ND,15.09421732272684,0.9686705388636894,41.13136804,2.02638628,15.927037658432324,6.219063434389784,41.21878801,2.04527847,588,589,5.31603379117886,10.25986852213756,5.125971619909608,True,LEBL-24L,LEBL-24L,-,-,,
05:35:09:125,20109.125,VLG55PB,VLG56ND,14.94571812910713,0.6981526148411484,41.12687048,2.02307882,15.882541466332247,5.967181390509758,41.21459451,2.04427037,588,589,5.351663498763114,10.564585972163883,5.366403457923001,True,LEBL-24L,LEBL-24L,-,-,,
05:35:13:117,20113.117,VLG55PB,VLG56ND,14.777364558243356,0.4393061486228476,41.12256852,2.01933367,15.835104471681277,5.7050771276015535,41.21023089,2.04319636,588,589,5.370955010753118,10.865391287834552,5.618575746978666,True,LEBL-24L,LEBL-24L,-,-,,
05:35:17:125,20117.125,VLG55PB,VLG56ND,14.53506263745992,0.2200071224181813,41.11892988,2.01395685,15.835104471681277,5.7050771276015535,41.21023089,2.04319636,588,589,5.637029513182271,11.155837474990438,5.618575746978666,True,LEBL-24L,LEBL-24L,-,-,,
05:35:49:211,20149.211,VLG1PT,VLG11TT,16.565042510325828,8.014858804260532,41.24866301,2.0595775,18.188249489681617,10.488688985620083,41.28975856,2.09580059,590,591,2.9588235270179215,3.274403923379868,0.36825449907526203,False,LEBL-24L,LEBL-24L,LARPA1C,-,,
05:35:53:188,20153.188,VLG1PT,VLG11TT,16.563101606685848,7.807598143463975,41.24521007,2.05951512,18.069143058183386,10.429856314363263,41.28878755,2.09315362,590,591,3.023970695704059,3.4437807753706324,0.5010152015893342,True,LEBL-24L,LEBL-24L,LARPA1C,-,,
,20157.164,VLG56ND,VLG1PT,14.249334438744787,3.3584951128835048,41.17123647,2.00788914,16.56307155370353,7.59342621865884,41.24164185,2.05949444,589,590,4.825766354456162,8.442224319221818,3.6218761615622688,True,LEBL-24L,LEBL-24L,-,LARPA1C,05:35:57:164,05:35:57:164
05:35:57:164,20157.164,VLG1PT,VLG11TT,16.56307155370353,7.59342621865884,41.24164185,2.05949444,17.93130347785456,10.368770609549816,41.28778037,2.09009114,590,591,3.0942842607485224,3.6218761615622688,0.6517766550254812,True,LEBL-24L,LEBL-24L,LARPA1C,-,,
05:36:01:141,20161.141,VLG1PT,VLG11TT,16.561379364269797,7.374573985701304,41.23799577,2.0594365,17.777835229944685,10.29381681540157,41.28654324,2.08668084,590,591,3.1625533310746325,3.808561021071802,0.8225154624799684,True,LEBL-24L,LEBL-24L,LARPA1C,-,,
05:36:05:125,20165.125,VLG1PT,VLG11TT,16.56083569954811,7.152915780992482,41.23430286,2.05940375,17.611012867282057,10.216488642492976,41.28526745,2.08297435,590,591,3.238572333815012,4.0003903210628975,1.0063882293345001,True,LEBL-24L,LEBL-24L,LARPA1C,-,,
05:36:09:102,20169.102,VLG1PT,VLG11TT,16.556564635164786,6.922679741291171,41.2304673,2.05928763,17.44960029633772,10.139405351227266,41.28399522,2.07938797,590,591,3.338388285047939,4.2044854645418495,1.185248441307809,True,LEBL-24L,LEBL-24L,LARPA1C,-,,
05:36:13:086,20173.086,VLG1PT,VLG11TT,16.553333171977396,6.68929935104817,41.22657928,2.05919426,17.278928293717712,10.059550948637016,41.28267739,2.07559617,590,591,3.4474750342451372,4.413507547039908,1.3736769134561555,True,LEBL-24L,LEBL-24L,LARPA1C,-,,
05:36:17:070,20177.07,VLG1PT,VLG11TT,16.549148482734356,6.449621059890518,41.2225864,2.0590792,17.111867484402236,9.979036719753298,41.28134818,2.07188452,590,591,3.5739932253604954,4.6309648169632265,1.5591102203492355,True,LEBL-24L,LEBL-24L,LARPA1C,-,,
05:36:21:055,20181.055,VLG1PT,VLG11TT,16.543494036821,6.203709923019421,41.21848978,2.05893102,16.953932006196517,9.902510728645424,41.28008464,2.06837571,590,591,3.721503288511871,4.856810400635768,1.734591663608768,True,LEBL-24L,LEBL-24L,LARPA1C,-,,
05:36:25:039,20185.039,VLG1PT,VLG11TT,16.535296114259364,5.95181652537228,41.21429367,2.05872597,16.801354942270873,9.79597782238674,41.27832068,2.06498298,590,591,3.8533574162575106,5.091024871146407,1.9182082415892026,True,LEBL-24L,LEBL-24L,LARPA1C,-,,
05:36:29:023,20189.023,VLG1PT,VLG11TT,16.52697075590255,5.6928886559093055,41.20998037,2.05851747,16.661882724906274,9.686042061439757,41.276499,2.06188063,590,591,3.9954318113915925,5.333434916146519,2.092119009755892,True,LEBL-24L,LEBL-24L,LARPA1C,-,,
05:36:33:016,20193.016,VLG1PT,VLG11TT,16.51886548103963,5.436086531396013,41.20570247,2.05831407,16.539078507960454,9.554270477300618,41.27431227,2.05914591,590,591,4.118233550779232,5.575279756209854,2.2622668363064773,True,LEBL-24L,LEBL-24L,LARPA1C,-,,
05:36:37:000,20197.0,VLG1PT,VLG11TT,16.507858593938238,5.169213178313338,41.20125698,2.05804551,16.440748061661836,9.38246130512447,41.27145672,2.05695017,590,591,4.2137825764531245,5.828870940740996,2.4330946379833054,True,LEBL-24L,LEBL-24L,LARPA1C,-,,
05:36:40:984,20200.984,VLG1PT,VLG11TT,16.499413034639055,4.906540163662357,41.19688129,2.05783409,16.36006938747752,9.222215826726186,41.26879256,2.05514696,590,591,4.317924626573014,6.0788046257154,2.586659716743263,True,LEBL-24L,LEBL-24L,LARPA1C,-,,
05:36:44:977,20204.977,VLG1PT,VLG11TT,16.490642811123244,4.641054399179118,41.19245876,2.05761525,16.31520218308185,9.038039319302964,41.26572719,2.05413546,590,591,4.400483587262207,6.332549275609022,2.728094478531669,True,LEBL-24L,LEBL-24L,LARPA1C,-,,
05:36:48:961,20208.961,VLG1PT,VLG11TT,16.479675025456604,4.3728806872553285,41.1879916,2.05734754,16.276220716646176,8.841492619689223,41.26245531,2.05325337,590,591,4.4732411357386175,6.590468236911823,2.878167190534995,True,LEBL-24L,LEBL-24L,LARPA1C,-,,
05:36:52:961,20212.961,VLG1PT,VLG11TT,16.46800551182283,4.109634295897759,41.18360658,2.05706479,16.24240310353021,8.639445085073877,41.25909142,2.05248531,590,591,4.535425253751162,6.844703444636297,3.0337849234371883,True,LEBL-24L,LEBL-24L,LARPA1C,-,,
05:36:56:945,20216.945,VLG1PT,VLG11TT,16.440304104031373,3.842490324390949,41.17915774,2.05642684,16.21048364818176,8.430666446986352,41.25561525,2.05175878,590,591,4.5939283379131535,7.108028413128893,3.1982290892763583,True,LEBL-24L,LEBL-24L,LARPA1C,-,,
05:37:00:945,20220.945,VLG1PT,VLG11TT,16.35165478117243,3.584788133266285,41.17487043,2.05444081,16.17939615314985,8.220086674093055,41.25210901,2.0510506,590,591,4.638498204970981,7.380403257619198,3.368605887093228,True,LEBL-24L,LEBL-24L,LARPA1C,-,,
05:37:04:938,20224.938,VLG1PT,VLG11TT,16.266813644000464,3.3305094173716143,41.17063986,2.05253964,16.14481558534169,7.996305991309856,41.24838307,2.05026389,590,591,4.667391262331704,7.648393061011446,3.55572051106828,True,LEBL-24L,LEBL-24L,LARPA1C,-,,
05:37:08:938,20228.938,VLG1PT,VLG11TT,16.151765166258315,3.0845541900584266,41.16655,2.04997094,16.113261279775116,7.769489556457032,41.24460634,2.04954405,590,591,4.68509358888451,7.917438986447837,3.747551133768578,True,LEBL-24L,LEBL-24L,LARPA1C,-,,
05:37:12:938,20232.938,VLG1PT,VLG11TT,16.029691200006468,2.836422023795599,41.16242429,2.04724689,16.079532288663582,7.537048857332155,41.24073605,2.0487756,590,591,4.700891060456776,8.190860571775039,3.9491130159296284,True,LEBL-24L,LEBL-24L,LARPA1C,-,,
05:37:16:930,20236.93,VLG1PT,VLG11TT,15.90812655386544,2.5888029993461665,41.15830703,2.0445345,16.043629621628238,7.29484724453367,41.23670328,2.0479582,590,591,4.707994638807009,8.463838973320666,4.163307721960902,True,LEBL-24L,LEBL-24L,LARPA1C,-,,
05:37:20:930,20240.93,VLG1PT,VLG11TT,15.785275979985729,2.337723020865715,41.15413213,2.04179369,16.00923452985724,7.045111593438819,41.23254488,2.04717362,590,591,4.712713083272988,8.740687360477994,4.386019083284874,True,LEBL-24L,LEBL-24L,LARPA1C,-,,
05:37:24:922,20244.922,VLG1PT,VLG11TT,15.661784791278908,2.0907841462565546,41.1500262,2.03903942,15.972152464785806,6.786851854082865,41.22824464,2.04632885,590,591,4.706312782768177,9.013977417619934,4.620345270080543,True,LEBL-24L,LEBL-24L,LARPA1C,-,,
05:37:25:063,20245.063,VLG11TT,VLG15SY,15.972152464785806,6.786851854082865,41.22824464,2.04632885,18.23952068568785,10.510492456963403,41.29011785,2.09693968,591,592,4.359639662698862,4.620345270080543,0.31254749703403717,False,LEBL-24L,LEBL-24L,-,SENIA1C,,
05:37:28:930,20248.93,VLG1PT,VLG11TT,15.534470825892194,1.8374508439125337,41.14581392,2.03620036,15.93442853812188,6.517636510210764,41.22376191,2.04546899,590,591,4.697244303056359,9.29471766614309,4.866996025394192,True,LEBL-24L,LEBL-24L,LARPA1C,-,,
05:37:29:055,20249.055,VLG11TT,VLG15SY,15.93442853812188,6.517636510210764,41.22376191,2.04546899,18.128269295727577,10.460464964318954,41.28929296,2.09446775,591,592,4.512076405409943,4.866996025394192,0.4345292859558179,False,LEBL-24L,LEBL-24L,-,SENIA1C,,
05:37:32:922,20252.922,VLG1PT,VLG11TT,15.405588881215492,1.584848502251882,41.14161385,2.03332704,15.897111975267483,6.246505530862226,41.21924723,2.0446181,590,591,4.68749839513345,9.575441575381868,5.117635229389032,True,LEBL-24L,LEBL-24L,LARPA1C,-,,
05:37:33:031,20253.031,VLG11TT,VLG15SY,15.897111975267483,6.246505530862226,41.21924723,2.0446181,17.997730303429535,10.395060241602382,41.2882133,2.09156666,591,592,4.650064897247636,5.117635229389032,0.5804326860129112,True,LEBL-24L,LEBL-24L,-,SENIA1C,,
05:37:36:922,20256.922,VLG1PT,VLG11TT,15.27306635399574,1.329534186568892,41.13736876,2.03037332,15.897111975267483,6.246505530862226,41.21924723,2.0446181,590,591,4.956414040213977,9.860089662960082,5.117635229389032,True,LEBL-24L,LEBL-24L,LARPA1C,-,,
05:37:37:016,20257.016,VLG11TT,VLG15SY,15.858912049721322,5.973205204319848,41.21469646,2.04374757,17.852197028966227,10.324810862729931,41.28705399,2.08833272,591,592,4.786403327634437,5.372846824496296,0.742013471110863,True,LEBL-24L,LEBL-24L,-,SENIA1C,,
05:37:41:000,20261.0,VLG11TT,VLG15SY,15.82141563330209,5.696739578702409,41.2100929,2.04289246,17.697859089680694,10.253971988368823,41.28588543,2.08490362,591,592,4.928428479819915,5.632454782116312,0.9118300257493294,True,LEBL-24L,LEBL-24L,-,SENIA1C,,
05:37:44:992,20264.992,VLG11TT,VLG15SY,15.78538082663112,5.421756172479343,41.20551393,2.04206997,17.520466928490208,10.173466265282062,41.28455743,2.08096254,591,592,5.058584049603979,5.891842964920648,1.1066294250202207,True,LEBL-24L,LEBL-24L,-,SENIA1C,,
05:37:48:977,20268.977,VLG11TT,VLG15SY,15.74584769793496,5.145732160556191,41.20091785,2.04117004,17.346800305714023,10.088794342318485,41.28315961,2.07710381,591,592,5.195855366070459,6.155304223787432,1.299803208536404,True,LEBL-24L,LEBL-24L,-,SENIA1C,,
05:37:52:969,20272.969,VLG11TT,VLG15SY,15.693005368344611,4.863815928359048,41.19622448,2.03997503,17.173535398468534,10.007720046527549,41.28182157,2.0732545,591,592,5.352730027472861,6.431208630769876,1.491098014722326,True,LEBL-24L,LEBL-24L,-,SENIA1C,,
05:37:56:961,20276.961,VLG11TT,VLG15SY,15.589357493543016,4.60879260999554,41.19198251,2.03765772,17.004063135149178,9.92549885977835,41.28046402,2.06948932,591,592,5.501704953818579,6.705844512382615,1.679442883154447,True,LEBL-24L,LEBL-24L,-,SENIA1C,,
05:38:00:953,20280.953,VLG11TT,VLG15SY,15.474267787112437,4.345575518815273,41.18760473,2.03508669,16.84107340033069,9.843374087588431,41.27910749,2.06586802,591,592,5.6651519562258095,6.992892435215298,1.861886096296997,True,LEBL-24L,LEBL-24L,-,SENIA1C,,
05:38:04:961,20284.961,VLG11TT,VLG15SY,15.313524163822509,4.115703094927933,41.1837854,2.03150823,16.687809690585404,9.737838456471197,41.27736012,2.06246028,591,592,5.7876650501376785,7.269997052011834,2.0457516312824717,True,LEBL-24L,LEBL-24L,-,SENIA1C,,
05:38:08:961,20288.961,VLG11TT,VLG15SY,15.12279971910448,3.904867154133633,41.18028504,2.02726815,16.547139128766084,9.616238228917574,41.27534412,2.05933039,591,592,5.8862978439587845,7.543799683351889,2.2260802675150595,True,LEBL-24L,LEBL-24L,-,SENIA1C,,
05:38:12:961,20292.961,VLG11TT,VLG15SY,14.907288569767797,3.72002966528254,41.17721924,2.02248205,16.547139128766084,9.616238228917574,41.27534412,2.05933039,591,592,6.119998797526851,7.806725323032486,2.2260802675150595,True,LEBL-24L,LEBL-24L,-,SENIA1C,,
05:38:16:969,20296.969,VLG11TT,VLG15SY,14.676263177845115,3.540842875581297,41.17424835,2.01735347,16.32865581132212,9.307832488066772,41.27022116,2.05445854,591,592,5.9990474748650255,8.073485225618574,2.5676273581968783,True,LEBL-24L,LEBL-24L,-,SENIA1C,,
05:38:20:969,20300.969,VLG11TT,VLG15SY,14.4446758450752,3.363661046243646,41.17131067,2.01221308,16.251094123467073,9.137064798627792,41.26738144,2.05272359,591,592,6.049408060674334,8.340488013964821,2.724493442686557,True,LEBL-24L,LEBL-24L,-,SENIA1C,,
05:38:24:969,20304.969,VLG11TT,VLG15SY,14.213538978712334,3.19273026434759,41.16847688,2.00708362,16.208686490439995,8.937909842088427,41.26406633,2.05176537,591,592,6.081751554777904,8.603450731139102,2.8731523538302692,True,LEBL-24L,LEBL-24L,-,SENIA1C,,
05:38:28:977,20308.977,VLG11TT,VLG15SY,13.982696238641338,3.0190970462933304,41.16559782,2.0019609,16.208686490439995,8.937909842088427,41.26406633,2.05176537,591,592,6.3235573463652885,8.870105496756512,2.8731523538302692,True,LEBL-24L,LEBL-24L,-,SENIA1C,,
05:39:00:914,20340.914,VLG15SY,VLG7EY,16.257328504956472,6.86680942310433,41.22955729,2.0526535,18.211142018749275,10.49608490460191,41.28988001,2.09630895,592,593,4.12177483219048,4.400397504721073,0.34433839374853203,False,LEBL-24L,LEBL-24L,SENIA1C,LOTOS1C,,
05:39:04:891,20344.891,VLG15SY,VLG7EY,16.28468233985561,6.604618858869527,41.22518716,2.05323539,18.095416824630465,10.442148740445282,41.28899033,2.09373744,592,593,4.243276442366168,4.613725615362648,0.4720093684458152,False,LEBL-24L,LEBL-24L,SENIA1C,LOTOS1C,,
05:39:08:867,20348.867,VLG15SY,VLG7EY,16.31110991298556,6.329846429544013,41.22060747,2.05379553,17.957372261230187,10.374594370746506,41.28787541,2.09066974,592,593,4.366940075969639,4.8436313433177585,0.6256538108599767,True,LEBL-24L,LEBL-24L,SENIA1C,LOTOS1C,,
05:39:12:852,20352.852,VLG15SY,VLG7EY,16.33989415177277,6.058562844736947,41.21608574,2.05440811,17.812027993419726,10.306398918702016,41.28675028,2.08744023,592,593,4.495696760125307,5.073971985673433,0.7862004227440844,True,LEBL-24L,LEBL-24L,SENIA1C,LOTOS1C,,
05:39:16:828,20356.828,VLG15SY,VLG7EY,16.366352216433018,5.783490192240366,41.21150104,2.05496874,17.648487516465515,10.229888342620685,41.28548789,2.08380656,592,593,4.627561716422044,5.312746547863302,0.9667529766594058,True,LEBL-24L,LEBL-24L,SENIA1C,LOTOS1C,,
05:39:20:813,20360.813,VLG15SY,VLG7EY,16.389663774334434,5.504162838162788,41.20684567,2.05545922,17.47809228865287,10.149414233132063,41.28415986,2.08002066,592,593,4.771062476351094,5.5601425061797665,1.1551932450415572,True,LEBL-24L,LEBL-24L,SENIA1C,LOTOS1C,,
05:39:24:797,20364.797,VLG15SY,VLG7EY,16.413416584517986,5.227189721420368,41.20222949,2.05595962,17.310066994807116,10.06559919365075,41.28277587,2.07628713,592,593,4.920791417977432,5.808173744090688,1.342908197068669,True,LEBL-24L,LEBL-24L,SENIA1C,LOTOS1C,,
05:39:28:781,20368.781,VLG15SY,VLG7EY,16.431484157506212,4.942238867949418,41.19748079,2.05633333,17.14107930465816,9.985902318603111,41.28146044,2.07253282,592,593,5.0933354765145324,6.068255231917467,1.5297461671429,True,LEBL-24L,LEBL-24L,SENIA1C,LOTOS1C,,
05:39:32:766,20372.766,VLG15SY,VLG7EY,16.450493396721736,4.662946705708186,41.1928263,2.05672836,16.971010209061493,9.90447345700935,41.28011611,2.06875452,592,593,5.26730865210442,6.324875207991235,1.7183010518498951,True,LEBL-24L,LEBL-24L,SENIA1C,LOTOS1C,,
05:39:36:750,20376.75,VLG15SY,VLG7EY,16.465767168425064,4.378191997718284,41.18808106,2.05704013,16.806449960178625,9.811954116873038,41.27858649,2.06509745,592,593,5.444431607813451,6.5897519377844604,1.9066560481287815,True,LEBL-24L,LEBL-24L,SENIA1C,LOTOS1C,,
05:39:40:734,20380.734,VLG15SY,VLG7EY,16.477299029727625,4.096231899956865,41.18338264,2.05726928,16.67716583711215,9.67610310540952,41.27633233,2.0622185,592,593,5.583449597706937,6.854705728331428,2.083091846034812,True,LEBL-24L,LEBL-24L,SENIA1C,LOTOS1C,,
05:39:44:727,20384.727,VLG15SY,VLG7EY,16.473044154794056,3.819345377477008,41.17876985,2.05714942,16.56310827928317,9.528720196776696,41.2738849,2.05967621,592,593,5.710085145930255,7.120655788613343,2.25366859474573,True,LEBL-24L,LEBL-24L,SENIA1C,LOTOS1C,,
05:39:48:719,20388.719,VLG15SY,VLG7EY,16.39994979941714,3.545051160400704,41.17420504,2.05550612,16.48648125848588,9.356400714691,41.27101934,2.05796151,592,593,5.81199374875426,7.404383521174243,2.4078060758484803,True,LEBL-24L,LEBL-24L,SENIA1C,LOTOS1C,,
05:39:52:719,20392.719,VLG15SY,VLG7EY,16.310131694238788,3.2712922427837627,41.16965028,2.05349296,16.442560725366132,9.169671528237997,41.2679114,2.05697059,592,593,5.899865730960403,7.692406863341396,2.547939641940605,True,LEBL-24L,LEBL-24L,SENIA1C,LOTOS1C,,
05:39:56:719,20396.719,VLG15SY,VLG7EY,16.205677518032296,3.006094317128709,41.16523912,2.05115695,16.41785991191435,8.975558879552926,41.2646791,2.05640508,592,593,5.973234344164982,7.976484296043685,2.6838755866241315,True,LEBL-24L,LEBL-24L,SENIA1C,LOTOS1C,,
05:40:00:711,20400.711,VLG15SY,VLG7EY,16.071739495749338,2.757601692099548,41.16110824,2.0481703,16.407352846868598,8.774528156700871,41.26133055,2.05615357,592,593,6.0262791506757525,8.253373951411385,2.8207058762896127,True,LEBL-24L,LEBL-24L,SENIA1C,LOTOS1C,,
05:40:04:711,20404.711,VLG15SY,VLG7EY,15.93643299965722,2.506263168301071,41.15692996,2.04515349,16.406422679225468,8.572055552179508,41.25795731,2.0561142,592,593,6.083973006450498,8.533744543470508,2.9590386572024,True,LEBL-24L,LEBL-24L,SENIA1C,LOTOS1C,,
05:40:08:711,20408.711,VLG15SY,VLG7EY,15.800333189593012,2.259298227855132,41.15282452,2.0421199,16.40843290493566,8.35838073623599,41.25439723,2.05613896,592,593,6.129322369384494,8.810526745120425,3.1106144609664192,True,LEBL-24L,LEBL-24L,SENIA1C,LOTOS1C,,
05:40:12:711,20412.711,VLG15SY,VLG7EY,15.663973178687458,2.008319814168229,41.14865215,2.03908058,16.415138553732447,8.14288648840733,41.25080651,2.0562676,592,593,6.180384915306769,9.091520181373047,3.2674911465910355,True,LEBL-24L,LEBL-24L,SENIA1C,LOTOS1C,,
05:40:16:711,20416.711,VLG15SY,VLG7EY,15.5259663212788,1.7541051718497445,41.14442589,2.03600493,16.425851248782916,7.920834810910888,41.24710626,2.05648441,592,593,6.2320419867026144,9.376386837046681,3.4334813055063838,True,LEBL-24L,LEBL-24L,SENIA1C,LOTOS1C,,
05:40:20:703,20420.703,VLG15SY,VLG7EY,15.389512037837957,1.4997286934454963,41.14019675,2.03296401,16.438499572280225,7.698083613186602,41.24339422,2.05674402,592,593,6.286491752837511,9.661163622061782,3.604991624902172,True,LEBL-24L,LEBL-24L,SENIA1C,LOTOS1C,,
05:40:24:703,20424.703,VLG15SY,VLG7EY,15.25713947799412,1.248439389144128,41.1360187,2.03001404,16.44874415100835,7.467643779426496,41.23955425,2.05694963,592,593,6.3323317146890545,9.94190689661946,3.7896383286895166,True,LEBL-24L,LEBL-24L,SENIA1C,LOTOS1C,,
05:40:28:695,20428.695,VLG15SY,VLG7EY,15.120572747298311,0.9897084423217268,41.13171686,2.02697104,16.44874415100835,7.467643779426496,41.23955425,2.05694963,592,593,6.612691245577988,10.231244402545107,3.7896383286895166,True,LEBL-24L,LEBL-24L,SENIA1C,LOTOS1C,,
05:41:52:695,20512.695,VLG76GZ,VLG68LT,16.145437154352933,6.659598128090694,41.22611272,2.05015593,18.255664314923862,10.51314311177554,41.29016076,2.09729791,594,595,4.393502886136969,4.635649922529403,0.2967558326071902,False,LEBL-24L,LEBL-24L,-,OLOXO1C,,
05:41:56:680,20516.68,VLG76GZ,VLG68LT,16.09310089950854,6.393670410790061,41.22168579,2.04897247,18.1469548386672,10.464425199239551,41.2893575,2.09488247,594,595,4.559535124448764,4.891593802083236,0.4158755813777814,False,LEBL-24L,LEBL-24L,-,OLOXO1C,,
05:42:00:672,20520.672,VLG76GZ,VLG68LT,16.03819437987663,6.126158592093592,41.21723263,2.0477321,18.01759602104796,10.40571835305786,41.28838935,2.09200822,594,595,4.715152447666598,5.151709528291405,0.5579315576375388,True,LEBL-24L,LEBL-24L,-,OLOXO1C,,
05:42:04:656,20524.656,VLG76GZ,VLG68LT,15.977913907425668,5.853847413286206,41.21269986,2.04637245,17.874552572336544,10.337363673179466,41.28726143,2.08882966,594,595,4.868177921765201,5.419864482415831,0.7164512911203234,True,LEBL-24L,LEBL-24L,-,OLOXO1C,,
05:42:08:641,20528.641,VLG76GZ,VLG68LT,15.920188510041218,5.585406391107082,41.20823138,2.04506992,17.717755355505105,10.262595754749324,41.28602761,2.08534562,594,595,5.010723192043152,5.684442349138128,0.8901525554732556,True,LEBL-24L,LEBL-24L,-,OLOXO1C,,
,20532.633,VLG7EY,VLG76GZ,13.923021655848649,1.075115197008749,41.13321336,2.0004881,15.857144042366976,5.315702374303707,41.2037422,2.04364967,593,594,4.660837801755148,10.612512208193646,5.9534375105108746,True,LEBL-24L,LEBL-24L,LOTOS1C,-,05:42:12:633,05:42:12:633
05:42:12:633,20532.633,VLG76GZ,VLG68LT,15.857144042366976,5.315702374303707,41.2037422,2.04364967,17.554552605348555,10.18922680799335,41.28481747,2.08171983,594,595,5.160662383401296,5.9534375105108746,1.0690764215858144,True,LEBL-24L,LEBL-24L,-,OLOXO1C,,
05:42:16:625,20536.625,VLG76GZ,VLG68LT,15.790819998340742,5.047488617975094,41.19927805,2.04215713,17.38745744773727,10.1141776280961,41.28357951,2.07800771,594,595,5.312305400680238,6.223233799922056,1.2522421528702063,True,LEBL-24L,LEBL-24L,-,OLOXO1C,,
05:42:20:617,20540.617,VLG76GZ,VLG68LT,15.696866451441458,4.778847546147815,41.1948086,2.04005301,17.22990162313342,10.04464011131066,41.28243256,2.07450776,594,595,5.484411379261123,6.505924390017349,1.42444174006355,True,LEBL-24L,LEBL-24L,-,OLOXO1C,,
05:42:24:617,20544.617,VLG76GZ,VLG68LT,15.55900938679716,4.538135910209208,41.19080733,2.03697962,17.07068250963294,9.968085139363115,41.28116871,2.07097038,594,595,5.636444292414606,6.7826575545975345,1.6010821544609946,True,LEBL-24L,LEBL-24L,-,OLOXO1C,,
05:42:28:617,20548.617,VLG76GZ,VLG68LT,15.400183356971764,4.298379439291579,41.18682326,2.03344247,16.92933042103084,9.871611955952048,41.27957162,2.06782734,594,595,5.779205086193263,7.0678299714727695,1.770060444039447,True,LEBL-24L,LEBL-24L,-,OLOXO1C,,
05:42:32:617,20552.617,VLG76GZ,VLG68LT,15.210398697929117,4.091000694900704,41.18338051,2.02922319,16.80889118422087,9.744137799626149,41.27745646,2.06514513,594,595,5.87478828159405,7.3381660182896775,1.9348351703447946,True,LEBL-24L,LEBL-24L,-,OLOXO1C,,
05:42:36:617,20556.617,VLG76GZ,VLG68LT,15.001965925624477,3.89798331944006,41.18017806,2.02459277,16.80889118422087,9.744137799626149,41.27745646,2.06514513,594,595,6.119027790127571,7.605158487586558,1.9348351703447946,True,LEBL-24L,LEBL-24L,-,OLOXO1C,,
05:42:40:625,20560.625,VLG76GZ,VLG68LT,14.778008289443598,3.7147257318132416,41.177139,2.01961997,16.654694214120326,9.439557888155443,41.27239295,2.06169808,594,595,6.024587394848667,7.872131546660132,2.221221293572443,True,LEBL-24L,LEBL-24L,-,OLOXO1C,,
05:42:44:625,20564.625,VLG76GZ,VLG68LT,14.554924925509065,3.541333234985383,41.17426403,2.01466779,16.60952896138148,9.263587640975569,41.26946438,2.06068038,594,595,6.079933653511139,8.131598709150065,2.3574426040967906,True,LEBL-24L,LEBL-24L,-,OLOXO1C,,
05:42:48:625,20568.625,VLG76GZ,VLG68LT,14.329135858573418,3.362379641970734,41.17129636,2.00965571,16.56276299225553,9.09348435739211,41.26663366,2.05962784,594,595,6.150987841919874,8.398725471877102,2.49707424885678,True,LEBL-24L,LEBL-24L,-,OLOXO1C,,
05:42:52:633,20572.633,VLG76GZ,VLG68LT,14.105441029668969,3.1840108458741936,41.16833809,2.00469048,16.523491468687123,8.919508777499193,41.26373789,2.05874114,594,595,6.224379844555643,8.66562508618216,2.6379361740881357,True,LEBL-24L,LEBL-24L,-,OLOXO1C,,
05:42:56:641,20576.641,VLG76GZ,VLG68LT,13.878610983223552,3.004466206785839,41.1653602,1.99965622,16.523491468687123,8.919508777499193,41.26373789,2.05874114,594,595,6.47943835496081,8.936347738501482,2.6379361740881357,True,LEBL-24L,LEBL-24L,-,OLOXO1C,,
05:44:16:578,20656.578,VLG5YL,RYR2SY,16.4665455268134,8.150875188950991,41.25093602,2.05740752,18.171861920520914,10.47450900143926,41.28952358,2.09543577,596,597,2.882252261198936,3.2283785680928028,0.3890347839889337,False,LEBL-24L,LEBL-24L,-,-,,
05:44:20:555,20660.555,VLG5YL,RYR2SY,16.46528132753725,7.924059264400883,41.24715723,2.05735843,18.054664783187487,10.42009425519628,41.28862602,2.0928316,596,597,2.959109738480421,3.4069496655630975,0.5182482506938026,True,LEBL-24L,LEBL-24L,-,-,,
05:44:24:531,20664.531,VLG5YL,RYR2SY,16.464704631992998,7.687556886987944,41.24321701,2.05732368,17.92443105877424,10.359279096388663,41.28762276,2.0899378,596,597,3.044486952714462,3.598514838634183,0.6619812089800186,True,LEBL-24L,LEBL-24L,-,-,,
05:44:28:500,20668.5,VLG5YL,RYR2SY,16.467546974051018,7.448390079891192,41.23923216,2.05736444,17.77865006854017,10.2931536612337,41.28653213,2.08669884,596,597,3.1323587211734987,3.795535438907342,0.8220533986937982,True,LEBL-24L,LEBL-24L,-,-,,
05:44:32:484,20672.484,VLG5YL,RYR2SY,16.466808069217784,7.196793324305107,41.23504047,2.0573247,17.622650996875045,10.216326624837608,41.28526388,2.08323237,596,597,3.233195667824638,4.009664348583409,0.9959004511667261,True,LEBL-24L,LEBL-24L,-,-,,
,20672.484,VLG68LT,VLG5YL,14.554941368822286,3.5395752583064297,41.17423474,2.01466801,16.466808069217784,7.196793324305107,41.23504047,2.0573247,595,596,4.1268000027077,8.133124956049832,4.009664348583409,True,LEBL-24L,LEBL-24L,OLOXO1C,-,05:44:32:484,05:44:32:484
05:44:36:461,20676.461,VLG5YL,RYR2SY,16.468256182360786,6.939321799687874,41.23075075,2.05733287,17.472722477237653,10.144000321907924,41.28407006,2.07990107,596,597,3.35840988688429,4.231991541885428,1.1623518383185754,True,LEBL-24L,LEBL-24L,-,-,,
05:44:40:438,20680.438,VLG5YL,RYR2SY,16.469656097851026,6.672564088848848,41.22630632,2.05733911,17.317775256154402,10.063471812537207,41.28273986,2.07645782,596,597,3.495362827697662,4.466367978201221,1.3368520322695225,True,LEBL-24L,LEBL-24L,-,-,,
05:44:44:422,20684.422,VLG5YL,RYR2SY,16.471709456703103,6.408238827235824,41.22190237,2.05736005,17.16674267183779,9.9812049476519,41.28138031,2.07310133,596,597,3.639939294518738,4.701722009507518,1.5086098332872653,True,LEBL-24L,LEBL-24L,-,-,,
05:44:48:406,20688.406,VLG5YL,RYR2SY,16.47152755607316,6.135402099877014,41.21735677,2.05733069,17.01722888158822,9.8865535620642,41.27981422,2.06977746,596,597,3.7906367840955113,4.948679622422605,1.6845378741116541,True,LEBL-24L,LEBL-24L,-,-,,
05:44:52:391,20692.391,VLG5YL,RYR2SY,16.470711243260837,5.864883784027583,41.21284984,2.0572875,16.898577821925382,9.762961812355226,41.27776366,2.06713519,596,597,3.9214897837516833,5.196346661622178,1.8467620308698343,True,LEBL-24L,LEBL-24L,-,-,,
05:44:56:375,20696.375,VLG5YL,RYR2SY,16.46996451226033,5.591584960990719,41.20829658,2.0572456,16.794692038905456,9.623576638233036,41.27544886,2.06481891,596,597,4.04504695299231,5.4487373057612505,2.005636705417381,True,LEBL-24L,LEBL-24L,-,-,,
05:45:00:359,20700.359,VLG5YL,RYR2SY,16.468231828161773,5.320507041296405,41.20378039,2.05718208,16.719526428576724,9.47127733466894,41.27291682,2.06313823,596,597,4.1583702341832955,5.701339659413151,2.149537068267548,True,LEBL-24L,LEBL-24L,-,-,,
05:45:04:344,20704.344,VLG5YL,RYR2SY,16.466390651439475,5.046651470018668,41.19921793,2.05711591,16.66950252497822,9.301168439868457,41.27008626,2.06201331,596,597,4.259362520367602,5.9582113505040155,2.2868104308760406,True,LEBL-24L,LEBL-24L,-,-,,
05:45:08:328,20708.328,VLG5YL,RYR2SY,16.464323823410968,4.774044630484096,41.19467629,2.05704487,16.62646288478036,9.12788762780756,41.26720235,2.061043,596,597,4.3568610168978665,6.21543039482844,2.42577324089693,True,LEBL-24L,LEBL-24L,-,-,,
05:45:12:320,20712.32,VLG5YL,RYR2SY,16.461889024721927,4.4984777865170456,41.19008536,2.05696542,16.592533054858393,8.945098115952016,41.26415937,2.0602738,596,597,4.448539110399577,6.476832576326725,2.569011651171174,True,LEBL-24L,LEBL-24L,-,-,,
05:45:16:305,20716.305,VLG5YL,RYR2SY,16.456972732711442,4.224559584267559,41.18552207,2.0568312,16.556688361341966,8.75180299907822,41.26094149,2.05946125,596,597,4.5283414340727095,6.738556136239896,2.7260679970670796,True,LEBL-24L,LEBL-24L,-,-,,
05:45:20:297,20720.297,VLG5YL,RYR2SY,16.44173401142044,3.9465467636457374,41.18089128,2.05646812,16.52418909707752,8.55536696929881,41.25767104,2.05872263,596,597,4.60955773683189,7.00818870067079,2.887913326914283,True,LEBL-24L,LEBL-24L,-,-,,
05:45:24:289,20724.289,VLG5YL,RYR2SY,16.389103705003052,3.674625159858128,41.17636457,2.055278,16.490977771968456,8.352653551125965,41.25429605,2.05796772,596,597,4.679137522559903,7.283528034888093,3.05932590054322,True,LEBL-24L,LEBL-24L,-,-,,
05:45:28:289,20728.289,VLG5YL,RYR2SY,16.302166421394553,3.416448095516184,41.17206921,2.05332998,16.454623832311405,8.141130453640622,41.2507745,2.05714243,596,597,4.72714148797302,7.555852423538341,3.2434881448315585,True,LEBL-24L,LEBL-24L,-,-,,
05:45:32:289,20732.289,VLG5YL,RYR2SY,16.194496643440758,3.1556757385061243,41.167732,2.05092313,16.41616640711603,7.919904185379626,41.24709143,2.05626972,596,597,4.769382578293185,7.836803470461854,3.440145854542587,True,LEBL-24L,LEBL-24L,-,-,,
05:45:36:281,20736.281,VLG5YL,RYR2SY,16.06932250952092,2.895675823525927,41.1634088,2.04812929,16.376722940882676,7.697370550460414,41.24338664,2.05537514,596,597,4.811524423285395,8.122374017755925,3.641669163018308,True,LEBL-24L,LEBL-24L,-,-,,
,20736.453,RYR2SY,VLG2QW,16.376722940882676,7.697370550460414,41.24338664,2.05537514,18.00909176127156,10.401710630347496,41.28832323,2.09181925,597,598,3.1588104142954614,3.641669163018308,0.5673322847416297,True,LEBL-24L,LEBL-24L,-,-,05:45:36:453,05:45:36:453
05:45:40:281,20740.281,VLG5YL,RYR2SY,15.939367830071102,2.637008738055326,41.15910806,2.04523015,16.3376762767554,7.481090300701608,41.239786,2.05449003,596,597,4.860429590506347,8.408349166244871,3.840547051541041,True,LEBL-24L,LEBL-24L,-,-,,
05:45:44:281,20744.281,VLG5YL,RYR2SY,15.805668407366102,2.371600173288571,41.15469518,2.04224793,16.288038424316657,7.250225023770703,41.23594309,2.05336903,596,597,4.902413820251681,8.702130010731423,4.059597304243134,True,LEBL-24L,LEBL-24L,-,-,,
05:45:48:281,20748.281,VLG5YL,RYR2SY,15.666633870727953,2.100318107341667,41.15018472,2.03914755,16.240345755555193,7.024433126615492,41.23218456,2.05229172,596,597,4.957424134551136,9.003397100049321,4.275137580021006,True,LEBL-24L,LEBL-24L,-,-,,
05:45:52:273,20752.273,VLG5YL,RYR2SY,15.527182218610116,1.8298527359842376,41.14568781,2.03603844,16.193425173611974,6.799319690677158,41.22843727,2.0512317,596,597,5.013928747885687,9.304257838929772,4.491210920448652,True,LEBL-24L,LEBL-24L,-,-,,
05:45:56:273,20756.273,VLG5YL,RYR2SY,15.387277608036769,1.5560762594774746,41.14113568,2.03291945,16.140691564824987,6.56050397743993,41.22446208,2.05004179,596,597,5.060822993801916,9.608612728069891,4.7233614511621305,True,LEBL-24L,LEBL-24L,-,-,,
05:46:00:273,20760.273,VLG5YL,RYR2SY,15.246137670709404,1.2788386440159534,41.13652588,2.02977327,16.091573311372965,6.334317448409007,41.22069704,2.04893325,596,597,5.125683111954117,9.916833697165604,4.943932478861784,True,LEBL-24L,LEBL-24L,-,-,,
05:46:04:266,20764.266,VLG5YL,RYR2SY,15.104068207729288,0.9983956892273416,41.13186265,2.0266067,16.040620246229746,6.105367288179849,41.21688607,2.04778395,596,597,5.192137193230443,10.228560481396991,5.16876169236794,True,LEBL-24L,LEBL-24L,-,-,,
05:46:08:273,20768.273,VLG5YL,RYR2SY,14.959419747434056,0.7190489952841506,41.12721776,2.02338363,16.040620246229746,6.105367288179849,41.21688607,2.04778395,596,597,5.493761850588254,10.540284995851476,5.16876169236794,True,LEBL-24L,LEBL-24L,-,-,,
05:46:44:422,20804.422,VLG2QW,VLG3TC,16.228045966429903,8.131637350395987,41.25063205,2.0521206,18.18984385818348,10.479526175477726,41.28960578,2.095835,598,599,3.05961319500235,3.399588339116461,0.3706212776922127,False,LEBL-24L,LEBL-24L,-,-,,
05:46:48:398,20808.398,VLG2QW,VLG3TC,16.23152556018385,7.908187430407872,41.24690901,2.05217724,18.06852378694138,10.425655505093433,41.28871761,2.09313946,598,599,3.1164415592421,3.5652825118469047,0.5033361043972681,True,LEBL-24L,LEBL-24L,-,-,,
05:46:52:367,20812.367,VLG2QW,VLG3TC,16.239604163858942,7.681829269875534,41.2431372,2.05233551,17.92984295754232,10.36021856729412,41.287638,2.09005789,598,599,3.167124312084808,3.736483172977962,0.6566783181696227,True,LEBL-24L,LEBL-24L,-,-,,
05:46:56:344,20816.344,VLG2QW,VLG3TC,16.248329135704964,7.446486117867656,41.23921565,2.05250726,17.77881348675759,10.293021152506531,41.28652991,2.08670245,598,599,3.231894808350593,3.920243230934011,0.8219606557522976,True,LEBL-24L,LEBL-24L,-,-,,
05:47:00:320,20820.32,VLG2QW,VLG3TC,16.259481614992048,7.204479799050245,41.23518292,2.05273216,17.617383937148446,10.215917025810294,41.28525745,2.08311555,598,599,3.3034304725896675,4.113506960966665,1.0008472949908427,True,LEBL-24L,LEBL-24L,-,-,,
05:47:04:297,20824.297,VLG2QW,VLG3TC,16.269439841598402,6.949541040168924,41.23093481,2.05292939,17.461157036497088,10.138932176204284,41.28398648,2.07964415,598,599,3.404762207737585,4.323375328202699,1.174974814449121,True,LEBL-24L,LEBL-24L,-,-,,
05:47:08:273,20828.273,VLG2QW,VLG3TC,16.283630451404566,6.687953815401919,41.22657564,2.05321974,17.299887392516528,10.06590362265946,41.28278169,2.07606147,598,599,3.5275094713848048,4.54157286612529,1.3519949887026639,True,LEBL-24L,LEBL-24L,-,-,,
05:47:12:250,20832.25,VLG2QW,VLG3TC,16.29878840142899,6.421585709238134,41.22213675,2.05353104,17.146304160363094,9.993159617619348,41.28158097,2.07264936,598,599,3.670752394900957,4.767959518590586,1.5219324433342387,True,LEBL-24L,LEBL-24L,-,-,,
05:47:16:227,20836.227,VLG2QW,VLG3TC,16.315867045688588,6.149455128656057,41.21760172,2.05388431,16.99353535693612,9.915511183670686,41.28029838,2.06925496,598,599,3.8265405459215294,5.002655558044843,1.6932196311762708,True,LEBL-24L,LEBL-24L,-,-,,
05:47:20:211,20840.211,VLG2QW,VLG3TC,16.33436124860558,5.876206897438048,41.21304797,2.05426878,16.864413032526464,9.80371088790492,41.27844501,2.06638167,598,599,3.9631102039649257,5.241452074328315,1.8582709994594715,True,LEBL-24L,LEBL-24L,-,-,,
05:47:24:195,20844.195,VLG2QW,VLG3TC,16.35014810574891,5.594147071297791,41.2083476,2.05459243,16.76243987332309,9.659653063433812,41.27605221,2.06410735,598,599,4.0863582165178975,5.492692344386658,2.0157713000007154,True,LEBL-24L,LEBL-24L,-,-,,
05:47:28:180,20848.18,VLG2QW,VLG3TC,16.367152549531323,5.314397224986879,41.20368563,2.05494321,16.6852425515492,9.494901962595636,41.27331285,2.06238047,598,599,4.1925888315637385,5.744238547594408,2.165850242180592,True,LEBL-24L,LEBL-24L,-,-,,
05:47:32:164,20852.164,VLG2QW,VLG3TC,16.38453740297106,5.0366579741371895,41.19905713,2.05530255,16.637961538944925,9.313975356593572,41.27030186,2.06131536,598,599,4.284818290541341,5.996317660563071,2.30509469122641,True,LEBL-24L,LEBL-24L,-,-,,
05:47:36:148,20856.148,VLG2QW,VLG3TC,16.39987881875409,4.75321359258276,41.19433372,2.05561607,16.606384580373412,9.12774140166036,41.26720133,2.06059794,598,599,4.379399294649352,6.256680564915858,2.4416090884395723,True,LEBL-24L,LEBL-24L,-,-,,
05:47:40:133,20860.133,VLG2QW,VLG3TC,16.415883808761915,4.475319271851044,41.18970273,2.05594475,16.569030667257262,8.931296402317333,41.26393108,2.05975159,598,599,4.458608095303464,6.513539256422232,2.595789432789666,True,LEBL-24L,LEBL-24L,-,-,,
05:47:44:117,20864.117,VLG2QW,VLG3TC,16.430201013597788,4.199360875566192,41.18510411,2.0562362,16.536873983823643,8.73503274840777,41.26066348,2.05902053,598,599,4.536926102623122,6.7707778920175405,2.7519776459149354,True,LEBL-24L,LEBL-24L,-,-,,
05:47:48:109,20868.109,VLG2QW,VLG3TC,16.43345763213006,3.911823087956377,41.18031334,2.0562817,16.501764439713714,8.530163026327813,41.2572527,2.0582233,598,599,4.618845051126845,7.043803435117658,2.9216247569803,True,LEBL-24L,LEBL-24L,-,-,,
05:47:52:094,20872.094,VLG2QW,VLG3TC,16.410393028261428,3.63168297418009,41.17564765,2.05574527,16.4618259893161,8.312590154480395,41.25363061,2.05731796,598,599,4.681189739806516,7.318413883275204,3.108637866164551,True,LEBL-24L,LEBL-24L,-,-,,
05:47:56:094,20876.094,VLG2QW,VLG3TC,16.34328046771598,3.36019504311413,41.17112916,2.0542348,16.426452389591226,8.099690937895941,41.25008606,2.05651431,598,599,4.740225617546285,7.597727026999929,3.2933731542837985,True,LEBL-24L,LEBL-24L,-,-,,
05:48:00:086,20880.086,VLG2QW,VLG3TC,16.23664194397498,3.099661096233356,41.16679587,2.05185077,16.384847882871192,7.874786286024166,41.24634192,2.05557157,598,599,4.7774245759089515,7.877957139960706,3.494992297007205,True,LEBL-24L,LEBL-24L,-,-,,
05:48:04:094,20884.094,VLG2QW,VLG3TC,16.111690276052798,2.8404092198477127,41.16248514,2.0490619,16.338562257647446,7.641223080664008,41.24245384,2.05452442,598,599,4.806171514026372,8.16244548378336,3.7095186618366047,True,LEBL-24L,LEBL-24L,-,-,,
05:48:08:094,20888.094,VLG2QW,VLG3TC,15.981416908051695,2.5871083953150102,41.15827385,2.04615617,16.29318046331357,7.404500466596381,41.23851305,2.05349713,598,599,4.827469614905321,8.443083441227204,3.92884986414123,True,LEBL-24L,LEBL-24L,-,-,,
05:48:12:086,20892.086,VLG2QW,VLG3TC,15.852069942424048,2.3338895605994963,41.15406379,2.04327132,16.243543949852278,7.1581351104820605,41.23441189,2.05237482,598,599,4.840102997256736,8.72363168956244,4.160985488451153,True,LEBL-24L,LEBL-24L,-,-,,
05:48:16:086,20896.086,VLG2QW,VLG3TC,15.723699743803264,2.0888977897260825,41.14999066,2.04040918,16.18784818141081,6.903985830033083,41.23018145,2.05111771,598,599,4.837407012857304,8.996295577963137,4.405044022393358,True,LEBL-24L,LEBL-24L,-,-,,
05:48:20:086,20900.086,VLG2QW,VLG3TC,15.589788262812554,1.8332032791277284,41.14573951,2.03742386,16.13387393914985,6.650958484023251,41.22596957,2.049899,598,599,4.848380599488175,9.28109754478359,4.649003145504782,True,LEBL-24L,LEBL-24L,-,-,,
05:48:20:195,20900.195,VLG3TC,VLG84ZE,16.13387393914985,6.650958484023251,41.22596957,2.049899,18.12131822456886,10.450759058272228,41.28913179,2.09431263,599,600,4.288172010508386,4.649003145504782,0.444879555884222,False,LEBL-24L,LEBL-24L,-,NATPI1C,,
05:48:24:078,20904.078,VLG2QW,VLG3TC,15.454141982658774,1.5824776419714666,41.14157118,2.03440098,16.077998558366378,6.3953138109885455,41.2217142,2.0486381,598,599,4.85310096915906,9.561980361012031,4.897695571022907,True,LEBL-24L,LEBL-24L,-,-,,
05:48:24:180,20904.18,VLG3TC,VLG84ZE,16.077998558366378,6.3953138109885455,41.2217142,2.0486381,17.992112825726124,10.389298746585675,41.28811774,2.09144152,599,600,4.428967045969856,4.897695571022907,0.5879528270402318,True,LEBL-24L,LEBL-24L,-,NATPI1C,,
05:48:28:078,20908.078,VLG2QW,VLG3TC,15.314576670342754,1.332924581195214,41.13742256,2.03129189,16.017812442249276,6.134267858587423,41.21736912,2.0472814,598,599,4.8525702280593865,9.843272619855323,5.154491685790732,True,LEBL-24L,LEBL-24L,-,-,,
05:48:28:172,20908.172,VLG3TC,VLG84ZE,16.017812442249276,6.134267858587423,41.21736912,2.0472814,17.85083281418487,10.325778815574846,41.28707022,2.08830257,599,600,4.5747926495609095,5.154491685790732,0.7428431393806844,True,LEBL-24L,LEBL-24L,-,NATPI1C,,
05:48:32:078,20912.078,VLG2QW,VLG3TC,15.155918636885682,1.0937462552974817,41.13344793,2.02776174,16.017812442249276,6.134267858587423,41.21736912,2.0472814,598,599,5.11367959154235,10.121373895646487,5.154491685790732,True,LEBL-24L,LEBL-24L,-,-,,
05:48:32:156,20912.156,VLG3TC,VLG84ZE,15.959749918267477,5.872969827070094,41.21301968,2.04597189,17.696423587049395,10.250049663606449,41.28582019,2.0848714,599,600,4.709019359405265,5.411578791129341,0.9147886068077625,True,LEBL-24L,LEBL-24L,-,NATPI1C,,
05:48:36:148,20916.148,VLG3TC,VLG84ZE,15.9016710589045,5.608064738718977,41.20861013,2.04466187,17.52687721617232,10.17260897073482,41.28454267,2.08110458,599,600,4.845240871169393,5.672851164862457,1.1011765003386806,True,LEBL-24L,LEBL-24L,-,NATPI1C,,
05:48:40:133,20920.133,VLG3TC,VLG84ZE,15.844236658905263,5.343513103120487,41.20420641,2.04336633,17.358904958389534,10.092961800969828,41.28322815,2.07737259,599,600,4.985126176032596,5.934407554186108,1.2870719560310306,True,LEBL-24L,LEBL-24L,-,NATPI1C,,
05:48:44:125,20924.125,VLG3TC,VLG84ZE,15.780215678869965,5.073895893147126,41.19971872,2.04192467,17.18821005986419,10.008604810222105,41.28183524,2.07357993,599,600,5.131646935747881,6.204206292034991,1.4774345566855638,True,LEBL-24L,LEBL-24L,-,NATPI1C,,
05:48:48:125,20928.125,VLG3TC,VLG84ZE,15.695979772634358,4.813265960373792,41.19538209,2.04003642,17.023670181097753,9.931960633151387,41.28057026,2.06992463,599,600,5.28808065122379,6.475332355139318,1.6589481958766967,True,LEBL-24L,LEBL-24L,-,NATPI1C,,
05:48:52:117,20932.117,VLG3TC,VLG84ZE,15.557349866440871,4.5685202196573815,41.19131366,2.03694554,16.85374911768217,9.84563132530533,41.27914419,2.06614925,599,600,5.434018093452755,6.756073911872075,1.8494624300901121,True,LEBL-24L,LEBL-24L,-,NATPI1C,,
05:48:56:117,20936.117,VLG3TC,VLG84ZE,15.402662261331978,4.3440645782016825,41.18758424,2.03350131,16.69511917286674,9.74002554306018,41.27739604,2.06262253,599,600,5.548588974005068,7.025779083409666,2.0382258011607948,True,LEBL-24L,LEBL-24L,-,NATPI1C,,
05:49:00:117,20940.117,VLG3TC,VLG84ZE,15.239492572413717,4.132884310326927,41.18407644,2.02987084,16.555737038247926,9.623391310966278,41.27546269,2.05952166,599,600,5.6460753287490695,7.287660585894824,2.215159662717024,True,LEBL-24L,LEBL-24L,-,NATPI1C,,
05:49:04:117,20944.117,VLG3TC,VLG84ZE,15.035407498312216,3.941386131666757,41.18089905,2.02533671,16.430746640321512,9.481494218213872,41.27310736,2.05673766,599,600,5.7131225202902804,7.551208159197365,2.392252489033452,True,LEBL-24L,LEBL-24L,-,NATPI1C,,
05:49:08:125,20948.125,VLG3TC,VLG84ZE,14.821115211212618,3.76080397640464,41.17790399,2.02057799,16.334266539538824,9.311945137578466,41.27028929,2.05458329,599,600,5.753676662247684,7.811106288523727,2.5606977402202222,True,LEBL-24L,LEBL-24L,-,NATPI1C,,
05:49:12:125,20952.125,VLG3TC,VLG84ZE,14.599653491811145,3.5856539850439595,41.17499968,2.01566146,16.267363199566535,9.129402558493975,41.26725266,2.0530835,599,600,5.7891626264055365,8.071100559571013,2.7151801911451856,True,LEBL-24L,LEBL-24L,-,NATPI1C,,
05:49:16:133,20956.133,VLG3TC,VLG84ZE,14.371938680248173,3.4286479165937487,41.17239783,2.01060843,16.214338535326856,8.92518931101933,41.26385401,2.05188948,599,600,5.797103115059097,8.319936962568244,2.876154906284077,True,LEBL-24L,LEBL-24L,-,NATPI1C,,
05:49:20:133,20960.133,VLG3TC,VLG84ZE,14.12407859821391,3.298423887938064,41.17024317,2.00511206,16.17332609300009,8.730452161691575,41.2606124,2.05096268,599,600,5.805716705260857,8.557809270435326,3.0279496666357226,True,LEBL-24L,LEBL-24L,-,NATPI1C,,
05:49:24:141,20964.141,VLG3TC,VLG84ZE,13.83211614386045,3.2155950718510744,41.16888047,1.99864366,16.13258564923917,8.519238761011396,41.25709626,2.0500405,599,600,5.781072247148233,8.78144617730104,3.1956447087504607,True,LEBL-24L,LEBL-24L,-,NATPI1C,,
05:49:28:156,20968.156,VLG3TC,VLG84ZE,13.5756327576932,3.148379025959952,41.16777549,1.99296194,16.09740347758501,8.302342923504645,41.25348506,2.04924108,599,600,5.737828110086407,8.97714546539029,3.368656779422127,True,LEBL-24L,LEBL-24L,-,NATPI1C,,
05:49:32:164,20972.164,VLG3TC,VLG84ZE,13.281859640479905,3.12871329318353,41.16746455,1.98645868,16.06952636644218,8.08438013150764,41.24985558,2.04860353,599,600,5.685922931899667,9.15851098055577,3.5425466209831793,True,LEBL-24L,LEBL-24L,-,NATPI1C,,
05:49:32:219,20972.219,VLG84ZE,VLG1YW,16.06952636644218,8.08438013150764,41.24985558,2.04860353,18.21356278157664,10.499329544054882,41.28993388,2.09636296,600,601,3.2293765365136515,3.5425466209831793,0.34080134719306376,False,LEBL-24L,LEBL-24L,NATPI1C,-,,
05:49:36:180,20976.18,VLG3TC,VLG84ZE,12.9951490995861,3.1450523831583213,41.16775272,1.98011442,16.041588619613954,7.856277214619503,41.24605716,2.04796379,599,600,5.610386186508374,9.312457660377113,3.7288880714160606,True,LEBL-24L,LEBL-24L,-,NATPI1C,,
05:49:36:195,20976.195,VLG84ZE,VLG1YW,16.041588619613954,7.856277214619503,41.24605716,2.04796379,18.100526418015416,10.443866142485737,41.28901855,2.09385091,600,601,3.3067871593590943,3.7288880714160606,0.46664808349939046,False,LEBL-24L,LEBL-24L,NATPI1C,-,,
05:49:40:172,20980.172,VLG84ZE,VLG1YW,16.016799978914385,7.624631676216933,41.2421995,2.04739358,17.961288289289165,10.376681865952786,41.28790989,2.09075678,600,601,3.369690643962634,3.9205522777772224,0.6212229584124803,True,LEBL-24L,LEBL-24L,NATPI1C,-,,
05:49:40:188,20980.188,VLG3TC,VLG84ZE,12.70746984118097,3.184426906075811,41.16842438,1.97375031,16.016799978914385,7.624631676216933,41.2421995,2.04739358,599,600,5.537786955210054,9.455035683796178,3.9205522777772224,True,LEBL-24L,LEBL-24L,-,NATPI1C,,
05:49:44:148,20984.148,VLG84ZE,VLG1YW,15.994850515085636,7.39030170597912,41.23829692,2.0468861,17.81453846490825,10.309453445126335,41.28680098,2.0874962,600,601,3.439870798575993,4.1168503644731125,0.7826377869983899,True,LEBL-24L,LEBL-24L,NATPI1C,-,,
05:49:44:195,20984.195,VLG3TC,VLG84ZE,12.418761669321173,3.228149740295056,41.16916819,1.9673636,15.994850515085636,7.39030170597912,41.23829692,2.0468861,599,600,5.487432953417174,9.601575717565265,4.1168503644731125,True,LEBL-24L,LEBL-24L,-,NATPI1C,,
05:49:48:133,20988.133,VLG84ZE,VLG1YW,15.97144593682102,7.150486572681087,41.23430305,2.04634595,17.649517587048052,10.234215175704422,41.2855599,2.08382983,600,601,3.510741596927909,4.322340345928728,0.9639990498038972,True,LEBL-24L,LEBL-24L,NATPI1C,-,,
05:49:48:211,20988.211,VLG3TC,VLG84ZE,12.13525533523055,3.27619050289018,41.16998332,1.96109217,15.97144593682102,7.150486572681087,41.23430305,2.04634595,599,600,5.45220399179344,9.747986677267448,4.322340345928728,True,LEBL-24L,LEBL-24L,-,NATPI1C,,
05:49:52:109,20992.109,VLG84ZE,VLG1YW,15.94827622599342,6.903890689368747,41.23019619,2.04581046,17.48276120634595,10.155834001325957,41.28426647,2.08012481,600,601,3.595800252949367,4.536771621238595,1.1482537938147062,True,LEBL-24L,LEBL-24L,NATPI1C,-,,
05:49:52:219,20992.219,VLG3TC,VLG84ZE,11.852128813373742,3.331136672168196,41.17091314,1.95482945,15.94827622599342,6.903890689368747,41.23019619,2.04581046,599,600,5.43534680524928,9.89522964912826,4.536771621238595,True,LEBL-24L,LEBL-24L,-,NATPI1C,,
05:49:56:094,20996.094,VLG84ZE,VLG1YW,15.926759314743984,6.654841380573373,41.22604834,2.04531143,17.314576907954972,10.084012886417508,41.28308232,2.07638892,600,601,3.699358713144654,4.755586993829031,1.3310617355376633,True,LEBL-24L,LEBL-24L,NATPI1C,-,,
05:50:00:078,21000.078,VLG84ZE,VLG1YW,15.90396766302619,6.400679199473438,41.22181539,2.04478377,17.152583182017814,10.00927179736678,41.28184895,2.07279013,600,601,3.818505106954467,4.982356805626519,1.5094655980082101,True,LEBL-24L,LEBL-24L,NATPI1C,-,,
05:50:04:063,21004.063,VLG84ZE,VLG1YW,15.879101476155832,6.146061041561242,41.21757498,2.04421019,16.992854898262205,9.922132278210205,41.28040874,2.06924051,600,601,3.936897340482894,5.21320019071026,1.6910216141303365,True,LEBL-24L,LEBL-24L,NATPI1C,-,,
05:50:08:047,21008.047,VLG84ZE,VLG1YW,15.851153818128028,5.890447491545326,41.21331819,2.04356835,16.855580160439562,9.808634361365309,41.27852767,2.06618632,600,601,4.044880792305138,5.448655748860762,1.8639720961998154,True,LEBL-24L,LEBL-24L,NATPI1C,-,,
05:50:12:031,21012.031,VLG84ZE,VLG1YW,15.822758179026406,5.636589819502989,41.20909068,2.04291683,16.732679932998725,9.677679129601383,41.27635465,2.06344932,600,601,4.142265130401913,5.684657906667903,2.0332670181091657,True,LEBL-24L,LEBL-24L,NATPI1C,-,,
05:50:16:016,21016.016,VLG84ZE,VLG1YW,15.791770225246688,5.380937526877881,41.20483344,2.04220783,16.629745457812398,9.52361683988689,41.27379518,2.06115293,600,601,4.22658187911063,5.925061236182547,2.1984893692093794,True,LEBL-24L,LEBL-24L,NATPI1C,-,,
05:50:20:008,21020.008,VLG84ZE,VLG1YW,15.757032326953944,5.119898529344784,41.2004867,2.04141541,16.548493659892678,9.358880128207264,41.2710563,2.05933636,600,601,4.312235619377943,6.173343218341797,2.3541906526762255,True,LEBL-24L,LEBL-24L,NATPI1C,-,,
05:50:23:992,21023.992,VLG84ZE,VLG1YW,15.720914220550307,4.868616326602784,41.1963026,2.0405934,16.490701232278646,9.172122528795263,41.26794887,2.05803789,600,601,4.371811715494479,6.414650472253115,2.507316032717579,True,LEBL-24L,LEBL-24L,NATPI1C,-,,
05:50:27:984,21027.984,VLG84ZE,VLG1YW,15.639831448468694,4.62901813248503,41.19231614,2.038777,16.45664480469076,8.982824307245915,41.26479744,2.05726541,600,601,4.429764357873764,6.6656646308731515,2.6489898394213984,True,LEBL-24L,LEBL-24L,NATPI1C,-,,
05:50:31:977,21031.977,VLG84ZE,VLG1YW,15.533696432340134,4.391442626524975,41.188365,2.03640637,16.42681649627315,8.779126215700245,41.2614058,2.05658538,600,601,4.477659067785051,6.925775304121661,2.8030724604581874,True,LEBL-24L,LEBL-24L,NATPI1C,-,,
05:50:35:977,21035.977,VLG84ZE,VLG1YW,15.403087648193802,4.169358231584179,41.1846735,2.03349558,16.405078863490814,8.573914820874489,41.25798838,2.05608459,600,601,4.5170903404507055,7.1825210869894915,2.958703517479393,True,LEBL-24L,LEBL-24L,NATPI1C,-,,
05:50:39:977,21039.977,VLG84ZE,VLG1YW,15.230947704262803,3.9739007868577887,41.18142823,2.02966805,16.38362447496575,8.353996963354344,41.25432592,2.05558877,600,601,4.529227997471304,7.433700005172589,3.1307435710444373,True,LEBL-24L,LEBL-24L,NATPI1C,-,,
05:50:43:984,21043.984,VLG84ZE,VLG1YW,15.02856180949063,3.802556524948809,41.1785865,2.02517343,16.373564455278146,8.139871462051126,41.25075917,2.05534604,600,601,4.5410717876715285,7.677708632396296,3.29677164767038,True,LEBL-24L,LEBL-24L,NATPI1C,-,,
05:50:47:992,21047.992,VLG84ZE,VLG1YW,14.817423257544917,3.6323812473131127,41.17576462,2.02048556,16.361581132717873,7.912540956736104,41.24697255,2.0550595,600,601,4.550185785396741,7.926134319604135,3.47963721363415,True,LEBL-24L,LEBL-24L,NATPI1C,-,,
05:50:51:992,21051.992,VLG84ZE,VLG1YW,14.602271008837448,3.4752866659887007,41.17316073,2.01571033,16.35324658743573,7.677391635056463,41.24305541,2.05485312,600,601,4.552318271816192,8.166455426680175,3.6716572345059957,True,LEBL-24L,LEBL-24L,NATPI1C,-,,
05:50:56:000,21056.0,VLG84ZE,VLG1YW,14.383094770611391,3.30896630557817,41.17040318,2.01084567,16.350994393213252,7.433174939823955,41.23898678,2.05478069,600,601,4.569652698337591,8.418359992162792,3.8725369069914475,True,LEBL-24L,LEBL-24L,NATPI1C,-,,
05:51:00:000,21060.0,VLG84ZE,VLG1YW,14.16325793958872,3.144795066808839,41.16768127,2.00596697,16.35347729826329,7.182299329963816,41.23480688,2.05481256,600,601,4.593310517927942,8.670151499273048,4.081262388325443,True,LEBL-24L,LEBL-24L,NATPI1C,-,,
05:51:04:000,21064.0,VLG84ZE,VLG1YW,13.940634323319005,2.9798538699554813,41.16494649,2.00102694,16.354737128955414,6.922511383722823,41.23047858,2.05481651,600,601,4.623033703862395,8.925366384884144,4.302813870533124,True,LEBL-24L,LEBL-24L,NATPI1C,-,,
05:51:08:000,21068.0,VLG84ZE,VLG1YW,13.719701766440863,2.819641177238001,41.16229018,1.99612511,16.36216849649056,6.663046862572484,41.22615524,2.0549572,600,601,4.664160983658365,9.176934236504703,4.525195075145741,True,LEBL-24L,LEBL-24L,NATPI1C,-,,
05:51:12:008,21072.008,VLG84ZE,VLG1YW,13.49501665741952,2.6499969213975505,41.15947674,1.99113992,16.370224658172443,6.393810391157962,41.22166905,2.05511081,600,601,4.720483062563949,9.439669608974244,4.759778042320157,True,LEBL-24L,LEBL-24L,NATPI1C,-,,
,21075.914,VLG1YW,VLG6FZ,16.378843111509084,6.119330371267964,41.21709546,2.05527637,18.19370045722996,10.486307370860668,41.28971846,2.09592121,601,602,4.72907975194844,5.0023630549079,0.3642633865197681,False,LEBL-24L,LEBL-24L,-,-,05:51:15:914,05:51:15:914
05:52:16:078,21136.078,VLG6FZ,VLG9VG,16.246152975315958,8.868740502435609,41.26291135,2.05258945,18.22014264135891,10.492665216281614,41.28982234,2.09650817,602,603,2.5561233690657787,2.884929302807037,0.33761550320521855,False,LEBL-24L,LEBL-24L,-,-,,
05:52:20:055,21140.055,VLG6FZ,VLG9VG,16.20433229677459,8.666833654037962,41.25955035,2.05164406,18.105197074096463,10.441503012466104,41.28897882,2.09395423,602,603,2.6005265300332314,3.0447280674682307,0.4634016943395036,False,LEBL-24L,LEBL-24L,-,-,,
05:52:24:023,21144.023,VLG6FZ,VLG9VG,16.16962766382731,8.463587495691122,41.25616654,2.05085635,17.97259874206992,10.38326769074478,41.28801875,2.09100823,602,603,2.6336052779907186,3.2054957880857136,0.6081928055595112,True,LEBL-24L,LEBL-24L,-,-,,
05:52:28:000,21148.0,VLG6FZ,VLG9VG,16.134114949890154,8.249530202573096,41.25260266,2.05004983,17.833689619569856,10.314296621030584,41.28688022,2.08792131,602,603,2.67428764731968,3.3794162510666443,0.7632312430372482,True,LEBL-24L,LEBL-24L,-,-,,
05:52:31:977,21151.977,VLG6FZ,VLG9VG,16.106411902902366,8.038706871729605,41.24909212,2.04941675,17.675979361994784,10.241994348521064,41.28568752,2.08441731,602,603,2.705183489900067,3.5503816987864525,0.93672054352138,True,LEBL-24L,LEBL-24L,-,-,,
05:52:35:953,21155.953,VLG6FZ,VLG9VG,16.071826946365082,7.811809325254513,41.24531424,2.04862979,17.505583326404558,10.160628903887382,41.28434466,2.08063128,602,603,2.7518377078368896,3.742286540266946,1.12553982235501,True,LEBL-24L,LEBL-24L,-,-,,
05:52:39:938,21159.938,VLG6FZ,VLG9VG,16.041260204997855,7.580241422072148,41.24145827,2.04793153,17.33977846576291,10.085228596254083,41.28310072,2.07694778,602,603,2.8215439773918654,3.939305528515041,1.3076741010046573,True,LEBL-24L,LEBL-24L,-,-,,
05:52:43:914,21163.914,VLG6FZ,VLG9VG,16.01398339017071,7.345317577519784,41.23754616,2.04730594,17.175645940227522,10.006054067183356,41.28179366,2.07330113,602,603,2.9032703194211393,4.140799442491033,1.4898913783843908,True,LEBL-24L,LEBL-24L,-,-,,
05:52:47:891,21167.891,VLG6FZ,VLG9VG,15.982722925706662,7.097290564535508,41.23341601,2.04659099,17.01140910496832,9.923311684794134,41.28042705,2.06965197,602,603,3.0074225887879082,4.358788066008372,1.673726344943053,True,LEBL-24L,LEBL-24L,-,-,,
05:52:51:883,21171.883,VLG6FZ,VLG9VG,15.953454965067433,6.847256999607277,41.22925229,2.04592009,17.01140910496832,9.923311684794134,41.28042705,2.06965197,602,603,3.2529032245662397,4.580588758334389,1.673726344943053,True,LEBL-24L,LEBL-24L,-,-,,
05:52:55:859,21175.859,VLG6FZ,VLG9VG,15.925451689453832,6.594765521688502,41.22504753,2.04527707,16.674922204249263,9.501561962168408,41.27342454,2.06215232,602,603,3.0018613557148806,4.806723755148863,2.1711296626116376,True,LEBL-24L,LEBL-24L,-,-,,
05:52:59:844,21179.844,VLG6FZ,VLG9VG,15.896845834982743,6.340304328915848,41.22080999,2.04462061,16.674922204249263,9.501561962168408,41.27342454,2.06215232,602,603,3.255603271316784,5.037515134213377,2.1711296626116376,True,LEBL-24L,LEBL-24L,-,-,,
05:53:03:828,21183.828,VLG6FZ,VLG9VG,15.86585899222412,6.084939447007722,41.21655755,2.04391142,16.59144461437286,9.340879590503874,41.27075338,2.06028676,602,603,3.3358088544007916,5.272622363401828,2.3282300214996043,True,LEBL-24L,LEBL-24L,-,-,,
05:53:07:813,21187.813,VLG6FZ,VLG9VG,15.835962239500551,5.830636231498945,41.21232272,2.04322656,16.5476780710147,9.164348794369474,41.26781536,2.0593001,602,603,3.4088383471013506,5.508248816814568,2.465953691114638,True,LEBL-24L,LEBL-24L,-,-,,
05:53:11:797,21191.797,VLG6FZ,VLG9VG,15.80197334448466,5.571426847539209,41.20800642,2.04245073,16.523492181373353,8.969283866003703,41.26456717,2.0587458,602,603,3.473617962573552,5.751882326623319,2.605783685422885,True,LEBL-24L,LEBL-24L,-,-,,
05:53:15:781,21195.781,VLG6FZ,VLG9VG,15.771080009915044,5.3159149657493865,41.20375151,2.04174388,16.507584139446184,8.777630159767732,41.26137523,2.05837534,602,603,3.5391962953916374,5.992308070956132,2.7441556211986637,True,LEBL-24L,LEBL-24L,-,-,,
05:53:19:773,21199.773,VLG6FZ,VLG9VG,15.734980228146537,5.059971377933671,41.19948975,2.0409218,16.489917050250426,8.577470032974087,41.25804169,2.05796514,602,603,3.5976000880558496,6.236800703523187,2.8959935628528766,True,LEBL-24L,LEBL-24L,-,-,,
05:53:23:766,21203.766,VLG6FZ,VLG9VG,15.68454265581385,4.806949835133745,41.19527762,2.03978263,16.475949557137298,8.373865866654386,41.25465051,2.05763665,602,603,3.6536577370330328,6.486014807322496,3.053576438546436,True,LEBL-24L,LEBL-24L,-,-,,
05:53:27:758,21207.758,VLG6FZ,VLG9VG,15.56819626640035,4.574360657723077,41.19141025,2.03718619,16.465878178327056,8.162265171162884,41.25112583,2.05739379,602,603,3.698498561925113,6.746066684856495,3.22003876311598,True,LEBL-24L,LEBL-24L,-,-,,
05:53:31:758,21211.758,VLG6FZ,VLG9VG,15.452104970497697,4.346433121801502,41.18762047,2.03459611,16.461037767461015,7.946688382370272,41.24753454,2.0572665,602,603,3.7389548446111682,7.001818654978015,3.391532002650577,True,LEBL-24L,LEBL-24L,-,-,,
05:53:35:758,21215.758,VLG6FZ,VLG9VG,15.28901035632935,4.143718958168032,41.18425375,2.03096797,16.46350657702447,7.726375905560435,41.24386384,2.05730074,602,603,3.770261552614908,7.255772493903586,3.5674485783877503,True,LEBL-24L,LEBL-24L,-,-,,
05:53:39:758,21219.758,VLG6FZ,VLG9VG,15.079739406950496,3.9851220750855374,41.18162489,2.02632177,16.48226936940704,7.491515228463038,41.23994962,2.05769464,602,603,3.7764908634393604,7.491960295809705,3.7513311486569925,True,LEBL-24L,LEBL-24L,-,-,,
05:53:43:766,21223.766,VLG6FZ,VLG9VG,14.88041375631146,3.828087795831473,41.17902125,2.02189622,16.4783725541411,7.263964433355749,41.23615877,2.05758715,602,603,3.7892902485618953,7.723776526583437,3.9461572424978786,True,LEBL-24L,LEBL-24L,-,-,,
05:53:43:773,21223.773,VLG9VG,VLG94PH,16.4783725541411,7.263964433355749,41.23615877,2.05758715,18.20382211649584,10.490597304110146,41.28978915,2.09614608,603,604,3.6590074986070915,3.9461572424978786,0.3532747585716312,False,LEBL-24L,LEBL-24L,-,-,,
05:53:47:750,21227.75,VLG9VG,VLG94PH,16.488915949695354,7.027617999584435,41.23222037,2.05779876,18.079229996271604,10.433128986858774,41.2888413,2.09337761,603,604,3.7585374617241705,4.144857390918009,0.4904817474709022,False,LEBL-24L,LEBL-24L,-,-,,
05:53:47:773,21227.773,VLG6FZ,VLG9VG,14.64502975979719,3.721731148550629,41.177264,2.01667705,16.488915949695354,7.027617999584435,41.23222037,2.05779876,602,603,3.7853406918182917,7.930176306709277,4.144857390918009,True,LEBL-24L,LEBL-24L,-,-,,
05:53:51:734,21231.734,VLG9VG,VLG94PH,16.497565363519094,6.782249544252392,41.22813179,2.05796755,17.944063640229942,10.369420176117831,41.28779022,2.09037413,603,604,3.867835364470074,4.356218253218839,0.6399045544989922,True,LEBL-24L,LEBL-24L,-,-,,
05:53:51:781,21231.781,VLG6FZ,VLG9VG,14.39750329294882,3.6389441607331134,41.17589994,2.0111913,16.497565363519094,6.782249544252392,41.22813179,2.05796755,602,603,3.780294887215703,8.125374103387363,4.356218253218839,True,LEBL-24L,LEBL-24L,-,-,,
05:53:55:711,21235.711,VLG9VG,VLG94PH,16.50493717288962,6.53161782408523,41.22395561,2.05810753,17.79182865462031,10.297568020297184,41.28660468,2.08699148,603,604,3.9797576014249754,4.576281334966856,0.8082400070093497,True,LEBL-24L,LEBL-24L,-,-,,
05:53:55:789,21235.789,VLG6FZ,VLG9VG,14.137144656833565,3.595547147773938,41.17519265,2.00542488,16.50493717288962,6.53161782408523,41.22395561,2.05810753,602,603,3.7718632551281748,8.297472438510074,4.576281334966856,True,LEBL-24L,LEBL-24L,-,-,,
05:53:59:695,21239.695,VLG9VG,VLG94PH,16.509220197488908,6.27617019095435,41.21969941,2.05817863,17.623211873562436,10.2158693742851,41.28525622,2.08324476,603,604,4.094167450104855,4.80502203595594,0.9955861287317689,True,LEBL-24L,LEBL-24L,-,-,,
05:53:59:805,21239.805,VLG6FZ,VLG9VG,13.87116768338821,3.5975624077606936,41.175242,1.99953777,16.509220197488908,6.27617019095435,41.21969941,2.05817863,602,603,3.7595559210282596,8.439460274789093,4.80502203595594,True,LEBL-24L,LEBL-24L,-,-,,
05:54:03:680,21243.68,VLG9VG,VLG94PH,16.510081628577073,6.012121454662351,41.21530015,2.05817314,17.461557176963503,10.132937140950794,41.28388657,2.07965243,603,604,4.229234876373994,5.04558650761291,1.1771721019593098,True,LEBL-24L,LEBL-24L,-,-,,
05:54:03:813,21243.813,VLG6FZ,VLG9VG,13.601096520984852,3.6239190820460023,41.17569683,1.99356189,16.510081628577073,6.012121454662351,41.21530015,2.05817314,602,603,3.7637355019665875,8.569753255869431,5.04558650761291,True,LEBL-24L,LEBL-24L,-,-,,
05:54:07:664,21247.664,VLG9VG,VLG94PH,16.510277037523313,5.745903744732635,41.2108648,2.0581527,17.2860142503177,10.063533421307357,41.28274322,2.07575366,603,604,4.3867635276309045,5.2906516176434515,1.3655729925964577,True,LEBL-24L,LEBL-24L,-,-,,
05:54:11:648,21251.648,VLG9VG,VLG94PH,16.50827366051842,5.477838344391972,41.20639882,2.0580834,17.2860142503177,10.063533421307357,41.28274322,2.07575366,603,604,4.651180469887976,5.540191179715434,1.3655729925964577,True,LEBL-24L,LEBL-24L,-,-,,
05:54:15:633,21255.633,VLG9VG,VLG94PH,16.505433719331158,5.2078781592626,41.20190133,2.05799541,17.2860142503177,10.063533421307357,41.28274322,2.07575366,603,604,4.917996948878493,5.7934549672748314,1.3655729925964577,True,LEBL-24L,LEBL-24L,-,-,,
05:54:19:625,21259.625,VLG9VG,VLG94PH,16.498356948685693,4.932195126254757,41.19730879,2.05781309,16.69877343042225,9.393157266230444,41.27161677,2.06267082,603,604,4.465461900010807,6.0549751252410395,2.2100364201163485,True,LEBL-24L,LEBL-24L,-,-,,
05:54:23:609,21263.609,VLG9VG,VLG94PH,16.492778540710724,4.661455220523766,41.1927985,2.05766443,16.69877343042225,9.393157266230444,41.27161677,2.06267082,603,604,4.736183922097202,6.312545269769306,2.2100364201163485,True,LEBL-24L,LEBL-24L,-,-,,
05:54:27:594,21267.594,VLG9VG,VLG94PH,16.484771972032345,4.387860122937333,41.18824081,2.05746177,16.69877343042225,9.393157266230444,41.27161677,2.06267082,603,604,5.009869870251241,6.574646620276937,2.2100364201163485,True,LEBL-24L,LEBL-24L,-,-,,
05:54:31:586,21271.586,VLG9VG,VLG94PH,16.477247339092962,4.111482063683048,41.18363672,2.05726955,16.65533479382536,9.20750326855626,41.26852675,2.06169045,603,604,5.099132010651469,6.840168831951924,2.3540333442692223,True,LEBL-24L,LEBL-24L,-,-,,
05:54:35:570,21275.57,VLG9VG,VLG94PH,16.469541516284195,3.8395557102964,41.17910681,2.05707376,16.619939575627278,9.01934551122615,41.26539444,2.06088822,603,604,5.181972786311216,7.1023179233639135,2.4997566629332044,True,LEBL-24L,LEBL-24L,-,-,,
05:54:39:570,21279.57,VLG9VG,VLG94PH,16.46175731781997,3.5638134682622287,41.17451333,2.05687591,16.598147170257253,8.819363039182006,41.26206416,2.06038645,603,604,5.257319039609725,7.368869248297748,2.6494663792270576,True,LEBL-24L,LEBL-24L,-,-,,
05:54:43:555,21283.555,VLG9VG,VLG94PH,16.454980988739457,3.2927631906389943,41.16999795,2.05670083,16.587404126400532,8.616016937406952,41.25867706,2.0601293,603,604,5.3249005943648475,7.631291799238428,2.800383812238015,True,LEBL-24L,LEBL-24L,-,-,,
05:54:47:547,21287.547,VLG9VG,VLG94PH,16.449956948262656,3.0217628824405267,41.16548328,2.05656456,16.577624045283475,8.402219714346373,41.25511577,2.05989254,603,604,5.381971256673898,7.893794234002184,2.9648657306860047,True,LEBL-24L,LEBL-24L,-,-,,
05:54:51:539,21291.539,VLG9VG,VLG94PH,16.442214945305242,2.7438139022134256,41.16085303,2.05636752,16.574529845736773,8.189094193079768,41.2515652,2.05980403,603,604,5.446887613947404,8.164267666494824,3.1306394223405665,True,LEBL-24L,LEBL-24L,-,-,,
05:54:55:531,21295.531,VLG9VG,VLG94PH,16.43502156785785,2.4742090949000524,41.15636176,2.05618342,16.569958630892874,7.966973560055339,41.24786487,2.05968196,603,604,5.49442166935276,8.427014540223132,3.309982689100017,True,LEBL-24L,LEBL-24L,-,-,,
05:54:59:516,21299.516,VLG9VG,VLG94PH,16.4276326725912,2.20059523447017,41.15180371,2.05599465,16.568595210869702,7.742691887103942,41.24412831,2.05963078,603,604,5.543889045095724,8.694125278748787,3.494242758121354,True,LEBL-24L,LEBL-24L,-,-,,
05:54:59:695,21299.695,VLG94PH,VLG44WK,16.568595210869702,7.742691887103942,41.24412831,2.05963078,18.22099192946555,10.500710345886464,41.28995631,2.09652783,604,605,3.2151330819441126,3.494242758121354,0.3334576588484783,False,LEBL-24L,LEBL-24L,-,OLOXO1C,,
05:55:03:508,21303.508,VLG9VG,VLG94PH,16.419973398384116,1.9233483472577133,41.14718515,2.05579959,16.567499703091755,7.512818510473786,41.24029857,2.05958502,603,604,5.591416700270461,8.965229436377177,3.6875408433012993,True,LEBL-24L,LEBL-24L,-,-,,
05:55:03:680,21303.68,VLG94PH,VLG44WK,16.567499703091755,7.512818510473786,41.24029857,2.05958502,18.10927019019684,10.44812066165896,41.28908876,2.09404522,604,605,3.3155776199118843,3.6875408433012993,0.4569269959903462,False,LEBL-24L,LEBL-24L,-,OLOXO1C,,
05:55:07:500,21307.5,VLG9VG,VLG94PH,16.409982484503054,1.6469164719614169,41.14258033,2.05555305,16.565924563428815,7.277488328242636,41.23637795,2.05952813,603,604,5.632730897240327,9.236444824433173,3.8897805337009688,True,LEBL-24L,LEBL-24L,-,-,,
05:55:07:656,21307.656,VLG94PH,VLG44WK,16.565924563428815,7.277488328242636,41.23637795,2.05952813,17.97728033042382,10.389539859335098,41.28812289,2.09111267,604,605,3.4171318138469577,3.8897805337009688,0.6013264156812361,True,LEBL-24L,LEBL-24L,-,OLOXO1C,,
05:55:11:492,21311.492,VLG9VG,VLG94PH,16.402913918293113,1.366105605050215,41.13790235,2.05537079,16.566367063603987,7.038882869143641,41.23240262,2.05951564,603,604,5.675131612458633,9.5115870802427,4.097468893078424,True,LEBL-24L,LEBL-24L,-,-,,
05:55:11:633,21311.633,VLG94PH,VLG44WK,16.566367063603987,7.038882869143641,41.23240262,2.05951564,17.830672136352685,10.316619570026344,41.28691915,2.08785464,604,605,3.5131218591576805,4.097468893078424,0.7649862938260543,True,LEBL-24L,LEBL-24L,-,OLOXO1C,,
05:55:15:484,21315.484,VLG9VG,VLG94PH,16.396648866536445,1.0894084102282866,41.13329285,2.05520671,16.567226050957128,6.790765094462053,41.22826878,2.05951149,603,604,5.703907837325383,9.782866500067305,4.3166475347444475,True,LEBL-24L,LEBL-24L,-,-,,
05:55:15:617,21315.617,VLG94PH,VLG44WK,16.567226050957128,6.790765094462053,41.22826878,2.05951149,17.67338964498861,10.244282731986209,41.28572584,2.08436012,604,605,3.6263455391690234,4.3166475347444475,0.9381054792776627,True,LEBL-24L,LEBL-24L,-,OLOXO1C,,
05:55:19:477,21319.477,VLG9VG,VLG94PH,16.399917641178106,0.8106453520256723,41.12864827,2.05525334,16.567226050957128,6.790765094462053,41.22826878,2.05951149,603,604,5.982459714687608,10.054444627566692,4.3166475347444475,True,LEBL-24L,LEBL-24L,-,-,,
05:55:19:602,21319.602,VLG94PH,VLG44WK,16.56785666843086,6.540796496153234,41.22410412,2.05950211,17.50135340612945,10.164803181875598,41.28441452,2.08053791,604,605,3.742304185585974,4.540575245588232,1.1276139587660412,True,LEBL-24L,LEBL-24L,-,OLOXO1C,,
05:55:23:586,21323.586,VLG94PH,VLG44WK,16.56689265247371,6.289952073328009,41.21992498,2.05945733,17.33781649326803,10.087460552924927,41.28313805,2.0769045,604,605,3.8749702219392037,4.76854569497997,1.3085118616646119,True,LEBL-24L,LEBL-24L,-,OLOXO1C,,
05:55:27:570,21327.57,VLG94PH,VLG44WK,16.562336382518474,6.037982121217056,41.21572734,2.05933289,17.17205872430125,10.010384568660765,41.28186607,2.07322202,604,605,4.018923057054693,5.00115195580065,1.491313160968527,True,LEBL-24L,LEBL-24L,-,OLOXO1C,,
05:55:31:555,21331.555,VLG94PH,VLG44WK,16.551500146801683,5.781331639040574,41.21145216,2.05906895,17.0104280848686,9.931522659951725,41.28056392,2.06963101,604,605,4.175488038827305,5.242253383905307,1.6711258619020317,True,LEBL-24L,LEBL-24L,-,OLOXO1C,,
05:55:35:539,21335.539,VLG94PH,VLG44WK,16.539528705598553,5.526547321838042,41.20720815,2.05878008,16.86405666967823,9.835304393527014,41.2789714,2.06637678,604,605,4.320961224345739,5.483458696120491,1.84462417879004,True,LEBL-24L,LEBL-24L,-,OLOXO1C,,
05:55:39:523,21339.523,VLG94PH,VLG44WK,16.52870905722575,5.276451425300452,41.20304217,2.05851719,16.751989051791995,9.685533175803716,41.27648413,2.06387812,604,605,4.414731683646745,5.721069735750778,2.012538939349316,True,LEBL-24L,LEBL-24L,-,OLOXO1C,,
05:55:43:516,21343.516,VLG94PH,VLG44WK,16.517045368454333,5.023718272206919,41.19883231,2.0582354,16.64913502587987,9.549417915050084,41.27422367,2.06158518,604,605,4.527626854636935,5.962489648267958,2.168732811116694,True,LEBL-24L,LEBL-24L,-,OLOXO1C,,
05:55:47:500,21347.5,VLG94PH,VLG44WK,16.506164988824484,4.771088102750613,41.19462411,2.057971,16.588311069310574,9.373970314668808,41.27130491,2.0602204,604,605,4.603615170203974,6.20448025922535,2.31258155315374,True,LEBL-24L,LEBL-24L,-,OLOXO1C,,
05:55:51:492,21351.492,VLG94PH,VLG44WK,16.493791439843907,4.51956873233842,41.19043452,2.05767368,16.54266678002931,9.198054063262116,41.26837726,2.05919217,604,605,4.6787406201398305,6.446721491244378,2.450013829467533,True,LEBL-24L,LEBL-24L,-,OLOXO1C,,
05:55:55:484,21355.484,VLG94PH,VLG44WK,16.48338332698488,4.263952759104042,41.18617654,2.05741953,16.5059646689749,9.012639074082747,41.26529072,2.05836135,604,605,4.74874000499839,6.6929716115314335,2.591864547402273,True,LEBL-24L,LEBL-24L,-,OLOXO1C,,
05:55:59:469,21359.469,VLG94PH,VLG44WK,16.474970021796068,4.012408676649232,41.18198626,2.05720995,16.471770837039266,8.819138016594538,41.26206928,2.05758545,604,605,4.806730404575874,6.935435070708263,2.742890920582572,True,LEBL-24L,LEBL-24L,-,OLOXO1C,,
05:56:03:461,21363.461,VLG94PH,VLG44WK,16.46637464750851,3.761429875779395,41.17780541,2.05699642,16.439716648583573,8.623080312213583,41.25880509,2.05685681,604,605,4.861723523092135,7.178043990581607,2.899608887151779,True,LEBL-24L,LEBL-24L,-,OLOXO1C,,
05:56:07:453,21367.453,VLG94PH,VLG44WK,16.45863226433039,3.5106863649088527,41.17362842,2.05680182,16.406985398548844,8.421423622796281,41.25544766,2.05611272,604,605,4.911008838797665,7.420756038414424,3.0657139338563293,True,LEBL-24L,LEBL-24L,-,OLOXO1C,,
05:56:11:438,21371.438,VLG94PH,VLG44WK,16.452749776434736,3.2558385588165635,41.16938292,2.05664803,16.375259033514023,8.217108858323027,41.25204587,2.05539073,604,605,4.961875431729756,7.667441426187283,3.2375124706714966,True,LEBL-24L,LEBL-24L,-,OLOXO1C,,
05:56:11:680,21371.68,VLG44WK,VLG2GP,16.375259033514023,8.217108858323027,41.25204587,2.05539073,18.168590389505034,10.475967394117385,41.28954813,2.09536338,605,606,2.8841773934887556,3.2375124706714966,0.3914000264922721,False,LEBL-24L,LEBL-24L,OLOXO1C,LARPA1C,,
05:56:15:430,21375.43,VLG94PH,VLG44WK,16.456306665660286,3.010780806283369,41.16529987,2.05670407,16.337381737706657,8.001343602099583,41.24845373,2.05453146,604,605,4.991979583038548,7.902726204240909,3.4259301059458993,True,LEBL-24L,LEBL-24L,-,OLOXO1C,,
05:56:15:656,21375.656,VLG44WK,VLG2GP,16.337381737706657,8.001343602099583,41.24845373,2.05453146,18.04347084922038,10.417546424933835,41.28858443,2.09258314,605,606,2.9578330137953857,3.4259301059458993,0.529481430602487,True,LEBL-24L,LEBL-24L,OLOXO1C,LARPA1C,,
05:56:19:414,21379.414,VLG94PH,VLG44WK,16.48260862408303,2.7567111284488286,41.16106509,2.05726261,16.30322367462109,7.789973399645411,41.24493455,2.0537551,604,605,5.036457887319663,8.141571428539876,3.6120482708734594,True,LEBL-24L,LEBL-24L,-,OLOXO1C,,
05:56:19:633,21379.633,VLG44WK,VLG2GP,16.30322367462109,7.789973399645411,41.24493455,2.0537551,17.90513853235898,10.353761980369878,41.28753231,2.08950948,605,606,3.023101569265343,3.6120482708734594,0.6818105390741944,True,LEBL-24L,LEBL-24L,OLOXO1C,LARPA1C,,
05:56:23:406,21383.406,VLG94PH,VLG44WK,16.58162477419573,2.5073240837477906,41.15690323,2.05943055,16.264234693224193,7.565345675311797,41.24119482,2.05287057,604,605,5.0679698977230325,8.359648013192157,3.8146546896879623,True,LEBL-24L,LEBL-24L,-,OLOXO1C,,
05:56:23:617,21383.617,VLG44WK,VLG2GP,16.264234693224193,7.565345675311797,41.24119482,2.05287057,17.748524307642423,10.277497903892233,41.28627357,2.08602932,605,606,3.0917447130162024,3.8146546896879623,0.8559691896422152,True,LEBL-24L,LEBL-24L,OLOXO1C,LARPA1C,,
05:56:27:391,21387.391,VLG94PH,VLG44WK,16.664570307172422,2.2878913666605056,41.15324152,2.06124543,16.22163211034293,7.336118980361674,41.23737871,2.05190566,604,605,5.067622350367632,8.554801923606387,4.025819885264963,True,LEBL-24L,LEBL-24L,-,OLOXO1C,,
05:56:27:602,21387.602,VLG44WK,VLG2GP,16.22163211034293,7.336118980361674,41.23737871,2.05190566,17.581767610102247,10.20103680171849,41.2850122,2.0823244,605,606,3.171391287878776,4.025819885264963,1.039417995394316,True,LEBL-24L,LEBL-24L,OLOXO1C,LARPA1C,,
05:56:31:375,21391.375,VLG94PH,VLG44WK,16.80814830514272,2.0744202441964914,41.1496748,2.06440221,16.22163211034293,7.336118980361674,41.23737871,2.05190566,604,605,5.2942869998635995,8.73393503997203,4.025819885264963,True,LEBL-24L,LEBL-24L,-,OLOXO1C,,
05:56:31:586,21391.586,VLG44WK,VLG2GP,16.17752199726807,7.1045331277120525,41.23352339,2.05090725,17.41025464752586,10.129749444855785,41.28383726,2.07851468,605,606,3.2667359171693513,4.242089379697341,1.2250303036052388,True,LEBL-24L,LEBL-24L,OLOXO1C,LARPA1C,,
05:56:35:570,21395.57,VLG44WK,VLG2GP,16.131234119727687,6.866628770241144,41.22956294,2.04986014,17.255735031049905,10.050650223135316,41.2825308,2.07508109,605,606,3.376758047603472,4.466834869384988,1.3984626988095616,True,LEBL-24L,LEBL-24L,OLOXO1C,LARPA1C,,
05:56:39:555,21399.555,VLG44WK,VLG2GP,16.0839338266841,6.62165508363766,41.22548477,2.04879009,17.091365082777205,9.967797642089016,41.28116242,2.07142889,605,606,3.4945082282393782,4.69990044091681,1.5824423061903847,True,LEBL-24L,LEBL-24L,OLOXO1C,LARPA1C,,
05:56:43:539,21403.539,VLG44WK,VLG2GP,16.034656635871286,6.370753391125862,41.22130796,2.04767585,17.091365082777205,9.967797642089016,41.28116242,2.07142889,605,606,3.7490478904849156,4.9406894685819145,1.5824423061903847,True,LEBL-24L,LEBL-24L,OLOXO1C,LARPA1C,,
05:56:47:523,21407.523,VLG44WK,VLG2GP,15.980652315868472,6.114480394391286,41.21704197,2.04645657,16.793515153127668,9.77545331636555,41.27797929,2.06480723,605,606,3.750129161459088,5.1899053237790564,1.9343197508009218,True,LEBL-24L,LEBL-24L,OLOXO1C,LARPA1C,,
05:56:51:516,21411.516,VLG44WK,VLG2GP,15.92884923565629,5.857639714244952,41.21276636,2.04528615,16.676850366142638,9.63039434800901,41.27557082,2.0622072,605,606,3.8461907412135754,5.439761024044736,2.104865441815438,True,LEBL-24L,LEBL-24L,OLOXO1C,LARPA1C,,
05:56:55:500,21415.5,VLG44WK,VLG2GP,15.876990088557172,5.597980322994342,41.20844378,2.04411439,16.55614642262841,9.496418754092556,41.27334723,2.05951886,605,606,3.9571549789176292,5.693231564694707,2.27576144172612,True,LEBL-24L,LEBL-24L,OLOXO1C,LARPA1C,,
05:56:59:492,21419.492,VLG44WK,VLG2GP,15.821658736635332,5.327701830516747,41.2039445,2.04286495,16.47218474054386,9.321452863696765,41.27043809,2.05764135,605,606,4.046384978815987,5.95872672258649,2.438609530405104,True,LEBL-24L,LEBL-24L,OLOXO1C,LARPA1C,,
05:57:03:484,21423.484,VLG44WK,VLG2GP,15.76219394690624,5.05992973113178,41.19948724,2.04152438,16.419275081879025,9.139631448090908,41.26741254,2.05645166,605,606,4.132278030009159,6.224712094084804,2.5843052220372145,True,LEBL-24L,LEBL-24L,OLOXO1C,LARPA1C,,
05:57:07:477,21427.477,VLG44WK,VLG2GP,15.678472320579912,4.794769392689311,41.19507509,2.03964715,16.38672803190685,8.937067502779382,41.26403998,2.05571149,605,606,4.202411187102352,6.499623517107959,2.732180015070057,True,LEBL-24L,LEBL-24L,OLOXO1C,LARPA1C,,
05:57:11:477,21431.477,VLG44WK,VLG2GP,15.545603138719924,4.552195833379418,41.19104246,2.03668404,16.369378881463305,8.732199342680094,41.26062797,2.05530802,605,606,4.260403245245498,6.775899724250963,2.87718484107283,True,LEBL-24L,LEBL-24L,OLOXO1C,LARPA1C,,
05:57:15:469,21435.469,VLG44WK,VLG2GP,15.393637172430852,4.3222899266424815,41.18722205,2.03329962,16.357583959995125,8.518273093830585,41.25706466,2.05502685,605,606,4.30528374774316,7.04929637286356,3.0315563715346143,True,LEBL-24L,LEBL-24L,OLOXO1C,LARPA1C,,
05:57:19:469,21439.469,VLG44WK,VLG2GP,15.208778819673316,4.112257765685535,41.18373477,2.02918915,16.351535053975216,8.301332517633641,41.25345073,2.05487277,605,606,4.342146829443351,7.3199408645519775,3.1911363217800206,True,LEBL-24L,LEBL-24L,OLOXO1C,LARPA1C,,
05:57:23:477,21443.477,VLG44WK,VLG2GP,15.004550975346788,3.921159197826304,41.18056402,2.02465195,16.34543343004346,8.075073935624774,41.24968156,2.05471668,605,606,4.364971180456144,7.583426351847308,3.3642938024287417,True,LEBL-24L,LEBL-24L,OLOXO1C,LARPA1C,,
05:57:27:477,21447.477,VLG44WK,VLG2GP,14.791244053986045,3.736048398792371,41.17749342,2.01991472,16.343164876067775,7.841515253745868,41.2457905,2.05464487,605,606,4.388999468572831,7.847079400427791,3.5468423075073416,True,LEBL-24L,LEBL-24L,OLOXO1C,LARPA1C,,
05:57:31:477,21451.477,VLG44WK,VLG2GP,14.568110443081908,3.558042881132777,41.17454161,2.01496101,16.34171794093347,7.598368496243313,41.24173964,2.05459039,605,606,4.412472621167593,8.11057913655909,3.742382310273005,True,LEBL-24L,LEBL-24L,OLOXO1C,LARPA1C,,
05:57:35:484,21455.484,VLG44WK,VLG2GP,14.345168080960716,3.381786073339347,41.17161871,2.01001212,16.34546560390263,7.348640353694476,41.23757877,2.0546504,605,606,4.442648203702309,8.373906026042063,3.9458318775739216,True,LEBL-24L,LEBL-24L,OLOXO1C,LARPA1C,,
05:57:39:477,21459.477,VLG2GP,VLG73LA,16.353805525143848,7.096519663098884,41.23337772,2.05481192,18.265289181063324,10.509902897787573,41.29010603,2.09751099,606,607,3.9121547609598855,4.153972612616539,0.28947126515053806,False,LEBL-24L,LEBL-24L,LARPA1C,-,,
05:57:39:492,21459.492,VLG44WK,VLG2GP,14.122904448898806,3.206876941706486,41.16871801,2.0050788,16.353805525143848,7.096519663098884,41.23337772,2.05481192,605,606,4.483998228375223,8.637050575217575,4.153972612616539,True,LEBL-24L,LEBL-24L,OLOXO1C,LARPA1C,,
05:57:43:453,21463.453,VLG2GP,VLG73LA,16.36355787767984,6.843864087019758,41.22916766,2.05500466,18.149992515615494,10.462920689778135,41.2893322,2.09494967,606,607,4.0359533458137635,4.36653267525566,0.4137512727539023,False,LEBL-24L,LEBL-24L,LARPA1C,-,,
05:57:43:492,21463.492,VLG44WK,VLG2GP,13.898322338200057,3.0303649159619472,41.16579053,2.00009448,16.36355787767984,6.843864087019758,41.22916766,2.05500466,605,606,4.54094287486341,8.903976944106393,4.36653267525566,True,LEBL-24L,LEBL-24L,OLOXO1C,LARPA1C,,
05:57:47:430,21467.43,VLG2GP,VLG73LA,16.37246098708219,6.586718963300452,41.22488286,2.05517815,18.017460474072937,10.401156639520352,41.28831336,2.09200475,606,607,4.154029140240315,4.587548170877353,0.5599686836760103,True,LEBL-24L,LEBL-24L,LARPA1C,-,,
05:57:47:492,21467.492,VLG44WK,VLG2GP,13.67424022852465,2.854632243007572,41.16287579,1.99512173,16.37246098708219,6.586718963300452,41.22488286,2.05517815,605,606,4.605308518405395,9.1711052764421,4.587548170877353,True,LEBL-24L,LEBL-24L,OLOXO1C,LARPA1C,,
05:57:51:414,21471.414,VLG2GP,VLG73LA,16.380949887003077,6.332349961262058,41.22064434,2.0553427,17.866670736885204,10.33348454412301,41.2871974,2.08865451,606,607,4.268072679083659,4.809870781428669,0.7252334144573688,True,LEBL-24L,LEBL-24L,LARPA1C,-,,
05:57:51:492,21471.492,VLG44WK,VLG2GP,13.445013786686973,2.6746531397913977,41.15989038,1.99003526,16.380949887003077,6.332349961262058,41.22064434,2.0553427,605,606,4.690252319751668,9.445611683715791,4.809870781428669,True,LEBL-24L,LEBL-24L,OLOXO1C,LARPA1C,,
05:57:55:398,21475.398,VLG2GP,VLG73LA,16.387983176967236,6.0729966945681095,41.21632288,2.05547453,17.713902999962897,10.26063723961298,41.28599527,2.08526001,606,607,4.392538754697167,5.040373704632428,0.894471541157812,True,LEBL-24L,LEBL-24L,LARPA1C,-,,
05:57:55:492,21475.492,VLG44WK,VLG2GP,13.221754728340288,2.5011142613536324,41.15701171,1.98508178,16.387983176967236,6.0729966945681095,41.21632288,2.05547453,605,606,4.773190411622061,9.712450128752055,5.040373704632428,True,LEBL-24L,LEBL-24L,OLOXO1C,LARPA1C,,
05:57:59:375,21479.375,VLG2GP,VLG73LA,16.396296806111938,5.8149518699114005,41.21202313,2.05563482,17.556904035105518,10.187466675739838,41.28478797,2.08177179,606,607,4.523924719442296,5.271852532397605,1.067684116076884,True,LEBL-24L,LEBL-24L,LARPA1C,-,,
05:57:59:492,21479.492,VLG44WK,VLG2GP,12.995557084768736,2.3218079780955985,41.1540369,1.98006329,16.396296806111938,5.8149518699114005,41.21202313,2.05563482,605,606,4.875149731162263,9.986595812603523,5.271852532397605,True,LEBL-24L,LEBL-24L,OLOXO1C,LARPA1C,,
05:58:03:359,21483.359,VLG2GP,VLG73LA,16.40368277360404,5.55542966136544,41.20769883,2.05577441,17.400380303460782,10.113330387914557,41.28356444,2.07829414,606,607,4.665604462349922,5.507427155474653,1.240873873940137,True,LEBL-24L,LEBL-24L,LARPA1C,-,,
05:58:03:492,21483.492,VLG44WK,VLG2GP,12.765703377287808,2.140835551122596,41.15103431,1.97496424,16.40368277360404,5.55542966136544,41.20769883,2.05577441,605,606,4.989423516372059,10.26496698664199,5.507427155474653,True,LEBL-24L,LEBL-24L,OLOXO1C,LARPA1C,,
05:58:07:344,21487.344,VLG2GP,VLG73LA,16.412202711629625,5.301389815292074,41.20346579,2.0559396,17.25252701502199,10.033253698561804,41.2822412,2.07500827,606,607,4.805900617435233,5.739560465083478,1.4087542393032246,True,LEBL-24L,LEBL-24L,LARPA1C,-,,
05:58:11:336,21491.336,VLG2GP,VLG73LA,16.419960673027322,5.049106656750692,41.19926207,2.05608806,17.123735898139234,9.921818376268696,41.28039403,2.07214211,606,607,4.9232732068218015,5.972113597478755,1.5735645036399473,True,LEBL-24L,LEBL-24L,LARPA1C,-,,
05:58:15:320,21495.32,VLG2GP,VLG73LA,16.425994245683253,4.790422776993416,41.19495183,2.05619773,17.018043554966738,9.785454027658698,41.27812979,2.0697858,606,607,5.029995982080485,6.2128248817820255,1.7312912239210252,True,LEBL-24L,LEBL-24L,LARPA1C,-,,
05:58:19:313,21499.313,VLG2GP,VLG73LA,16.43195845762204,4.53659260135874,41.19072246,2.0563063,16.93511810479788,9.6310052773658,41.27556257,2.06793263,606,607,5.119200146898685,6.450363625151852,1.8818482190019685,True,LEBL-24L,LEBL-24L,LARPA1C,-,,
05:58:23:297,21503.297,VLG2GP,VLG73LA,16.43528354823305,4.272693532842502,41.18632552,2.0563555,16.891466473565295,9.456983516006082,41.27266641,2.06694834,606,607,5.204321808929087,6.6994942463407465,2.015639417712508,True,LEBL-24L,LEBL-24L,LARPA1C,-,,
05:58:27:281,21507.281,VLG2GP,VLG73LA,16.440718374175447,4.021363489802984,41.18213784,2.05645256,16.852579717952494,9.272794587704732,41.26960051,2.06606879,606,607,5.26755715132806,6.937094333344084,2.158779076026773,True,LEBL-24L,LEBL-24L,LARPA1C,-,,
05:58:31:273,21511.273,VLG2GP,VLG73LA,16.4306359957826,3.75835256836833,41.17775663,2.05620505,16.826053818734927,9.082974963482869,41.26643991,2.06546277,606,607,5.339284493756035,7.191318498383706,2.3030536799373045,True,LEBL-24L,LEBL-24L,LARPA1C,-,,
05:58:35:266,21515.266,VLG2GP,VLG73LA,16.39419873866844,3.5066107428360214,41.173565,2.05537528,16.800373932285094,8.882399613943177,41.26310005,2.06487454,606,607,5.391111599162929,7.442859468995643,2.460891347437991,True,LEBL-24L,LEBL-24L,LARPA1C,-,,
05:58:39:258,21519.258,VLG2GP,VLG73LA,16.287634912650883,3.2660641738187484,41.16956473,2.05299457,16.782606650512964,8.685330562760782,41.25981804,2.06446207,606,607,5.441823703097983,7.703916771025064,2.6169363923084963,True,LEBL-24L,LEBL-24L,LARPA1C,-,,
05:58:43:258,21523.258,VLG2GP,VLG73LA,16.19923019885351,3.016038612088665,41.16540524,2.05101517,16.76405297766643,8.473424407939003,41.25628889,2.06403081,606,607,5.486536657693538,7.968849369740875,2.7903063648159994,True,LEBL-24L,LEBL-24L,LARPA1C,-,,
05:58:47:258,21527.258,VLG2GP,VLG73LA,16.07851780322856,2.7752794221464496,41.1614023,2.0483219,16.74926724371455,8.258692398697923,41.25271239,2.06368283,606,607,5.524284811930441,8.23448052416412,2.9688051471040566,True,LEBL-24L,LEBL-24L,LARPA1C,-,,
05:58:51:258,21531.258,VLG2GP,VLG73LA,15.95392324950016,2.523221786358238,41.15721132,2.04554204,16.73807373237972,8.040252015581329,41.24907385,2.06341414,606,607,5.572478311304732,8.512287522669304,3.1529126229161175,True,LEBL-24L,LEBL-24L,LARPA1C,-,,
05:58:55:258,21535.258,VLG2GP,VLG73LA,15.828905952144074,2.280694382133216,41.15317908,2.04275403,16.73807373237972,8.040252015581329,41.24907385,2.06341414,606,607,5.8308738783847005,8.781367591121363,3.1529126229161175,True,LEBL-24L,LEBL-24L,LARPA1C,-,,
,21539.352,VLG73LA,EJU86XG,16.71416401205839,7.573108429388887,41.24129268,2.06284026,18.131288430681074,10.458970558503998,41.28926783,2.09453454,607,608,3.2150337239471507,3.5597912941398193,0.4323918254132169,False,LEBL-24L,LEBL-24L,-,-,05:58:59:352,05:58:59:352
06:00:03:398,21603.398,EJU86XG,BAW47C,16.456847977057713,8.530874214595737,41.25726769,2.05722792,18.13791534795915,10.447087374812272,41.28906934,2.09468026,608,609,2.549090108430165,2.9523980548418374,0.4314919784808533,False,LEBL-24L,LEBL-24L,-,-,,
06:00:07:367,21607.367,EJU86XG,BAW47C,16.447031517808334,8.319908460940574,41.25375357,2.05699078,18.01316770913581,10.394692936132966,41.288206,2.09190891,608,609,2.5995217229877308,3.1130226370872967,0.5666066409890944,True,LEBL-24L,LEBL-24L,-,-,,
06:00:11:344,21611.344,EJU86XG,BAW47C,16.44111318697139,8.110905589396854,41.25027188,2.05684023,17.873294043268793,10.328597693889153,41.28711548,2.08880087,608,609,2.639943233380643,3.2753909787304436,0.7213099685283977,True,LEBL-24L,LEBL-24L,-,-,,
06:00:15:320,21615.32,EJU86XG,BAW47C,16.43536812927389,7.891915807892288,41.24662379,2.05669261,17.721986854296123,10.258999129807645,41.28596737,2.08543908,608,609,2.6941550060209374,3.450640809526921,0.8878467347613276,True,LEBL-24L,LEBL-24L,-,-,,
06:00:19:297,21619.297,EJU86XG,BAW47C,16.432196899715688,7.666061902561111,41.24286116,2.0566014,17.56401704965294,10.185594010254988,41.28475624,2.08192931,608,609,2.762075106419869,3.634777835506084,1.0620358705591817,True,LEBL-24L,LEBL-24L,-,-,,
06:00:23:273,21623.273,EJU86XG,BAW47C,16.42979829271857,7.433955157204883,41.2389943,2.05652674,17.3974252221178,10.115031515988356,41.283593,2.07822879,608,609,2.850345999370292,3.8282018243131204,1.2428357324454087,True,LEBL-24L,LEBL-24L,-,-,,
06:00:27:258,21627.258,EJU86XG,BAW47C,16.430289323986816,7.199920607133961,41.23509512,2.05651593,17.243595975598435,10.034962881188696,41.28227033,2.07481043,608,609,2.9493952609362384,4.0258596027377616,1.416097123991315,True,LEBL-24L,LEBL-24L,-,-,,
06:00:31:234,21631.234,EJU86XG,BAW47C,16.432389510460695,6.959299988011143,41.2310861,2.05654016,17.093350311465628,9.959173306672197,41.28101859,2.07147207,608,609,3.0718250452263014,4.232160488519424,1.5843199965029642,True,LEBL-24L,LEBL-24L,-,-,,
06:00:35:211,21635.211,EJU86XG,BAW47C,16.43102176344298,6.710838012712729,41.22694668,2.05648684,16.938733163370507,9.877921847191812,41.27967607,2.0680364,608,609,3.2075209867177956,4.450467619514059,1.7588535063058757,True,LEBL-24L,LEBL-24L,-,-,,
06:00:39:195,21639.195,EJU86XG,BAW47C,16.432026771949108,6.463720868107554,41.2228295,2.05648621,16.801954530247116,9.770038237975015,41.27788847,2.06499381,608,609,3.3269477147449544,4.669523064691983,1.9291996356987018,True,LEBL-24L,LEBL-24L,-,-,,
06:00:43:180,21643.18,EJU86XG,BAW47C,16.43433512148904,6.2143487624702445,41.21867466,2.05651424,16.6970204275874,9.636359884066104,41.27566878,2.0626549,608,609,3.4320786247354165,4.892735335498394,2.0843054895962405,True,LEBL-24L,LEBL-24L,-,-,,
06:00:47:156,21647.156,EJU86XG,BAW47C,16.435578073844773,5.96312714161609,41.21448908,2.0565185,16.630516501047392,9.477926502510028,41.2730339,2.06116573,608,609,3.5202010649593114,5.120487843526488,2.2213400886200425,True,LEBL-24L,LEBL-24L,-,-,,
06:00:51:148,21651.148,EJU86XG,BAW47C,16.435810292177493,5.709784334645682,41.21026823,2.05650018,16.630516501047392,9.477926502510028,41.2730339,2.06116573,608,609,3.7731692123478777,5.352689495517104,2.2213400886200425,True,LEBL-24L,LEBL-24L,-,-,,
06:00:55:133,21655.133,EJU86XG,BAW47C,16.434060861328554,5.450716165187634,41.20595213,2.05643745,16.554647444281688,9.158237927965368,41.26771306,2.05945401,608,609,3.709482274584801,5.592779889248029,2.4640340741927718,True,LEBL-24L,LEBL-24L,-,-,,
06:00:59:125,21659.125,EJU86XG,BAW47C,16.43523161156776,5.200269772427441,41.20177947,2.05644019,16.519823253821013,8.99565951814186,41.26500686,2.05866694,608,609,3.7963323178843638,5.825399142330416,2.5918098339563085,True,LEBL-24L,LEBL-24L,-,-,,
06:01:03:109,21663.109,EJU86XG,BAW47C,16.43510863462933,4.947285058114193,41.19756461,2.05641405,16.49169041411889,8.83520972559302,41.26233565,2.05802844,608,609,3.8883363689064434,6.062268689160748,2.7173236220407,True,LEBL-24L,LEBL-24L,-,-,,
06:01:07:094,21667.094,EJU86XG,BAW47C,16.435034046471884,4.691645188282329,41.19330551,2.05638874,16.465293024640903,8.676316607833582,41.25969025,2.0574286,608,609,3.984786308893921,6.302880155665778,2.844297258996303,True,LEBL-24L,LEBL-24L,-,-,,
06:01:11:086,21671.086,EJU86XG,BAW47C,16.436715920716246,4.4405359278739045,41.18912177,2.05640274,16.442996770123184,8.520670051949894,41.25709865,2.05692,608,609,4.080138958358969,6.539776970090579,2.969384164223481,True,LEBL-24L,LEBL-24L,-,-,,
06:01:15:070,21675.07,EJU86XG,BAW47C,16.437579798275888,4.1900684962908485,41.18494878,2.05639869,16.41562000200837,8.356387437090198,41.25436352,2.05629805,608,609,4.166376813145389,6.777338828791536,3.1071922090305324,True,LEBL-24L,LEBL-24L,-,-,,
06:01:19:055,21679.055,EJU86XG,BAW47C,16.437057668579328,3.932569713634856,41.18065874,2.05636331,16.387340145296776,8.189945278529917,41.25159247,2.05565594,608,609,4.257665854982855,7.022924032008227,3.249915324695185,True,LEBL-24L,LEBL-24L,-,-,,
06:01:23:047,21683.047,EJU86XG,BAW47C,16.438543136081172,3.675682552274779,41.17637875,2.05637243,16.358947591050427,8.024829967152645,41.24884353,2.05501151,608,609,4.349875709388438,7.268171438091971,3.3940850364194364,True,LEBL-24L,LEBL-24L,-,-,,
06:01:27:039,21687.039,EJU86XG,BAW47C,16.440912935242242,3.4223301876879093,41.17215759,2.05640145,16.329177125885735,7.857953513405171,41.24606534,2.05433644,608,609,4.437030446000976,7.510555625455955,3.542548978441248,True,LEBL-24L,LEBL-24L,-,-,,
06:01:31:031,21691.031,EJU86XG,BAW47C,16.442715718942008,3.165646645316399,41.16788097,2.05641761,16.296587930480428,7.689533853126346,41.24326163,2.05359883,608,609,4.526246656949569,7.757002948725777,3.6957560913413774,True,LEBL-24L,LEBL-24L,-,-,,
06:01:35:023,21695.023,EJU86XG,BAW47C,16.444887601637486,2.900342501039139,41.1634607,2.05644114,16.26363751894541,7.517840597065331,41.2404034,2.05285298,608,609,4.621054020381216,8.012322960361965,3.853372320172245,True,LEBL-24L,LEBL-24L,-,-,,
06:01:39:008,21699.008,EJU86XG,BAW47C,16.44545109715699,2.6359469786056957,41.15905568,2.05642916,16.26363751894541,7.517840597065331,41.2404034,2.05285298,608,609,4.88527803499238,8.267797151985354,3.853372320172245,True,LEBL-24L,LEBL-24L,-,-,,
06:01:43:188,21703.188,BAW47C,VLG5RP,16.201205138584335,7.180927670565115,41.23479454,2.05143891,18.170257123873974,10.475221834765708,41.28953558,2.09540026,609,610,3.8379082533405033,4.165412626726474,0.39019376516836335,False,LEBL-24L,LEBL-24L,-,OLOXO1C,,
06:01:47:172,21707.172,BAW47C,VLG5RP,16.166744540015973,7.0082909413119046,41.23192068,2.05065971,18.042882831972587,10.417820422880128,41.28858904,2.09257013,609,610,3.8916302722931895,4.3284443082967465,0.5299022339419969,True,LEBL-24L,LEBL-24L,-,OLOXO1C,,
06:01:51:164,21711.164,BAW47C,VLG5RP,16.13461260460763,6.839557731772553,41.22911169,2.04993252,17.907307127756606,10.352152479104875,41.28750533,2.0895574,609,610,3.9345606783208975,4.487914050840366,0.6805143673725014,True,LEBL-24L,LEBL-24L,-,OLOXO1C,,
06:01:55:148,21715.148,BAW47C,VLG5RP,16.09945907719732,6.664661379205893,41.22620022,2.0491379,17.75010340881935,10.276184559631774,41.28625157,2.0860642,609,610,3.970859654063514,4.655094844311234,0.8550920480670275,True,LEBL-24L,LEBL-24L,-,OLOXO1C,,
06:01:59:133,21719.133,BAW47C,VLG5RP,16.068161699115272,6.497189648202848,41.22341218,2.04842944,17.591241924187987,10.202846926823485,41.28504165,2.08253464,609,610,4.006453448949788,4.814726161039475,1.0300631748974494,True,LEBL-24L,LEBL-24L,-,OLOXO1C,,
06:02:03:125,21723.125,BAW47C,VLG5RP,16.032922180249976,6.3229328308395125,41.22051136,2.04763311,17.4165611640081,10.128808078402246,41.28382111,2.07865441,609,610,4.049585563657831,4.982917040556817,1.219687598020705,True,LEBL-24L,LEBL-24L,-,OLOXO1C,,
06:02:07:117,21727.117,BAW47C,VLG5RP,15.998545028814492,6.153096884145088,41.21768413,2.04685635,17.26455057998797,10.052526884054584,41.28256142,2.07527672,609,610,4.099795650980209,5.147476985421127,1.389675565312838,True,LEBL-24L,LEBL-24L,-,OLOXO1C,,
06:02:11:109,21731.109,BAW47C,VLG5RP,15.96219613949396,5.975392784620436,41.21472594,2.04603528,17.105744158072575,9.974443533990687,41.2812721,2.07174832,609,610,4.159339967691249,5.320436107041614,1.566601824717109,True,LEBL-24L,LEBL-24L,-,OLOXO1C,,
06:02:15:094,21735.094,BAW47C,VLG5RP,15.926351259900848,5.7934895588882975,41.21169775,2.04522507,16.957526094090042,9.885180467985831,41.27979565,2.06845373,609,610,4.219627475768035,5.497400233428396,1.7387698712774187,True,LEBL-24L,LEBL-24L,-,OLOXO1C,,
06:02:19:086,21739.086,BAW47C,VLG5RP,15.89112432916207,5.611694227176719,41.20867131,2.04442863,16.831155019414727,9.752162155327916,41.27758856,2.06563946,609,610,4.245837062660972,5.674520728163246,1.9113850860978028,True,LEBL-24L,LEBL-24L,-,OLOXO1C,,
06:02:23:078,21743.078,BAW47C,VLG5RP,15.85088721675296,5.415284106706243,41.20540171,2.04352001,16.738818870526117,9.60395316950361,41.2751259,2.06357844,609,610,4.281748607684494,5.867431751784233,2.063792754203459,True,LEBL-24L,LEBL-24L,-,OLOXO1C,,
06:02:27:063,21747.063,BAW47C,VLG5RP,15.813879144619742,5.222088990047536,41.20218545,2.04268327,16.657978100593905,9.433129656655284,41.27228562,2.06177027,609,610,4.2948069273601694,6.056514203680953,2.2219362052293286,True,LEBL-24L,LEBL-24L,-,OLOXO1C,,
06:02:31:055,21751.055,BAW47C,VLG5RP,15.773427608797586,5.022185595281544,41.19885765,2.04176977,16.60613725057246,9.247079224677536,41.26918958,2.06060365,609,610,4.306173652700931,6.253606792047621,2.3698502450041796,True,LEBL-24L,LEBL-24L,-,OLOXO1C,,
06:02:35:047,21755.047,BAW47C,VLG5RP,15.729307207212813,4.820364079882132,41.19549813,2.04077496,16.545895734803622,9.05729494416607,41.26603191,2.05925059,609,610,4.314904398954254,6.45444348818151,2.532775861137872,True,LEBL-24L,LEBL-24L,-,OLOXO1C,,
06:02:39:039,21759.039,BAW47C,VLG5RP,15.6658559041718,4.613856958598058,41.19206182,2.03935185,16.48982907852692,8.86200054822698,41.26278213,2.05798968,609,610,4.327315074057141,6.6681356931019415,2.7010262534521843,True,LEBL-24L,LEBL-24L,-,OLOXO1C,,
06:02:43:039,21763.039,BAW47C,VLG5RP,15.565285818066236,4.414906432010404,41.18875384,2.03710778,16.436444020552727,8.662202175262387,41.25945711,2.05678791,609,610,4.335716520300411,6.890993937275297,2.874937956591109,True,LEBL-24L,LEBL-24L,-,OLOXO1C,,
06:02:47:039,21767.039,BAW47C,VLG5RP,15.427184785287777,4.236796599236536,41.18579549,2.03403489,16.384675986488368,8.45409047566762,41.25599346,2.05562133,609,610,4.32462218471853,7.11131628399921,3.0577524042057522,True,LEBL-24L,LEBL-24L,-,OLOXO1C,,
06:02:51:039,21771.039,BAW47C,VLG5RP,15.23520682466857,4.088050602192521,41.18332976,2.02977212,16.336124479594613,8.236605450743307,41.25237341,2.05452529,609,610,4.292147133354365,7.3296303068915565,3.249192366825868,True,LEBL-24L,LEBL-24L,-,OLOXO1C,,
06:02:55:047,21775.047,BAW47C,VLG5RP,15.058624963901272,3.9511702717036927,41.18106058,2.02585149,16.289847118891057,8.010684817200518,41.24861265,2.05347899,609,610,4.242118143102333,7.531819498416044,3.4493549922691082,True,LEBL-24L,LEBL-24L,-,OLOXO1C,,
06:02:59:055,21779.055,BAW47C,VLG5RP,14.834128379382436,3.861055811963205,41.17957343,2.02087441,16.245307127555055,7.777153377916886,41.24472496,2.05247061,609,610,4.162600822245917,7.716755022201748,3.657974374441573,True,LEBL-24L,LEBL-24L,-,OLOXO1C,,
06:03:03:063,21783.063,BAW47C,VLG5RP,14.593177796468618,3.793000374032847,41.1784546,2.01553515,16.205409836769693,7.538183852734891,41.24074634,2.05156472,609,610,4.077461396618747,7.893794428084221,3.871520384499149,True,LEBL-24L,LEBL-24L,-,OLOXO1C,,
06:03:07:070,21787.07,BAW47C,VLG5RP,14.33677629987801,3.774622419771405,41.17816412,2.00985807,16.164452815980148,7.28821979902454,41.23658461,2.05063446,609,610,3.96052622652669,8.040264682118446,4.097865157919946,True,LEBL-24L,LEBL-24L,-,OLOXO1C,,
06:03:11:086,21791.086,BAW47C,VLG5RP,14.073749284604716,3.7899468826450704,41.17843526,2.00403705,16.12386342655099,7.03095726441804,41.23230125,2.0497118,609,610,3.8349858265407293,8.167502264467126,4.333068116534679,True,LEBL-24L,LEBL-24L,-,OLOXO1C,,
06:03:15:102,21795.102,BAW47C,VLG5RP,13.810997496323251,3.822985484234085,41.17900122,1.99822345,16.08575290624273,6.766370070245374,41.22789568,2.04884351,609,610,3.7199495959121243,8.286423506587811,4.5758809773065625,True,LEBL-24L,LEBL-24L,-,OLOXO1C,,
06:03:19:109,21799.109,BAW47C,VLG5RP,13.55378737164328,3.865084360452433,41.17971752,1.99253311,16.04353435621144,6.493247609786063,41.22334818,2.04788357,609,610,3.62023232849967,8.401420018921074,4.830720609777418,True,LEBL-24L,LEBL-24L,-,OLOXO1C,,
06:03:23:125,21803.125,BAW47C,VLG5RP,13.295052221691266,3.906562840806603,41.18042329,1.98680884,15.995156396956292,6.216479464166081,41.21874035,2.04678701,609,610,3.5533473463983327,8.524263117544473,5.094030221090738,True,LEBL-24L,LEBL-24L,-,OLOXO1C,,
06:03:27:133,21807.133,BAW47C,VLG5RP,13.033756596521847,3.9435986197407313,41.1810549,1.98102744,15.947134606783452,5.945567364796802,41.21423005,2.04569902,609,610,3.5349187100776795,8.658358358968202,5.353828509601421,True,LEBL-24L,LEBL-24L,-,OLOXO1C,,
06:04:15:000,21855.0,VLG6LC,VLG91MM,16.468516654120705,7.821603837881842,41.24545004,2.0574206,18.14018329486372,10.458918047299935,41.28926627,2.09473176,611,612,3.1224822812902593,3.4872047317473336,0.4243330907643049,False,LEBL-24L,LEBL-24L,DALIN1C,-,,
06:04:18:977,21858.977,VLG6LC,VLG91MM,16.466890104938134,7.587619189982457,41.24155184,2.05736282,18.010800967148935,10.400653682759934,41.28830549,2.09185704,611,612,3.208866436610962,3.679675509956087,0.5662209696348575,True,LEBL-24L,LEBL-24L,DALIN1C,-,,
,21858.977,VLG5RP,VLG6LC,13.951803366549136,3.0694116271507115,41.16643792,2.00128115,16.466890104938134,7.587619189982457,41.24155184,2.05736282,610,611,5.17105993800596,8.842862610635802,3.679675509956087,True,LEBL-24L,LEBL-24L,OLOXO1C,DALIN1C,06:04:18:977,06:04:18:977
06:04:22:953,21862.953,VLG6LC,VLG91MM,16.465646416430637,7.34814115200169,41.23756209,2.05731302,17.86556913269402,10.329375206777865,41.28712902,2.08862967,611,612,3.29356039884916,3.881168293246146,0.7279658526629335,True,LEBL-24L,LEBL-24L,DALIN1C,-,,
06:04:26:938,21866.938,VLG6LC,VLG91MM,16.461859495345468,7.100005104788541,41.23342827,2.05720608,17.709820004343566,10.259114648808518,41.28597021,2.08516933,611,612,3.396671686097569,4.09552205942571,0.8988158220030261,True,LEBL-24L,LEBL-24L,DALIN1C,-,,
06:04:30:914,21870.914,VLG6LC,VLG91MM,16.460459649329017,6.848910396111152,41.22924499,2.05715176,17.541471361877502,10.180151762454871,41.28466725,2.0814289,611,612,3.5022500429733134,4.3149573570356505,1.084762206285176,True,LEBL-24L,LEBL-24L,DALIN1C,-,,
06:04:34:898,21874.898,VLG6LC,VLG91MM,16.460468762183257,6.592447841059496,41.22497218,2.05712816,17.372706976570978,10.101277142250296,41.28336567,2.07767941,611,612,3.625473986209861,4.54181653252847,1.2710484294426503,True,LEBL-24L,LEBL-24L,DALIN1C,-,,
06:04:38:883,21878.883,VLG6LC,VLG91MM,16.457612081162733,6.331055099249872,41.22061743,2.05704063,17.205292505701795,10.019241781848583,41.28201121,2.07395969,611,612,3.7632096703395885,4.777359939468804,1.4574502460198062,True,LEBL-24L,LEBL-24L,DALIN1C,-,,
06:04:42:859,21882.859,VLG6LC,VLG91MM,16.453753712385897,6.068184647213156,41.21623813,2.05693079,17.041665897336156,9.935845958561329,41.28063369,2.07032397,611,612,3.9120895639686535,5.017226219468149,1.6410152004310445,True,LEBL-24L,LEBL-24L,DALIN1C,-,,
06:04:46:844,21886.844,VLG6LC,VLG91MM,16.450659717267996,5.802572014541704,41.21181309,2.05683764,16.885221367716117,9.832987929196818,41.27893129,2.06684577,611,612,4.053775557815875,5.261513224643205,1.826611169327073,True,LEBL-24L,LEBL-24L,DALIN1C,-,,
06:04:50:828,21890.828,VLG6LC,VLG91MM,16.449690138689146,5.541928510957909,41.20747069,2.05679201,16.752883862293842,9.701838396079465,41.27675572,2.0638995,611,612,4.170944339878598,5.502373215223868,2.0040826741781643,True,LEBL-24L,LEBL-24L,DALIN1C,-,,
06:04:54:813,21894.813,VLG6LC,VLG91MM,16.448238416658164,5.278688257673672,41.20308506,2.05673547,16.63607518547491,9.56452110330058,41.27447622,2.06129709,611,612,4.289947066383681,5.747556131762275,2.172536184045584,True,LEBL-24L,LEBL-24L,DALIN1C,-,,
06:04:58:805,21898.805,VLG6LC,VLG91MM,16.46033585025605,5.016324023504152,41.19871308,2.05697903,16.536742435567113,9.40082082814398,41.27175588,2.05907979,611,612,4.385162505104657,5.988765104024755,2.341638063092451,True,LEBL-24L,LEBL-24L,DALIN1C,-,,
06:05:02:789,21902.789,VLG6LC,VLG91MM,16.524835891982658,4.746993873835037,41.19422138,2.05838215,16.461661298356553,9.219267384015945,41.26873636,2.05739858,611,612,4.472719684838933,6.2212408521072975,2.5039230063004685,True,LEBL-24L,LEBL-24L,DALIN1C,-,,
06:05:06:766,21906.766,VLG6LC,VLG91MM,16.600607078481893,4.494205138319715,41.19000446,2.06003616,16.398502693784692,9.028653285007552,41.26556503,2.05598095,611,612,4.538949898083763,6.438069152800326,2.6667254455100564,True,LEBL-24L,LEBL-24L,DALIN1C,-,,
06:05:10:742,21910.742,VLG6LC,VLG91MM,16.719755175666638,4.249437842000814,41.18591809,2.06265099,16.339300740184385,8.827277370272562,41.26221411,2.05465016,611,612,4.593621700149612,6.638665477866875,2.8382054740383214,True,LEBL-24L,LEBL-24L,DALIN1C,-,,
06:05:14:719,21914.719,VLG6LC,VLG91MM,16.864597872891753,4.019772840427329,41.18208144,2.06583572,16.28899140843007,8.626536512773693,41.25887314,2.05351665,611,612,4.642584876421781,6.823278503343099,3.0075089481620827,True,LEBL-24L,LEBL-24L,DALIN1C,-,,
06:05:18:695,21918.695,VLG6LC,VLG91MM,17.035744210270796,3.8184852538720735,41.17871559,2.06960504,16.235685357076903,8.411782022550302,41.25529889,2.05231556,611,612,4.662453149761806,6.9801830032171255,3.1931762462435973,True,LEBL-24L,LEBL-24L,DALIN1C,-,,
06:05:19:008,21919.008,VLG91MM,DLH98Y,16.235685357076903,8.411782022550302,41.25529889,2.05231556,18.22159110147076,10.487937987348662,41.28974347,2.0965398,612,613,2.8730202254394817,3.1931762462435973,0.3383779662423335,False,LEBL-24L,LEBL-24L,-,AGENA1C,,
06:05:22:672,21922.672,VLG6LC,VLG91MM,17.24223054373816,3.644681159268077,41.17580493,2.07415887,16.188918900381953,8.1951525730472,41.25169294,2.05125935,611,612,4.670787460980292,7.10994605228901,3.3799589586571717,True,LEBL-24L,LEBL-24L,DALIN1C,-,,
06:05:22:984,21922.984,VLG91MM,DLH98Y,16.188918900381953,8.1951525730472,41.25169294,2.05125935,18.1019913620262,10.438764407599477,41.28893344,2.09388287,612,613,2.9484979748415325,3.3799589586571717,0.46746746473120965,False,LEBL-24L,LEBL-24L,-,AGENA1C,,
06:05:26:648,21926.648,VLG6LC,VLG91MM,17.462606501783025,3.4881541254367834,41.17318091,2.07902142,16.14151880819094,7.96703592010685,41.24789564,2.05018817,611,612,4.669652537907655,7.22830155773567,3.5797140419607647,True,LEBL-24L,LEBL-24L,DALIN1C,-,,
06:05:26:961,21926.961,VLG91MM,DLH98Y,16.14151880819094,7.96703592010685,41.24789564,2.05018817,17.972925185152842,10.378463205085248,41.28793868,2.09101498,612,613,3.0280407639784186,3.5797140419607647,0.6099250326881251,True,LEBL-24L,LEBL-24L,-,AGENA1C,,
06:05:30:617,21930.617,VLG6LC,VLG91MM,17.69621204257323,3.369418472638394,41.17118532,2.08418015,16.09686805840415,7.729953675343892,41.24394877,2.04917722,611,612,4.644584850525577,7.315639399775105,3.788384350965551,True,LEBL-24L,LEBL-24L,DALIN1C,-,,
06:05:30:945,21930.945,VLG91MM,DLH98Y,16.09686805840415,7.729953675343892,41.24394877,2.04917722,17.823974716839416,10.307053402994306,41.28676028,2.08770518,612,613,3.102312108068314,3.788384350965551,0.7751048587955005,True,LEBL-24L,LEBL-24L,-,AGENA1C,,
06:05:34:594,21934.594,VLG6LC,VLG91MM,17.941889617137843,3.2620045631999908,41.16937721,2.08960689,16.057355776054646,7.488318723653122,41.23992569,2.04827983,611,612,4.627439808472331,7.398972100483813,4.0011293173784654,True,LEBL-24L,LEBL-24L,DALIN1C,-,,
06:05:34:922,21934.922,VLG91MM,DLH98Y,16.057355776054646,7.488318723653122,41.23992569,2.04827983,17.666264448775127,10.234950198223702,41.28557089,2.08420121,612,613,3.183170051105806,4.0011293173784654,0.9485052405160673,True,LEBL-24L,LEBL-24L,-,AGENA1C,,
06:05:38:570,21938.57,VLG6LC,VLG91MM,18.18605935743213,3.1624234110343084,41.16769946,2.09500076,16.020200918866625,7.239381359588713,41.23578078,2.04743412,611,612,4.6165494571363945,7.483223686875126,4.221833807031784,True,LEBL-24L,LEBL-24L,DALIN1C,-,,
06:05:38:898,21938.898,VLG91MM,DLH98Y,16.020200918866625,7.239381359588713,41.23578078,2.04743412,17.493530299867523,10.15609088321664,41.28426995,2.0803636,612,613,3.267704685271045,4.221833807031784,1.1383802419967928,True,LEBL-24L,LEBL-24L,-,AGENA1C,,
06:05:42:547,21942.547,VLG6LC,VLG91MM,18.43282912468469,3.062313090114311,41.16601244,2.10045184,15.98482719948966,6.9881534045948746,41.23159758,2.04662777,611,612,4.626546833282835,7.576218564555233,4.446694258613887,True,LEBL-24L,LEBL-24L,DALIN1C,-,,
06:05:42:891,21942.891,VLG91MM,DLH98Y,15.98482719948966,6.9881534045948746,41.23159758,2.04662777,17.3256517257278,10.077491151674376,41.28297285,2.07663382,612,613,3.367761589794026,4.446694258613887,1.3237477552393724,True,LEBL-24L,LEBL-24L,-,AGENA1C,,
06:05:46:523,21946.523,VLG6LC,VLG91MM,18.678594068549728,2.965904143475904,41.16438691,2.10588079,15.951278209971566,6.7386426506945005,41.22744286,2.0458621,611,612,4.655298877226031,7.673607725279528,4.672070430088687,True,LEBL-24L,LEBL-24L,DALIN1C,-,,
06:05:46:867,21946.867,VLG91MM,DLH98Y,15.951278209971566,6.7386426506945005,41.22744286,2.0458621,17.15857619025916,10.001661985125915,41.28172173,2.07292226,612,613,3.479204447870194,4.672070430088687,1.5072160853759349,True,LEBL-24L,LEBL-24L,-,AGENA1C,,
06:05:50:500,21950.5,VLG6LC,VLG91MM,18.926608664985675,2.869072904961538,41.16275391,2.11135921,15.914631817717128,6.483575457052009,41.22319577,2.04502742,611,612,4.704958366186709,7.779278706832447,4.9063686730967175,True,LEBL-24L,LEBL-24L,DALIN1C,-,,
06:05:50:852,21950.852,VLG91MM,DLH98Y,15.914631817717128,6.483575457052009,41.22319577,2.04502742,16.9918473454311,9.922730536792583,41.28041878,2.06921823,612,613,3.6039118962113226,4.9063686730967175,1.6916814615442273,True,LEBL-24L,LEBL-24L,-,AGENA1C,,
06:05:54:477,21954.477,VLG6LC,VLG91MM,19.176443642631924,2.771218081858136,41.16110345,2.11687753,15.914631817717128,6.483575457052009,41.22319577,2.04502742,611,612,4.941762202120851,7.893690284388473,4.9063686730967175,True,LEBL-24L,LEBL-24L,DALIN1C,-,,
06:05:54:836,21954.836,VLG91MM,DLH98Y,15.87972063509672,6.22937097935627,41.21896293,2.04423136,16.837963538025512,9.829544252454331,41.2788773,2.06579776,612,613,3.7255170187965865,5.141272131811324,1.8706341071672674,True,LEBL-24L,LEBL-24L,-,AGENA1C,,
06:05:58:820,21958.82,VLG91MM,DLH98Y,15.84901688997606,5.979428574976234,41.21480081,2.04352897,16.707089845346037,9.695872026319469,41.27665957,2.06288374,612,613,3.814215662986216,5.372366240425153,2.0474240212570787,True,LEBL-24L,LEBL-24L,-,AGENA1C,,
06:06:02:805,21962.805,VLG91MM,DLH98Y,15.813530346766711,5.720189019661842,41.21048411,2.04271992,16.609747724042325,9.541149825200778,41.2740887,2.06071127,612,613,3.903037738651832,5.615697281097898,2.206985273886228,True,LEBL-24L,LEBL-24L,-,AGENA1C,,
06:06:06:797,21966.797,VLG91MM,DLH98Y,15.77945082116448,5.461558100261221,41.20617745,2.04194219,16.54839922302975,9.365656220840648,41.2711692,2.0593349,612,613,3.9791033889361276,5.8594105980358675,2.3505953178250647,True,LEBL-24L,LEBL-24L,-,AGENA1C,,
06:06:10:781,21970.781,VLG91MM,DLH98Y,15.746409649142375,5.207482541263805,41.20194661,2.04118796,16.512478090934653,9.184869738141876,41.26815972,2.05852178,612,613,4.050490065584613,6.10001346720861,2.4821972127081673,True,LEBL-24L,LEBL-24L,-,AGENA1C,,
06:06:14:766,21974.766,VLG91MM,DLH98Y,15.711589244301337,4.955639009222397,41.19775307,2.04039463,16.49728745147599,8.989126169936467,41.26489959,2.05816683,612,613,4.109299252719704,6.3406281156048765,2.6134000604490746,True,LEBL-24L,LEBL-24L,-,AGENA1C,,
06:06:18:758,21978.758,VLG91MM,DLH98Y,15.65751710850524,4.700202441420748,41.19350094,2.03917484,16.497382071433496,8.787014933067677,41.2615323,2.0581501,612,613,4.172218773966181,6.59385548662145,2.745327995768068,True,LEBL-24L,LEBL-24L,-,AGENA1C,,
06:06:22:758,21982.758,VLG91MM,DLH98Y,15.553903842152192,4.462482151988764,41.18954723,2.03685996,16.502174346033595,8.583250641327789,41.25813714,2.05823733,612,613,4.228468977213965,6.852986868210269,2.8832713996421253,True,LEBL-24L,LEBL-24L,-,AGENA1C,,
06:06:26:758,21986.758,VLG91MM,DLH98Y,15.430563391565116,4.237306834336311,41.18580377,2.03410973,16.50315671378012,8.364789561351001,41.25449739,2.05823875,612,613,4.264571502116577,7.109385832440764,3.042163622976335,True,LEBL-24L,LEBL-24L,-,AGENA1C,,
06:06:30:758,21990.758,VLG91MM,DLH98Y,15.28080890437419,4.024535929401516,41.18226862,2.03077616,16.508723843060746,8.148594396328075,41.25089507,2.05834198,612,613,4.302979588062004,7.366246921710734,3.203423576480624,True,LEBL-24L,LEBL-24L,-,AGENA1C,,
06:06:34:758,21994.758,VLG91MM,DLH98Y,15.08864258813347,3.852911342286492,41.17942161,2.02650763,16.51537067366646,7.927525201848294,41.24721147,2.05846867,612,613,4.317178608140015,7.605579455704765,3.3741199911100757,True,LEBL-24L,LEBL-24L,-,AGENA1C,,
06:06:38:758,21998.758,VLG91MM,DLH98Y,14.866206463160978,3.70566823973137,41.17698256,2.02157149,16.519916292990285,7.698206767360479,41.24339058,2.05854802,612,613,4.321471982539848,7.838545436037853,3.558389424383421,True,LEBL-24L,LEBL-24L,-,AGENA1C,,
06:06:42:766,22002.766,VLG91MM,DLH98Y,14.628743424626467,3.6034102502550622,41.17529371,2.01630681,16.522395075976114,7.46096635393677,41.23943785,2.05858083,612,613,4.297284685672016,8.0414557409532,3.7554423258201637,True,LEBL-24L,LEBL-24L,-,AGENA1C,,
06:06:46:758,22006.758,DLH98Y,DLH97F,16.523886918997455,7.218559913143004,41.23539912,2.05859129,18.159984504203365,10.466992028227937,41.28939926,2.09517164,613,614,3.6371866208144694,3.9618668298015915,0.40297546888648733,False,LEBL-24L,LEBL-24L,AGENA1C,-,,
06:06:46:773,22006.773,VLG91MM,DLH98Y,14.373027436719378,3.5330471203033715,41.17413712,2.01064097,16.523886918997455,7.218559913143004,41.23539912,2.05859129,612,613,4.267224045991739,8.229089432233406,3.9618668298015915,True,LEBL-24L,LEBL-24L,-,AGENA1C,,
06:06:50:734,22010.734,DLH98Y,DLH97F,16.524417826210534,6.971306872145914,41.23127971,2.05858001,18.032116534202505,10.406028764020252,41.28839341,2.09233021,613,614,3.7510624986264216,4.176879058087097,0.5446302235740683,True,LEBL-24L,LEBL-24L,AGENA1C,-,,
06:06:50:789,22010.789,VLG91MM,DLH98Y,14.106757947422436,3.4968223756166443,41.17354965,2.00474445,16.524417826210534,6.971306872145914,41.23127971,2.05858001,612,613,4.23286212935455,8.397374627812994,4.176879058087097,True,LEBL-24L,LEBL-24L,-,AGENA1C,,
06:06:54:711,22014.711,DLH98Y,DLH97F,16.522768234247835,6.715466333670564,41.22701738,2.05851963,17.885752468278753,10.334027666465472,41.287205,2.08907765,613,614,3.8667443853214953,4.403923139120993,0.7077268494213349,True,LEBL-24L,LEBL-24L,AGENA1C,-,,
06:06:58:695,22018.695,DLH98Y,DLH97F,16.52323418355619,6.465647115784451,41.22285522,2.05850668,17.725511882213624,10.261131438776264,41.28600263,2.08551745,613,614,3.9813531507222057,4.627625509612465,0.8837489005838599,True,LEBL-24L,LEBL-24L,AGENA1C,-,,
06:07:02:680,22022.68,DLH98Y,DLH97F,16.51856998621293,6.206865470592161,41.2185441,2.05837927,17.562116671475795,10.187449191805085,41.28478729,2.08188736,613,614,4.115098594919499,4.864156878245811,1.0629679177573121,True,LEBL-24L,LEBL-24L,AGENA1C,-,,
06:07:06:664,22026.664,DLH98Y,DLH97F,16.513728738759667,5.95016227110255,41.21426762,2.05824815,17.39143362943057,10.110248794221045,41.28351376,2.07809548,613,614,4.251668584795826,5.1010123395211,1.2502848452849387,True,LEBL-24L,LEBL-24L,AGENA1C,-,,
06:07:10:648,22030.648,DLH98Y,DLH97F,16.50609695276404,5.692078277892762,41.20996833,2.05805512,17.230019078400694,10.033198003793432,41.28224192,2.07450925,613,614,4.401066202477555,5.342039632673529,1.42913923124401,True,LEBL-24L,LEBL-24L,AGENA1C,-,,
06:07:14:641,22034.641,DLH98Y,DLH97F,16.496420319381915,5.427604204189638,41.20556272,2.05781624,17.06721575315987,9.948268155413013,41.2808388,2.07089161,613,614,4.556556812672514,5.591298535612725,1.6126071561722868,True,LEBL-24L,LEBL-24L,AGENA1C,-,,
06:07:18:625,22038.625,DLH98Y,DLH97F,16.4872391060926,5.168154896522194,41.20124079,2.05758883,16.92718912326785,9.825836454839257,41.27880913,2.06777549,613,614,4.678413568326273,5.837029891400878,1.7922634144930267,True,LEBL-24L,LEBL-24L,AGENA1C,-,,
06:07:22:609,22042.609,DLH98Y,DLH97F,16.476986570426632,4.9103211372707385,41.19694585,2.05733788,16.812835458355625,9.6859128538998,41.27648612,2.06522704,613,614,4.787386627321764,6.082753541024252,1.9589647886111898,True,LEBL-24L,LEBL-24L,AGENA1C,-,,
06:07:26:602,22046.602,DLH98Y,DLH97F,16.46706091733994,4.652797910354251,41.19265606,2.05709423,16.728545810305082,9.52009572046399,41.27372952,2.06334278,613,614,4.874316600462884,6.329057381056629,2.115772993378037,True,LEBL-24L,LEBL-24L,AGENA1C,-,,
06:07:30:586,22050.586,DLH98Y,DLH97F,16.456521198828828,4.392055584374629,41.18831268,2.05683672,16.675075442401543,9.341492736243069,41.27075769,2.06214064,613,614,4.954260194789856,6.579484738341945,2.2589085583263713,True,LEBL-24L,LEBL-24L,AGENA1C,-,,
06:07:34:578,22054.578,DLH98Y,DLH97F,16.447390627569575,4.131529278726084,41.1839728,2.05661046,16.634039369476334,9.155066510483396,41.26765463,2.06121349,613,614,5.027003488332516,6.8300657919650964,2.4029815428881847,True,LEBL-24L,LEBL-24L,AGENA1C,-,,
06:07:38:570,22058.57,DLH98Y,DLH97F,16.44079646106145,3.871255503824193,41.17963695,2.0564404,16.61095928159608,8.963348929372179,41.26446214,2.06068392,613,614,5.09493580332484,7.080388150531924,2.5431257888828025,True,LEBL-24L,LEBL-24L,AGENA1C,-,,
06:07:42:563,22062.563,DLH98Y,DLH97F,16.43662765306878,3.614577001474168,41.17536083,2.05632438,16.5939790360289,8.766441378337008,41.26118275,2.06028911,613,614,5.154266777661766,7.327272032057185,2.68905925018165,True,LEBL-24L,LEBL-24L,AGENA1C,-,,
06:07:46:547,22066.547,DLH98Y,DLH97F,16.434452558173145,3.358298188381385,41.17109123,2.05625254,16.580650306544868,8.566366378606222,41.25785033,2.05997497,613,614,5.210119773638681,7.573874712285841,2.841058527906051,True,LEBL-24L,LEBL-24L,AGENA1C,-,,
06:07:50:539,22070.539,DLH98Y,DLH97F,16.431850594200473,3.093762787098097,41.1666841,2.0561705,16.568091855962184,8.355887477075537,41.25434452,2.05967696,613,614,5.263888100470659,7.829170161696696,3.006154448528317,True,LEBL-24L,LEBL-24L,AGENA1C,-,,
06:07:54:523,22074.523,DLH98Y,DLH97F,16.431593174053873,2.832398544304675,41.16232964,2.05614065,16.5642426272668,8.149057498012484,41.25089889,2.05957232,613,614,5.318313483377893,8.081390199707416,3.168411189011954,True,LEBL-24L,LEBL-24L,AGENA1C,-,,
06:07:58:516,22078.516,DLH98Y,DLH97F,16.430031928233127,2.5637470050567366,41.15785386,2.05608128,16.558923910665797,7.92821280177483,41.24721987,2.05943382,613,614,5.366014016688151,8.34155493685182,3.34780728954527,True,LEBL-24L,LEBL-24L,AGENA1C,-,,
06:08:02:508,22082.508,DLH98Y,DLH97F,16.423773496273114,2.2853001007916696,41.15321521,2.05591708,16.559278838535555,7.708222157217127,41.24355468,2.05942113,613,614,5.424614763082017,8.612886724789895,3.5280387743401853,True,LEBL-24L,LEBL-24L,AGENA1C,-,,
06:08:06:500,22086.5,DLH98Y,DLH97F,16.418269874850864,2.014710839567944,41.14870742,2.05577033,16.558107553087055,7.478628773038902,41.23972961,2.05937373,613,614,5.4657070686197615,8.876850841774962,3.7215157097118055,True,LEBL-24L,LEBL-24L,AGENA1C,-,,
06:08:10:492,22090.492,DLH98Y,DLH97F,16.408975267686454,1.733604958345355,41.14402468,2.05553876,16.561201358808866,7.254718265479131,41.23599892,2.05942136,613,614,5.523211469157059,9.152313761863631,3.9118378574856685,True,LEBL-24L,LEBL-24L,AGENA1C,-,,
06:08:10:641,22090.641,DLH97F,THY1852,16.561201358808866,7.254718265479131,41.23599892,2.05942136,18.20927640809025,10.484295071229626,41.28968373,2.09626637,614,615,3.625785116675478,3.9118378574856685,0.3510380689814086,False,LEBL-24L,LEBL-24L,-,DIPES1C,,
06:08:14:484,22094.484,DLH98Y,DLH97F,16.400723080237537,1.456568741953558,41.13940967,2.05533066,16.560725990383972,7.017370602709047,41.23204461,2.05938866,613,614,5.563103294550357,9.423919071871719,4.119064383791458,True,LEBL-24L,LEBL-24L,AGENA1C,-,,
06:08:14:625,22094.625,DLH97F,THY1852,16.560725990383972,7.017370602709047,41.23204461,2.05938866,18.09220718223174,10.435078318839034,41.28887278,2.09366555,614,615,3.7451516222815213,4.119064383791458,0.4778903101062146,False,LEBL-24L,LEBL-24L,-,DIPES1C,,
06:08:18:477,22098.477,DLH98Y,DLH97F,16.392724020623056,1.1764934989282807,41.13474401,2.05512791,16.56078904116432,6.7782875898929,41.22806135,2.05936773,613,614,5.604314667173468,9.698747709394688,4.330687374932035,True,LEBL-24L,LEBL-24L,AGENA1C,-,,
06:08:18:609,22098.609,DLH97F,THY1852,16.56078904116432,6.7782875898929,41.22806135,2.05936773,17.95866284857781,10.369121448323092,41.28778413,2.0906978,614,615,3.8533282990554216,4.330687374932035,0.6268112515176619,True,LEBL-24L,LEBL-24L,-,DIPES1C,,
06:08:22:469,22102.469,DLH98Y,DLH97F,16.382761424049907,0.8930686954706251,41.13002268,2.05488145,16.56078904116432,6.7782875898929,41.22806135,2.05936773,613,614,5.8879109425772045,9.97756760663535,4.330687374932035,True,LEBL-24L,LEBL-24L,AGENA1C,-,,
06:08:22:594,22102.594,DLH97F,THY1852,16.56066791970633,6.537128256630172,41.22404351,2.05934253,17.808307510681065,10.29945366219546,41.28663485,2.08735704,614,615,3.9637983054552133,4.546986338281295,0.7925170526996769,True,LEBL-24L,LEBL-24L,-,DIPES1C,,
06:08:26:570,22106.57,DLH97F,THY1852,16.559857505714046,6.29386406464201,41.21999065,2.05930187,17.645228609004125,10.22232228970022,41.28536208,2.08373355,614,615,4.07563669355901,4.7678741158161655,0.9729165294427793,True,LEBL-24L,LEBL-24L,-,DIPES1C,,
06:08:30:555,22110.555,DLH97F,THY1852,16.555286404146177,6.04145109871824,41.21578563,2.05917707,17.469376600536794,10.14159113699086,41.28403017,2.07982665,614,615,4.200798640804345,5.000733945807435,1.166404634263937,True,LEBL-24L,LEBL-24L,-,DIPES1C,,
06:08:34:547,22114.547,DLH97F,THY1852,16.55049794422698,5.794686513593333,41.21167473,2.059048,17.293476821680372,10.054518567504337,41.28259248,2.07591823,614,615,4.324140000031168,5.230261533986827,1.3626419725092722,True,LEBL-24L,LEBL-24L,-,DIPES1C,,
06:08:38:531,22118.531,DLH97F,THY1852,16.542942725123133,5.541738247859428,41.207461,2.0588571,17.12213786656886,9.971827250609836,41.28122732,2.07211152,614,615,4.467790906495563,5.468062821433756,1.5528872320070557,True,LEBL-24L,LEBL-24L,-,DIPES1C,,
06:08:42:516,22122.516,DLH97F,THY1852,16.533901512202153,5.290294522156291,41.20327244,2.05863346,16.94770403890003,9.883644079896593,41.27977076,2.06823583,614,615,4.611951072018715,5.706284891569298,1.748291194457949,True,LEBL-24L,LEBL-24L,-,DIPES1C,,
06:08:46:508,22126.508,DLH97F,THY1852,16.523065715761497,5.03656126197536,41.19904586,2.0583699,16.77462454553901,9.79517620277877,41.27830923,2.06439031,614,615,4.765259489227891,5.948369570845915,1.9426089179252097,True,LEBL-24L,LEBL-24L,-,DIPES1C,,
06:08:50:492,22130.492,DLH97F,THY1852,16.51068935279115,4.783631883103705,41.19483278,2.05807234,16.611509151695792,9.682054300971942,41.27643612,2.06076354,614,615,4.899459849383938,6.191146938093431,2.1388782132581925,True,LEBL-24L,LEBL-24L,-,DIPES1C,,
06:08:54:484,22134.484,DLH97F,THY1852,16.49763170892302,4.527839062400866,41.19057204,2.05775947,16.473841601304482,9.5313635506206,41.2739352,2.05769761,614,615,5.003581044955209,6.437662524434082,2.3305313958251497,True,LEBL-24L,LEBL-24L,-,DIPES1C,,
06:08:58:477,22138.477,DLH97F,THY1852,16.481405332585673,4.269440080693358,41.1862681,2.05737625,16.370124885819724,9.365078403490225,41.27117203,2.05538306,614,615,5.09685326987039,6.6883500654069925,2.502651674919639,True,LEBL-24L,LEBL-24L,-,DIPES1C,,
06:09:02:461,22142.461,DLH97F,THY1852,16.467583573775993,4.014907670803396,41.18202841,2.05704667,16.310507161924164,9.175431243316751,41.26801654,2.05404405,614,615,5.1629135710009955,6.935235336192238,2.6537730440388057,True,LEBL-24L,LEBL-24L,-,DIPES1C,,
06:09:06:453,22146.453,DLH97F,THY1852,16.45546901008427,3.760344060351716,41.17778808,2.05675492,16.284916518228872,8.984028173347419,41.26482943,2.05345921,614,615,5.226467627838307,7.182218860982876,2.784422019187188,True,LEBL-24L,LEBL-24L,-,DIPES1C,,
06:09:10:438,22150.438,DLH97F,THY1852,16.445202870647005,3.5012247658611573,41.17347172,2.0565037,16.293350934340232,8.787653106060123,41.26155713,2.05362809,614,615,5.288608853622937,7.433589861876393,2.898868979766419,True,LEBL-24L,LEBL-24L,-,DIPES1C,,
06:09:14:430,22154.43,DLH97F,THY1852,16.435521833131926,3.241956106427937,41.16915283,2.05626545,16.31582769654257,8.592499628479658,41.25830421,2.05410828,614,615,5.351882161231084,7.685473906556883,3.0106325622383197,True,LEBL-24L,LEBL-24L,-,DIPES1C,,
06:09:18:422,22158.422,DLH97F,THY1852,16.424849358179582,2.9707683943643928,41.16463543,2.05600419,16.338808748405626,8.389879837277567,41.25492686,2.05459891,614,615,5.4197944441872306,7.9496025501359355,3.135739904570527,True,LEBL-24L,LEBL-24L,-,DIPES1C,,
06:09:22:414,22162.414,DLH97F,THY1852,16.416459382205236,2.7042683619189405,41.16019597,2.05579391,16.357986366366468,8.187531237008928,41.25155429,2.05500523,614,615,5.483574641684145,8.209088384952748,3.27110480029745,True,LEBL-24L,LEBL-24L,-,DIPES1C,,
06:09:26:406,22166.406,DLH97F,THY1852,16.40626439661361,2.422821978803831,41.15550762,2.05554234,16.371265878969478,7.981371948266172,41.24811864,2.05528046,614,615,5.558660149644614,8.483941507045255,3.4198854052191923,True,LEBL-24L,LEBL-24L,-,DIPES1C,,
06:09:30:398,22170.398,DLH97F,THY1852,16.398717590888854,2.149172717731472,41.15094899,2.05535012,16.38560112737753,7.783599188011789,41.24482264,2.05557983,614,615,5.634441737262935,8.751018323559899,3.567071164750054,True,LEBL-24L,LEBL-24L,-,DIPES1C,,
06:09:34:391,22174.391,DLH97F,THY1852,16.391735021590577,1.875725107772136,41.14639368,2.05517043,16.391974977270323,7.580841431086362,41.24144414,2.05570231,614,615,5.705116328360462,9.018166124530678,3.72764934276613,True,LEBL-24L,LEBL-24L,-,DIPES1C,,
06:09:38:375,22178.375,DLH97F,THY1852,16.386234963076383,1.5946320968031935,41.14171089,2.05502286,16.391974977270323,7.580841431086362,41.24144414,2.05570231,614,615,5.986212086254702,9.29278438490139,3.72764934276613,True,LEBL-24L,LEBL-24L,-,DIPES1C,,
,22206.445,THY1852,VLG700D,16.403592236971004,5.911010873267767,41.21362302,2.05580527,18.20731594351986,10.48506806133964,41.28969676,2.09622298,615,616,4.916850452201928,5.181125612768869,0.35246571136837807,False,LEBL-24L,LEBL-24L,DIPES1C,-,06:10:06:445,06:10:06:445
06:11:46:305,22306.305,VLG700D,VLG6ZP,16.59711872783659,6.1618552138688765,41.21778869,2.06011484,18.22897184562598,10.497700690636014,41.28990555,2.09670446,616,617,4.632763818331451,4.873594246557143,0.32747951167987377,False,LEBL-24L,LEBL-24L,-,OLOXO1C,,
06:11:50:289,22310.289,VLG700D,VLG6ZP,16.595266660817096,5.907068403758467,41.21354393,2.06004999,18.10684761236077,10.44504834305952,41.28903776,2.09399119,616,617,4.783109752302206,5.109294721000114,0.4604105699820956,False,LEBL-24L,LEBL-24L,-,OLOXO1C,,
06:11:54:281,22314.281,VLG700D,VLG6ZP,16.589996944078962,5.6428413325545845,41.20914213,2.05990858,17.97460011644585,10.382031999264356,41.28799801,2.09105248,616,617,4.9373124390054,5.356784404443456,0.6068960508079844,True,LEBL-24L,LEBL-24L,-,OLOXO1C,,
06:11:58:266,22318.266,VLG700D,VLG6ZP,16.58508555821492,5.384339499276345,41.20483569,2.05977566,17.8182287652288,10.316485602864914,41.28691786,2.08757873,616,617,5.083965711543339,5.600311911880721,0.7763515773971127,True,LEBL-24L,LEBL-24L,-,OLOXO1C,,
06:12:02:250,22322.25,VLG700D,VLG6ZP,16.58073241516606,5.1303386945034495,41.2006042,2.05965554,17.6544151477752,10.234943673839732,41.28557167,2.08393849,616,617,5.216300087741099,5.840699553894102,0.9592476464449294,True,LEBL-24L,LEBL-24L,-,OLOXO1C,,
06:12:06:242,22326.242,VLG700D,VLG6ZP,16.57382531034948,4.873896856600613,41.19633222,2.05947866,17.49423480302166,10.16135316861228,41.28435757,2.08037974,616,617,5.366968221038119,6.085327744960472,1.135523217611362,True,LEBL-24L,LEBL-24L,-,OLOXO1C,,
06:12:10:227,22330.227,VLG700D,VLG6ZP,16.564389360261295,4.610751347231395,41.19194873,2.05924519,17.341314698892976,10.090538344686678,41.28318907,2.07698236,616,617,5.53458928189689,6.338055678161787,1.3040441084740673,True,LEBL-24L,LEBL-24L,-,OLOXO1C,,
06:12:14:219,22334.219,VLG700D,VLG6ZP,16.55518065089516,4.352293955809124,41.18764333,2.05901722,17.178523695696143,10.010574929661418,41.28186877,2.07336537,616,617,5.692512637716374,6.5870708026394755,1.4853706027001237,True,LEBL-24L,LEBL-24L,-,OLOXO1C,,
06:12:18:203,22338.203,VLG700D,VLG6ZP,16.543468381559304,4.094058961392638,41.18334181,2.05873388,17.0337854252821,9.9236962714719,41.28043184,2.07014809,616,617,5.8502206770713565,6.8373114586970605,1.6533538113320978,True,LEBL-24L,LEBL-24L,-,OLOXO1C,,
06:12:22:195,22342.195,VLG700D,VLG6ZP,16.531154413134143,3.831855244414223,41.17897421,2.05843689,16.91407203493795,9.802383269329354,41.27841933,2.06748245,616,617,5.9827945645312655,7.092122778880135,1.814645676804201,True,LEBL-24L,LEBL-24L,-,OLOXO1C,,
06:12:26:188,22346.188,VLG700D,VLG6ZP,16.519672546939457,3.569344169292145,41.17460143,2.05815833,16.819256798618678,9.646525660663336,41.27582945,2.06536565,616,617,6.084561249828847,7.347543481244923,1.9728522948067349,True,LEBL-24L,LEBL-24L,-,OLOXO1C,,
06:12:30:180,22350.18,VLG700D,VLG6ZP,16.507244110587383,3.3069618263127456,41.17023086,2.05785887,16.75450089328245,9.48929087279064,41.27321445,2.06391523,616,617,6.187271479053832,7.6035915198399495,2.1103889573385164,True,LEBL-24L,LEBL-24L,-,OLOXO1C,,
06:12:34:172,22354.172,VLG700D,VLG6ZP,16.494942861134657,3.040852113796682,41.16579818,2.05756192,16.75450089328245,9.48929087279064,41.27321445,2.06391523,616,617,6.4536604187505855,7.863645146282847,2.1103889573385164,True,LEBL-24L,LEBL-24L,-,OLOXO1C,,
06:12:58:359,22378.359,VLG6ZP,NSZ3DA,16.442417817712602,8.127282059075034,41.25054463,2.05687066,18.169495996017226,10.46700906306472,41.28939881,2.09538254,617,618,2.9081130458038547,3.261939603382254,0.39437584640669104,False,LEBL-24L,LEBL-24L,OLOXO1C,-,,
06:13:02:344,22382.344,VLG6ZP,NSZ3DA,16.39972657058421,7.903649957395179,41.24682177,2.05590393,18.04683761117107,10.411073506547634,41.28847633,2.09265713,617,618,3.000024605710331,3.4630668867185945,0.5291651719031623,True,LEBL-24L,LEBL-24L,OLOXO1C,-,,
06:13:06:328,22386.328,VLG6ZP,NSZ3DA,16.354513524662483,7.674985826872326,41.24301524,2.05488097,17.914112823992895,10.347427990008107,41.2874261,2.08970782,617,618,3.094236107632668,3.6728485881026995,0.676360114692795,True,LEBL-24L,LEBL-24L,OLOXO1C,-,,
06:13:10:305,22390.305,VLG6ZP,NSZ3DA,16.305491566166655,7.436327199193458,41.23904245,2.05377282,17.764237727740127,10.279717221812115,41.28630936,2.08637794,617,618,3.1957482980724046,3.8956712509090567,0.8407951003037275,True,LEBL-24L,LEBL-24L,OLOXO1C,-,,
06:13:14:289,22394.289,VLG6ZP,NSZ3DA,16.25786831323132,7.198942095470028,41.23509077,2.05269591,17.602447960658928,10.203197901933482,41.28504666,2.08278313,617,618,3.2914202677485487,4.119018048578532,1.0197673508779423,True,LEBL-24L,LEBL-24L,OLOXO1C,-,,
06:13:18:273,22398.273,VLG6ZP,NSZ3DA,16.207715930471966,6.955405742196647,41.23103677,2.05156254,17.432080913426685,10.12382974153635,41.28373702,2.07899801,617,618,3.3967602581102927,4.350929279557542,1.2077131855926408,True,LEBL-24L,LEBL-24L,OLOXO1C,-,,
06:13:22:258,22402.258,VLG6ZP,NSZ3DA,16.155161034798454,6.705491279000293,41.22687666,2.05037551,17.255549067233932,10.043911918165026,41.28241855,2.07507631,617,618,3.5150968956670723,4.591297821199511,1.4014744034053983,True,LEBL-24L,LEBL-24L,OLOXO1C,-,,
06:13:26:250,22406.25,VLG6ZP,NSZ3DA,16.09751442957436,6.446453189442626,41.22256488,2.04907502,17.077434408321363,9.95770908462906,41.28099535,2.07111907,617,618,3.6454301702582392,4.843653351865077,1.5993378580907809,True,LEBL-24L,LEBL-24L,OLOXO1C,-,,
06:13:30:234,22410.234,VLG6ZP,NSZ3DA,16.040704658918532,6.188329964471248,41.21826827,2.04779332,16.904268570996216,9.868199084552522,41.27951656,2.0672714,617,618,3.779838537711716,5.096124679535354,1.794146029665631,True,LEBL-24L,LEBL-24L,OLOXO1C,-,,
06:13:34:219,22414.219,VLG6ZP,NSZ3DA,15.983879082183982,5.931438014370849,41.21399216,2.04651155,16.743791590007323,9.764043098133191,41.27779273,2.06370382,617,618,3.9072149605092505,5.348662855330011,1.9839502750238955,True,LEBL-24L,LEBL-24L,OLOXO1C,-,,
06:13:38:211,22418.211,VLG6ZP,NSZ3DA,15.921499983143834,5.660505732682753,41.20948249,2.0451057,16.600468420790754,9.62594875980758,41.27550215,2.06051352,617,618,4.023150076829549,5.617188417195105,2.174300933787216,True,LEBL-24L,LEBL-24L,OLOXO1C,-,,
06:13:42:203,22422.203,VLG6ZP,NSZ3DA,15.864730062036372,5.400572156909237,41.20515567,2.04382524,16.477464363022925,9.470031415336532,41.27291312,2.05777221,617,618,4.115330117937698,5.874249203741776,2.3571236266085918,True,LEBL-24L,LEBL-24L,OLOXO1C,-,,
06:13:46:188,22426.188,VLG6ZP,NSZ3DA,15.803034458232004,5.134793338124712,41.20073178,2.04243536,16.39517752249089,9.286474876374385,41.26986071,2.05593112,617,618,4.193696818272998,6.139500685203291,2.522343044794463,True,LEBL-24L,LEBL-24L,OLOXO1C,-,,
06:13:50:180,22430.18,VLG6ZP,NSZ3DA,15.728129686319628,4.867129029572504,41.19627734,2.04075303,16.324252760274735,9.111190387509671,41.2669453,2.05434281,617,618,4.2857227545931105,6.4128380992014735,2.678406426385289,True,LEBL-24L,LEBL-24L,OLOXO1C,-,,
06:13:54:180,22434.18,VLG6ZP,NSZ3DA,15.59368192576623,4.625382996916053,41.19225863,2.03775492,16.27758505015265,8.914291185118268,41.26366808,2.0532903,617,618,4.343093014243824,6.689036007317188,2.8322163958876945,True,LEBL-24L,LEBL-24L,OLOXO1C,-,,
06:13:58:172,22438.172,VLG6ZP,NSZ3DA,15.459202806997832,4.379912399614493,41.18817779,2.03475616,16.262723872256778,8.703214373858346,41.26015245,2.05294153,617,618,4.397338520379762,6.968625625617771,2.9766889959199037,True,LEBL-24L,LEBL-24L,OLOXO1C,-,,
06:14:02:172,22442.172,VLG6ZP,NSZ3DA,15.289192611514576,4.1636517199676994,41.18458583,2.03097372,16.256756315139487,8.496188135598748,41.25670369,2.05279027,617,618,4.439262474031186,7.237855725945156,3.1195614062478048,True,LEBL-24L,LEBL-24L,OLOXO1C,-,,
06:14:06:180,22446.18,VLG6ZP,NSZ3DA,15.092793181294402,3.9647947337977936,41.18128539,2.02660901,16.260688011017912,8.277915773289843,41.25306688,2.05285737,617,618,4.46844396122452,7.504037432720033,3.2705459827429895,True,LEBL-24L,LEBL-24L,OLOXO1C,-,,
06:14:10:180,22450.18,VLG6ZP,NSZ3DA,14.8790696718343,3.784402447750341,41.17829351,2.02186281,16.2668877666545,8.054715414165386,41.24934781,2.05297427,617,618,4.490168359365028,7.762951459635561,3.431003325678154,True,LEBL-24L,LEBL-24L,OLOXO1C,-,,
06:14:14:180,22454.18,VLG6ZP,NSZ3DA,14.65759239624242,3.6102268657661143,41.17540549,2.01694593,16.272988310546214,7.822594196695516,41.24548012,2.05308814,617,618,4.5114900521480354,8.021545100078452,3.6051919100373513,True,LEBL-24L,LEBL-24L,OLOXO1C,-,,
06:14:18:188,22458.188,VLG6ZP,NSZ3DA,14.433805586620618,3.438701763229901,41.17256156,2.01197858,16.282465628522168,7.589644291257847,41.24159839,2.05327674,617,618,4.543992497959748,8.280486486241555,3.7842785802565437,True,LEBL-24L,LEBL-24L,OLOXO1C,-,,
06:14:22:195,22462.195,VLG6ZP,NSZ3DA,14.211637550921656,3.263693091048845,41.16965928,2.00704721,16.282465628522168,7.589644291257847,41.24159839,2.05327674,617,618,4.7960590815343735,8.54307488070671,3.7842785802565437,True,LEBL-24L,LEBL-24L,OLOXO1C,-,,
06:14:22:211,22462.211,NSZ3DA,VLG8VX,16.292525940137736,7.347499667189143,41.23756343,2.05347739,18.15991942279518,10.467021738070065,41.28939976,2.0951702,618,619,3.6357360148647606,3.976261201817699,0.4030217996419943,False,LEBL-24L,LEBL-24L,-,-,,
06:14:26:188,22466.188,NSZ3DA,VLG8VX,16.301231934862262,7.097388142195844,41.23339583,2.05364728,18.034703200359463,10.413648475960333,41.28852016,2.09238834,618,619,3.7419921471863384,4.180955047277771,0.5390759423833476,True,LEBL-24L,LEBL-24L,-,-,,
06:14:30:164,22470.164,NSZ3DA,VLG8VX,16.314693837138506,6.853739755379479,41.22933558,2.0539231,17.89575965200445,10.346070549879224,41.28740488,2.08930075,618,619,3.833554941454333,4.382393959689012,0.6935487174864974,True,LEBL-24L,LEBL-24L,-,-,,
06:14:34:141,22474.141,NSZ3DA,VLG8VX,16.326136218175755,6.605511154391087,41.22519916,2.05415373,17.73779412738069,10.271204061057302,41.28616952,2.08579078,618,619,3.9281143744300326,4.59295709927119,0.868352807444387,True,LEBL-24L,LEBL-24L,-,-,,
06:14:38:117,22478.117,NSZ3DA,VLG8VX,16.33636824364279,6.356820795072242,41.22105513,2.05435748,17.573700844268902,10.192604753340325,41.28487232,2.08214471,618,619,4.0304131970654,4.808105610167306,1.0502905959075972,True,LEBL-24L,LEBL-24L,-,-,,
06:14:42:102,22482.102,NSZ3DA,VLG8VX,16.34827921636455,6.105728172511391,41.21687096,2.05459817,17.396372977872282,10.110244283202803,41.28351332,2.07820499,618,619,4.139402108239607,5.027809190133218,1.245810697904969,True,LEBL-24L,LEBL-24L,-,-,,
06:14:46:086,22486.086,NSZ3DA,VLG8VX,16.358121126609635,5.85358860008582,41.21266949,2.05479291,17.229741062265187,10.0325179323105,41.28223061,2.07450302,618,619,4.268860699994788,5.252162287671026,1.4296790027214616,True,LEBL-24L,LEBL-24L,-,-,,
06:14:50:070,22490.07,NSZ3DA,VLG8VX,16.37108204285614,5.606128156951252,41.20854576,2.05505713,17.063709830966324,9.95155352343174,41.28089379,2.0708142,618,619,4.400278953488572,5.473421069300515,1.614377290510244,True,LEBL-24L,LEBL-24L,-,-,,
06:14:54:055,22494.055,NSZ3DA,VLG8VX,16.38013013980146,5.345217337580708,41.20419821,2.05523343,16.8982709587398,9.866054469125393,41.27948126,2.06713823,618,619,4.550432757244444,5.710800643818922,1.8004838189205008,True,LEBL-24L,LEBL-24L,-,-,,
06:14:58:039,22498.039,NSZ3DA,VLG8VX,16.3916954156561,5.093677466107151,41.20000661,2.05546631,16.759841935922513,9.747864240170191,41.27752204,2.06405811,618,619,4.668724278456332,5.940514996833474,1.9767857677380183,True,LEBL-24L,LEBL-24L,-,-,,
06:15:02:023,22502.023,NSZ3DA,VLG8VX,16.403110898675788,4.839490039049878,41.19577091,2.0556956,16.65958467992401,9.596308896426534,41.27500416,2.06182124,618,619,4.7637279983603085,6.174490846810038,2.1364506185779755,True,LEBL-24L,LEBL-24L,-,-,,
06:15:06:016,22506.016,NSZ3DA,VLG8VX,16.416254898918726,4.586053536269285,41.1915476,2.0559632,16.56787061048424,9.441846353126929,41.2724372,2.05977365,618,619,4.8581592403131255,6.40874846545006,2.2936077642013277,True,LEBL-24L,LEBL-24L,-,-,,
06:15:10:000,22510.0,NSZ3DA,VLG8VX,16.43047728231638,4.333154578766633,41.18733317,2.05625469,16.515917878090082,9.252239761837703,41.2692819,2.05860431,618,619,4.919827144698837,6.643589794929514,2.4405363993670983,True,LEBL-24L,LEBL-24L,-,-,,
06:15:13:984,22513.984,NSZ3DA,VLG8VX,16.463658068061655,4.0840623460782615,41.18318084,2.05696618,16.483245722186993,9.070898236120552,41.26626294,2.05786321,618,619,4.986874358795098,6.870400796274149,2.5737184490964284,True,LEBL-24L,LEBL-24L,-,-,,
06:15:17:969,22517.969,NSZ3DA,VLG8VX,16.566240118131645,3.825998250888348,41.17887417,2.05921299,16.462606314657165,8.872719661289022,41.26296262,2.05738731,618,619,5.047785351955762,7.087968288097759,2.7146132326532806,True,LEBL-24L,LEBL-24L,-,-,,
06:15:21:953,22521.953,NSZ3DA,VLG8VX,16.669367979963248,3.591320022102787,41.17495704,2.06147378,16.4547815130487,8.67014368329846,41.25958814,2.05719506,618,619,5.083354909240933,7.286855648907982,2.856167488857606,True,LEBL-24L,LEBL-24L,-,-,,
06:15:25:930,22525.93,NSZ3DA,VLG8VX,16.792536540639716,3.355782756783776,41.17102413,2.06417778,16.450332537364933,8.46062293121495,41.25609772,2.057077,618,619,5.116297175335281,7.485407695842254,3.0074296413855754,True,LEBL-24L,LEBL-24L,-,-,,
06:15:26:203,22526.203,VLG8VX,IBE04GZ,16.450332537364933,8.46062293121495,41.25609772,2.057077,18.21222603229043,10.495735205715723,41.2898741,2.09633295,619,620,2.6918303544771356,3.0074296413855754,0.3434956353960158,False,LEBL-24L,LEBL-24L,-,-,,
06:15:29:914,22529.914,NSZ3DA,VLG8VX,16.931264998008412,3.124945070446272,41.16716834,2.06722627,16.45381913285673,8.250991997869358,41.25260491,2.0571348,618,619,5.1482338385405635,7.6801832355148205,3.1602220851026934,True,LEBL-24L,LEBL-24L,-,-,,
06:15:30:180,22530.18,VLG8VX,IBE04GZ,16.45381913285673,8.250991997869358,41.25260491,2.0571348,18.10290861391322,10.442692295859082,41.28899881,2.09390361,619,620,2.742817221897844,3.1602220851026934,0.46497458089929755,False,LEBL-24L,LEBL-24L,-,-,,
06:15:33:891,22533.891,NSZ3DA,VLG8VX,17.062806348591636,2.883804628030691,41.16314134,2.07011436,16.45586527833978,8.028708403642051,41.2489014,2.0571595,618,619,5.180580307558073,7.890804839250562,3.3300323606657942,True,LEBL-24L,LEBL-24L,-,-,,
06:15:34:148,22534.148,VLG8VX,IBE04GZ,16.45586527833978,8.028708403642051,41.2489014,2.0571595,17.9686981044935,10.385896802755292,41.28806285,2.09092201,619,620,2.800892769957876,3.3300323606657942,0.6106471049110784,True,LEBL-24L,LEBL-24L,-,-,,
06:15:37:875,22537.875,NSZ3DA,VLG8VX,17.197238267442213,2.6457548320203514,41.15916555,2.07306636,16.465066323534597,7.806459019458188,41.24519796,2.05734274,618,619,5.212383664474813,8.101740288319288,3.501476148110478,True,LEBL-24L,LEBL-24L,-,-,,
06:15:38:125,22538.125,VLG8VX,IBE04GZ,16.465066323534597,7.806459019458188,41.24519796,2.05734274,17.819332261057482,10.310658255368663,41.28682069,2.08760261,619,620,2.846936957972436,3.501476148110478,0.7777815791086529,True,LEBL-24L,LEBL-24L,-,-,,
06:15:41:859,22541.859,NSZ3DA,VLG8VX,17.32851903248626,2.4078577019958827,41.15519246,2.07594829,16.470790071057262,7.572972765593234,41.24130755,2.05744787,618,619,5.235848793794024,8.316615098616994,3.689653489231981,True,LEBL-24L,LEBL-24L,-,-,,
06:15:42:094,22542.094,VLG8VX,IBE04GZ,16.470790071057262,7.572972765593234,41.24130755,2.05744787,17.665287163197974,10.241041052625883,41.28567244,2.08418015,619,620,2.923253613253894,3.689653489231981,0.9468204627279658,True,LEBL-24L,LEBL-24L,-,-,,
06:15:45:836,22545.836,NSZ3DA,VLG8VX,17.461831973083125,2.1687794164147727,41.15119947,2.07887472,16.476603814355776,7.334512886679471,41.23733427,2.05755452,618,619,5.258847479302119,8.535649815547458,3.8869415518724795,True,LEBL-24L,LEBL-24L,-,-,,
06:15:46:070,22546.07,VLG8VX,IBE04GZ,16.476603814355776,7.334512886679471,41.23733427,2.05755452,17.493909779032165,10.161213668251664,41.28435527,2.08037252,619,620,3.0041885317514616,3.8869415518724795,1.1358767777856396,True,LEBL-24L,LEBL-24L,-,-,,
06:15:49:820,22549.82,NSZ3DA,VLG8VX,17.604509556742332,1.9434846486233464,41.14743535,2.08200935,16.484370233624784,7.0948949955978575,41.23334156,2.05770431,618,619,5.271787236422796,8.743066590603288,4.088656499248978,True,LEBL-24L,LEBL-24L,-,-,,
06:15:50:055,22550.055,VLG8VX,IBE04GZ,16.484370233624784,7.0948949955978575,41.23334156,2.05770431,17.321575286347954,10.075939585642304,41.2829473,2.07654329,619,620,3.096375162692414,4.088656499248978,1.328097746325918,True,LEBL-24L,LEBL-24L,-,-,,
06:15:53:805,22553.805,NSZ3DA,VLG8VX,17.77742920183181,1.7424392425077335,41.14407288,2.08581511,16.489403133158035,6.846697515818032,41.2292061,2.05779273,618,619,5.264262880426837,8.926880992662703,4.30313438863582,True,LEBL-24L,LEBL-24L,-,-,,
06:15:54:031,22554.031,VLG8VX,IBE04GZ,16.489403133158035,6.846697515818032,41.2292061,2.05779273,17.16511469783108,10.000305874838867,41.28169866,2.07306709,619,620,3.2251870954595767,4.30313438863582,1.5018666537381407,True,LEBL-24L,LEBL-24L,-,-,,
06:15:57:781,22557.781,NSZ3DA,VLG8VX,17.976186090929453,1.5559490911172191,41.14095082,2.09019354,16.49208068132818,6.598330510660433,41.22506798,2.05782895,618,619,5.256251444419529,9.09858342621797,4.522279715293324,True,LEBL-24L,LEBL-24L,-,-,,
06:15:58:008,22558.008,VLG8VX,IBE04GZ,16.49208068132818,6.598330510660433,41.22506798,2.05782895,17.006394485348466,9.917422783350142,41.2803293,2.06954023,619,620,3.3587039470061004,4.522279715293324,1.6807783562836718,True,LEBL-24L,LEBL-24L,-,-,,
06:16:01:766,22561.766,NSZ3DA,VLG8VX,18.180026801272987,1.373511382668287,41.13789572,2.09468443,16.493649258620756,6.353052401311046,41.2209814,2.05784089,618,619,5.2573470470102635,9.270877311686197,4.741990279837572,True,LEBL-24L,LEBL-24L,-,-,,
06:16:02:000,22562.0,VLG8VX,IBE04GZ,16.493649258620756,6.353052401311046,41.2209814,2.05784089,16.855948997025997,9.825572383676512,41.27880984,2.06619611,619,620,3.4913688044055107,4.741990279837572,1.856166187135808,True,LEBL-24L,LEBL-24L,-,-,,
06:16:05:750,22565.75,NSZ3DA,VLG8VX,18.383976505228237,1.1955994589224566,41.13491584,2.09917778,16.494401500170152,6.110368633228706,41.2169381,2.05783499,618,619,5.265496152923406,9.443424246171434,4.9620633662464035,True,LEBL-24L,LEBL-24L,-,-,,
06:16:05:984,22565.984,VLG8VX,IBE04GZ,16.494401500170152,6.110368633228706,41.2169381,2.05783499,16.72987772038052,9.692398402862109,41.27660008,2.06338859,619,620,3.589761318085715,4.9620633662464035,2.028835611810589,True,LEBL-24L,LEBL-24L,-,-,,
06:16:09:734,22569.734,NSZ3DA,VLG8VX,18.591454532976798,1.018096952411782,41.13194233,2.10374881,16.493384651310247,5.86541102567438,41.21285704,2.0577897,618,619,5.2818889569173955,9.620105672866524,5.186940277868285,True,LEBL-24L,LEBL-24L,-,-,,
06:16:09:969,22569.969,VLG8VX,IBE04GZ,16.493384651310247,5.86541102567438,41.21285704,2.0577897,16.635013559049057,9.54136668818152,41.27409053,2.06127138,619,620,3.678683022526622,5.186940277868285,2.1849877399230353,True,LEBL-24L,LEBL-24L,-,-,,
06:16:13:711,22573.711,NSZ3DA,VLG8VX,18.794797088194617,0.8325017045120113,41.12883414,2.1082271,16.493384651310247,5.86541102567438,41.21285704,2.0577897,618,619,5.53413728052432,9.809184708591886,5.186940277868285,True,LEBL-24L,LEBL-24L,-,-,,
06:16:13:953,22573.953,VLG8VX,IBE04GZ,16.492597984591626,5.6213775384993765,41.20879136,2.0577496,16.553227635979518,9.38308058121506,41.27145916,2.05944356,619,620,3.762191613435425,5.412617499208543,2.337135012827005,True,LEBL-24L,LEBL-24L,-,-,,
06:16:17:938,22577.938,VLG8VX,IBE04GZ,16.49140731288931,5.379072205347362,41.2047545,2.05770072,16.501040393990966,9.212730088041054,41.26862469,2.05827085,619,620,3.8336699855087937,5.638357598388932,2.4753336769007896,True,LEBL-24L,LEBL-24L,-,-,,
06:16:21:922,22581.922,VLG8VX,IBE04GZ,16.50358438775907,5.136773761724641,41.20071682,2.05794785,16.462546224600906,9.026569111647795,41.26552584,2.05740028,619,620,3.8900118245474764,5.860789720203222,2.6172268151577422,True,LEBL-24L,LEBL-24L,-,-,,
06:16:25:906,22585.906,VLG8VX,IBE04GZ,16.55450798762687,4.896374138703522,41.19670806,2.05905304,16.441104325140103,8.84032027813933,41.26242433,2.05690773,619,620,3.9455761989139213,6.070284119126826,2.752037353563656,True,LEBL-24L,LEBL-24L,-,-,,
06:16:29:883,22589.883,VLG8VX,IBE04GZ,16.66020920793071,4.658966054244065,41.19274527,2.06137117,16.430884866282252,8.64416749162325,41.25915703,2.05666303,619,620,3.9917941016742864,6.263030019495855,2.8913853354519614,True,LEBL-24L,LEBL-24L,-,-,,
06:16:33:859,22593.859,VLG8VX,IBE04GZ,16.78160002512172,4.450539049292745,41.18926416,2.06403911,16.4136407944139,8.43400924975792,41.25565688,2.05626138,619,620,4.000428581221912,6.428326797079354,3.052019059336508,True,LEBL-24L,LEBL-24L,-,-,,
06:16:37:836,22597.836,VLG8VX,IBE04GZ,16.930238567966878,4.256317673344987,41.18601771,2.06731133,16.400587874929524,8.220702455166663,41.25210398,2.05595236,619,620,3.999609550315411,6.577873869478195,3.2180501855467325,True,LEBL-24L,LEBL-24L,-,-,,
06:16:41:813,22601.813,VLG8VX,IBE04GZ,17.100045807226078,4.079487339252247,41.18305938,2.07105351,16.393704231991986,8.002849003974795,41.2484749,2.05577966,619,620,3.9864376544878586,6.711475406431167,3.389073845189045,True,LEBL-24L,LEBL-24L,-,-,,
06:16:45:789,22605.789,VLG8VX,IBE04GZ,17.280564892994533,3.9141742864332745,41.18029203,2.07503359,16.386280138522782,7.770993197547725,41.24461257,2.05559371,619,620,3.9591409845079593,6.837967636995245,3.5767604431169113,True,LEBL-24L,LEBL-24L,-,-,,
06:16:49:766,22609.766,VLG8VX,IBE04GZ,17.462337514946988,3.754550062921864,41.17761923,2.07904164,16.38508531133311,7.534896447683189,41.24067915,2.05554541,619,620,3.9308384727649357,6.964949153764099,3.7693285624617463,True,LEBL-24L,LEBL-24L,-,-,,
06:16:53:750,22613.75,VLG8VX,IBE04GZ,17.64508954602393,3.596421672830361,41.17497114,2.08307119,16.38632158611667,7.292002163264433,41.23663231,2.05555035,619,620,3.904076323301841,7.096300574622977,3.9710181304040137,True,LEBL-24L,LEBL-24L,-,-,,
06:16:57:727,22617.727,VLG8VX,IBE04GZ,17.825018595128803,3.4319895560694964,41.1722181,2.0870373,16.40911312086676,7.033206215789497,41.23231904,2.05603135,619,620,3.869567125957386,7.239889887792174,4.179813916500611,True,LEBL-24L,LEBL-24L,-,-,,
06:17:01:711,22621.711,VLG8VX,IBE04GZ,18.00768911219618,3.2753359647153992,41.16959431,2.09106454,16.402131809853937,6.775365185071194,41.22802375,2.05585284,619,620,3.8507166598503306,7.380779728208405,4.407474344995077,True,LEBL-24L,LEBL-24L,-,-,,
06:17:05:688,22625.688,VLG8VX,IBE04GZ,18.19068567263009,3.1194317273741667,41.16698284,2.09509875,16.412557955151986,6.5041891542889525,41.22350508,2.05605871,619,620,3.8233912981434024,7.525964671858006,4.642208940707359,True,LEBL-24L,LEBL-24L,-,-,,
06:17:09:664,22629.664,VLG8VX,IBE04GZ,18.383154349313077,2.962629980391316,41.16435554,2.09934217,16.425101634018244,6.226700496655998,41.21888109,2.05631087,619,620,3.8063272023069508,7.676650874417765,4.885532134688653,True,LEBL-24L,LEBL-24L,-,-,,
06:17:13:641,22633.641,VLG8VX,IBE04GZ,18.58941438046896,2.810235655347685,41.16180043,2.10389091,16.43678085988167,5.944245654687676,41.21417442,2.05654339,619,620,3.802084921450214,7.828002612775016,5.137242819093583,True,LEBL-24L,LEBL-24L,-,-,,
06:17:17:625,22637.625,VLG8VX,IBE04GZ,18.808870728335958,2.6638410568537143,41.15934405,2.10873195,16.44760073621598,5.651791199972271,41.20930121,2.05675592,619,620,3.808338487247226,7.979186381378361,5.40158558871541,True,LEBL-24L,LEBL-24L,-,-,,
06:17:21:602,22641.602,VLG8VX,IBE04GZ,19.04241693365749,2.512412818328798,41.15680247,2.11388387,16.45866639084171,5.354027069515692,41.20433952,2.05697337,619,620,3.8406429696144997,8.142023880448555,5.673566027764255,True,LEBL-24L,LEBL-24L,-,-,,
06:17:25:578,22645.578,VLG8VX,IBE04GZ,19.28242974421963,2.3678286923564835,41.15437416,2.11917922,16.46852831034143,5.055134925889163,41.19935912,2.05716403,619,620,3.890971096315853,8.304766360759904,5.949511816588584,True,LEBL-24L,LEBL-24L,-,-,,
06:17:29:555,22649.555,VLG8VX,IBE04GZ,19.52834840212699,2.217937967538131,41.15185671,2.12460427,16.476782059950335,4.758225205399605,41.19441186,2.05731924,619,620,3.970530996170071,8.479617337636142,6.2262481783778325,True,LEBL-24L,LEBL-24L,-,-,,
06:17:33:539,22653.539,VLG8VX,IBE04GZ,19.779849527763417,2.0627587163545043,41.14925043,2.13015183,16.480509243318867,4.451580183706514,41.18930272,2.05737331,619,620,4.073341909960476,8.666557299315901,6.515438163878334,True,LEBL-24L,LEBL-24L,-,-,,
06:17:37:523,22657.523,VLG8VX,IBE04GZ,20.035427942194342,1.914001896765021,41.14675054,2.13578988,16.48390779154577,4.150347183489885,41.18428377,2.0574206,619,620,4.196967431600984,8.853778245271135,6.801094207787962,True,LEBL-24L,LEBL-24L,-,-,,
06:17:41:500,22661.5,VLG8VX,IBE04GZ,20.29723080131349,1.748956696957643,41.14397847,2.14156335,16.48390779154577,4.150347183489885,41.18428377,2.0574206,619,620,4.506451890970487,9.063983440803943,6.801094207787962,True,LEBL-24L,LEBL-24L,-,-,,
,22713.844,IBE04GZ,NSZ5528,13.69450934564653,1.274924386648172,41.13655566,1.9954487,15.793796518728245,5.761007405791164,41.21116549,2.04228652,620,621,4.952973600748193,10.535617208556076,5.5896019997318005,True,LEBL-24L,LEBL-24L,-,-,06:18:33:844,06:18:33:844
06:21:21:664,22881.664,VLG5WG,VLG45PN,16.235922717850585,7.13273471182953,41.23398923,2.05220365,18.22847083960417,10.502057180375418,41.28997817,2.0966938,622,623,3.9144069684374805,4.186413180327818,0.3260926077700957,False,LEBL-24L,LEBL-24L,-,-,,
06:21:25:648,22885.648,VLG5WG,VLG45PN,16.183855660169524,6.891673279457509,41.22997659,2.05102814,18.113578084093373,10.445986952650015,41.28905288,2.09414052,622,623,4.044375640421862,4.417600201477725,0.45391043948683774,False,LEBL-24L,LEBL-24L,-,-,,
06:21:29:633,22889.633,VLG5WG,VLG45PN,16.133409110766003,6.655319571747967,41.22604226,2.0498891,17.98766613130835,10.392196635883044,41.28816636,2.09134322,622,623,4.1716326888509,4.645502865220416,0.5907737489355268,True,LEBL-24L,LEBL-24L,-,-,,
06:21:33:617,22893.617,VLG5WG,VLG45PN,16.079913075996952,6.412669189912068,41.22200322,2.04868208,17.84466814723258,10.32562352155305,41.2870681,2.08816587,622,623,4.292501841928526,4.881709911566049,0.7485062316720258,True,LEBL-24L,LEBL-24L,-,-,,
06:21:37:609,22897.609,VLG5WG,VLG45PN,16.02610825942672,6.17056573828938,41.2179733,2.04746842,17.681891874215207,10.247190105529349,41.28577364,2.08454892,622,623,4.400055182674043,5.1187522463670705,0.9291685249226399,True,LEBL-24L,LEBL-24L,-,-,,
06:21:41:594,22901.594,VLG5WG,VLG45PN,15.971509495110842,5.926059580022383,41.21390339,2.04623711,17.513129756114264,10.16967971734627,41.28449489,2.08079949,622,623,4.514964551249219,5.359278526228521,1.114878394497,True,LEBL-24L,LEBL-24L,-,-,,
06:21:45:586,22905.586,VLG5WG,VLG45PN,15.912922582451012,5.674952487727342,41.20972376,2.04491704,17.34305156964551,10.087089345574244,41.28313148,2.07702053,622,623,4.638126838755608,5.608380526283602,1.3039212852509154,True,LEBL-24L,LEBL-24L,-,-,,
06:21:49:578,22909.578,VLG5WG,VLG45PN,15.856547391780609,5.427682252430696,41.20560789,2.04364646,17.174813942774076,10.006422562340418,41.28179986,2.07328272,622,623,4.764733940637231,5.85381646305136,1.490488699253245,True,LEBL-24L,LEBL-24L,-,-,,
06:21:53:570,22913.57,VLG5WG,VLG45PN,15.79821047256886,5.1779242983712885,41.20145069,2.04233238,17.00628220899434,9.922825488460118,41.28041932,2.06953826,622,623,4.896276608205103,6.10302366016268,1.6785708901880136,True,LEBL-24L,LEBL-24L,-,-,,
06:21:57:555,22917.555,VLG5WG,VLG45PN,15.736893179024165,4.929447014560005,41.19731501,2.04095259,16.846649388761545,9.842983271698188,41.27910058,2.0659916,622,623,5.03730060600538,6.352966190164669,1.857012195850096,True,LEBL-24L,LEBL-24L,-,-,,
06:22:01:555,22921.555,VLG5WG,VLG45PN,15.6328971291838,4.687611530399678,41.1932928,2.03862863,16.697026280986073,9.73876779197119,41.27737495,2.06266469,622,623,5.162029681290928,6.615920795237967,2.037068797683984,True,LEBL-24L,LEBL-24L,-,-,,
06:22:05:547,22925.547,VLG5WG,VLG45PN,15.506474054404771,4.46387942473097,41.18957363,2.03581002,16.56965633821986,9.612626281478295,41.27528236,2.05982922,622,623,5.2573710886225005,6.872426733961477,2.207774338955432,True,LEBL-24L,LEBL-24L,-,-,,
06:22:09:547,22929.547,VLG5WG,VLG45PN,15.37231155022746,4.24853089046678,41.18599457,2.03282112,16.456125528246577,9.462910291937638,41.27279597,2.05729852,622,623,5.325824375759419,7.124865162983917,2.3791913002535066,True,LEBL-24L,LEBL-24L,-,-,,
06:22:13:547,22933.547,VLG5WG,VLG45PN,15.19160095497229,4.059186100278712,41.18285167,2.02880434,16.36884856792892,9.289927883445383,41.26992007,2.05534782,622,623,5.3615829327147155,7.375041314392444,2.542780415679621,True,LEBL-24L,LEBL-24L,-,-,,
06:22:17:555,22937.555,VLG5WG,VLG45PN,14.99340210931266,3.883641467859214,41.17993966,2.02440199,16.319395512657177,9.107751933823383,41.26688835,2.05423483,622,623,5.38976703265638,7.621835856105823,2.6843572796150683,True,LEBL-24L,LEBL-24L,-,-,,
06:22:21:555,22941.555,VLG5WG,VLG45PN,14.789256900632624,3.7213415912801415,41.17724852,2.01986951,16.295957224003093,8.909974403736676,41.26359489,2.05369711,622,623,5.402967363120499,7.860962061807715,2.820303475221893,True,LEBL-24L,LEBL-24L,-,-,,
06:22:25:555,22945.555,VLG5WG,VLG45PN,14.579669952461307,3.559125880707304,41.17455894,2.01521696,16.295957224003093,8.909974403736676,41.26359489,2.05369711,622,623,5.619361344037412,8.104000047936308,2.820303475221893,True,LEBL-24L,LEBL-24L,-,-,,
06:22:45:586,22965.586,VLG45PN,VLG65MT,16.262300857232354,7.586682088425984,41.24155043,2.05282968,18.242927752249297,10.509273642450886,41.29009728,2.0970151,623,624,3.5304991557741734,3.798641229236519,0.30994393923712377,False,LEBL-24L,LEBL-24L,-,LOBAR1C,,
06:22:49:555,22969.555,VLG45PN,VLG65MT,16.269478477107302,7.345300363827596,41.23752838,2.05296656,18.13346149475238,10.462256018483703,41.2893224,2.09458306,623,624,3.631782653623689,3.9910604170406323,0.42905869562634397,False,LEBL-24L,LEBL-24L,-,LOBAR1C,,
06:22:53:531,22973.531,VLG45PN,VLG65MT,16.28027790201415,7.092787590703081,41.23332063,2.05318264,18.00962107727986,10.401451963623073,41.28831888,2.09183096,623,624,3.7333480617895964,4.196023328270745,0.5669589539534773,True,LEBL-24L,LEBL-24L,-,LOBAR1C,,
06:22:57:508,22977.508,VLG45PN,VLG65MT,16.29794758565606,6.836819076267928,41.22905483,2.05355057,17.86744775815791,10.33290706789303,41.28718772,2.08867168,623,624,3.8322267726047436,4.405454810497008,0.7247711453266846,True,LEBL-24L,LEBL-24L,-,LOBAR1C,,
06:23:01:484,22981.484,VLG45PN,VLG65MT,16.315359395564364,6.567904033431237,41.22457335,2.05391155,17.711846859529373,10.262519856071377,41.28602679,2.08521461,623,624,3.94972952414647,4.63114186662825,0.8955452840673793,True,LEBL-24L,LEBL-24L,-,LOBAR1C,,
06:23:05:469,22985.469,VLG45PN,VLG65MT,16.335786802869773,6.3019654923991055,41.22014125,2.05433955,17.542883524126868,10.178844191085366,41.28464536,2.08146008,623,624,4.060452060891361,4.857275132861995,1.0840352969187965,True,LEBL-24L,LEBL-24L,-,LOBAR1C,,
06:23:09:453,22989.453,VLG45PN,VLG65MT,16.35637282728867,6.03075238662854,41.21562126,2.05477052,17.37243482324884,10.101418789901604,41.28336805,2.07767339,623,624,4.195558001788395,5.092046347292691,1.2712353444529019,True,LEBL-24L,LEBL-24L,-,LOBAR1C,,
06:23:13:430,22993.43,VLG45PN,VLG65MT,16.37487174229984,5.755210911244213,41.2110293,2.05515481,17.204474932917623,10.019818010613424,41.28202087,2.07394162,623,624,4.344550053328132,5.335159913066879,1.4579461207648072,True,LEBL-24L,LEBL-24L,-,LOBAR1C,,
06:23:17:414,22997.414,VLG45PN,VLG65MT,16.39219504443933,5.4826651198594485,41.20648733,2.05551329,17.041481050182643,9.941329977941669,41.28072507,2.0703204,623,624,4.5056924699707865,5.5790298410338055,1.6388436125775052,True,LEBL-24L,LEBL-24L,-,LOBAR1C,,
06:23:21:398,23001.398,VLG45PN,VLG65MT,16.406798895318975,5.20077644048308,41.20178989,2.05581064,16.878427123009228,9.852648950065298,41.27925934,2.06669702,623,624,4.675719306220275,5.8351866181930205,1.824162287670778,True,LEBL-24L,LEBL-24L,-,LOBAR1C,,
06:23:25:383,23005.383,VLG45PN,VLG65MT,16.421178171481156,4.920876609212519,41.1971256,2.05610316,16.732709345515705,9.74334822403988,41.27744873,2.06345618,623,624,4.83252357968494,6.0918618480392315,2.003062306154218,True,LEBL-24L,LEBL-24L,-,LOBAR1C,,
06:23:29:367,23009.367,VLG45PN,VLG65MT,16.43408881309812,4.643099074050408,41.19249677,2.05636332,16.607209036600338,9.609339162119385,41.27522495,2.06066139,623,624,4.969256606790277,6.349011641855213,2.176138993759044,True,LEBL-24L,LEBL-24L,-,LOBAR1C,,
06:23:33:352,23013.352,VLG45PN,VLG65MT,16.44473362365351,4.359575810300342,41.18777237,2.05657275,16.495858196021686,9.458175104777702,41.2727143,2.05817885,623,624,5.098855605677108,6.614023533767298,2.3471015485318296,True,LEBL-24L,LEBL-24L,-,LOBAR1C,,
06:23:37:336,23017.336,VLG45PN,VLG65MT,16.45411120094394,4.073588178976659,41.183007,2.05675387,16.42156420262925,9.289507069120768,41.26990939,2.0565163,623,624,5.216020434743469,6.8832592596791375,2.4984659048103386,True,LEBL-24L,LEBL-24L,-,LOBAR1C,,
06:23:41:328,23021.328,VLG45PN,VLG65MT,16.463542428425068,3.7927548853272106,41.1783275,2.05693663,16.36438137870124,9.10589848885015,41.26685435,2.05523179,623,624,5.314068861563524,7.148856525179068,2.6485923614824327,True,LEBL-24L,LEBL-24L,-,LOBAR1C,,
06:23:45:313,23025.313,VLG45PN,VLG65MT,16.468676312339447,3.510322048385927,41.17362165,2.0570241,16.329268568546762,8.915795125139473,41.26368956,2.05443597,623,624,5.407270448436699,7.418315659134797,2.790455416361586,True,LEBL-24L,LEBL-24L,-,LOBAR1C,,
06:23:49:305,23029.305,VLG45PN,VLG65MT,16.464828316175655,3.230598234386442,41.16896156,2.05691302,16.291210202206997,8.717055323379777,41.26038108,2.05357415,623,624,5.489203461237637,7.688500443535085,2.946055177334452,True,LEBL-24L,LEBL-24L,-,LOBAR1C,,
06:23:53:297,23033.297,VLG45PN,VLG65MT,16.450200851057442,2.942341058202376,41.16416005,2.05656261,16.253900371435353,8.516932522363124,41.2570495,2.05272888,623,624,5.578046599894423,7.970387043684597,3.1074422231602,True,LEBL-24L,LEBL-24L,-,LOBAR1C,,
06:23:57:289,23037.289,VLG45PN,VLG65MT,16.436218933948947,2.662004753130089,41.15949046,2.05622727,16.21357210309555,8.30833934997769,41.253577,2.05181603,623,624,5.65072260784824,8.244913550460547,3.2816723684891342,True,LEBL-24L,LEBL-24L,-,LOBAR1C,,
06:24:01:281,23041.281,VLG45PN,VLG65MT,16.420515430817918,2.378369735087653,41.15476603,2.05585358,16.174753087326884,8.096654518037571,41.25005288,2.05093644,623,624,5.723563574242432,8.523462978661552,3.4614206485569428,True,LEBL-24L,LEBL-24L,-,LOBAR1C,,
06:24:05:273,23045.273,VLG45PN,VLG65MT,16.407082407808705,2.0945011776635694,41.15003755,2.05553016,16.136852615517853,7.877292874872425,41.24640079,2.0500766,623,624,5.789102171662652,8.80204533505653,3.65021460565417,True,LEBL-24L,LEBL-24L,-,LOBAR1C,,
06:24:09:266,23049.266,VLG45PN,VLG65MT,16.39312844647442,1.815056535539502,41.14538281,2.05519567,16.099396804838943,7.651334649165369,41.24263876,2.04922611,623,624,5.84366498842004,9.07679702012615,3.847468626038303,True,LEBL-24L,LEBL-24L,-,LOBAR1C,,
06:24:13:250,23053.25,VLG45PN,VLG65MT,16.379202743734336,1.531441156525752,41.14065858,2.05486147,16.064681580378675,7.4215268217509855,41.2388124,2.04843609,623,624,5.898477151425644,9.355900676995955,4.049461695542668,True,LEBL-24L,LEBL-24L,-,LOBAR1C,,
06:24:17:242,23057.242,VLG45PN,VLG65MT,16.36799266731062,1.2474758009281055,41.13592833,2.05458736,16.027726691240403,7.181716549885811,41.23481954,2.04759564,623,624,5.943988072082676,9.635020746841919,4.263979519871393,True,LEBL-24L,LEBL-24L,-,LOBAR1C,,
06:24:21:234,23061.234,VLG45PN,VLG65MT,16.35481320701373,0.9601482891785535,41.1311422,2.05426942,16.027726691240403,7.181716549885811,41.23481954,2.04759564,623,624,6.230160287780778,9.918140200449281,4.263979519871393,True,LEBL-24L,LEBL-24L,-,LOBAR1C,,
06:25:13:336,23113.336,VLG65MT,IBE2601,14.841282908681448,3.717699134011807,41.17718457,2.02102081,17.984304538524732,10.380442671960346,41.28797079,2.09126749,624,625,7.366867476623814,7.839587461640855,0.5987926198278856,True,LEBL-24L,LEBL-24L,LOBAR1C,LOTOS1C,,
06:25:17:336,23117.336,VLG65MT,IBE2601,14.6069243136491,3.5533436453375606,41.17446092,2.01581974,17.84846771581949,10.317843319005966,41.28693819,2.08824933,624,625,7.501070554475163,8.095826535834634,0.748350006875609,True,LEBL-24L,LEBL-24L,LOBAR1C,LOTOS1C,,
06:25:21:344,23121.344,VLG65MT,IBE2601,14.37264784996486,3.3905997204275136,41.17176388,2.01062105,17.69396476293434,10.247015254089554,41.28576982,2.08481658,624,625,7.618502477955838,8.352575202600667,0.9183037516575142,True,LEBL-24L,LEBL-24L,LOBAR1C,LOTOS1C,,
06:25:25:344,23125.344,VLG65MT,IBE2601,14.143983853095753,3.227417066562266,41.16905896,2.00554697,17.69396476293434,10.247015254089554,41.28576982,2.08481658,624,625,7.866201317952318,8.608638406766797,0.9183037516575142,True,LEBL-24L,LEBL-24L,LOBAR1C,LOTOS1C,,
06:25:29:352,23129.352,VLG65MT,IBE2601,13.911171205982056,3.0550006105282037,41.16620022,2.00038077,17.3534275443761,10.087347104787549,41.28313501,2.0772506,624,625,7.829624889771902,8.876251898853356,1.2944145524779478,True,LEBL-24L,LEBL-24L,LOBAR1C,LOTOS1C,,
06:25:33:352,23133.352,VLG65MT,IBE2601,13.682595906961325,2.881870914830445,41.16332912,1.99530874,17.17814956435694,10.001866478940093,41.28172371,2.07335623,624,625,7.931786192571816,9.143571903075289,1.4894081232423158,True,LEBL-24L,LEBL-24L,LOBAR1C,LOTOS1C,,
06:25:37:352,23137.352,VLG65MT,IBE2601,13.44744764447796,2.72292787256793,41.16069453,1.99009277,17.00441729408683,9.917675310146468,41.28033365,2.06949642,624,625,8.025984287224938,9.403634130291598,1.682456729396488,True,LEBL-24L,LEBL-24L,LOBAR1C,LOTOS1C,,
06:25:41:359,23141.359,VLG65MT,IBE2601,13.191243513086556,2.591773599846146,41.15852386,1.98441334,16.837005811359205,9.834193656466237,41.27895483,2.06577697,624,625,8.108281631273005,9.653449297041147,1.8694941309948503,True,LEBL-24L,LEBL-24L,LOBAR1C,LOTOS1C,,
06:25:45:367,23145.367,VLG65MT,IBE2601,12.877716317961932,2.5237289144876267,41.15740749,1.9774704,16.68953552838014,9.720232915568378,41.27706668,2.06249688,624,625,8.143686851204714,9.885924356039203,2.0520151942373133,True,LEBL-24L,LEBL-24L,LOBAR1C,LOTOS1C,,
06:25:49:375,23149.375,VLG65MT,IBE2601,12.602931488364668,2.468490479431176,41.156502,1.9713859,16.57335335220632,9.574000285149294,41.27463857,2.05990756,624,625,8.139565060617683,10.090094603043001,2.2227294370519455,True,LEBL-24L,LEBL-24L,LOBAR1C,LOTOS1C,,
06:25:53:391,23153.391,VLG65MT,IBE2601,12.282169844739052,2.479938130971652,41.15670962,1.9642888,16.492151162822275,9.41250314532629,41.27195364,2.05809242,624,625,8.11075831084022,10.272539062074136,2.373561883805687,True,LEBL-24L,LEBL-24L,LOBAR1C,LOTOS1C,,
06:25:57:398,23157.398,VLG65MT,IBE2601,11.975207166082772,2.538574982659217,41.15770231,1.95750018,16.434953623295897,9.245057368149098,41.2691679,2.05680897,624,625,8.053958309397379,10.41626437751969,2.511581194263338,True,LEBL-24L,LEBL-24L,LOBAR1C,LOTOS1C,,
06:26:01:406,23161.406,VLG65MT,IBE2601,11.67626536801214,2.635785527492984,41.15933687,1.95089138,16.39761531781577,9.072375633139488,41.26629353,2.05596533,624,625,7.982533278140293,10.532741004988106,2.6412846166090747,True,LEBL-24L,LEBL-24L,LOBAR1C,LOTOS1C,,
06:26:05:422,23165.422,VLG65MT,IBE2601,11.378754599475958,2.747405195434101,41.16121105,1.94431484,16.39761531781577,9.072375633139488,41.26629353,2.05596533,624,625,8.07429340239389,10.6455756122836,2.6412846166090747,True,LEBL-24L,LEBL-24L,LOBAR1C,LOTOS1C,,
06:28:49:102,23329.102,VLG93DX,SWT7TN,16.441614905215136,7.630621107155211,41.24227004,2.05680679,18.208116913572425,10.48895462028933,41.28976145,2.09624114,626,627,3.3601487791221354,3.658440984559874,0.35007220602652167,False,LEBL-24L,LEBL-24L,LARPA1C,LARPA1C,,
06:28:53:078,23333.078,VLG93DX,SWT7TN,16.452706445509115,7.396106936484273,41.23836213,2.05703078,18.093159321217907,10.434573721576896,41.2888643,2.09368661,626,627,3.453022739793694,3.8475485547146033,0.4772432541029905,False,LEBL-24L,LEBL-24L,LARPA1C,LARPA1C,,
06:28:57:055,23337.055,VLG93DX,SWT7TN,16.462368562532458,7.153019273615563,41.23431148,2.05722228,17.964043852198923,10.374931630356198,41.28788052,2.0908177,626,627,3.5546797197656015,4.049553861471967,0.6194652437696765,True,LEBL-24L,LEBL-24L,LARPA1C,LARPA1C,,
06:29:01:031,23341.031,VLG93DX,SWT7TN,16.467492556652,6.903211162733267,41.23014918,2.0573126,17.83001872157782,10.312130538795424,41.28684441,2.0878397,626,627,3.6711318231029875,4.263955818133763,0.7674744006847517,True,LEBL-24L,LEBL-24L,LARPA1C,LARPA1C,,
06:29:05:016,23345.016,VLG93DX,SWT7TN,16.469446218585418,6.645523899250498,41.22585583,2.05733195,17.70109463419635,10.246096066149194,41.28575397,2.08497457,626,627,3.805401128491252,4.49048857195798,0.9122518440457107,True,LEBL-24L,LEBL-24L,LARPA1C,LARPA1C,,
06:29:08:992,23348.992,VLG93DX,SWT7TN,16.470970350006752,6.391236299989272,41.22161915,2.0573421,17.573906922186005,10.177108545740785,41.28461413,2.08214774,626,627,3.943259786445996,4.717345317201806,1.056769364531079,True,LEBL-24L,LEBL-24L,LARPA1C,LARPA1C,,
06:29:12:977,23352.977,VLG93DX,SWT7TN,16.471123681484244,6.13578214694776,41.21736313,2.05732178,17.44518942533536,10.101309465057303,41.28336085,2.07928642,626,627,4.083406786497924,4.948501443502247,1.2057185561742845,True,LEBL-24L,LEBL-24L,LARPA1C,LARPA1C,,
06:29:16:969,23356.969,VLG93DX,SWT7TN,16.47184859040164,5.881593869437747,41.21312816,2.05731424,17.322367472657557,10.027073037272444,41.2821331,2.07655607,626,627,4.231829379833893,5.180551041018128,1.3487975734363244,True,LEBL-24L,LEBL-24L,LARPA1C,LARPA1C,,
,23360.945,IBE2601,VLG93DX,14.0995311643664,-1.0230736676295933,41.09824573,2.0042265,16.472278713451416,5.62456413241678,41.20884587,2.05729991,625,626,7.058400615741101,12.472521061330411,5.417330416856535,True,LEBL-24L,LEBL-24L,LOTOS1C,LARPA1C,06:29:20:945,06:29:20:945
06:29:20:945,23360.945,VLG93DX,SWT7TN,16.472278713451416,5.62456413241678,41.20884587,2.05729991,17.208582445264064,9.932449176904257,41.28056496,2.07402419,626,627,4.370356592087206,5.417330416856535,1.4934606415233311,True,LEBL-24L,LEBL-24L,LARPA1C,LARPA1C,,
06:29:24:938,23364.938,VLG93DX,SWT7TN,16.474293516827558,5.368778104908046,41.20458419,2.05732079,17.105844178881892,9.820415164420428,41.2787059,2.07173565,626,627,4.496212711645804,5.654144295686375,1.6377077433673963,True,LEBL-24L,LEBL-24L,LARPA1C,LARPA1C,,
06:29:28:922,23368.922,VLG93DX,SWT7TN,16.474498969392506,5.110362149634179,41.20027882,2.05730136,17.021305555618298,9.695547233879866,41.27663166,2.06984947,626,627,4.617674706985003,5.895640056760604,1.774521594251326,True,LEBL-24L,LEBL-24L,LARPA1C,LARPA1C,,
06:29:32:906,23372.906,VLG93DX,SWT7TN,16.475347492364023,4.849121268523922,41.19592634,2.05729591,16.972508807098524,9.542038186046913,41.27407764,2.06875299,626,627,4.719177742747356,6.14096206593649,1.9002511723357318,True,LEBL-24L,LEBL-24L,LARPA1C,LARPA1C,,
06:29:36:891,23376.891,VLG93DX,SWT7TN,16.476171256969447,4.588919277844665,41.19159117,2.05729001,16.93824135834857,9.383859721575403,41.27144477,2.06797822,626,627,4.817152959738069,6.386570700055057,2.0224360922558344,True,LEBL-24L,LEBL-24L,LARPA1C,LARPA1C,,
06:29:40:883,23380.883,VLG93DX,SWT7TN,16.4763526345333,4.3302229609016445,41.18728113,2.05727003,16.919233896344604,9.211588728349245,41.26857601,2.06754042,626,627,4.901415669750207,6.63205861165798,2.147719033130049,True,LEBL-24L,LEBL-24L,LARPA1C,LARPA1C,,
06:29:44:867,23384.867,VLG93DX,SWT7TN,16.47494425951469,4.072375910510079,41.18298535,2.05721494,16.903524993366016,9.031445152010935,41.26557585,2.06717502,626,627,4.977554538870309,6.87817765558553,2.2824875362563506,True,LEBL-24L,LEBL-24L,LARPA1C,LARPA1C,,
06:29:48:859,23388.859,VLG93DX,SWT7TN,16.45491543216729,3.808118622217338,41.17858407,2.05674709,16.89720639422779,8.853709343265441,41.26261513,2.06701801,626,627,5.0649389946421985,7.136644190264419,2.4151487739037036,True,LEBL-24L,LEBL-24L,LARPA1C,LARPA1C,,
06:29:52:852,23392.852,VLG93DX,SWT7TN,16.367244874538063,3.562354337333637,41.17449559,2.05478382,16.888317797635555,8.663220415744831,41.25944212,2.06680284,626,627,5.127411797493093,7.397283023238009,2.564762940603251,True,LEBL-24L,LEBL-24L,LARPA1C,LARPA1C,,
06:29:56:852,23396.852,VLG93DX,SWT7TN,16.294908359989044,3.3127607444171145,41.17034222,2.05315983,16.884522097513067,8.473263615565422,41.25627761,2.06670061,626,627,5.194076842193131,7.657123241525946,2.716020232800035,True,LEBL-24L,LEBL-24L,LARPA1C,LARPA1C,,
06:30:00:852,23400.852,VLG93DX,SWT7TN,16.18097213674576,3.07000482856511,41.1663056,2.05061601,16.878837725374435,8.278939311959737,41.25304047,2.06655612,626,627,5.25547474849701,7.9226306342862385,2.876546554923084,True,LEBL-24L,LEBL-24L,LARPA1C,LARPA1C,,
06:30:04:852,23404.852,VLG93DX,SWT7TN,16.06229170628255,2.832957838149673,41.16236436,2.04796803,16.87281555163095,8.08756246675016,41.24985246,2.06640444,626,627,5.31674888506012,8.184291926781778,3.0387391537837414,True,LEBL-24L,LEBL-24L,LARPA1C,LARPA1C,,
06:30:08:852,23408.852,VLG93DX,SWT7TN,15.937369547714358,2.585340402232901,41.15824737,2.0451813,16.865208942495386,7.895171072204702,41.24664766,2.06621757,626,627,5.390286419688736,8.458140189141888,3.2058532590595723,True,LEBL-24L,LEBL-24L,LARPA1C,LARPA1C,,
06:30:12:844,23412.844,VLG93DX,SWT7TN,15.810490666756582,2.339033062465116,41.15415227,2.04235174,16.854532765739656,7.697153272556413,41.24334934,2.06596217,626,627,5.458889638950194,8.731571951288004,3.3820859171430926,True,LEBL-24L,LEBL-24L,LARPA1C,LARPA1C,,
06:30:16:844,23416.844,VLG93DX,SWT7TN,15.683470287067648,2.093483235266988,41.15006973,2.03951947,16.846832373991084,7.507986533162684,41.24019827,2.06577357,626,627,5.53807342929057,9.004551712246325,3.551434019048672,True,LEBL-24L,LEBL-24L,LARPA1C,LARPA1C,,
06:30:20:844,23420.844,VLG93DX,SWT7TN,15.553058930418477,1.8406195599112891,41.14586549,2.03661189,16.834000396254336,7.30958504531217,41.23689371,2.06547042,626,627,5.616973786604653,9.285751824735156,3.733264608327841,True,LEBL-24L,LEBL-24L,LARPA1C,LARPA1C,,
06:30:24:836,23424.836,VLG93DX,SWT7TN,15.42386414358434,1.5884745428240652,41.14167307,2.03373166,16.834000396254336,7.30958504531217,41.23689371,2.06547042,626,627,5.892333123031476,9.566073513643227,3.733264608327841,True,LEBL-24L,LEBL-24L,LARPA1C,LARPA1C,,
06:31:04:781,23464.781,SWT7TN,EJU37TW,16.60803881773652,5.128891579265517,41.20057817,2.06026005,17.972556812931952,10.383362934016963,41.28802034,2.09100731,627,628,5.428754790660162,5.83303382067926,0.6081910027535021,True,LEBL-24L,LEBL-24L,LARPA1C,NATPI1C,,
06:31:08:773,23468.773,SWT7TN,EJU37TW,16.583733288644012,4.928208109710832,41.19723638,2.05970311,17.832604146318847,10.320123446353673,41.28697738,2.08789783,627,628,5.534657118257079,6.030712324106891,0.7617648015405524,True,LEBL-24L,LEBL-24L,LARPA1C,NATPI1C,,
06:31:12:766,23472.766,SWT7TN,EJU37TW,16.559953959796964,4.723793665334733,41.19383239,2.05915753,17.674252284104828,10.243519534459535,41.28571306,2.08437917,627,628,5.631077554592981,6.232052403068854,0.9376433597977295,True,LEBL-24L,LEBL-24L,LARPA1C,NATPI1C,,
06:31:16:758,23476.758,SWT7TN,EJU37TW,16.534548121918935,4.52005440112165,41.19043976,2.05857606,17.511032577771125,10.166216679330304,41.28443735,2.08075265,627,628,5.729979961953383,6.433535166182264,1.118238495483792,True,LEBL-24L,LEBL-24L,LARPA1C,NATPI1C,,
06:31:20:750,23480.75,SWT7TN,EJU37TW,16.510121617054082,4.319954969345275,41.1871077,2.05801667,17.348754115995447,10.086777233374107,41.28312586,2.07714693,627,628,5.827481745417935,6.631487698182853,1.2988873118094988,True,LEBL-24L,LEBL-24L,LARPA1C,NATPI1C,,
06:31:24:742,23484.742,SWT7TN,EJU37TW,16.4847758896255,4.1124361477677445,41.18365209,2.0574363,17.184205725478236,10.007245174409697,41.28181288,2.07349102,627,628,5.93615831627328,6.837008268038469,1.4816366589503516,True,LEBL-24L,LEBL-24L,LARPA1C,NATPI1C,,
06:31:28:734,23488.734,SWT7TN,EJU37TW,16.458844352383053,3.909297267839953,41.18026949,2.05684343,17.019220033833765,9.924889327477503,41.28045277,2.06982529,627,628,6.04163626282944,7.03872194651574,1.6659907137783387,True,LEBL-24L,LEBL-24L,LARPA1C,NATPI1C,,
06:31:32:727,23492.727,SWT7TN,EJU37TW,16.42694029587633,3.711673666285288,41.17697919,2.05611893,16.859608832278006,9.843979481636003,41.27911625,2.066279,627,628,6.147550461393235,7.237057411336775,1.84487972284094,True,LEBL-24L,LEBL-24L,LARPA1C,NATPI1C,,
06:31:36:727,23496.727,SWT7TN,EJU37TW,16.374907620543087,3.507771655622658,41.17358568,2.0549484,16.709819006296343,9.739280217445934,41.27738258,2.06294834,627,628,6.240501950354952,7.447293439259009,2.025370329663602,True,LEBL-24L,LEBL-24L,LARPA1C,NATPI1C,,
06:31:40:719,23500.719,SWT7TN,EJU37TW,16.312044802028787,3.310613342219781,41.17030526,2.05353891,16.578582932195452,9.612336264137536,41.2752769,2.06002708,627,628,6.307357161240862,7.654205844043378,2.2000079336031573,True,LEBL-24L,LEBL-24L,LARPA1C,NATPI1C,,
06:31:44:711,23504.711,SWT7TN,EJU37TW,16.253945356116496,3.108391298009338,41.16694013,2.05223452,16.467860067987992,9.46587058633174,41.27284447,2.05755892,627,628,6.361077141915776,7.864589844295826,2.367527968776135,True,LEBL-24L,LEBL-24L,LARPA1C,NATPI1C,,
06:31:48:703,23508.703,SWT7TN,EJU37TW,16.22716336999389,2.9097264266886773,41.1636321,2.05162366,16.382363197172566,9.303312768635468,41.27014213,2.05564863,627,628,6.395469748054856,8.062588024570273,2.5242288011321334,True,LEBL-24L,LEBL-24L,LARPA1C,NATPI1C,,
06:31:52:695,23512.695,SWT7TN,EJU37TW,16.267305955593994,2.7014119973829005,41.1601587,2.05249298,16.324382918002968,9.118729095955253,41.26707089,2.05434639,627,628,6.417570920782015,8.251404061676286,2.6740091710251797,True,LEBL-24L,LEBL-24L,LARPA1C,NATPI1C,,
06:31:56:688,23516.688,SWT7TN,EJU37TW,16.281355792718173,2.5087871013301157,41.15694849,2.05278626,16.276810807939825,8.928441767800287,41.26390389,2.05327444,627,628,6.419656275348305,8.433095020037962,2.8242429571770447,True,LEBL-24L,LEBL-24L,LARPA1C,NATPI1C,,
06:32:00:672,23520.672,SWT7TN,EJU37TW,16.345392218648332,2.312421866169541,41.15367251,2.05418523,16.234111080846994,8.73266998933687,41.26064517,2.05231008,627,628,6.4212124598602065,8.606102177068477,2.9795701743241816,True,LEBL-24L,LEBL-24L,LARPA1C,NATPI1C,,
06:32:04:656,23524.656,SWT7TN,EJU37TW,16.426751137700727,2.125165583651773,41.15054707,2.05596818,16.193347235438374,8.528583451911597,41.25724778,2.05138796,627,628,6.407670230055577,8.767557196589054,3.144138409651081,True,LEBL-24L,LEBL-24L,LARPA1C,NATPI1C,,
06:32:08:641,23528.641,SWT7TN,EJU37TW,16.51710691590172,1.9419347270349343,41.14748804,2.05795039,16.155647024387033,8.320881657287252,41.25378994,2.0505335,627,628,6.389179696342034,8.924811312972555,3.313942453939129,True,LEBL-24L,LEBL-24L,LARPA1C,NATPI1C,,
06:32:12:625,23532.625,SWT7TN,EJU37TW,16.613124863496306,1.7553247314023743,41.14437228,2.06005737,16.11472036913934,8.104454832871586,41.25018695,2.04960684,627,628,6.368662346629601,9.086048020971097,3.496801618791123,True,LEBL-24L,LEBL-24L,LARPA1C,NATPI1C,,
06:32:16:609,23536.609,SWT7TN,EJU37TW,16.714438758542833,1.577529111733737,41.14140296,2.06228214,16.07648387653891,7.88402762518581,41.24651712,2.04873953,627,628,6.338683611890236,9.23955408231892,3.6849554776311217,True,LEBL-24L,LEBL-24L,LARPA1C,NATPI1C,,
06:32:20:602,23540.602,SWT7TN,EJU37TW,16.816795138248025,1.397079114456076,41.1383893,2.06452952,16.038163715166167,7.657476451932287,41.24274526,2.04786991,627,628,6.308632317395722,9.39742998917135,3.881643475413174,True,LEBL-24L,LEBL-24L,LARPA1C,NATPI1C,,
06:32:24:586,23544.586,SWT7TN,EJU37TW,16.92240268868689,1.2218585930697283,41.13546249,2.06684911,16.001428632074553,7.428266581285756,41.23892899,2.04703527,627,628,6.274367962523772,9.551500338444924,4.0828985946797305,True,LEBL-24L,LEBL-24L,LARPA1C,NATPI1C,,
06:32:28:578,23548.578,SWT7TN,EJU37TW,17.02841945378286,1.0407286403395246,41.13243715,2.06917698,15.96492486376737,7.192473031381787,41.23500301,2.04620526,627,628,6.242994457446855,9.713212962925141,4.292421166673363,True,LEBL-24L,LEBL-24L,LARPA1C,NATPI1C,,
06:32:32:563,23552.563,SWT7TN,EJU37TW,17.133971240966016,0.8613562947610185,41.12944108,2.07149452,15.926934462006074,6.9507058578335,41.2309776,2.04534188,627,628,6.207826985914879,9.875063135253916,4.510576399671716,True,LEBL-24L,LEBL-24L,LARPA1C,NATPI1C,,
06:32:36:547,23556.547,SWT7TN,EJU37TW,17.238211462174373,0.6873601434219021,41.12653463,2.07378336,15.892128068905045,6.70537887241471,41.22689266,2.04454882,627,628,6.1667244079935735,10.033455071709644,4.73251719777505,True,LEBL-24L,LEBL-24L,LARPA1C,NATPI1C,,
06:32:40:539,23560.539,SWT7TN,EJU37TW,17.337085342071354,0.5039093998828235,41.12347101,2.07595239,15.856674826280113,6.457906248306405,41.22277201,2.04374134,627,628,6.13528269652697,10.203436077522312,4.95906411464065,True,LEBL-24L,LEBL-24L,LARPA1C,NATPI1C,,
06:32:44:523,23564.523,SWT7TN,EJU37TW,17.43433395614745,0.3176622535583359,41.12036088,2.078085,15.821845944782153,6.211425065834762,41.21866783,2.04294788,627,628,6.110364774231514,10.37776995541608,5.186594255812638,True,LEBL-24L,LEBL-24L,LARPA1C,NATPI1C,,
06:32:48:516,23568.516,SWT7TN,EJU37TW,17.52525383593107,0.1371129870485495,41.11734611,2.08007801,15.7871691838362,5.962364506387846,41.21452066,2.04215766,627,628,6.079020769944163,10.548332396610233,5.418156126537728,True,LEBL-24L,LEBL-24L,LARPA1C,NATPI1C,,
06:32:52:500,23572.5,SWT7TN,EJU37TW,17.607707115507182,-0.0574848384717913,41.11409788,2.08188222,15.751895480640922,5.71058951576151,41.2103283,2.04135408,627,628,6.059267165265854,10.734711252266413,5.654077459737187,True,LEBL-24L,LEBL-24L,LARPA1C,NATPI1C,,
06:32:52:750,23572.75,EJU37TW,VLG92CD,15.751895480640922,5.71058951576151,41.2103283,2.04135408,18.16036771636244,10.4711131307708,41.28946789,2.09518056,628,629,5.335102960515619,5.654077459737187,0.4008957880481288,False,LEBL-24L,LEBL-24L,NATPI1C,NATPI1C,,
06:32:56:492,23576.492,SWT7TN,EJU37TW,17.68833254228216,-0.2471793987456939,41.11093145,2.08364632,15.716213166891825,5.4606763334850354,41.20616698,2.04054172,627,628,6.038946256653488,10.917250292582683,5.890080746448188,True,LEBL-24L,LEBL-24L,LARPA1C,NATPI1C,,
06:32:56:734,23576.734,EJU37TW,VLG92CD,15.716213166891825,5.4606763334850354,41.20616698,2.04054172,18.037297228159204,10.412112428765296,41.28849437,2.0924457,628,629,5.468468764207555,5.890080746448188,0.5373620708827525,True,LEBL-24L,LEBL-24L,NATPI1C,NATPI1C,,
06:33:00:477,23580.477,SWT7TN,EJU37TW,17.764938875779038,-0.4437125972032089,41.10765136,2.0853207,15.671013753207887,5.207225695185927,41.20194735,2.03951841,627,628,6.0264107064922525,11.107711923164956,6.134949903657401,True,LEBL-24L,LEBL-24L,LARPA1C,NATPI1C,,
06:33:00:719,23580.719,EJU37TW,VLG92CD,15.671013753207887,5.207225695185927,41.20194735,2.03951841,17.89840917819003,10.34897510925008,41.28745307,2.08935979,628,629,5.6034701227239925,6.134949903657401,0.6899244892817571,True,LEBL-24L,LEBL-24L,NATPI1C,NATPI1C,,
06:33:04:469,23584.469,SWT7TN,EJU37TW,17.83738428716313,-0.6468740316008058,41.10426113,2.08690225,15.57630002862699,4.964671803783232,41.19791253,2.03739984,627,628,6.0499544367553595,11.30576929478983,6.393787068684411,True,LEBL-24L,LEBL-24L,LARPA1C,NATPI1C,,
06:33:04:711,23584.711,EJU37TW,VLG92CD,15.57630002862699,4.964671803783232,41.19791253,2.03739984,17.74387250470734,10.276296824005623,41.28625391,2.08592606,628,629,5.736874653895936,6.393787068684411,0.8606946262253287,True,LEBL-24L,LEBL-24L,NATPI1C,NATPI1C,,
06:33:08:461,23588.461,SWT7TN,EJU37TW,17.9071438869107,-0.845713999628484,41.10094308,2.08842469,15.455241528657938,4.739373170534522,41.19416688,2.03469974,627,628,6.099592107077724,11.500289562120797,6.649526661973973,True,LEBL-24L,LEBL-24L,LARPA1C,NATPI1C,,
06:33:08:711,23588.711,EJU37TW,VLG92CD,15.455241528657938,4.739373170534522,41.19416688,2.03469974,17.57747963512534,10.19973791391381,41.28499088,2.0822292,628,629,5.858282829574029,6.649526661973973,1.043854904412409,True,LEBL-24L,LEBL-24L,NATPI1C,NATPI1C,,
06:33:12:453,23592.453,SWT7TN,EJU37TW,17.977375899931143,-1.039802883957598,41.09770413,2.0899579,15.3086397155526,4.534604153571721,41.19076486,2.0314362,627,628,6.180304736974363,11.690603229612407,6.89893902056747,True,LEBL-24L,LEBL-24L,LARPA1C,NATPI1C,,
06:33:12:711,23592.711,EJU37TW,VLG92CD,15.3086397155526,4.534604153571721,41.19076486,2.0314362,17.402799822068623,10.12610903670097,41.28377716,2.07834904,628,629,5.970798389644507,6.89893902056747,1.2333236199976743,True,LEBL-24L,LEBL-24L,NATPI1C,NATPI1C,,
06:33:16:445,23596.445,SWT7TN,EJU37TW,18.04628081957961,-1.2415110515119423,41.09433832,2.09146085,15.12295380674752,4.354230147453884,41.18777169,2.02730981,627,628,6.313331956246028,11.889120681934951,7.145528375224009,True,LEBL-24L,LEBL-24L,LARPA1C,NATPI1C,,
06:33:16:719,23596.719,EJU37TW,VLG92CD,15.12295380674752,4.354230147453884,41.18777169,2.02730981,17.245810644056387,10.037830270258826,41.28231794,2.07485981,628,629,6.067110639147548,7.145528375224009,1.4128732389576653,True,LEBL-24L,LEBL-24L,NATPI1C,NATPI1C,,
06:33:20:438,23600.438,SWT7TN,EJU37TW,18.11418293369265,-1.4384797295836236,41.09105153,2.09294196,14.90962337720243,4.2063777797036455,41.18532195,2.02257454,627,628,6.491041384188647,12.0834338358355,7.378045179903652,True,LEBL-24L,LEBL-24L,LARPA1C,NATPI1C,,
06:33:20:727,23600.727,EJU37TW,VLG92CD,14.90962337720243,4.2063777797036455,41.18532195,2.02257454,17.07807075225584,9.952239036196572,41.28090417,2.07113265,628,629,6.14142374350138,7.378045179903652,1.601097092328117,True,LEBL-24L,LEBL-24L,NATPI1C,NATPI1C,,
06:33:24:430,23604.43,SWT7TN,EJU37TW,18.183000596348737,-1.6432021305493238,41.08763547,2.09444237,14.90962337720243,4.2063777797036455,41.18532195,2.02257454,627,628,6.703177123220089,12.285932333911056,7.378045179903652,True,LEBL-24L,LEBL-24L,LARPA1C,NATPI1C,,
06:33:24:727,23604.727,EJU37TW,VLG92CD,14.675333845550815,4.090359208217014,41.18340369,2.01737828,16.91296246779364,9.865572168339874,41.27947217,2.06746389,628,629,6.193550402301685,7.595413679591039,1.7874304781112391,True,LEBL-24L,LEBL-24L,NATPI1C,NATPI1C,,
06:33:28:734,23608.734,EJU37TW,VLG92CD,14.425205747490931,4.004746800541565,41.18199275,2.01183418,16.764707794674823,9.75893569450141,41.27770615,2.06416703,628,629,6.211598800320932,7.7978894552914735,1.9674708913117913,True,LEBL-24L,LEBL-24L,NATPI1C,NATPI1C,,
06:33:32:750,23612.75,EJU37TW,VLG92CD,14.168821605431653,3.931898049974628,41.18079457,2.00615285,16.642506626838358,9.6144891437722,41.27530826,2.06144436,628,629,6.197657551401125,7.996671271737764,2.1426337873552743,True,LEBL-24L,LEBL-24L,NATPI1C,NATPI1C,,
06:33:36:758,23616.758,EJU37TW,VLG92CD,13.91766923178747,3.8698086538985175,41.17977506,2.00058838,16.642506626838358,9.6144891437722,41.27530826,2.06144436,628,629,6.358151677980248,8.187460494471118,2.1426337873552743,True,LEBL-24L,LEBL-24L,NATPI1C,NATPI1C,,
,23728.594,VLG92CD,VLG2974,13.864403353371424,3.4444298023165123,41.17269111,1.9993761,16.310820147103048,7.518490026039114,41.24041096,2.05389844,629,630,4.7521491806519265,8.571299569813874,3.825345568488401,True,LEBL-24L,LEBL-24L,NATPI1C,NATPI1C,06:35:28:594,06:35:28:594
06:45:47:734,24347.734,TVF32PR,VLG21PG,15.731035124208296,4.989820604993829,41.19832126,2.04082823,18.22630771598872,10.498692483708306,41.28992228,2.09664549,631,632,6.047648690473164,6.301367694580938,0.32946834735186925,False,LEBL-24L,LEBL-24L,OLOXO1C,LOTOS1C,,
06:45:51:727,24351.727,TVF32PR,VLG21PG,15.636671696426804,4.7527940975575005,41.19437853,2.03871794,18.111504454645555,10.447045174059998,41.28907067,2.09409465,631,632,6.208807655532782,6.5556936602641525,0.4553455740502133,False,LEBL-24L,LEBL-24L,OLOXO1C,LOTOS1C,,
06:45:55:727,24355.727,TVF32PR,VLG21PG,15.519695303145696,4.521114413523881,41.19052633,2.03610773,17.97802564428808,10.384466593314468,41.28803831,2.09112868,631,632,6.357852377213257,6.815213655167124,0.6027638008818731,True,LEBL-24L,LEBL-24L,OLOXO1C,LOTOS1C,,
06:45:59:719,24359.719,TVF32PR,VLG21PG,15.394317053207978,4.297576788729949,41.18681027,2.03331253,17.83141593472173,10.316107359901991,41.28691056,2.08787108,631,632,6.493239653239979,7.0711451306518835,0.7645268677557825,True,LEBL-24L,LEBL-24L,OLOXO1C,LOTOS1C,,
06:46:03:719,24363.719,TVF32PR,VLG21PG,15.229346275094914,4.096639238632643,41.18347323,2.02964312,17.671330657287275,10.240892405749408,41.28566951,2.08431413,631,632,6.611742183758817,7.324591281391727,0.9413997811028356,True,LEBL-24L,LEBL-24L,OLOXO1C,LOTOS1C,,
06:46:07:727,24367.727,TVF32PR,VLG21PG,15.018672816185424,3.925832970786256,41.18064099,2.02496495,17.507624452309667,10.169680354693602,41.28449531,2.08067743,631,632,6.721644917763222,7.5727381765958075,1.1198766115544032,True,LEBL-24L,LEBL-24L,OLOXO1C,LOTOS1C,,
06:46:11:727,24371.727,TVF32PR,VLG21PG,14.817618628718368,3.7555052849350177,41.17781593,2.02050015,17.347412670375956,10.094642608857464,41.283257,2.07711796,631,632,6.825285335042989,7.81742942644308,1.2967870451621148,True,LEBL-24L,LEBL-24L,OLOXO1C,LOTOS1C,,
06:46:15:734,24375.734,TVF32PR,VLG21PG,14.565074056681665,3.638924174368806,41.17588933,2.01490043,17.1873876374388,10.022746626999847,41.28207091,2.07356307,631,632,6.90142866532282,8.04156737519031,1.4722130842085674,True,LEBL-24L,LEBL-24L,OLOXO1C,LOTOS1C,,
06:46:19:742,24379.742,TVF32PR,VLG21PG,14.292185149039083,3.5559762125309478,41.17452404,2.00885344,17.027966264517172,9.947089246157216,41.280822,2.07002133,631,632,6.952037407867861,8.250481624375924,1.6486648458319237,True,LEBL-24L,LEBL-24L,OLOXO1C,LOTOS1C,,
06:46:23:758,24383.758,TVF32PR,VLG21PG,14.0025359445638,3.5206069888305973,41.17395212,2.00243948,17.027966264517172,9.947089246157216,41.280822,2.07002133,631,632,7.103020683105674,8.432589307964399,1.6486648458319237,True,LEBL-24L,LEBL-24L,OLOXO1C,LOTOS1C,,
06:48:23:453,24503.453,VLG21PG,AEA38LZ,15.918313702540548,2.5960804282452328,41.15842759,2.04476058,18.01183004614856,10.400089997010436,41.28829602,2.0918798,632,633,8.079936635291933,8.453771803357496,0.5655236829563719,True,LEBL-24L,LEBL-24L,LOTOS1C,LARPA1C,,
06:48:27:445,24507.445,VLG21PG,AEA38LZ,15.774366766174188,2.323082566294368,41.15388894,2.041551,17.872944271473738,10.333697990170062,41.28720048,2.08879363,632,633,8.280941191373385,8.758011290918159,0.719454112709832,True,LEBL-24L,LEBL-24L,LOTOS1C,LARPA1C,,
06:48:31:445,24511.445,VLG21PG,AEA38LZ,15.631797204762414,2.0463238042012053,41.14928745,2.03837201,17.72331467248195,10.26299060342635,41.28603377,2.08546892,632,633,8.478682598568291,9.065671614739394,0.884947445573275,True,LEBL-24L,LEBL-24L,LOTOS1C,LARPA1C,,
06:48:35:445,24515.445,VLG21PG,AEA38LZ,15.489384627134296,1.769450317875919,41.14468395,2.03519693,17.565618279084696,10.189506823557185,41.28482131,2.0819652,632,633,8.67226024380938,9.373631454584196,1.0589243453480712,True,LEBL-24L,LEBL-24L,LOTOS1C,LARPA1C,,
06:48:39:445,24519.445,VLG21PG,AEA38LZ,15.347281351497616,1.4886452928832083,41.14001484,2.0320288,17.393343245554018,10.11901689584022,41.2836597,2.07813868,632,633,8.869593185678612,9.685420622703859,1.244873297143741,True,LEBL-24L,LEBL-24L,LOTOS1C,LARPA1C,,
06:48:43:445,24523.445,VLG21PG,AEA38LZ,15.204492030650098,1.2124561600509631,41.13542259,2.02884634,17.393343245554018,10.11901689584022,41.2836597,2.07813868,632,633,9.171580767855081,9.993267134019275,1.244873297143741,True,LEBL-24L,LEBL-24L,LOTOS1C,LARPA1C,,
06:50:27:313,24627.313,AEA38LZ,RYR2889,16.459989563346404,5.003353026112429,41.198497,2.05697016,18.09335271653768,10.43889441580361,41.28893627,2.09369134,633,634,5.67564845539687,6.001061778040761,0.4752422479558991,False,LEBL-24L,LEBL-24L,LARPA1C,LARPA1C,,
06:50:31:297,24631.297,AEA38LZ,RYR2889,16.45787481962588,4.742830217965684,41.19415669,2.05689919,17.966250760148522,10.37815532824074,41.28793406,2.09086696,633,634,5.8337026900969295,6.247018986490586,0.6161014999105942,True,LEBL-24L,LEBL-24L,LARPA1C,LARPA1C,,
06:50:35:281,24635.281,AEA38LZ,RYR2889,16.456523684825502,4.482995473005717,41.18982779,2.0568452,17.825543674168383,10.315717537822202,41.28690451,2.08774084,633,634,5.991232128420452,6.493217481069332,0.770020396425429,True,LEBL-24L,LEBL-24L,LARPA1C,LARPA1C,,
06:50:39:273,24639.273,AEA38LZ,RYR2889,16.456909857217205,4.219398632900381,41.18543609,2.05682933,17.672700428936576,10.24489485475372,41.28573609,2.0843449,633,634,6.146930244752301,6.7434875328395645,0.9384745604850756,True,LEBL-24L,LEBL-24L,LARPA1C,LARPA1C,,
06:50:43:258,24643.258,AEA38LZ,RYR2889,16.457638004020733,3.960948918745799,41.18113012,2.05682151,17.505409193050706,10.166297222502722,41.28443911,2.08062798,633,634,6.293184570271255,6.989718619289633,1.123305645305654,True,LEBL-24L,LEBL-24L,LARPA1C,LARPA1C,,
06:50:47:250,24647.25,AEA38LZ,RYR2889,16.451531532255697,3.701007892131525,41.17679978,2.05666227,17.34082732612816,10.089471997464107,41.28317134,2.07697145,633,634,6.450063614734516,7.240185415706101,1.3049343294603897,True,LEBL-24L,LEBL-24L,LARPA1C,LARPA1C,,
06:50:51:234,24651.234,AEA38LZ,RYR2889,16.444370414863876,3.4415090466739477,41.17247688,2.05647975,17.17291772360674,10.008277949754971,41.28183091,2.07324086,633,634,6.607059482670669,7.491170763865927,1.491422185861716,True,LEBL-24L,LEBL-24L,LARPA1C,LARPA1C,,
06:50:55:227,24655.227,AEA38LZ,RYR2889,16.45820145484458,3.185205317816,41.16820575,2.05676215,17.012967696202455,9.926287137059395,41.28047651,2.06968681,633,634,6.763870909197203,7.734011352295762,1.6710477226702838,True,LEBL-24L,LEBL-24L,LARPA1C,LARPA1C,,
06:50:59:211,24659.211,AEA38LZ,RYR2889,16.54152652284735,2.9286961601731445,41.16392634,2.05858244,16.867661951782903,9.81529111332182,41.27863771,2.0664548,633,634,6.894313190357671,7.960318077719382,1.8501903663647046,True,LEBL-24L,LEBL-24L,LARPA1C,LARPA1C,,
06:51:03:195,24663.195,AEA38LZ,RYR2889,16.613823803744058,2.697474401139398,41.16006898,2.06016082,16.729721668833534,9.689430245410554,41.27655064,2.06338485,633,634,6.99291633321677,8.167231827432298,2.030358644930991,True,LEBL-24L,LEBL-24L,LARPA1C,LARPA1C,,
06:51:07:180,24667.18,AEA38LZ,RYR2889,16.753221690117698,2.4736143505455885,41.1563295,2.06322451,16.62062219794629,9.54217362762066,41.27410499,2.06095243,633,634,7.06980288825991,8.354372781605528,2.1970446386985834,True,LEBL-24L,LEBL-24L,LARPA1C,LARPA1C,,
06:51:11:164,24671.164,AEA38LZ,RYR2889,16.91432884514817,2.25725426898091,41.15271334,2.06676892,16.538691422287513,9.377877204951144,41.27137349,2.05912085,633,634,7.130524137096708,8.534069232815861,2.352194456578633,True,LEBL-24L,LEBL-24L,LARPA1C,LARPA1C,,
06:51:15:141,24675.141,AEA38LZ,RYR2889,17.094228803396476,2.045566701760385,41.14917356,2.07072919,16.479073997281787,9.203463424341344,41.26847184,2.05778308,633,634,7.184281517773453,8.710695820326151,2.498634224898806,True,LEBL-24L,LEBL-24L,LARPA1C,LARPA1C,,
06:51:19:117,24679.117,AEA38LZ,RYR2889,17.285940547730398,1.8454969073226557,41.14582634,2.07495149,16.4314945595541,9.014705888134923,41.26533036,2.05671092,633,634,7.219947046708157,8.879336466674122,2.6490172410707746,True,LEBL-24L,LEBL-24L,LARPA1C,LARPA1C,,
06:51:23:102,24683.102,AEA38LZ,RYR2889,17.485966891395243,1.6377351842741767,41.1423502,2.07935655,16.41267125272718,8.82012332005409,41.26208982,2.05627567,633,634,7.262139000389345,9.060001477024436,2.786761011282685,True,LEBL-24L,LEBL-24L,LARPA1C,LARPA1C,,
06:51:27:078,24687.078,AEA38LZ,RYR2889,17.68708902081297,1.4275148830971076,41.13883285,2.08378514,16.40687018520941,8.61019061816159,41.25859263,2.05612765,633,634,7.295874929171843,9.248482810596185,2.9322176695047655,True,LEBL-24L,LEBL-24L,LARPA1C,LARPA1C,,
06:51:31:063,24691.063,AEA38LZ,RYR2889,17.891391962410125,1.2188106967214558,41.13534035,2.08828377,16.408087346976416,8.396688949701074,41.25503549,2.05613485,633,634,7.329538102552212,9.440440861516334,3.082888015713025,True,LEBL-24L,LEBL-24L,LARPA1C,LARPA1C,,
06:51:35:039,24695.039,AEA38LZ,RYR2889,18.09637689431002,1.00266293425504,41.13172361,2.09279625,16.407298066233967,8.176203153228366,41.25136213,2.05609694,633,634,7.36971278685151,9.644833292703057,3.2472291152085657,True,LEBL-24L,LEBL-24L,LARPA1C,LARPA1C,,
06:51:39:023,24699.023,AEA38LZ,RYR2889,18.301394433179112,0.787839707917443,41.12812876,2.09730909,16.407592151200536,7.950519793089469,41.2476021,2.05608256,633,634,7.408810504105717,9.852667767660513,3.421307522710555,True,LEBL-24L,LEBL-24L,LARPA1C,LARPA1C,,
06:51:43:008,24703.008,AEA38LZ,RYR2889,18.507030931412142,0.5694045516798902,41.12447351,2.10183475,16.407592151200536,7.950519793089469,41.2476021,2.05608256,633,634,7.673884635491022,10.06858360654157,3.421307522710555,True,LEBL-24L,LEBL-24L,LARPA1C,LARPA1C,,
06:52:15:195,24735.195,RYR2889,VLG200Z,16.433995838396505,5.773969054198373,41.21133771,2.05646594,18.24180525962317,10.513824713611552,41.29017319,2.09699068,634,636,5.072909084100269,5.294370609434627,0.30910965992302436,False,LEBL-24L,LEBL-24L,LARPA1C,LARPA1C,,
06:52:16:266,24736.266,ICC03,DICMD,18.201388356392105,11.285192261355798,41.30302767,2.09617389,27.212236112728824,15.534811108688908,41.3729574,2.29666467,717,751,9.962662176119759,0.7235648066992211,9.972413833102665,True,LEBL-24L,LEBL-24L,-,-,,
06:52:19:180,24739.18,RYR2889,VLG200Z,16.43644227819177,5.528732482269409,41.20725176,2.05649741,18.127417198886715,10.460889585524814,41.2893001,2.0944489,634,636,5.213978315414442,5.519595963433297,0.4351342045710976,False,LEBL-24L,LEBL-24L,LARPA1C,LARPA1C,,
06:52:20:156,24740.156,ICC03,DICMD,18.13020588527301,11.255620244546227,41.30254048,2.0945922,27.03329324556325,15.4398729532166,41.37139638,2.29267742,717,751,9.837323582914978,0.7329825150515754,9.769912999521244,True,LEBL-24L,LEBL-24L,-,-,,
06:52:23:172,24743.172,RYR2889,VLG200Z,16.437761907593153,5.281065124391841,41.20312539,2.0565037,18.004220107609786,10.400211120530964,41.28829862,2.09171108,634,636,5.3534518791324315,5.7491349240282315,0.572386253326478,True,LEBL-24L,LEBL-24L,LARPA1C,LARPA1C,,
06:52:24:070,24744.07,ICC03,DICMD,18.052754167567485,11.216658987242818,41.30189732,2.09287054,26.853974041866643,15.34496330903514,41.36983574,2.28868201,717,751,9.721335702931343,0.7468528221690672,9.56710139843718,True,LEBL-24L,LEBL-24L,-,-,,
06:52:27:156,24747.156,RYR2889,VLG200Z,16.43768957756662,5.026389797149792,41.19888236,2.05647852,17.86146918446932,10.332495699820708,41.28718132,2.08853908,634,636,5.493806350736358,5.987174459895355,0.7303706116746692,True,LEBL-24L,LEBL-24L,LARPA1C,LARPA1C,,
06:52:27:992,24747.992,ICC03,DICMD,17.954279125128124,11.1763286893813,41.30123293,2.09068254,26.680156187068544,15.248091079476367,41.36824164,2.28480862,717,751,9.629131812447614,0.7844888155897747,9.368115342894498,True,LEBL-24L,LEBL-24L,-,-,,
06:52:31:148,24751.148,RYR2889,VLG200Z,16.440176871365896,4.776069575202971,41.19471171,2.05651042,17.701683530633044,10.255822921919531,41.28591598,2.0849886,634,636,5.623085966995943,6.221569466415831,0.9075817755074409,True,LEBL-24L,LEBL-24L,LARPA1C,LARPA1C,,
06:52:31:930,24751.93,ICC03,DICMD,17.848519202349955,11.128280067205583,41.30044046,2.08833225,26.510694893510312,15.15960605507277,41.36678665,2.28103339,717,751,9.554311954556578,0.8353904408351547,9.177051512439574,True,LEBL-24L,LEBL-24L,-,-,,
06:52:35:133,24755.133,RYR2889,VLG200Z,16.44224144378659,4.522745899874706,41.19049105,2.05653268,17.530330016168975,10.174695163345817,41.28457717,2.08118134,634,636,5.755733421398247,6.460140338443759,1.097165628630449,True,LEBL-24L,LEBL-24L,LARPA1C,LARPA1C,,
06:52:35:883,24755.883,ICC03,DICMD,17.742293997176517,11.078352316079563,41.29961667,2.08597151,26.3419110993455,15.069733263831177,41.36530834,2.27727316,717,751,9.480745549480368,0.8979915277704887,8.985897087920698,True,LEBL-24L,LEBL-24L,-,-,,
06:52:39:117,24759.117,RYR2889,VLG200Z,16.442240166544323,4.262355616990166,41.1861528,2.05650855,17.364183872464075,10.098786304191984,41.2833248,2.0774902,634,636,5.908798808843988,6.707153844058021,1.2798269126109612,True,LEBL-24L,LEBL-24L,LARPA1C,LARPA1C,,
06:52:39:852,24759.852,ICC03,DICMD,17.630073172853162,11.031240157312032,41.29884019,2.08347815,26.17927363037245,14.985013336007064,41.36391507,2.2736503,717,751,9.419190560309108,0.9774222023607179,8.802634630070429,True,LEBL-24L,LEBL-24L,-,-,,
06:52:43:109,24763.109,RYR2889,VLG200Z,16.435743751834444,4.003871508460677,41.18184676,2.05634082,17.19398600822851,10.020075741955273,41.28202593,2.0737091,634,636,6.063797877444453,6.95527279275132,1.4673437830512774,True,LEBL-24L,LEBL-24L,LARPA1C,LARPA1C,,
06:52:43:836,24763.836,ICC03,DICMD,17.516534311524335,11.000984982480656,41.2983446,2.08095729,26.02211634706213,14.906798797706976,41.36262946,2.2701502,717,751,9.359503583122132,1.0717072714504836,8.627357881607267,True,LEBL-24L,LEBL-24L,-,-,,
06:52:47:102,24767.102,RYR2889,VLG200Z,16.406232180388045,3.727970239425253,41.17725214,2.05566206,17.033003814290502,9.945913670660111,41.28080205,2.0701329,634,636,6.249453031674171,7.227505352735089,1.6445866538706393,True,LEBL-24L,LEBL-24L,LARPA1C,LARPA1C,,
06:52:47:828,24767.828,ICC03,DICMD,17.397340319793884,10.983330085509738,41.2980593,2.0783123,25.863735105785544,14.83063535850576,41.36137805,2.26662337,717,751,9.299548297411533,1.1792527344264105,8.452046616401404,True,LEBL-24L,LEBL-24L,-,-,,
06:52:51:094,24771.094,RYR2889,VLG200Z,16.318029320648584,3.464603434226893,41.17287041,2.0536855,16.86640747342024,9.862417481109125,41.27942295,2.06643148,634,636,6.4212727069422035,7.505161483247705,1.830859037569654,True,LEBL-24L,LEBL-24L,LARPA1C,LARPA1C,,
06:52:51:836,24771.836,ICC03,DICMD,17.27934145281522,10.985368960002994,41.29810196,2.07569576,25.709388496970437,14.75550067418454,41.36014323,2.26318638,717,751,9.234694705779265,1.293086235489532,8.280765611944581,True,LEBL-24L,LEBL-24L,-,-,,
06:52:55:086,24775.086,RYR2889,VLG200Z,16.247846235337384,3.1961859941989537,41.16840326,2.05210756,16.86640747342024,9.862417481109125,41.27942295,2.06643148,634,636,6.6948682020134775,7.782358606733259,1.830859037569654,True,LEBL-24L,LEBL-24L,LARPA1C,LARPA1C,,
06:52:55:852,24775.852,ICC03,DICMD,17.16276890226802,11.01269056120487,41.29856568,2.0731133,25.55056028120893,14.680608199273095,41.35891283,2.25965008,717,751,9.154707205382783,1.4127220930298017,8.105736734807905,True,LEBL-24L,LEBL-24L,-,-,,
06:52:59:094,24779.094,RYR2889,VLG200Z,16.123475113671603,2.9268734374451397,41.16392488,2.04933054,16.59549786927331,9.630843543247757,41.27558405,2.06040379,634,636,6.720566989570223,8.07637496242549,2.1764321267760476,True,LEBL-24L,LEBL-24L,LARPA1C,LARPA1C,,
06:52:59:875,24779.875,ICC03,DICMD,17.04609458398263,11.056338200179834,41.29930135,2.07053012,25.391467315582684,14.606225915435235,41.35769085,2.25610811,717,751,9.06901035506383,1.5368349365336904,7.930759133339306,True,LEBL-24L,LEBL-24L,-,-,,
06:53:03:094,24783.094,RYR2889,VLG200Z,15.983289561806272,2.6662296631956472,41.15959193,2.04620472,16.478491426954466,9.485851540141612,41.27317662,2.05779645,634,636,6.837577599688815,8.367102632995627,2.348430009479151,True,LEBL-24L,LEBL-24L,LARPA1C,LARPA1C,,
06:53:03:898,24783.898,ICC03,DICMD,16.93474418214622,11.116188848772143,41.30030653,2.0680665,25.22565318311928,14.52825467686634,41.35640969,2.25241658,717,751,8.965565530275503,1.66049696741887,7.748196136947817,True,LEBL-24L,LEBL-24L,-,-,,
06:53:07:094,24787.094,RYR2889,VLG200Z,15.8368946361816,2.3963238568622445,41.155105,2.04294109,16.40238501835611,9.317837100379762,41.27038272,2.05609379,634,636,6.944575217572366,8.668914623052592,2.4995556154036427,True,LEBL-24L,LEBL-24L,LARPA1C,LARPA1C,,
06:53:07:922,24787.922,ICC03,DICMD,16.834285309946697,11.192462216364351,41.30158449,2.06584591,25.0599279334369,14.450091823820468,41.35512521,2.24872714,717,751,8.84722257144882,1.7792128544127093,7.565645692806465,True,LEBL-24L,LEBL-24L,-,-,,
06:53:11:086,24791.086,RYR2889,VLG200Z,15.69192344464202,2.127108759541988,41.15062939,2.03970947,16.36438934672192,9.117621426105009,41.26704966,2.05523305,634,636,7.022782762611853,8.96997714083617,2.6418220386428732,True,LEBL-24L,LEBL-24L,LARPA1C,LARPA1C,,
06:53:15:086,24795.086,RYR2889,VLG200Z,15.549558200407224,1.857465268947247,41.14614638,2.03653591,16.331399262382728,8.94056847857968,41.26410215,2.05448548,634,636,7.126122825526953,9.270916612724042,2.773549187030091,True,LEBL-24L,LEBL-24L,LARPA1C,LARPA1C,,
06:53:15:977,24795.977,ICC03,DICMD,16.668776048368336,11.399839912826517,41.30505129,2.06219493,24.733670856871058,14.301701830883776,41.35268756,2.24146507,717,751,8.571075245480294,2.006388763419609,7.209153318020406,True,LEBL-24L,LEBL-24L,-,-,,
06:53:19:086,24799.086,RYR2889,VLG200Z,15.4082431073713,1.5836962653274538,41.14159448,2.03338566,16.318871594357223,8.73913347521927,41.260747,2.05418925,634,636,7.213149513632354,9.57566675326776,2.9106871706104367,True,LEBL-24L,LEBL-24L,LARPA1C,LARPA1C,,
06:53:20:008,24800.008,ICC03,DICMD,16.605747274457624,11.51615765798008,41.30699366,2.06080798,24.56698592019765,14.225869687656283,41.35144166,2.23775508,717,751,8.40974791882589,2.1105242822524675,7.027086740184189,True,LEBL-24L,LEBL-24L,-,-,,
06:53:23:078,24803.078,RYR2889,VLG200Z,15.265680694850138,1.3068341060288409,41.13699104,2.03020799,16.311324875826667,8.529663072563725,41.25725763,2.0540027,634,636,7.298125103958239,9.883955498421214,3.0569318051837904,True,LEBL-24L,LEBL-24L,LARPA1C,LARPA1C,,
06:53:24:039,24804.039,ICC03,DICMD,16.544842333141517,11.633611973702918,41.3089548,2.05946816,24.399893176331805,14.150829072288198,41.35020887,2.23403629,717,751,8.24852748498267,2.216276463781303,6.845132710649714,True,LEBL-24L,LEBL-24L,-,-,,
06:53:27:078,24807.078,RYR2889,VLG200Z,15.121365662802418,1.0311643451267989,41.13240749,2.0269921,16.309833634690484,8.316651948542033,41.25370885,2.05395004,634,636,7.3817874352842745,10.19189519159006,3.2085817092273263,True,LEBL-24L,LEBL-24L,LARPA1C,LARPA1C,,
06:53:27:289,24807.289,VLG200Z,VLG57RJ,16.309833634690484,8.316651948542033,41.25370885,2.05395004,18.228594176177705,10.50201093614588,41.28997739,2.09669653,636,637,2.9081671066617267,3.2085817092273263,0.3259997829502373,False,LEBL-24L,LEBL-24L,LARPA1C,DIPES1C,,
06:53:28:063,24808.063,ICC03,DICMD,16.47657714440141,11.750135945960372,41.31090094,2.05796492,24.23647520632241,14.077143103964811,41.34899815,2.23039938,717,751,8.101294973324276,2.3307697373732625,6.6670921488601635,True,LEBL-24L,LEBL-24L,-,-,,
06:53:31:078,24811.078,RYR2889,VLG200Z,14.982276463779028,0.757425571125635,41.12785569,2.02389241,16.31081033281267,8.097933396844619,41.25006481,2.05395155,634,636,7.4597625552433735,10.49644247065483,3.369560820621824,True,LEBL-24L,LEBL-24L,LARPA1C,LARPA1C,,
06:53:31:258,24811.258,VLG200Z,VLG57RJ,16.31081033281267,8.097933396844619,41.25006481,2.05395155,18.11833922847349,10.447956663186824,41.28908533,2.09424629,636,637,2.9647546375709593,3.369560820621824,0.4487630856350331,False,LEBL-24L,LEBL-24L,LARPA1C,DIPES1C,,
06:53:32:078,24812.078,ICC03,DICMD,16.41177845186076,11.86514143046316,41.31282152,2.05653834,24.07288155833269,14.004221632745333,41.34780007,2.22675881,717,751,7.954128797032985,2.44359946316555,6.489365205168155,True,LEBL-24L,LEBL-24L,-,-,,
06:53:35:078,24815.078,RYR2889,VLG200Z,14.841711321869642,0.480598151695882,41.12325244,2.02076025,16.313290685080773,7.869336683869118,41.24625609,2.05398547,634,636,7.533857107687296,10.804538147531481,3.543516395275711,True,LEBL-24L,LEBL-24L,LARPA1C,LARPA1C,,
06:53:35:234,24815.234,VLG200Z,VLG57RJ,16.313290685080773,7.869336683869118,41.24625609,2.05398547,17.98477486589464,10.389410951649026,41.28812017,2.09127883,636,637,3.024009537325807,3.543516395275711,0.5945633305450738,True,LEBL-24L,LEBL-24L,LARPA1C,DIPES1C,,
06:53:36:109,24816.109,ICC03,DICMD,16.34754336002166,11.982008001079512,41.31477305,2.05512435,23.909596722466844,13.930219523280924,41.34658384,2.22312508,717,751,7.8089806755880025,2.55876220321091,6.311416137656249,True,LEBL-24L,LEBL-24L,-,-,,
06:53:39:078,24819.078,RYR2889,VLG200Z,14.69968588682462,0.2003149714868189,41.11859162,2.01759595,16.32310096457431,7.640770446561804,41.24244737,2.0541818,634,636,7.615500915319908,11.116513231906856,3.719017031973769,True,LEBL-24L,LEBL-24L,LARPA1C,LARPA1C,,
06:53:39:211,24819.211,VLG200Z,VLG57RJ,16.32310096457431,7.640770446561804,41.24244737,2.0541818,17.838765083193486,10.320307515057587,41.28697998,2.08803445,636,637,3.0784990859041397,3.719017031973769,0.7560928188550756,True,LEBL-24L,LEBL-24L,LARPA1C,DIPES1C,,
06:53:40:125,24820.125,ICC03,DICMD,16.286784803242714,12.099597708377235,41.31673637,2.05378746,23.74669543163183,13.855871873831155,41.3453617,2.21949995,717,751,7.6638610065549715,2.6730987976102605,6.133689310901804,True,LEBL-24L,LEBL-24L,-,-,,
06:53:43:070,24823.07,RYR2889,VLG200Z,14.556540494536376,-0.0794004953038117,41.11394024,2.01440738,16.32310096457431,7.640770446561804,41.24244737,2.0541818,634,636,7.919708029083324,11.428467371019828,3.719017031973769,True,LEBL-24L,LEBL-24L,LARPA1C,LARPA1C,,
06:53:43:188,24823.188,VLG200Z,VLG57RJ,16.327663429883422,7.397241748956154,41.23838973,2.05426046,17.680431976749038,10.248476404156513,41.28579518,2.08451668,636,637,3.1558710050324326,3.9153713624833464,0.9299537546331469,True,LEBL-24L,LEBL-24L,LARPA1C,DIPES1C,,
06:53:44:141,24824.141,ICC03,DICMD,16.224925066519223,12.216509132871224,41.31868845,2.052426,23.58382724609629,13.781000658614124,41.34413072,2.21587562,717,751,7.523368595430206,2.789553820933294,5.955794471420389,True,LEBL-24L,LEBL-24L,-,-,,
06:53:47:164,24827.164,VLG200Z,VLG57RJ,16.33453752755301,7.147699476647414,41.23423174,2.05438977,17.509815759516748,10.167414092915244,41.28445739,2.08072579,636,637,3.2403634497119884,4.120636136218294,1.1188377142920782,True,LEBL-24L,LEBL-24L,LARPA1C,DIPES1C,,
06:53:48:148,24828.148,ICC03,DICMD,16.16161602729134,12.333662230206926,41.32064464,2.05103233,23.420680334377423,13.706649010962517,41.34290831,2.21224531,717,751,7.387767410695923,2.9086803388300333,5.778023342786754,True,LEBL-24L,LEBL-24L,-,-,,
06:53:51:141,24831.141,VLG200Z,VLG57RJ,16.344911092559716,6.896767273152463,41.23005035,2.05459646,17.349454892326246,10.091909226513614,41.28321131,2.07716297,636,637,3.3493343141254046,4.330001958768117,1.2960822520338928,True,LEBL-24L,LEBL-24L,LARPA1C,DIPES1C,,
06:53:52:164,24832.164,ICC03,DICMD,16.098071536944573,12.445181690035795,41.32250697,2.04963284,23.263986811233224,13.636778843730088,41.34175981,2.20875893,717,751,7.264313146814069,3.025796845086659,5.608198714291602,True,LEBL-24L,LEBL-24L,-,-,,
06:53:55:125,24835.125,VLG200Z,VLG57RJ,16.354338572990027,6.637404682050186,41.22572857,2.05478139,17.182818251467932,10.009314663531883,41.28184746,2.07346046,636,637,3.472197503147935,4.551464453875185,1.4820132105489994,True,LEBL-24L,LEBL-24L,LARPA1C,DIPES1C,,
06:53:56:164,24836.164,ICC03,DICMD,16.019154656411974,12.54275558873513,41.32413799,2.04789097,23.104565700932547,13.563648066764422,41.34055715,2.20521172,717,751,7.158580244818864,3.1475231012242837,5.4344292531101965,True,LEBL-24L,LEBL-24L,-,-,,
06:53:59:102,24839.102,VLG200Z,VLG57RJ,16.364180441331396,6.3813450590871215,41.22146179,2.05497578,17.02438917338718,9.931855712975931,41.28056846,2.06994056,636,637,3.611371134799171,4.773629145264958,1.6583422642589272,True,LEBL-24L,LEBL-24L,LARPA1C,DIPES1C,,
06:54:00:164,24840.164,ICC03,DICMD,15.93024818659715,12.620372706253065,41.32543717,2.04592559,22.94885177972962,13.491811436776649,41.33937558,2.20174707,717,751,7.072496154724197,3.265282519801677,5.264584341613045,True,LEBL-24L,LEBL-24L,-,-,,
06:54:03:086,24843.086,VLG200Z,VLG57RJ,16.373574300550363,6.124278835547741,41.21717827,2.05516013,16.870631973038332,9.838123687614532,41.2790179,2.06652282,636,637,3.7469600898598006,5.000158189469851,1.837477260578552,True,LEBL-24L,LEBL-24L,LARPA1C,DIPES1C,,
06:54:04:164,24844.164,ICC03,DICMD,15.836542711355948,12.682238235829589,41.32647421,2.04385225,22.783236977993287,13.413612049005556,41.33808886,2.19806203,717,751,6.985089039427603,3.3773105440736195,5.083080480332224,True,LEBL-24L,LEBL-24L,-,-,,
06:54:07:063,24847.063,VLG200Z,VLG57RJ,16.382650825204568,5.869716638096183,41.21293649,2.05533766,16.75124377096954,9.702988019929712,41.27677499,2.06386325,636,637,3.85095186239086,5.227374557723,2.004996626369049,True,LEBL-24L,LEBL-24L,LARPA1C,DIPES1C,,
06:54:08:156,24848.156,ICC03,DICMD,15.73747455939472,12.735488687976323,41.32736804,2.0416591,22.628017877847903,13.340767776354168,41.33689024,2.19460849,717,751,6.917076694551486,3.4884454558470686,4.913326112978014,True,LEBL-24L,LEBL-24L,-,-,,
06:54:11:047,24851.047,VLG200Z,VLG57RJ,16.391991877723324,5.616711942958153,41.20872064,2.05552117,16.645612680405648,9.56327527495511,41.27445479,2.0615084,636,637,3.9547042424201777,5.4554838501061145,2.164867562436006,True,LEBL-24L,LEBL-24L,LARPA1C,DIPES1C,,
06:54:12:148,24852.148,ICC03,DICMD,15.637899242939962,12.779276525417645,41.32810421,2.0394538,22.466149030108166,13.26376980146925,41.33562295,2.191007,717,751,6.845416633814325,3.5944249873755862,4.7358575275052575,True,LEBL-24L,LEBL-24L,-,-,,
06:54:15:039,24855.039,VLG200Z,VLG57RJ,16.40104440210835,5.356475827075392,41.20438433,2.0556976,16.566630411836496,9.394418883792303,41.27164712,2.05974172,636,637,4.041336765960739,5.692531881366686,2.319741389981192,True,LEBL-24L,LEBL-24L,LARPA1C,DIPES1C,,
06:54:16:141,24856.141,ICC03,DICMD,15.538673065249,12.817081663743432,41.32874064,2.03725567,22.30376189385544,13.187725188862665,41.33437148,2.18739427,717,751,6.775234570230649,3.696755399699937,4.558631744152121,True,LEBL-24L,LEBL-24L,-,-,,
06:54:19:023,24859.023,VLG200Z,VLG57RJ,16.409822296459705,5.093787896386553,41.20000719,2.0558677,16.52321291542054,9.208695655124272,41.26855592,2.05876195,636,637,4.116469761262458,5.933926712720914,2.4595806886945253,True,LEBL-24L,LEBL-24L,LARPA1C,DIPES1C,,
06:54:20:133,24860.133,ICC03,DICMD,15.435088468669138,12.854220894116317,41.32936622,2.03496074,22.145138220030592,13.112873080020606,41.33313941,2.18386533,717,751,6.71503303186358,3.8024495155075657,4.3853553317158696,True,LEBL-24L,LEBL-24L,-,-,,
06:54:23:008,24863.008,VLG200Z,VLG57RJ,16.41860885915192,4.823525857000066,41.19550386,2.05603727,16.499255014580257,9.015201415608296,41.26533388,2.05821287,636,637,4.192451286660226,6.184189668842239,2.595491603234745,True,LEBL-24L,LEBL-24L,LARPA1C,DIPES1C,,
06:54:24:125,24864.125,ICC03,DICMD,15.330870948259374,12.890746348798114,41.32998157,2.03265167,21.979053293290825,13.035384203620117,41.331864,2.18017065,717,751,6.649755529478914,3.908546955001465,4.2046210003062034,True,LEBL-24L,LEBL-24L,-,-,,
06:54:26:992,24866.992,VLG200Z,VLG57RJ,16.432109752468172,4.5572425894643125,41.19106649,2.05631156,16.483489399042554,8.810243323017426,41.26192027,2.05784435,636,637,4.2533110758191,6.430785115768171,2.7400554402263277,True,LEBL-24L,LEBL-24L,LARPA1C,DIPES1C,,
06:54:28:117,24868.117,ICC03,DICMD,15.22583854820917,12.92557217329167,41.33056861,2.03032433,21.823148198739688,12.964031018562256,41.33068975,2.17670273,717,751,6.597421746998038,4.014578936673865,4.035971472247319,True,LEBL-24L,LEBL-24L,-,-,,
06:54:30:977,24870.977,VLG200Z,VLG57RJ,16.441778616958487,4.272921153842143,41.18632886,2.05649931,16.473484996164913,8.601817410365747,41.25844848,2.05760323,636,637,4.329012369377853,6.697254914960296,2.8903604261911764,True,LEBL-24L,LEBL-24L,LARPA1C,DIPES1C,,
06:54:32:109,24872.109,ICC03,DICMD,15.12131828694446,12.952093929648138,41.33101722,2.0280076,21.66392066085975,12.890141163143795,41.32947344,2.17316091,717,751,6.542895686807142,4.115756236320076,3.8633906142995604,True,LEBL-24L,LEBL-24L,-,-,,
06:54:34:969,24874.969,VLG200Z,VLG57RJ,16.44718222426938,3.9869151005432752,41.18156346,2.05659246,16.471008563647597,8.38934102287854,41.25490868,2.05752859,636,637,4.402490397047752,6.968028829489735,3.045450007179215,True,LEBL-24L,LEBL-24L,LARPA1C,DIPES1C,,
06:54:36:094,24876.094,ICC03,DICMD,15.014847254296848,12.966083195798983,41.33125711,2.02564649,21.51120290440736,12.820539573904016,41.32832787,2.16976417,717,751,6.497985817051085,4.211946128094093,3.698874584404999,True,LEBL-24L,LEBL-24L,-,-,,
06:54:38:953,24878.953,VLG200Z,VLG57RJ,16.432054335279968,3.6912395429851617,41.17663839,2.05623024,16.470830280564577,8.17088169564164,41.25126904,2.05750433,636,637,4.4798099725088205,7.2551396529028835,3.210247897194049,True,LEBL-24L,LEBL-24L,LARPA1C,DIPES1C,,
06:54:40:078,24880.078,ICC03,DICMD,14.908158952198216,12.97104721465498,41.3313466,2.02327978,21.35915631047753,12.749622943479933,41.32716023,2.16638228,717,751,6.454796327103753,4.303948360231315,3.534422448732962,True,LEBL-24L,LEBL-24L,-,-,,
06:54:42:945,24882.945,VLG200Z,VLG57RJ,16.367042364169706,3.397740910408797,41.17175305,2.05476418,16.47500534332501,7.949961137665723,41.24758809,2.05757631,636,637,4.553500302219732,7.554948781150904,3.3804475024217937,True,LEBL-24L,LEBL-24L,LARPA1C,DIPES1C,,
06:54:44:070,24884.07,ICC03,DICMD,14.79568134663414,12.97202722017314,41.33137003,2.02078428,21.210879776362955,12.679868896953296,41.32601152,2.16308429,717,751,6.421847660807727,4.399408901664882,3.3740021419341417,True,LEBL-24L,LEBL-24L,-,-,,
06:54:46:945,24886.945,VLG200Z,VLG57RJ,16.250714127407132,3.11465324456884,41.16704468,2.05216358,16.480576852972664,7.7232909462103985,41.24381125,2.05767869,636,637,4.6143665153080775,7.85952920203071,3.560137338004353,True,LEBL-24L,LEBL-24L,LARPA1C,DIPES1C,,
06:54:48:055,24888.055,ICC03,DICMD,14.680005860551416,12.974024848081378,41.33141056,2.01821791,21.065399175549476,12.613023229197385,41.32491092,2.15984879,717,751,6.395589883353902,4.498918131344867,3.2179217345091558,True,LEBL-24L,LEBL-24L,-,-,,
06:54:50:945,24890.945,VLG200Z,VLG57RJ,16.115261840779606,2.837880115354375,41.16244276,2.04914071,16.48509966093819,7.487549447978276,41.23988335,2.05775698,636,637,4.664354715924041,8.163806669943892,3.753119106230181,True,LEBL-24L,LEBL-24L,LARPA1C,DIPES1C,,
06:54:52:047,24892.047,ICC03,DICMD,14.5611417440372,12.977973156745437,41.33148373,2.01558095,20.92325220503485,12.548087316125567,41.32384175,2.15668758,717,751,6.3766175480344724,4.602922191643991,3.0660540568308496,True,LEBL-24L,LEBL-24L,-,-,,
06:54:54:945,24894.945,VLG200Z,VLG57RJ,15.973886371622177,2.567301809315924,41.15794437,2.04598775,16.490830400685287,7.246076136464116,41.23585987,2.05786149,636,637,4.707245514477125,8.464238576188357,3.9550413798918846,True,LEBL-24L,LEBL-24L,LARPA1C,DIPES1C,,
06:54:56:031,24896.031,ICC03,DICMD,14.4431122118409,12.981662248260037,41.33155247,2.01296248,20.791144101803663,12.48903624236958,41.32286965,2.15374987,717,751,6.36711781402416,4.706780279635331,2.9261496598820678,True,LEBL-24L,LEBL-24L,-,-,,
06:54:58:945,24898.945,VLG200Z,VLG57RJ,15.82930051872837,2.2943983638355894,41.15340737,2.04276398,16.49734050142116,6.999511451629514,41.23175151,2.05798278,636,637,4.752301188624924,8.76820513377494,4.165254928917759,True,LEBL-24L,LEBL-24L,LARPA1C,DIPES1C,,
06:54:59:047,24899.047,VLG57RJ,RYR63PB,16.49734050142116,6.999511451629514,41.23175151,2.05798278,18.169966500393443,10.471074150017849,41.2894665,2.09539339,637,638,3.853495205820207,4.165254928917759,0.39220487758011147,False,LEBL-24L,LEBL-24L,DIPES1C,LOTOS1C,,
06:55:00:023,24900.023,ICC03,DICMD,14.325108605466788,12.984247583371788,41.33160276,2.01034449,20.655379969777957,12.42834137458821,41.32187041,2.15073095,717,751,6.354633526709634,4.81073375295296,2.7828789058699654,True,LEBL-24L,LEBL-24L,-,-,,
06:55:02:945,24902.945,VLG200Z,VLG57RJ,15.685264236141318,2.021763054894566,41.14887471,2.03955284,16.50342027353562,6.748185838063508,41.22756386,2.05809408,636,637,4.796712585384202,9.072074096847476,4.383693980159227,True,LEBL-24L,LEBL-24L,LARPA1C,DIPES1C,,
06:55:03:023,24903.023,VLG57RJ,RYR63PB,16.50342027353562,6.748185838063508,41.22756386,2.05809408,18.05237620260723,10.421408413774293,41.28864809,2.09278099,637,638,3.9864556388999826,4.383693980159227,0.5197767321586052,True,LEBL-24L,LEBL-24L,DIPES1C,LOTOS1C,,
06:55:04:016,24904.016,ICC03,DICMD,14.20681526913954,12.985000550057691,41.33162248,2.00771992,20.524255473470536,12.367252380412149,41.32086412,2.147815,717,751,6.347571467608543,4.914702271854688,2.643459397724748,True,LEBL-24L,LEBL-24L,-,-,,
06:55:06:945,24906.945,VLG200Z,VLG57RJ,15.54027777526175,1.7494391163992955,41.14434721,2.03632115,16.50972998897629,6.499759675507354,41.2234245,2.05821073,636,637,4.848235040606088,9.376242534515624,4.602789150279346,True,LEBL-24L,LEBL-24L,LARPA1C,DIPES1C,,
06:55:07:008,24907.008,VLG57RJ,RYR63PB,16.50972998897629,6.499759675507354,41.2234245,2.05821073,17.915985308698325,10.355650584752404,41.28756295,2.08975017,637,638,4.104320738958536,4.602789150279346,0.6711696722724809,True,LEBL-24L,LEBL-24L,DIPES1C,LOTOS1C,,
06:55:08:000,24908.0,ICC03,DICMD,14.084307058124086,12.984615924349155,41.33162344,2.00500174,20.400025191951062,12.309666389150856,41.31991552,2.14505248,717,751,6.351681070473809,5.022499401981926,2.5121103586776594,True,LEBL-24L,LEBL-24L,-,-,,
06:55:10:938,24910.938,VLG200Z,VLG57RJ,15.394271672785864,1.469948860222411,41.13970029,2.03306673,16.512662140514315,6.246869309971178,41.219211,2.05825214,636,637,4.906094803561569,9.687797286894341,4.8302009081973765,True,LEBL-24L,LEBL-24L,LARPA1C,DIPES1C,,
06:55:10:984,24910.984,VLG57RJ,RYR63PB,16.512662140514315,6.246869309971178,41.219211,2.05825214,17.763894272150274,10.285046840156577,41.28639818,2.08637086,637,638,4.227583188126819,4.8302009081973765,0.8388496272501998,True,LEBL-24L,LEBL-24L,DIPES1C,LOTOS1C,,
06:55:11:984,24911.984,ICC03,DICMD,13.962422583926964,12.984498446531662,41.33162875,2.00229742,20.27573407270675,12.251989217753597,41.31896534,2.14228868,717,751,6.355664538394383,5.130524398814032,2.3812833850495982,True,LEBL-24L,LEBL-24L,-,-,,
06:55:14:938,24914.938,VLG200Z,VLG57RJ,15.247823966156243,1.1905386751403446,41.13505464,2.02980301,16.51372862947698,5.992096034589528,41.21496626,2.05825205,636,637,4.9656286301633346,9.999657736388036,5.0625024179883145,True,LEBL-24L,LEBL-24L,LARPA1C,DIPES1C,,
06:55:14:969,24914.969,VLG57RJ,RYR63PB,16.51372862947698,5.992096034589528,41.21496626,2.05825205,17.595710349018596,10.209465206110034,41.28515158,2.08263437,637,638,4.353950754236179,5.0625024179883145,1.023225532493806,True,LEBL-24L,LEBL-24L,DIPES1C,LOTOS1C,,
06:55:15:977,24915.977,ICC03,DICMD,13.840315383580704,12.982624731225364,41.33160475,1.99958802,20.151193420072943,12.194181487321307,41.31801294,2.13951941,717,751,6.359939020174493,5.23857048587085,2.2509230271427794,True,LEBL-24L,LEBL-24L,-,-,,
06:55:18:938,24918.938,VLG200Z,VLG57RJ,15.101293061820948,0.9114506697464768,41.13041427,2.02653794,16.51372862947698,5.992096034589528,41.21496626,2.05825205,636,637,5.273322629621763,10.31146107818358,5.0625024179883145,True,LEBL-24L,LEBL-24L,LARPA1C,DIPES1C,,
06:55:18:953,24918.953,VLG57RJ,RYR63PB,16.5147804687314,5.738971517914679,41.21074899,2.05825179,17.423687791554652,10.1324092412749,41.28388058,2.07881277,637,638,4.486469385889797,5.295351112545068,1.2117083618437428,True,LEBL-24L,LEBL-24L,DIPES1C,LOTOS1C,,
06:55:19:969,24919.969,ICC03,DICMD,13.714541592686334,12.98088784020216,41.33158318,1.99679728,20.030165791748733,12.138160358810277,41.31708994,2.13682835,717,751,6.371600947303249,5.350578570650854,2.1251879209733837,True,LEBL-24L,LEBL-24L,-,-,,
06:55:22:938,24922.938,VLG57RJ,RYR63PB,16.51287711446283,5.48414558274918,41.20650358,2.05818593,17.25646130101787,10.043042007804168,41.28240399,2.07509645,637,638,4.619139969396236,5.532641331528552,1.4010174096649501,True,LEBL-24L,LEBL-24L,DIPES1C,LOTOS1C,,
06:55:23:953,24923.953,ICC03,DICMD,13.588926916322135,12.97834524313006,41.33154811,1.99401001,19.911924445670145,12.084702705299923,41.31620935,2.13419946,717,751,6.3858354771760695,5.46269738557419,2.004219887788044,True,LEBL-24L,LEBL-24L,-,-,,
06:55:26:922,24926.922,VLG57RJ,RYR63PB,16.51169668852648,5.230634182273956,41.20228002,2.05813621,17.084163049329966,9.962316265637732,41.28107162,2.07126869,637,638,4.766186428611175,5.769943436194553,1.5912891298027452,True,LEBL-24L,LEBL-24L,DIPES1C,LOTOS1C,,
06:55:27:945,24927.945,ICC03,DICMD,13.460174213173117,12.977404479306037,41.33153984,1.99115324,19.79043439516981,12.02839798120346,41.31528154,2.13149826,717,751,6.4010004925178485,5.578913353093239,1.8801302567737337,True,LEBL-24L,LEBL-24L,-,-,,
06:55:30:914,24930.914,VLG57RJ,RYR63PB,16.508469908311753,4.974360997161043,41.19801059,2.05804093,16.912131440214996,9.871888914905076,41.27957747,2.06744607,637,638,4.9141349531144005,6.0118580660160665,1.7854605299497033,True,LEBL-24L,LEBL-24L,DIPES1C,LOTOS1C,,
06:55:31:930,24931.93,ICC03,DICMD,13.335291032769875,12.9745370048999,41.33149918,1.98838218,19.675798891789693,11.975686582956998,41.31441296,2.12894958,717,751,6.418702522761714,5.691349310923773,1.7646739196869903,True,LEBL-24L,LEBL-24L,-,-,,
06:55:34:906,24934.906,VLG57RJ,RYR63PB,16.504319994178314,4.714809758578349,41.19368661,2.05792492,16.757362080300688,9.76736203001528,41.27784706,2.06400498,637,638,5.058884734104113,6.258318629641969,1.9703076221632894,True,LEBL-24L,LEBL-24L,DIPES1C,LOTOS1C,,
06:55:35:922,24935.922,ICC03,DICMD,13.203425564523382,12.974290939697642,41.33150252,1.9854564,19.55848818797788,11.91919220277665,41.31348152,2.12634121,717,751,6.442053577290446,5.811742687158605,1.6461629871185224,True,LEBL-24L,LEBL-24L,-,-,,
06:55:38:891,24938.891,VLG57RJ,RYR63PB,16.499399163857515,4.456670025436045,41.1893862,2.05779199,16.614305305474275,9.635741700449234,41.27566433,2.06082118,637,638,5.18034620815107,6.504698714284917,2.157497295334324,True,LEBL-24L,LEBL-24L,DIPES1C,LOTOS1C,,
06:55:39:914,24939.914,ICC03,DICMD,13.06806758526162,12.974862963309352,41.33151961,1.98245319,19.44030303356953,11.86353253869164,41.312564,2.12371361,717,751,6.468418656932537,5.936156415143161,1.52969981000457,True,LEBL-24L,LEBL-24L,-,-,,
06:55:42:883,24942.883,VLG57RJ,RYR63PB,16.49389489237648,4.195703835700711,41.18503874,2.0576459,16.489526991712555,9.494423428363396,41.27331866,2.05804188,637,638,5.2987213929611,6.754832234461934,2.3346093405883668,True,LEBL-24L,LEBL-24L,DIPES1C,LOTOS1C,,
06:55:43:906,24943.906,ICC03,DICMD,12.940521686864027,12.973132404820308,41.33149783,1.97962314,19.321417491270417,11.807885018972248,41.31164668,2.12107055,717,751,6.486419099697213,6.052943577354257,1.415328252285653,True,LEBL-24L,LEBL-24L,-,-,,
06:55:46:867,24946.867,VLG57RJ,RYR63PB,16.48764841448007,3.935591673814468,41.18070556,2.05748348,16.38455981694671,9.325449065035668,41.27051078,2.05569937,637,638,5.390843158230742,7.005159081129156,2.5107218912379725,True,LEBL-24L,LEBL-24L,DIPES1C,LOTOS1C,,
06:55:47:891,24947.891,ICC03,DICMD,12.80513288447678,12.972678632957043,41.33149768,1.97661917,19.20193825030974,11.75154076468533,41.31071774,2.11841432,717,751,6.51231883292553,6.1779008174062255,1.303238644216759,True,LEBL-24L,LEBL-24L,-,-,,
06:55:50:859,24950.859,VLG57RJ,RYR63PB,16.48150120496874,3.676020753075658,41.17638139,2.05732333,16.303150374448528,9.149573797239004,41.26758625,2.0538786,637,638,5.476457974459137,7.255632399659498,2.6742196469050135,True,LEBL-24L,LEBL-24L,DIPES1C,LOTOS1C,,
06:55:51:883,24951.883,ICC03,DICMD,12.674046745556597,12.97076031438827,41.33147282,1.97371056,19.089795628813103,11.702876149638591,41.30991609,2.11592172,717,751,6.5398290488536555,6.298749853570213,1.2054626339719552,True,LEBL-24L,LEBL-24L,-,-,,
06:55:54:844,24954.844,VLG57RJ,RYR63PB,16.476491538426565,3.4166677002001187,41.17206077,2.0571884,16.25822099859545,8.960928472412903,41.26444642,2.05286539,637,638,5.5485556263640055,7.506208815844912,2.819620168276772,True,LEBL-24L,LEBL-24L,DIPES1C,LOTOS1C,,
06:55:55:875,24955.875,ICC03,DICMD,12.53950946689319,12.969969748095822,41.33146686,1.97072546,18.97314148808032,11.650791461350725,41.30905777,2.11332875,717,751,6.567484475525171,6.423626300264591,1.1075799290478288,True,LEBL-24L,LEBL-24L,-,-,,
06:55:58:836,24958.836,VLG57RJ,RYR63PB,16.47223559583795,3.1572049824898585,41.16773827,2.05707016,16.232792160768717,8.75756526815409,41.26106003,2.05228313,637,638,5.605476651261952,7.7572716961202275,2.9647321257385566,True,LEBL-24L,LEBL-24L,DIPES1C,LOTOS1C,,
06:55:59:867,24959.867,ICC03,DICMD,12.405431716227415,12.96980408044432,41.33147121,1.9677506,18.85917384577747,11.597462720894612,41.30817845,2.1107953,717,751,6.598038214640774,6.548678597516723,1.016055352729796,True,LEBL-24L,LEBL-24L,-,-,,
06:56:02:828,24962.828,VLG57RJ,RYR63PB,16.479390816853794,2.8946064884096825,41.16336273,2.05720418,16.226546925137136,8.55328514108323,41.25765704,2.052126,637,638,5.664324684179195,8.008980923836695,3.102949387063829,True,LEBL-24L,LEBL-24L,DIPES1C,LOTOS1C,,
06:56:03:859,24963.859,ICC03,DICMD,12.27130488126626,12.968626077918772,41.33145862,1.96477458,18.747084681259107,11.546860511810497,41.30734435,2.10830387,717,751,6.630018200802059,6.673773723849776,0.9356542412314041,True,LEBL-24L,LEBL-24L,-,-,,
06:56:06:813,24966.813,VLG57RJ,RYR63PB,16.515224393432238,2.633572977605868,41.15901126,2.05797295,16.232995040361743,8.339986378935368,41.25410292,2.05224936,637,638,5.713388426722579,8.252827328591147,3.245537749867349,True,LEBL-24L,LEBL-24L,DIPES1C,LOTOS1C,,
06:56:07:844,24967.844,ICC03,DICMD,12.13032870187648,12.97107057686414,41.33150666,1.96164684,18.63303909691132,11.500694487927444,41.30658426,2.10576958,717,751,6.666876954362587,6.80688939276458,0.8694745969610439,True,LEBL-24L,LEBL-24L,-,-,,
06:56:10:797,24970.797,VLG57RJ,RYR63PB,16.589301215597487,2.373661117412299,41.15467579,2.05958795,16.246719703053987,8.12303539030146,41.25048745,2.05253362,637,638,5.75957173950428,8.487952523618995,3.393370168023593,True,LEBL-24L,LEBL-24L,DIPES1C,LOTOS1C,,
06:56:11:836,24971.836,ICC03,DICMD,11.992545136301638,12.969665716214758,41.33149032,1.95858967,18.51731390556524,11.44748685150276,41.30570693,2.10319736,717,751,6.6999728349101195,6.936015040947402,0.8095499667650794,True,LEBL-24L,LEBL-24L,-,-,,
06:56:14:789,24974.789,VLG57RJ,RYR63PB,16.698673280758612,2.120563794397241,41.15045134,2.06198432,16.26914416070763,7.896552382276305,41.24671257,2.05300975,637,638,5.791937450653361,8.710987903910157,3.5501783148291777,True,LEBL-24L,LEBL-24L,DIPES1C,LOTOS1C,,
06:56:15:836,24975.836,ICC03,DICMD,11.858681681097956,12.966938477271198,41.33145167,1.95561939,18.405882074006943,11.396988205824275,41.30487434,2.10072071,717,751,6.732798588976493,7.061331139549089,0.7682887834243484,True,LEBL-24L,LEBL-24L,-,-,,
06:56:18:773,24978.773,VLG57RJ,RYR63PB,16.825898783080177,1.8713516747418828,41.1462903,2.06477575,16.296678493321618,7.669014508239778,41.24291976,2.05359895,637,638,5.821766780455482,8.929737052439199,3.712092481010427,True,LEBL-24L,LEBL-24L,DIPES1C,LOTOS1C,,
06:56:19:828,24979.828,ICC03,DICMD,11.721081049402969,12.965797008173814,41.33143955,1.9525663,18.295590492066538,11.348699088317224,41.30407842,2.09826964,717,751,6.770463801991481,7.191005796659907,0.7467999322178192,True,LEBL-24L,LEBL-24L,-,-,,
06:56:22:758,24982.758,VLG57RJ,RYR63PB,16.960828819907867,1.6243873493928525,41.14216609,2.06773749,16.321688518815176,7.430682179687458,41.23894728,2.05413116,637,638,5.841366276889913,9.148278358279805,3.8911181510058075,True,LEBL-24L,LEBL-24L,DIPES1C,LOTOS1C,,
06:56:23:820,24983.82,ICC03,DICMD,11.583621418056518,12.963140438012896,41.3314021,1.94951624,18.1939395149473,11.296150177220634,41.30321081,2.09600982,717,751,6.817269385293353,7.320354927150832,0.7366989597760272,True,LEBL-24L,LEBL-24L,-,-,,
06:56:26:734,24986.734,VLG57RJ,RYR63PB,17.097543847275034,1.3723676236098266,41.13795745,2.07073786,16.342564963893146,7.186509474248646,41.23487778,2.05457119,637,638,5.862954764766854,9.374899644703367,4.083519567032564,True,LEBL-24L,LEBL-24L,DIPES1C,LOTOS1C,,
06:56:27:805,24987.805,ICC03,DICMD,11.439301333237974,12.964388074444422,41.33142995,1.94631422,18.096118051050915,11.250455730902408,41.30245706,2.09383569,717,751,6.8739197618821,7.457731327708171,0.7476496992090097,True,LEBL-24L,LEBL-24L,-,-,,
06:56:30:719,24990.719,VLG57RJ,RYR63PB,17.23408493478342,1.123362466163864,41.13379897,2.07373429,16.342564963893146,7.186509474248646,41.23487778,2.05457119,637,638,6.128340680815945,9.601769352626174,4.083519567032564,True,LEBL-24L,LEBL-24L,DIPES1C,LOTOS1C,,
06:56:34:914,24994.914,RYR63PB,EWG81R,16.378970682037856,6.68886330327063,41.22658419,2.05533178,18.17248596623987,10.469962804376992,41.28944779,2.09544914,638,639,4.184902688466364,4.494488354404854,0.3904033605235925,False,LEBL-24L,LEBL-24L,LOTOS1C,-,,
06:56:38:898,24998.898,RYR63PB,EWG81R,16.39126728806561,6.4354039159717145,41.22236056,2.05558075,18.045713879746,10.411721979310055,41.28848722,2.09263228,638,639,4.306773602774313,4.7131646403058625,0.5299033768358508,True,LEBL-24L,LEBL-24L,LOTOS1C,-,,
06:56:42:875,25002.875,RYR63PB,EWG81R,16.400334192641367,6.181788241772689,41.21813455,2.05575814,17.908675287181026,10.34646861658818,41.28741053,2.08958716,638,639,4.429408028376974,4.936730477154174,0.6816840940146794,True,LEBL-24L,LEBL-24L,LOTOS1C,-,,
06:56:46:867,25006.867,RYR63PB,EWG81R,16.407195300695033,5.927467133645624,41.21389694,2.05588659,17.75260104355153,10.274117291885084,41.28621694,2.08611937,638,639,4.5501081537733095,5.164637824420197,0.8537086658785685,True,LEBL-24L,LEBL-24L,LOTOS1C,-,,
06:56:50:852,25010.852,RYR63PB,EWG81R,16.412013316545064,5.671654373667876,41.20963462,2.05596964,17.590034917937892,10.198633958708484,41.28497155,2.08250746,638,639,4.677742944703413,5.397087709664742,1.032942168622585,True,LEBL-24L,LEBL-24L,LOTOS1C,-,,
06:56:54:836,25014.836,RYR63PB,EWG81R,16.41698387716205,5.413265525212555,41.20532937,2.05605582,17.41811810456074,10.127191390614277,41.28379406,2.07868877,638,639,4.819062855553198,5.633899471226227,1.2189495453099843,True,LEBL-24L,LEBL-24L,LOTOS1C,-,,
06:56:58:820,25018.82,RYR63PB,EWG81R,16.422124625617766,5.156301726530552,41.20104785,2.05614589,17.25909141451154,10.046924405796029,41.28246848,2.07515514,638,639,4.961723853325272,5.871143727469323,1.3969896366465804,True,LEBL-24L,LEBL-24L,LOTOS1C,-,,
06:57:02:805,25022.805,RYR63PB,EWG81R,16.42637206175221,4.896421346634822,41.1967178,2.0562159,17.0986129207137,9.971044007143645,41.28121598,2.07158989,638,639,5.118955256593567,6.113033541854032,1.5745016886311163,True,LEBL-24L,LEBL-24L,LOTOS1C,-,,
06:57:06:789,25026.789,RYR63PB,EWG81R,16.428326122386864,4.626854659076265,41.19222653,2.05623423,16.949907637188268,9.883505344072375,41.27976829,2.06828467,638,639,5.282463790756412,6.366247686045266,1.7463634553566116,True,LEBL-24L,LEBL-24L,LOTOS1C,-,,
06:57:10:773,25030.773,RYR63PB,EWG81R,16.434158483620582,4.369081699186843,41.18793148,2.05633951,16.824745545859493,9.75565376331239,41.27764719,2.0654977,638,639,5.400714476363861,6.608338814021467,1.9154561589784251,True,LEBL-24L,LEBL-24L,LOTOS1C,-,,
06:57:14:766,25034.766,RYR63PB,EWG81R,16.433686442996997,4.10671353776189,41.18356031,2.05630479,16.73894544917195,9.606744736573742,41.2751724,2.06358151,638,639,5.508495824520034,6.8578763176886275,2.0622858960325092,True,LEBL-24L,LEBL-24L,LOTOS1C,-,,
06:57:18:758,25038.758,RYR63PB,EWG81R,16.418279987256682,3.844442085387319,41.17919179,2.0559395,16.66582898568402,9.43958235057962,41.27239257,2.06194491,638,639,5.600613814020615,7.112654409033262,2.2118410912494015,True,LEBL-24L,LEBL-24L,LOTOS1C,-,,
06:57:22:750,25042.75,RYR63PB,EWG81R,16.351723781672188,3.5850351102542413,41.17487454,2.05444236,16.627110698207822,9.262714339423416,41.26944859,2.06107002,638,639,5.684353910792156,7.380146912767296,2.3436926674834955,True,LEBL-24L,LEBL-24L,LOTOS1C,-,,
06:57:26:742,25046.742,RYR63PB,EWG81R,16.283402411873244,3.3379637365435326,41.17076291,2.05290748,16.597621919026007,9.076414884478902,41.26634682,2.0603989,638,639,5.747047544254014,7.636385629800747,2.480487517444778,True,LEBL-24L,LEBL-24L,LOTOS1C,-,,
06:57:30:734,25050.734,RYR63PB,EWG81R,16.188273812579283,3.089923125082456,41.16663695,2.05077942,16.58215467186582,8.88327895858744,41.26313016,2.06003798,638,639,5.806730056143348,7.901443864474203,2.617854798829203,True,LEBL-24L,LEBL-24L,LOTOS1C,-,,
06:57:34:742,25054.742,RYR63PB,EWG81R,16.092351902072963,2.8327931415983056,41.16235957,2.04863325,16.56763305787795,8.68528712409932,41.25983253,2.0596976,638,639,5.871761063963171,8.17545452046901,2.7647474696021637,True,LEBL-24L,LEBL-24L,LOTOS1C,-,,
06:57:38:742,25058.742,RYR63PB,EWG81R,15.963471329353482,2.5894772566672333,41.15831453,2.04575927,16.557255497980854,8.479002191068059,41.25639644,2.05944832,638,639,5.919382027867567,8.446249524569357,2.921084024974068,True,LEBL-24L,LEBL-24L,LOTOS1C,-,,
06:57:42:734,25062.734,RYR63PB,EWG81R,15.8279008694255,2.3358714558490723,41.15409843,2.0427367,16.552209847137387,8.269016615882807,41.25289832,2.05931688,638,639,5.977192901791423,8.729182171268405,3.082760520974623,True,LEBL-24L,LEBL-24L,LOTOS1C,-,,
06:57:46:734,25066.734,RYR63PB,EWG81R,15.69239053615006,2.079321812775904,41.1498332,2.03971559,16.54844860189678,8.048681478344776,41.24922768,2.05921295,638,639,6.030430351877926,9.015184056783252,3.2574133862604,True,LEBL-24L,LEBL-24L,LOTOS1C,-,,
06:57:50:734,25070.734,RYR63PB,EWG81R,15.553700515938184,1.8113908535546877,41.14537848,2.03662353,16.548478163309234,7.825670348852801,41.24551219,2.05919278,638,639,6.095993800462105,9.313243194235321,3.437330422335807,True,LEBL-24L,LEBL-24L,LOTOS1C,-,,
06:57:54:734,25074.734,RYR63PB,EWG81R,15.4149880874723,1.547905236865908,41.14099774,2.03353178,16.549762535621888,7.592314926071396,41.24162427,2.05919945,638,639,6.150008255208636,9.607330562811242,3.6300346793929945,True,LEBL-24L,LEBL-24L,LOTOS1C,-,,
06:57:58:727,25078.727,RYR63PB,EWG81R,15.269709520353317,1.2711157364347898,41.13639569,2.03029405,16.54869225726274,7.354872903658432,41.23766843,2.05915357,638,639,6.2167433686020335,9.916359859126297,3.831982986097892,True,LEBL-24L,LEBL-24L,LOTOS1C,-,,
06:58:02:727,25082.727,RYR63PB,EWG81R,15.12446256425384,0.994983089201532,41.13180449,2.02705753,16.551515176228698,7.118533700919946,41.23373069,2.05919405,638,639,6.287634789936613,10.22497619931374,4.034928835488777,True,LEBL-24L,LEBL-24L,LOTOS1C,-,,
06:58:06:719,25086.719,RYR63PB,EWG81R,14.97714371186506,0.7156771017245074,41.12716046,2.02377537,16.544201872788523,6.859366260856152,41.22941333,2.05900785,638,639,6.340393344560614,10.537477683250655,4.266261068703711,True,LEBL-24L,LEBL-24L,LOTOS1C,-,,
06:58:10:727,25090.727,RYR63PB,EWG81R,14.830505171091914,0.4409163655962999,41.12259202,2.0205091,16.544201872788523,6.859366260856152,41.22941333,2.05900785,638,639,6.643286494150847,10.845663593373349,4.266261068703711,True,LEBL-24L,LEBL-24L,LOTOS1C,-,,
07:05:14:289,25514.289,RYR4WX,VLG5FN,16.052295681721596,6.766949889985275,41.22790762,2.04810241,18.224363600155797,10.4993448964571,41.2899333,2.09660245,640,641,4.318408448332197,4.593313640055307,0.3309574183054213,False,LEBL-24L,LEBL-24L,OLOXO1C,NATPI1C,,
07:05:18:281,25518.281,RYR4WX,VLG5FN,16.0187289400254,6.519352587556761,41.22378479,2.04733647,18.108269735327905,10.44863823686386,41.28909746,2.09402309,640,641,4.45033329640423,4.821189121223973,0.4576228122283585,False,LEBL-24L,LEBL-24L,OLOXO1C,NATPI1C,,
07:05:22:266,25522.266,RYR4WX,VLG5FN,15.97829967273682,6.272797298748694,41.21967978,2.04641872,17.978252133400332,10.388975302090618,41.28811341,2.09113416,640,641,4.576322890718043,5.053698440647784,0.600675366072519,True,LEBL-24L,LEBL-24L,OLOXO1C,NATPI1C,,
07:05:26:250,25526.25,RYR4WX,VLG5FN,15.934978458514108,6.024517123354966,41.21554622,2.04543688,17.830147280946438,10.317087758734075,41.28692699,2.08784305,640,641,4.692315795557516,5.290709138490484,0.7652661912295453,True,LEBL-24L,LEBL-24L,OLOXO1C,NATPI1C,,
07:05:30:234,25530.234,RYR4WX,VLG5FN,15.8895007853023,5.778286911551498,41.21144695,2.04440759,17.66916928121866,10.242809983554071,41.28570162,2.0842664,640,641,4.806161276507531,5.52827378082237,0.9425543764036822,True,LEBL-24L,LEBL-24L,OLOXO1C,NATPI1C,,
07:05:34:227,25534.227,RYR4WX,VLG5FN,15.845060393891432,5.532385578702042,41.20735308,2.04340143,17.49493735677563,10.160174464654116,41.28433788,2.0803952,640,641,4.913097186663166,5.766150793826315,1.1353811109478271,True,LEBL-24L,LEBL-24L,OLOXO1C,NATPI1C,,
07:05:38:211,25538.211,RYR4WX,VLG5FN,15.799443128955843,5.287764538707126,41.20328061,2.04236945,17.32559647650514,10.077439288628891,41.28297199,2.07663259,640,641,5.026940247334759,6.004396398114795,1.3238197670263885,True,LEBL-24L,LEBL-24L,OLOXO1C,NATPI1C,,
07:05:42:203,25542.203,RYR4WX,VLG5FN,15.750768575588529,5.0405166762295215,41.19916457,2.04126967,17.162598739810498,10.003191537023142,41.28174692,2.07301159,640,641,5.1595936067252435,6.247179473786433,1.502923880537266,True,LEBL-24L,LEBL-24L,OLOXO1C,NATPI1C,,
07:05:46:195,25546.195,RYR4WX,VLG5FN,15.6914030159309,4.794537069678733,41.19507036,2.03993343,16.99824095278071,9.927558800399783,41.28049876,2.06936044,640,641,5.296766700662244,6.494180152998865,1.6838468691657043,True,LEBL-24L,LEBL-24L,OLOXO1C,NATPI1C,,
07:05:50:195,25550.195,RYR4WX,VLG5FN,15.58155894638418,4.562064681773441,41.19120451,2.03748096,16.843900502299828,9.842054332380094,41.2790853,2.06593057,640,641,5.42879332027891,6.751284533285604,1.85989415985725,True,LEBL-24L,LEBL-24L,OLOXO1C,NATPI1C,,
07:05:54:188,25554.188,RYR4WX,VLG5FN,15.450454733190623,4.347974001848245,41.18764625,2.03455971,16.708750181283783,9.726195052211136,41.27716465,2.06292341,640,641,5.523456264084878,7.001158633010692,2.0321654433280756,True,LEBL-24L,LEBL-24L,OLOXO1C,NATPI1C,,
07:05:58:188,25558.188,RYR4WX,VLG5FN,15.306095994954978,4.144026098890494,41.18425776,2.03134623,16.58786038286791,9.598196456530983,41.27504067,2.06023142,640,641,5.602757734927149,7.247893701358286,2.1984567308413685,True,LEBL-24L,LEBL-24L,OLOXO1C,NATPI1C,,
07:06:02:188,25562.188,RYR4WX,VLG5FN,15.126164382206271,3.969938346480233,41.18136895,2.02734817,16.487601704959857,9.439545573941109,41.2724045,2.05799409,640,641,5.636498452628077,7.4842503375463,2.363633725335293,True,LEBL-24L,LEBL-24L,OLOXO1C,NATPI1C,,
07:06:06:195,25566.195,RYR4WX,VLG5FN,14.9224234504453,3.8128867571207534,41.17876534,2.02282486,16.419815870025406,9.269928965488171,41.26958333,2.05647573,640,641,5.6587537251694835,7.717483256339475,2.5105524575943714,True,LEBL-24L,LEBL-24L,OLOXO1C,NATPI1C,,
07:06:10:195,25570.195,RYR4WX,VLG5FN,14.707855458952208,3.675962446740895,41.17649756,2.01806392,16.361007030827977,9.082129500204498,41.26645858,2.0551548,640,641,5.653278016297329,7.939730673944074,2.665151054826737,True,LEBL-24L,LEBL-24L,OLOXO1C,NATPI1C,,
07:06:14:203,25574.203,RYR4WX,VLG5FN,14.469809636176093,3.5711333740394555,41.17476575,2.01278626,16.31827926763575,8.888779726741506,41.26324023,2.05418991,640,641,5.629760448796557,8.147630193524929,2.815812367832188,True,LEBL-24L,LEBL-24L,OLOXO1C,NATPI1C,,
07:06:18:211,25578.211,RYR4WX,VLG5FN,14.214057326734885,3.511107813041253,41.17378122,2.00712055,16.277563926446657,8.687627540165556,41.25989174,2.053269,640,641,5.572648918814203,8.329193455835611,2.975619727512474,True,LEBL-24L,LEBL-24L,OLOXO1C,NATPI1C,,
07:06:22:227,25582.227,RYR4WX,VLG5FN,13.936739775656244,3.500809279679089,41.17362617,2.00098159,16.24005280722305,8.482912361302759,41.25648366,2.05241887,640,641,5.488770539684597,8.484704210058629,3.1408212042905967,True,LEBL-24L,LEBL-24L,OLOXO1C,NATPI1C,,
07:06:26:242,25586.242,RYR4WX,VLG5FN,13.67029071928881,3.532630649019972,41.17417191,1.99508646,16.20290659633229,8.27179113992028,41.25296882,2.05157633,640,641,5.373433291589574,8.605405304538612,3.315179272947275,True,LEBL-24L,LEBL-24L,OLOXO1C,NATPI1C,,
07:06:30:250,25590.25,RYR4WX,VLG5FN,13.40008779735422,3.58432682222414,41.17504869,1.98910964,16.164050202924845,8.050427122154423,41.24928344,2.05069505,640,641,5.252193833860772,8.718801389076939,3.5027057962416164,True,LEBL-24L,LEBL-24L,OLOXO1C,NATPI1C,,
07:06:34:266,25594.266,RYR4WX,VLG5FN,13.126998454106278,3.651606896445692,41.17618496,1.98306992,16.125524522183895,7.822490685799869,41.24548853,2.0498206,640,641,5.13686968544448,8.828732605634984,3.699173504322611,True,LEBL-24L,LEBL-24L,OLOXO1C,NATPI1C,,
07:06:38:273,25598.273,RYR4WX,VLG5FN,12.846341236233856,3.718846343321198,41.17732065,1.97686247,16.092881313398692,7.593567404420837,41.24167677,2.0490765,640,641,5.055045575854542,8.95098899465403,3.896544691758246,True,LEBL-24L,LEBL-24L,OLOXO1C,NATPI1C,,
07:06:42:289,25602.289,RYR4WX,VLG5FN,12.56539302543941,3.786330513663321,41.1784601,1.97064838,16.055224541037727,7.35206854560443,41.23765583,2.04822027,640,641,4.9893297866241015,9.080780938870436,4.110523565101741,True,LEBL-24L,LEBL-24L,OLOXO1C,NATPI1C,,
07:06:46:305,25606.305,RYR4WX,VLG5FN,12.277892778686486,3.848358881865843,41.17950866,1.96428866,16.020093130955292,7.106326039294077,41.23356401,2.04741971,640,641,4.961694617305844,9.226256387069277,4.329725810291093,True,LEBL-24L,LEBL-24L,OLOXO1C,NATPI1C,,
07:06:50:313,25610.313,RYR4WX,VLG5FN,11.984472725307588,3.904121524845254,41.18045278,1.95779727,15.978962882761902,6.844711896149625,41.22920816,2.04648493,640,641,4.960143480768209,9.387320480782439,4.56843104324805,True,LEBL-24L,LEBL-24L,OLOXO1C,NATPI1C,,
07:06:54:320,25614.32,RYR4WX,VLG5FN,11.687098357846857,3.9567407313252727,41.18134436,1.95121795,15.94160281366794,6.587888281183874,41.22493186,2.04563422,640,641,5.002373995787237,9.560032969341208,4.803805363381314,True,LEBL-24L,LEBL-24L,OLOXO1C,NATPI1C,,
07:06:58:336,25618.336,RYR4WX,VLG5FN,11.384190505506195,4.007868224611756,41.18221098,1.94451586,15.901196020813458,6.3218291724672735,41.22050189,2.04471531,640,641,5.0752097585732,9.744118687892689,5.051025065430233,True,LEBL-24L,LEBL-24L,OLOXO1C,NATPI1C,,
07:07:02:352,25622.352,RYR4WX,VLG5FN,11.08216002448296,4.061490162846681,41.18311873,1.93783317,15.858933985744995,6.049895905060665,41.21597417,2.04375491,640,641,5.174101552217597,9.931984977698786,5.306388506659333,True,LEBL-24L,LEBL-24L,OLOXO1C,NATPI1C,,
07:07:06:359,25626.359,RYR4WX,VLG5FN,10.77615798097114,4.111431851541774,41.18396496,1.93106215,15.816563578138618,5.77982759536491,41.21147752,2.04279241,640,641,5.309353344990743,10.131068850380187,5.562067455184549,True,LEBL-24L,LEBL-24L,OLOXO1C,NATPI1C,,
07:07:10:367,25630.367,RYR4WX,VLG5FN,10.4631112625835,4.149822036300696,41.18461865,1.92413432,15.77607605022003,5.514485677908398,41.20705948,2.04187216,640,641,5.485426299695557,10.348349978292196,5.814300094560948,True,LEBL-24L,LEBL-24L,OLOXO1C,NATPI1C,,
07:07:14:375,25634.375,RYR4WX,VLG5FN,10.154827814934787,4.197830625619399,41.18543197,1.91731235,15.733138646395426,5.242758899200845,41.20253522,2.04089722,640,641,5.675334953050876,10.560934707394628,6.074717725206638,True,LEBL-24L,LEBL-24L,OLOXO1C,NATPI1C,,
07:07:18:383,25638.383,RYR4WX,VLG5FN,9.848822093557825,4.240339278324182,41.18615316,1.91054033,15.687370122870762,4.977612352539054,41.19812077,2.03986031,640,641,5.884914160508735,10.779788394863418,6.331760090840037,True,LEBL-24L,LEBL-24L,OLOXO1C,NATPI1C,,
,25694.094,VLG5FN,VLG6VG,13.002251173015257,2.306174646158525,41.15377607,1.98021027,16.366741243117154,7.74804273330747,41.24423156,2.05515865,641,642,6.397946679188909,9.995917976145257,3.6068397324856663,True,LEBL-24L,LEBL-24L,NATPI1C,DUNES1C,07:08:14:094,07:08:14:094
07:12:53:633,25973.633,IBE04YC,VLG8QR,16.6335191815422,6.730007016826825,41.22725185,2.06097434,18.25630140946296,10.51705352749119,41.29022586,2.09731244,643,645,4.120090221486733,4.341597740569173,0.2945512020460456,False,LEBL-24L,LEBL-24L,-,LOTOS1C,,
07:12:57:617,25977.617,IBE04YC,VLG8QR,16.619752403796543,6.482957573277679,41.22313684,2.06064623,18.15166617244995,10.466527369323876,41.28939216,2.09498715,643,645,4.267972365721388,4.570961750489339,0.41071683681513893,False,LEBL-24L,LEBL-24L,-,LOTOS1C,,
07:13:01:602,25981.602,IBE04YC,VLG8QR,16.605049411273058,6.228794644602324,41.21890338,2.06029676,18.02357566344244,10.406655159668205,41.2884045,2.0921409,643,645,4.412112329875596,4.809015505948932,0.5521070971503154,True,LEBL-24L,LEBL-24L,-,LOTOS1C,,
07:13:05:586,25985.586,IBE04YC,VLG8QR,16.591410364369867,5.96671518988284,41.21453795,2.05997016,17.881722423375418,10.336948583103164,41.28725397,2.08898859,643,645,4.556736235600341,5.05558909682137,0.7101253175864873,True,LEBL-24L,LEBL-24L,-,LOTOS1C,,
07:13:09:570,25989.57,IBE04YC,VLG8QR,16.57683832961334,5.698185515964385,41.21006512,2.05962234,17.726586166286715,10.265334846856543,41.28607258,2.08554169,643,645,4.709646812511931,5.310027624947967,0.8809911433841421,True,LEBL-24L,LEBL-24L,-,LOTOS1C,,
07:13:13:563,25993.563,IBE04YC,VLG8QR,16.560361965242883,5.423783156462673,41.20549458,2.05923185,17.56003868615537,10.18948424609164,41.28482135,2.08184149,643,645,4.869420953463056,5.5719954579999635,1.0639909902272653,True,LEBL-24L,LEBL-24L,-,LOTOS1C,,
07:13:17:547,25997.547,IBE04YC,VLG8QR,16.545059537180908,5.145407583045956,41.20085776,2.05886704,17.389779795999697,10.111441306535257,41.28353375,2.07805893,643,645,5.037364713666451,5.838492130644986,1.2512820662390975,True,LEBL-24L,LEBL-24L,-,LOTOS1C,,
07:13:21:531,26001.531,IBE04YC,VLG8QR,16.52843309637787,4.856318014880658,41.19604253,2.05847197,17.22073762861974,10.030889617320996,41.28220414,2.07430325,643,645,5.220677813669849,6.116646216155133,1.438526695624218,True,LEBL-24L,LEBL-24L,-,LOTOS1C,,
07:13:25:523,26005.523,IBE04YC,VLG8QR,16.510629308060725,4.564613252884147,41.19118381,2.05805065,17.06040457079942,9.955476001671723,41.28095938,2.0707413,643,645,5.418824043626526,6.39866632234528,1.6157086905664255,True,LEBL-24L,LEBL-24L,-,LOTOS1C,,
07:13:29:508,26009.508,IBE04YC,VLG8QR,16.493331625300524,4.273791251531726,41.18633976,2.05764068,16.898445537681074,9.871706302905174,41.27957541,2.06714264,643,645,5.612554695002773,6.680570654132063,1.797910038558124,True,LEBL-24L,LEBL-24L,-,LOTOS1C,,
07:13:33:508,26013.508,IBE04YC,VLG8QR,16.465878659674473,3.97456157441772,41.18135634,2.05700519,16.757670284861685,9.769235435404944,41.27787825,2.06401199,643,645,5.802015814157867,6.974278783410265,1.9692039506161225,True,LEBL-24L,LEBL-24L,-,LOTOS1C,,
07:13:37:500,26017.5,IBE04YC,VLG8QR,16.395867945176757,3.6879019912474567,41.1765853,2.05542895,16.633161730610865,9.640245810725514,41.27573804,2.06123962,643,645,5.957071871807849,7.268851791613776,2.1387118965806127,True,LEBL-24L,LEBL-24L,-,LOTOS1C,,
07:13:41:492,26021.492,IBE04YC,VLG8QR,16.303226185734875,3.411692747221734,41.17198991,2.053353,16.534214578702716,9.49199389445102,41.27327505,2.05903227,643,645,6.084687147149281,7.560085990598329,2.2969652683196715,True,LEBL-24L,LEBL-24L,-,LOTOS1C,,
07:13:45:492,26025.492,IBE04YC,VLG8QR,16.19325776818658,3.136776938668236,41.16741722,2.05089399,16.453176271288022,9.330855411077971,41.27059607,2.05722087,643,645,6.199529478163986,7.8552170125821235,2.4496012763670514,True,LEBL-24L,LEBL-24L,-,LOTOS1C,,
07:13:49:492,26029.492,IBE04YC,VLG8QR,16.048998033744063,2.884703706892686,41.16322738,2.04767851,16.41748029990959,9.147099685705085,41.26753709,2.05641257,643,645,6.273227444938066,8.138993064357098,2.581447419436466,True,LEBL-24L,LEBL-24L,-,LOTOS1C,,
07:13:53:492,26033.492,IBE04YC,VLG8QR,15.89633539183932,2.6353845619490937,41.1590839,2.04427774,16.39552746941082,8.955269317166183,41.26434262,2.05590821,643,645,6.339569074435226,8.423224002713173,2.713976426472627,True,LEBL-24L,LEBL-24L,-,LOTOS1C,,
07:13:57:492,26037.492,IBE04YC,VLG8QR,15.749889828793783,2.381103128098715,41.15485723,2.04101453,16.387219713240718,8.757361787405088,41.26104595,2.05570576,643,645,6.408031200921907,8.710712188290318,2.847160702888216,True,LEBL-24L,LEBL-24L,-,LOTOS1C,,
07:14:01:484,26041.484,IBE04YC,VLG8QR,15.613496062297926,2.127404927201684,41.15063952,2.0379742,16.38540960938809,8.554976756898004,41.25767423,2.05564692,643,645,6.473757035144817,8.994774240640997,2.9860074834472923,True,LEBL-24L,LEBL-24L,-,LOTOS1C,,
07:14:05:484,26045.484,IBE04YC,VLG8QR,15.485699672982676,1.8716800303519296,41.1463874,2.0351243,16.38540960938809,8.554976756898004,41.25767423,2.05564692,643,645,6.743584588683389,9.278175985388106,2.9860074834472923,True,LEBL-24L,LEBL-24L,-,LOTOS1C,,
07:14:09:664,26049.664,VLG8QR,VLG9FC,16.393338129600316,8.130857030898106,41.25060761,2.05578339,18.165841242724134,10.472918735362224,41.28949755,2.09530211,645,646,2.937178971998642,3.290765003337166,0.3951678887131385,False,LEBL-24L,LEBL-24L,LOTOS1C,GRAUS1C,,
07:14:13:633,26053.633,VLG8QR,VLG9FC,16.39975152888649,7.906426679998973,41.24686803,2.05590474,18.043122636097024,10.417750699614436,41.28858786,2.09257544,645,646,3.001235900010517,3.4608595727644746,0.5297130972527825,True,LEBL-24L,LEBL-24L,LOTOS1C,GRAUS1C,,
07:14:17:617,26057.617,VLG8QR,VLG9FC,16.409133982024564,7.675587001143378,41.24302146,2.05609127,17.904835366352795,10.35397847736391,41.28753594,2.08950278,645,646,3.067719597840094,3.6403494627023645,0.681995940518291,True,LEBL-24L,LEBL-24L,LOTOS1C,GRAUS1C,,
07:14:21:594,26061.594,VLG8QR,VLG9FC,16.421951294568544,7.44321674827664,41.23914915,2.05635374,17.751508692799806,10.28009296270264,41.28631658,2.08609575,645,646,3.132984125584978,3.8247625162147125,0.8521702001290231,True,LEBL-24L,LEBL-24L,LOTOS1C,GRAUS1C,,
07:14:25:570,26065.57,VLG8QR,VLG9FC,16.430404656093497,7.199217631664683,41.2350834,2.05651842,17.58521025241143,10.20326404969589,41.28504905,2.08240095,645,646,3.2183646230614302,4.026399959192197,1.0353581978780564,True,LEBL-24L,LEBL-24L,LOTOS1C,GRAUS1C,,
07:14:29:547,26069.547,VLG8QR,VLG9FC,16.438735744641107,6.94581498640644,41.23086099,2.0566795,17.41064116256001,10.129144936147782,41.28382716,2.07852319,645,646,3.328391459894754,4.240761647069585,1.2249296160835168,True,LEBL-24L,LEBL-24L,LOTOS1C,GRAUS1C,,
07:14:33:523,26073.523,VLG8QR,VLG9FC,16.445782019805957,6.687998376885577,41.22656513,2.05681169,17.245739201039328,10.049465851253316,41.2825118,2.07485936,645,646,3.455342974733343,4.463740377765603,1.408035134745536,True,LEBL-24L,LEBL-24L,LOTOS1C,GRAUS1C,,
07:14:37:508,26077.508,VLG8QR,VLG9FC,16.450640133936847,6.421498853253363,41.22212476,2.05689459,17.081459853632236,9.972163131729738,41.28123587,2.07120971,645,646,3.6062654280023163,4.699058951883594,1.5895874619630725,True,LEBL-24L,LEBL-24L,LOTOS1C,GRAUS1C,,
07:14:41:484,26081.484,VLG8QR,VLG9FC,16.452684956676915,6.146599498843545,41.21754464,2.05691439,16.916939762709358,9.89167072407746,41.2799067,2.06755456,645,646,3.7737370081921817,4.946358013516386,1.7727000309590382,True,LEBL-24L,LEBL-24L,LOTOS1C,GRAUS1C,,
07:14:45:469,26085.469,VLG8QR,VLG9FC,16.455039900369385,5.873784825145694,41.21299923,2.05694125,16.76420594862389,9.797529558661887,41.27834918,2.06415956,645,646,3.935906042982908,5.194396593126098,1.950986234060788,True,LEBL-24L,LEBL-24L,LOTOS1C,GRAUS1C,,
07:14:49:461,26089.461,VLG8QR,VLG9FC,16.45426804052301,5.596306576401883,41.20837634,2.05689843,16.633027959131482,9.676912731588947,41.27634894,2.0612401,645,646,4.084519763968766,5.45030850629378,2.1219736232285706,True,LEBL-24L,LEBL-24L,LOTOS1C,GRAUS1C,,
07:14:53:438,26093.438,VLG8QR,VLG9FC,16.452853617449925,5.312049177042098,41.20364055,2.05684076,16.51172172857708,9.536404948526195,41.27401654,2.0585378,645,646,4.224765927075568,5.71478662217102,2.2948401593444143,True,LEBL-24L,LEBL-24L,LOTOS1C,GRAUS1C,,
07:14:57:430,26097.43,VLG8QR,VLG9FC,16.4501010049326,5.034496655482807,41.19901656,2.05675409,16.419161929549514,9.374691112594824,41.27132877,2.05647095,645,646,4.340304730307706,5.975255888389869,2.4555985101730067,True,LEBL-24L,LEBL-24L,LOTOS1C,GRAUS1C,,
07:15:01:414,26101.414,VLG8QR,VLG9FC,16.446075063082755,4.754452119503242,41.19435114,2.05663901,16.34979173855067,9.194873174834733,41.26833773,2.05491662,645,646,4.441464806481549,6.239973999625074,2.6102837619230495,True,LEBL-24L,LEBL-24L,LOTOS1C,GRAUS1C,,
07:15:05:398,26105.398,VLG8QR,VLG9FC,16.442388961044077,4.475364578485798,41.18970164,2.05653156,16.288835140799378,9.004409906755912,41.26516873,2.05354794,645,646,4.531647643102571,6.504962626175352,2.7691986285195136,True,LEBL-24L,LEBL-24L,LOTOS1C,GRAUS1C,,
07:15:09:391,26109.391,VLG8QR,VLG9FC,16.435737679426765,4.193638706861568,41.18500839,2.05635824,16.23783463576708,8.8082987244962,41.26190493,2.05239954,645,646,4.6189016760530235,6.7745101027949906,2.928877107636846,True,LEBL-24L,LEBL-24L,LOTOS1C,GRAUS1C,,
07:15:13:375,26113.375,VLG8QR,VLG9FC,16.4094210013365,3.906064471415998,41.18021907,2.05574909,16.189349640620236,8.603811752099357,41.2585014,2.05130624,645,646,4.702899203361199,7.05647123484965,3.0971844074402113,True,LEBL-24L,LEBL-24L,LOTOS1C,GRAUS1C,,
07:15:17:375,26117.375,VLG8QR,VLG9FC,16.32940268470192,3.6381716557524175,41.17576137,2.05395318,16.14580481011871,8.387961969320742,41.25490821,2.0503215,645,646,4.753337375194291,7.336032141636273,3.2745360070531873,True,LEBL-24L,LEBL-24L,LOTOS1C,GRAUS1C,,
07:15:21:375,26121.375,VLG8QR,VLG9FC,16.234444352291746,3.3668150354071256,41.17124696,2.05182653,16.111004735652692,8.174486446950866,41.25135397,2.04953087,645,646,4.80925584059852,7.623376085549571,3.448999530182886,True,LEBL-24L,LEBL-24L,LOTOS1C,GRAUS1C,,
07:15:25:367,26125.367,VLG8QR,VLG9FC,16.115950157348298,3.11059010066652,41.16698622,2.04918066,16.074334112148023,7.946490302188848,41.24755793,2.04869756,645,646,4.8360792646835105,7.90344654690877,3.63995776759137,True,LEBL-24L,LEBL-24L,LOTOS1C,GRAUS1C,,
07:15:29:367,26129.367,VLG8QR,VLG9FC,16.01741824974403,2.8445464342765474,41.16256048,2.04697602,16.03962129874673,7.710340754290613,41.24362591,2.04790699,645,646,4.865844976986644,8.186873298744871,3.8402577961537605,True,LEBL-24L,LEBL-24L,LOTOS1C,GRAUS1C,,
07:15:33:367,26133.367,VLG8QR,VLG9FC,15.88934699110301,2.5915775764966416,41.15835452,2.04411918,16.007568858657965,7.4666642432477905,41.2395683,2.04717478,645,646,4.8765199085313915,8.46702709022064,4.0489620143654825,True,LEBL-24L,LEBL-24L,LOTOS1C,GRAUS1C,,
07:15:37:359,26137.359,VLG8QR,VLG9FC,15.757991076050155,2.3358262415145794,41.15410235,2.04118978,15.978510068983311,7.220596937029089,41.23547065,2.04650877,645,646,4.889745737152553,8.75107714583199,4.261748224124047,True,LEBL-24L,LEBL-24L,LOTOS1C,GRAUS1C,,
07:15:41:359,26141.359,VLG8QR,VLG9FC,15.62733101756074,2.083865950284538,41.14991322,2.03827649,15.946477328832176,6.965843444003726,41.23122848,2.04577618,645,646,4.8923980436161205,9.031532290452295,4.486951633121568,True,LEBL-24L,LEBL-24L,LOTOS1C,GRAUS1C,,
07:15:45:359,26145.359,VLG8QR,VLG9FC,15.495966819209684,1.824165122396655,41.1455951,2.03534732,15.917997232197076,6.716840948593551,41.22708188,2.0451229,645,646,4.910843757414583,9.31974056752326,4.708625449819986,True,LEBL-24L,LEBL-24L,LOTOS1C,GRAUS1C,,
07:15:49:352,26149.352,VLG8QR,VLG9FC,15.365791449492615,1.5647327296802955,41.1412813,2.03244486,15.917997232197076,6.716840948593551,41.22708188,2.0451229,645,646,5.181616574568768,9.607474758478533,4.708625449819986,True,LEBL-24L,LEBL-24L,LOTOS1C,GRAUS1C,,
07:15:49:477,26149.477,VLG9FC,WMT182,15.886844551642556,6.462652804002859,41.22284906,2.04441004,18.22330554405805,10.504009114003091,41.29001109,2.09657947,646,647,4.668148540209264,4.938883401280979,0.3299976586635661,False,LEBL-24L,LEBL-24L,GRAUS1C,-,,
07:15:53:461,26153.461,VLG9FC,WMT182,15.855367864542416,6.210628034798209,41.2186523,2.04369029,18.107233214649582,10.449250481017716,41.28910774,2.09400017,646,647,4.799668509033631,5.169885701327143,0.4583142133549702,False,LEBL-24L,LEBL-24L,GRAUS1C,-,,
07:15:57:445,26157.445,VLG9FC,WMT182,15.823801704918038,5.955557689316959,41.2144048,2.04296838,17.97657042697502,10.385410076581444,41.28805414,2.09109651,646,647,4.9252416533221695,5.405633818045278,0.6036890419759056,True,LEBL-24L,LEBL-24L,GRAUS1C,-,,
07:16:01:430,26161.43,VLG9FC,WMT182,15.79112439440651,5.698163330309128,41.21011865,2.04222175,17.832367432474864,10.320306638561776,41.28698045,2.0878926,646,647,5.052809307948131,5.645810780662258,0.7619035333899321,True,LEBL-24L,LEBL-24L,GRAUS1C,-,,
07:16:05:422,26165.422,VLG9FC,WMT182,15.760090107654776,5.446027791371403,41.20592,2.04151207,17.67278647054352,10.244817813709108,41.2857348,2.0843468,646,647,5.165926156566289,5.882210339203159,0.9384287042400391,True,LEBL-24L,LEBL-24L,GRAUS1C,-,,
07:16:09:406,26169.406,VLG9FC,WMT182,15.727724727823796,5.195280922042247,41.20174457,2.04077313,17.497822127930622,10.16291353770266,41.2843833,2.08045943,646,647,5.273577401540444,6.119396633856855,1.131612256044003,True,LEBL-24L,LEBL-24L,GRAUS1C,-,,
07:16:13:391,26173.391,VLG9FC,WMT182,15.690666102540268,4.939019423927811,41.19747757,2.03992988,17.32117266743939,10.08193042100743,41.28304714,2.07653495,646,647,5.39519093101084,6.364815869753951,1.3259391155592264,True,LEBL-24L,LEBL-24L,GRAUS1C,-,,
07:16:17:383,26177.383,VLG9FC,WMT182,15.631894663837771,4.680284875505359,41.1931708,2.03860579,17.154090206152063,10.006162036383888,41.28179703,2.07282324,646,647,5.539137730893595,6.622948993921064,1.5093946983443005,True,LEBL-24L,LEBL-24L,GRAUS1C,-,,
07:16:21:375,26181.375,VLG9FC,WMT182,15.512821355740613,4.448823963421424,41.18932238,2.03594923,16.97992131046596,9.923878748991704,41.28043877,2.06895394,646,647,5.66821022741316,6.883175591940544,1.7020145191883862,True,LEBL-24L,LEBL-24L,GRAUS1C,-,,
07:16:25:375,26185.375,VLG9FC,WMT182,15.390467531397192,4.227073258497956,41.18563589,2.0332212,16.811021100677195,9.843650363301553,41.27911424,2.0652018,646,647,5.7934368743776,7.136120932848518,1.8889915382364042,True,LEBL-24L,LEBL-24L,GRAUS1C,-,,
07:16:29:375,26189.375,VLG9FC,WMT182,15.223869172206802,4.02553957824732,41.18228902,2.02951578,16.659146388280163,9.74927031026355,41.27755261,2.06182592,646,647,5.900941804458534,7.390601854348668,2.0665877928095338,True,LEBL-24L,LEBL-24L,GRAUS1C,-,,
07:16:33:375,26193.375,VLG9FC,WMT182,15.026304939675637,3.8523119885256154,41.1794156,2.02512768,16.523298837537176,9.62811457415811,41.27554366,2.058803,646,647,5.966647822557796,7.634479254588079,2.241913039236789,True,LEBL-24L,LEBL-24L,GRAUS1C,-,,
07:16:37:383,26197.383,VLG9FC,WMT182,14.809501135337133,3.703227547786285,41.17694546,2.02031611,16.40725001145584,9.494360672887186,41.27332336,2.05621799,646,647,6.007497344467122,7.867324117928016,2.406707421584934,True,LEBL-24L,LEBL-24L,GRAUS1C,-,,
07:16:41:398,26201.398,VLG9FC,WMT182,14.576911791541612,3.5733900368174023,41.17479676,2.01515708,16.307536532818492,9.340966272655708,41.27077465,2.05399345,646,647,6.021627490249329,8.092888446325153,2.5688274933757835,True,LEBL-24L,LEBL-24L,GRAUS1C,-,,
07:16:45:398,26205.398,VLG9FC,WMT182,14.340028236090326,3.480474896048334,41.17326324,2.00990632,16.24450776469454,9.176857345156533,41.26804486,2.05258125,646,647,6.006314617249121,8.291129314389039,2.7083193188811956,True,LEBL-24L,LEBL-24L,GRAUS1C,-,,
07:16:49:414,26209.414,VLG9FC,WMT182,14.056747404857582,3.426267305747233,41.17237714,2.00363194,16.196365585919853,8.99385352223192,41.26499923,2.0514974,646,647,5.964560523519104,8.483688737614695,2.8504641471463312,True,LEBL-24L,LEBL-24L,GRAUS1C,-,,
07:16:53:422,26213.422,VLG9FC,WMT182,13.817534845862664,3.392991982055528,41.17183687,1.99833473,16.180569560251495,8.811352066329112,41.26195974,2.05113061,646,647,5.91122314451552,8.639960595262627,2.9719308734449648,True,LEBL-24L,LEBL-24L,GRAUS1C,-,,
07:16:57:430,26217.43,VLG9FC,WMT182,13.549262743641512,3.401488358442363,41.17199397,1.99239761,16.173857457949826,8.625682936618876,41.25886685,2.05096489,646,647,5.846426806607949,8.782001616320475,3.0946172297779277,True,LEBL-24L,LEBL-24L,GRAUS1C,-,,
07:17:01:438,26221.438,VLG9FC,WMT182,13.284222089752644,3.4385674298922284,41.17262679,1.98653412,16.16801118844105,8.43919750053579,41.2557603,2.0508183,646,647,5.772567944090283,8.904831038319628,3.2232718851468416,True,LEBL-24L,LEBL-24L,GRAUS1C,-,,
07:17:05:453,26225.453,VLG9FC,WMT182,13.023163033207132,3.4810494419275173,41.17334911,1.98075904,16.16801118844105,8.43919750053579,41.2557603,2.0508183,646,647,5.871396945409088,9.02721046890781,3.2232718851468416,True,LEBL-24L,LEBL-24L,GRAUS1C,-,,
07:17:21:391,26241.391,WMT182,NJE838T,16.191117894767753,7.480383759497123,41.23978434,2.05124278,18.175032208481824,10.477381349578495,41.28957119,2.09550636,647,648,3.5941494903680793,3.9264298075671937,0.3849531464257426,False,LEBL-24L,LEBL-24L,-,-,,
07:17:25:367,26245.367,WMT182,NJE838T,16.20392178337936,7.286666994322227,41.23655603,2.05150876,18.03613948911679,10.408190653406445,41.28842912,2.09241963,647,648,3.619520917944839,4.076534577728281,0.5400696866787665,True,LEBL-24L,LEBL-24L,-,-,,
07:17:29:352,26249.352,WMT182,NJE838T,16.21947540225477,7.094021014527971,41.23334537,2.05183573,17.879227665000364,10.333826259613794,41.28720214,2.08893296,647,648,3.6402081808290485,4.227826945805874,0.713710595815166,True,LEBL-24L,LEBL-24L,-,-,,
07:17:33:328,26253.328,WMT182,NJE838T,16.23445660771494,6.895609421544584,41.23003869,2.05214946,17.721342971380746,10.259958377260054,41.2859834,2.0854249,647,648,3.67827064723072,4.3876370169971946,0.8880202984204816,True,LEBL-24L,LEBL-24L,-,-,,
07:17:37:313,26257.313,WMT182,NJE838T,16.252458208565887,6.703132148369528,41.22683067,2.05253061,17.554736814055296,10.174972361292134,41.28457997,2.0817225,647,648,3.70804585063102,4.543886759201848,1.07497133344977,True,LEBL-24L,LEBL-24L,-,-,,
07:17:41:289,26261.289,WMT182,NJE838T,16.2662303837343,6.5015153054559205,41.22347067,2.0528172,17.389464092086623,10.088438210130745,41.28315053,2.07804967,647,648,3.7586792743808015,4.712941055578999,1.2614184299354976,True,LEBL-24L,LEBL-24L,-,-,,
07:17:45:281,26265.281,WMT182,NJE838T,16.28407775048849,6.309212801586975,41.22026557,2.05319488,17.242533927070397,9.963388397553782,41.28107794,2.07477991,647,648,3.777782091199462,4.874360681788586,1.4489640671005102,True,LEBL-24L,LEBL-24L,-,-,,
07:17:49:266,26269.266,WMT182,NJE838T,16.300245711833462,6.110518873710923,41.2169541,2.05353474,17.09577760414872,9.84453740268449,41.27910852,2.07151481,647,648,3.817822071077777,5.04448912329416,1.6345938597857272,True,LEBL-24L,LEBL-24L,-,-,,
07:17:53:250,26273.25,WMT182,NJE838T,16.31738760930667,5.917845657322794,41.21374287,2.05389669,16.980899655970436,9.691448523406692,41.27656629,2.06895333,647,648,3.831491462470528,5.2108210643580195,1.8110243033975602,True,LEBL-24L,LEBL-24L,-,-,,
07:17:57:227,26277.227,WMT182,NJE838T,16.333063313847305,5.718389340301396,41.21041873,2.05422551,16.890657767936588,9.50254281288768,41.27342551,2.06693476,647,648,3.825013605115407,5.385758499085328,1.9899523717364882,True,LEBL-24L,LEBL-24L,-,-,,
07:18:01:219,26281.219,WMT182,NJE838T,16.347815119055017,5.520265331292579,41.20711685,2.05453396,16.836000897457257,9.305202586819169,41.27014163,2.06570438,647,648,3.8162907885153814,5.5615261931512165,2.15142201654596,True,LEBL-24L,LEBL-24L,-,-,,
07:18:05:203,26285.203,WMT182,NJE838T,16.360698365549716,5.315717852006074,41.20370808,2.05480041,16.81707218844735,9.087926105985868,41.26652304,2.06526416,647,648,3.799714749506796,5.745442700814464,2.30635643824062,True,LEBL-24L,LEBL-24L,-,-,,
07:18:09:188,26289.188,WMT182,NJE838T,16.37573642776451,5.107410611016093,41.20023652,2.0551142,16.820264806475798,8.866248225026679,41.26282954,2.06531387,647,648,3.785031794844065,5.933461697343177,2.4586070052819005,True,LEBL-24L,LEBL-24L,-,-,,
07:18:13:172,26293.172,WMT182,NJE838T,16.391046579987517,4.899732390257166,41.19677542,2.05543404,16.833439374448904,8.63780424875382,41.2590226,2.06558416,647,648,3.7641589503999406,6.122146608615809,2.6194794632141125,True,LEBL-24L,LEBL-24L,-,-,,
07:18:17:156,26297.156,WMT182,NJE838T,16.405269518191833,4.685608734466979,41.19320701,2.05572918,16.84690424874918,8.407331024285641,41.25518183,2.06586066,647,648,3.7478337793674266,6.318498013624984,2.791306492963441,True,LEBL-24L,LEBL-24L,-,-,,
07:18:21:148,26301.148,WMT182,NJE838T,16.42178087844437,4.467238526978781,41.18956769,2.05607456,16.852538618970183,8.169253653951168,41.25121493,2.06596288,647,648,3.726991847503196,6.51928044165705,2.981832687642917,True,LEBL-24L,LEBL-24L,-,-,,
07:18:25:133,26305.133,WMT182,NJE838T,16.454133390515796,4.249253344176747,41.18593368,2.05677063,16.85534008506169,7.9373284120446845,41.24735073,2.0660029,647,648,3.7098334892522513,6.715933080184752,3.1750385239336345,True,LEBL-24L,LEBL-24L,-,-,,
07:18:29:117,26309.117,WMT182,NJE838T,16.544618906467296,4.028663262771433,41.1822522,2.05875326,16.848676840396674,7.700964755067389,41.24341326,2.06583278,647,648,3.6848676336477144,6.899596664275646,3.38167106133428,True,LEBL-24L,LEBL-24L,-,-,,
07:18:33:102,26313.102,WMT182,NJE838T,16.63344008683482,3.823597648901034,41.17882945,2.06070028,16.837693050760617,7.468551267327616,41.23954191,2.06556733,647,648,3.650672013993246,7.072006752060114,3.5905234295401454,True,LEBL-24L,LEBL-24L,-,-,,
07:18:37:078,26317.078,WMT182,NJE838T,16.781956750238436,3.635530117360851,41.17568563,2.06397003,16.821992921256097,7.235795317710889,41.23566519,2.06519739,647,648,3.6004878013737605,7.216093687926169,3.8045580446069387,True,LEBL-24L,LEBL-24L,-,-,,
07:18:41:055,26321.055,WMT182,NJE838T,16.959352809354844,3.4703270171504963,41.17292058,2.06788085,16.805006997050267,7.005046499383501,41.231822,2.0647992,647,648,3.5380876823297527,7.336623296446421,4.0194704393681855,True,LEBL-24L,LEBL-24L,-,-,,
07:18:45:031,26325.031,WMT182,NJE838T,17.15751878225461,3.3234228109886823,41.17045876,2.0722528,16.78487257198889,6.768261721371813,41.22787847,2.06433074,647,648,3.4649358315147825,7.441258942590287,4.242913593370223,True,LEBL-24L,LEBL-24L,-,-,,
07:18:49:008,26329.008,WMT182,NJE838T,17.376106840094035,3.2111853138162982,41.16857284,2.07707979,16.764106160653586,6.527897671092789,41.22387535,2.063848,647,648,3.372703024659323,7.515109094275569,4.471360898366736,True,LEBL-24L,LEBL-24L,-,-,,
07:18:52:984,26332.984,WMT182,NJE838T,17.616837987469605,3.1234591202914017,41.16709344,2.08239899,16.742674702264587,6.284466206883114,41.21982117,2.0633503,647,648,3.279653526012078,7.569178587958055,4.70417917585341,True,LEBL-24L,LEBL-24L,-,-,,
07:18:56:961,26336.961,WMT182,NJE838T,17.865929726629535,3.0546582768847834,41.16592847,2.08790488,16.72002291326841,6.041623320121476,41.21577688,2.06282569,647,648,3.199228437361957,7.611890609301707,4.9380121647466755,True,LEBL-24L,LEBL-24L,-,-,,
07:19:00:938,26340.938,WMT182,NJE838T,18.121171181755493,3.001442982477873,41.16502243,2.09354826,16.692073850454914,5.793482163958225,41.21164469,2.06218333,647,648,3.136527056036965,7.647193476926792,5.179603714582471,True,LEBL-24L,LEBL-24L,-,-,,
07:19:04:914,26344.914,WMT182,NJE838T,18.38140590987468,2.94496749346704,41.16406141,2.09930165,16.663186824452225,5.545548548046342,41.20751602,2.0615203,647,648,3.1169373825835467,7.694342763552918,5.422058025764351,True,LEBL-24L,LEBL-24L,-,-,,
07:19:08:883,26348.883,WMT182,NJE838T,18.648758701986782,2.9005575246282573,41.16330056,2.10521366,16.63272662707833,5.290267838675645,41.20326505,2.06082183,647,648,3.1265157463419473,7.738406267486516,5.672584949588649,True,LEBL-24L,LEBL-24L,-,-,,
07:19:12:859,26352.859,WMT182,NJE838T,18.918302560970925,2.861411943100994,41.16262694,2.11117458,16.601162891329253,5.036306833305802,41.19903614,2.06009914,647,648,3.177940218453787,7.786505371894196,5.922784538062004,True,LEBL-24L,LEBL-24L,-,-,,
07:19:16:836,26356.836,WMT182,NJE838T,19.19434034311197,2.8429671080009595,41.16229737,2.11728132,16.5706458126674,4.777647812549691,41.19472888,2.05939928,647,648,3.2598715339163182,7.823699379554458,6.177577847359843,True,LEBL-24L,LEBL-24L,-,-,,
07:19:20:805,26360.805,WMT182,NJE838T,19.475831766781724,2.82283035395435,41.16193884,2.1235085,16.539861172924205,4.514699975446603,41.19035018,2.05869319,647,648,3.388561072804268,7.872784575387894,6.436986713205137,True,LEBL-24L,LEBL-24L,-,-,,
07:19:24:781,26364.781,WMT182,NJE838T,19.76292269273669,2.800573819601712,41.16154419,2.12985929,16.51393476429482,4.25124462441929,41.18596268,2.0580947,647,648,3.5581411359178934,7.93457899376271,6.695836455578741,True,LEBL-24L,LEBL-24L,-,-,,
07:23:36:898,26616.898,TRA3T,QTR138,16.144752195008593,7.206524495608402,41.23522487,2.05019055,18.19353922374916,10.486453677618192,41.28972091,2.09591765,649,650,3.867229464117045,4.1761086296645,0.364349118520237,False,LEBL-24L,LEBL-24L,OLOXO1C,DIPES1C,,
07:23:40:875,26620.875,TRA3T,QTR138,16.10107900546701,6.958378285797474,41.2310936,2.04920045,18.076698116457266,10.425679960420627,41.28871739,2.09332071,649,650,3.990645533564018,4.4061621637455906,0.4959261211905374,False,LEBL-24L,LEBL-24L,OLOXO1C,DIPES1C,,
07:23:44:859,26624.859,TRA3T,QTR138,16.058731159545538,6.711614937996133,41.22698527,2.04823996,17.947068679408478,10.367457390613104,41.28775729,2.09044056,649,650,4.114729958001933,4.6366167208246996,0.6380079458079173,True,LEBL-24L,LEBL-24L,OLOXO1C,DIPES1C,,
07:23:48:844,26628.844,TRA3T,QTR138,16.01630293685204,6.470488433709423,41.22297085,2.04727832,17.80507479717439,10.301997135812137,41.28667747,2.08728562,649,650,4.2284942594935515,4.864249559047166,0.794362117933164,True,LEBL-24L,LEBL-24L,OLOXO1C,DIPES1C,,
07:23:52:836,26632.836,TRA3T,QTR138,15.970100222138656,6.227731907321671,41.21892952,2.04623305,17.649013285186147,10.229415332034865,41.28547997,2.08381817,649,650,4.3396105015192115,5.09677976286463,0.9664762312796062,True,LEBL-24L,LEBL-24L,OLOXO1C,DIPES1C,,
07:23:56:820,26636.82,TRA3T,QTR138,15.92364256359692,5.9817055509083055,41.21483372,2.04518197,17.478498898099804,10.149059512849057,41.28415392,2.08002964,649,650,4.447967767986524,5.333601125106218,1.1549749144337251,True,LEBL-24L,LEBL-24L,OLOXO1C,DIPES1C,,
07:24:00:805,26640.805,TRA3T,QTR138,15.87491002330694,5.733311147909383,41.21069861,2.04408043,17.30379213726893,10.066197544672654,41.2827863,2.07614807,649,650,4.562412587968858,5.574772413440484,1.3483333645634408,True,LEBL-24L,LEBL-24L,OLOXO1C,DIPES1C,,
07:24:04:797,26644.797,TRA3T,QTR138,15.825546211360644,5.486369795260911,41.20658774,2.04296518,17.140685468464305,9.991389622920224,41.28155189,2.07252462,649,650,4.693058162134656,5.815965757505972,1.5277720303604019,True,LEBL-24L,LEBL-24L,OLOXO1C,DIPES1C,,
07:24:08:789,26648.789,TRA3T,QTR138,15.773496033372137,5.2322823348558725,41.20235798,2.04178995,16.961957843961645,9.901343173482276,41.28006461,2.06855353,649,650,4.81794256815338,6.065611680302835,1.727823751386729,True,LEBL-24L,LEBL-24L,OLOXO1C,DIPES1C,,
07:24:12:781,26652.781,TRA3T,QTR138,15.72164245525088,4.982985556048348,41.19820801,2.04061965,16.7939044894528,9.818966203079505,41.27870421,2.06481999,649,650,4.953428579120802,6.311660956525214,1.9149613219451946,True,LEBL-24L,LEBL-24L,OLOXO1C,DIPES1C,,
07:24:16:773,26656.773,TRA3T,QTR138,15.652233132295946,4.733340495088922,41.19405339,2.03906077,16.619152916076832,9.72740393649422,41.27719113,2.06093725,649,650,5.086806810273789,6.566340396334686,2.1120992205255353,True,LEBL-24L,LEBL-24L,OLOXO1C,DIPES1C,,
07:24:20:766,26660.766,TRA3T,QTR138,15.528288886577077,4.507974737667861,41.19030685,2.03629684,16.46280103085286,9.625291354181188,41.27550086,2.0574616,649,650,5.201946011008027,6.823230903961807,2.2973305612429575,True,LEBL-24L,LEBL-24L,OLOXO1C,DIPES1C,,
07:24:24:766,26664.766,TRA3T,QTR138,15.37786368071406,4.290771365965882,41.18669796,2.03294769,16.30837036536801,9.495296001763242,41.27334581,2.05402615,649,650,5.287052049564797,7.084541308251052,2.493724536950071,True,LEBL-24L,LEBL-24L,OLOXO1C,DIPES1C,,
07:24:28:766,26668.766,TRA3T,QTR138,15.223133286914877,4.088451617099124,41.18333722,2.02950488,16.1670927219159,9.360831703985518,41.2711153,2.05088208,649,650,5.356216126662892,7.33469899365467,2.6814714911076587,True,LEBL-24L,LEBL-24L,OLOXO1C,DIPES1C,,
07:24:32:766,26672.766,TRA3T,QTR138,15.02567285023699,3.915604977339788,41.18047014,2.02511904,16.057860186215436,9.204201168294018,41.26851322,2.04844653,649,650,5.388381980477059,7.578570662007334,2.853406508534754,True,LEBL-24L,LEBL-24L,OLOXO1C,DIPES1C,,
07:24:36:773,26676.773,TRA3T,QTR138,14.816285319709568,3.754584930551771,41.17780068,2.02047056,15.980187510988602,9.02350123769506,41.26550794,2.04670853,649,650,5.395938042874899,7.818872038368458,3.0136390452619004,True,LEBL-24L,LEBL-24L,OLOXO1C,DIPES1C,,
07:24:40:773,26680.773,TRA3T,QTR138,14.598105839369495,3.5951064723822626,41.17515726,2.01562798,15.938767982799034,8.835205305188596,41.26237363,2.04577352,649,650,5.408882579646501,8.063596089037716,3.152457539876634,True,LEBL-24L,LEBL-24L,OLOXO1C,DIPES1C,,
07:24:44:773,26684.773,TRA3T,QTR138,14.381837550844066,3.427695531218617,41.17238136,2.01082745,15.944555899846918,8.642887160591082,41.25916911,2.04588449,649,650,5.444291723391283,8.315826058739056,3.261668502836161,True,LEBL-24L,LEBL-24L,OLOXO1C,DIPES1C,,
07:24:48:781,26688.781,TRA3T,QTR138,14.167426048142929,3.261390872513965,41.16962358,2.00606851,15.952817259045204,8.434850324644906,41.25570254,2.04604885,649,650,5.472869857653301,8.567463650163461,3.3866350994131458,True,LEBL-24L,LEBL-24L,OLOXO1C,DIPES1C,,
07:24:52:781,26692.781,TRA3T,QTR138,13.952502672985029,3.092390415958333,41.16682072,2.00129843,15.9742706455538,8.233191680608906,41.25234134,2.04650611,649,650,5.524073078584114,8.822840754142705,3.5055130384898496,True,LEBL-24L,LEBL-24L,OLOXO1C,DIPES1C,,
07:24:56:789,26696.789,TRA3T,QTR138,13.735040828325776,2.921714142903115,41.16398989,1.99647245,15.997322489683135,8.032923771930207,41.2490032,2.04699887,649,650,5.5894885443279225,9.082030695288703,3.6297201231684406,True,LEBL-24L,LEBL-24L,OLOXO1C,DIPES1C,,
07:25:00:789,26700.789,TRA3T,QTR138,13.51784135230563,2.748108638614182,41.16111004,1.99165247,15.997322489683135,8.032923771930207,41.2490032,2.04699887,649,650,5.837559224876174,9.344542292280133,3.6297201231684406,True,LEBL-24L,LEBL-24L,OLOXO1C,DIPES1C,,
07:26:28:438,26788.438,QTR138,BTX6F,17.21330123952756,3.2397598604826703,41.16906083,2.07347932,17.767263435137714,10.287326736113895,41.28643591,2.08644579,650,651,7.069304985687044,7.51357497586146,0.8348342062998702,True,LEBL-24L,LEBL-24L,DIPES1C,-,,
07:26:32:414,26792.414,QTR138,BTX6F,17.379571738416278,3.029648917520827,41.16554809,2.07713873,17.62615641884172,10.219831463512476,41.28532201,2.08331044,650,651,7.194409569193532,7.694045466654454,0.9912422678104583,True,LEBL-24L,LEBL-24L,DIPES1C,-,,
07:26:36:391,26796.391,QTR138,BTX6F,17.550404672044902,2.815743615618768,41.16197168,2.08089834,17.48888189539216,10.153268923307472,41.28422328,2.08026026,650,651,7.337783227448142,7.882695019974221,1.143786338163026,True,LEBL-24L,LEBL-24L,DIPES1C,-,,
07:26:40:375,26800.375,QTR138,BTX6F,17.724029460145797,2.5946111032769683,41.15827453,2.0847186,17.354780828386122,10.081499128727147,41.28303748,2.07728003,650,651,7.495988050796618,8.083132745966338,1.2956907467189696,True,LEBL-24L,LEBL-24L,DIPES1C,-,,
07:26:44:352,26804.352,QTR138,BTX6F,17.902119935379343,2.361817714264764,41.15438264,2.08863607,17.25011222060574,9.968904132530918,41.28116928,2.07494846,650,651,7.634977264870779,8.29955274989828,1.4396898797021844,True,LEBL-24L,LEBL-24L,DIPES1C,-,,
07:26:48:336,26808.336,QTR138,BTX6F,18.083401489873605,2.1331439981284523,41.15055901,2.0926241,17.154307962036295,9.8695928070274,41.2795217,2.07281483,650,651,7.792037920607363,8.516279448808007,1.571272810823931,True,LEBL-24L,LEBL-24L,DIPES1C,-,,
07:26:52:313,26812.313,QTR138,BTX6F,18.26639336621561,1.9085054930538,41.14680234,2.09664992,17.09947370662492,9.735016717775023,41.27728358,2.07158617,650,651,7.913025934661566,8.733293243825207,1.6873459392164163,True,LEBL-24L,LEBL-24L,DIPES1C,-,,
07:26:56:297,26816.297,QTR138,BTX6F,18.45223052674872,1.6765683680744097,41.14292371,2.10073747,17.067032933815558,9.590826581119048,41.27488365,2.07085309,650,651,8.034566287872192,8.961698500630213,1.794953264134731,True,LEBL-24L,LEBL-24L,DIPES1C,-,,
07:27:00:273,26820.273,QTR138,BTX6F,18.64105937092717,1.4366164395175556,41.13891117,2.10488988,17.062265765274244,9.426161569640737,41.27214059,2.07073154,650,651,8.144042033015646,9.202089204936117,1.8994079946568265,True,LEBL-24L,LEBL-24L,DIPES1C,-,,
07:27:04:266,26824.266,QTR138,BTX6F,18.831241464049977,1.1848728918149172,41.13470192,2.10907047,17.066422293745937,9.260504792690496,41.26938036,2.07080771,650,651,8.266221464630133,9.458062219197929,2.0061257774967634,True,LEBL-24L,LEBL-24L,DIPES1C,-,,
07:27:08:250,26828.25,QTR138,BTX6F,19.02066327515305,0.9445755049706384,41.13068328,2.11323493,17.06745303668862,9.08333179744182,41.26642849,2.07081348,650,651,8.369849713339036,9.706066887532002,2.1309681969182557,True,LEBL-24L,LEBL-24L,DIPES1C,-,,
07:27:12:234,26832.234,QTR138,BTX6F,19.210988173244083,0.7034925544281447,41.12665133,2.11741877,17.065127317338927,8.907855450655665,41.26350513,2.07074502,650,651,8.480347242059185,9.958143448328626,2.263671191928629,True,LEBL-24L,LEBL-24L,DIPES1C,-,,
07:27:16:219,26836.219,QTR138,BTX6F,19.404172560701788,0.4694925186560905,41.122737,2.12166611,17.05159594526802,8.715835153927523,41.26030695,2.07042662,650,651,8.575359093926108,10.206425518861103,2.421817997401268,True,LEBL-24L,LEBL-24L,DIPES1C,-,,
07:27:20:203,26840.203,QTR138,BTX6F,19.608031318174078,0.2627455870923877,41.11927568,2.12615201,17.035463645363045,8.519762352541917,41.25704144,2.07005022,650,651,8.648492949416504,10.431611958072416,2.5894401020316593,True,LEBL-24L,LEBL-24L,DIPES1C,-,,
07:27:24:180,26844.18,QTR138,BTX6F,19.83969947991624,0.0588661776369267,41.11585963,2.13125274,17.013267971152576,8.311526898032758,41.25357373,2.06953832,650,651,8.723251918848629,10.660497857923701,2.7744089651988446,True,LEBL-24L,LEBL-24L,DIPES1C,-,,
07:27:28:164,26848.164,QTR138,BTX6F,20.09481571091249,-0.0945431423012065,41.11328222,2.13687714,16.987684776745354,8.09381566377256,41.24994839,2.0689505,650,651,8.758052442127994,10.846730358141674,2.9724953429028464,True,LEBL-24L,LEBL-24L,DIPES1C,-,,
07:27:32:141,26852.141,QTR138,BTX6F,20.381420493371003,-0.2219667358258828,41.11113476,2.14320036,16.962583944921608,7.873761053958079,41.24628397,2.06837321,650,651,8.788017512004267,11.017485519515743,3.175162930507001,True,LEBL-24L,LEBL-24L,DIPES1C,-,,
07:27:36:125,26856.125,QTR138,BTX6F,20.671360693798977,-0.3303160313450515,41.10930445,2.14959913,16.962583944921608,7.873761053958079,41.24628397,2.06837321,650,651,9.003438553942004,11.176345200402688,3.175162930507001,True,LEBL-24L,LEBL-24L,DIPES1C,-,,
07:28:08:406,26888.406,BTX6F,RYR23VU,16.70113398277688,5.6579675505852975,41.2093863,2.06237123,18.03089003374846,10.411374110225026,41.28848256,2.09230356,651,652,4.935901647756115,5.303444943672195,0.5434899175175217,True,LEBL-24L,LEBL-24L,-,-,,
07:28:12:391,26892.391,BTX6F,RYR23VU,16.670242093439104,5.400399648738812,41.20509726,2.06166291,17.894078160731723,10.347282531297994,41.2874252,2.08926359,651,652,5.096020503624697,5.556247025895474,0.6945662749636201,True,LEBL-24L,LEBL-24L,-,-,,
07:28:16:383,26896.383,BTX6F,RYR23VU,16.638465055564204,5.144070742766101,41.20082892,2.0609352,17.744704177849197,10.275600726732408,41.28624225,2.08594443,651,652,5.249415679103639,5.808747557726223,0.8602330139868682,True,LEBL-24L,LEBL-24L,-,-,,
07:28:20:375,26900.375,BTX6F,RYR23VU,16.609546379341637,4.890793124121914,41.19661121,2.06027116,17.58295956503517,10.205389551495646,41.28508463,2.08235126,651,652,5.4030054984180484,6.0579373049234935,1.0365124596594646,True,LEBL-24L,LEBL-24L,-,-,,
07:28:24:367,26904.367,BTX6F,RYR23VU,16.578197868296932,4.63034369067136,41.19227418,2.05955274,17.407422154054686,10.132490093228062,41.28388313,2.07845215,651,652,5.564281440694577,6.315156879272201,1.2264760271050144,True,LEBL-24L,LEBL-24L,-,-,,
07:28:28:352,26908.352,BTX6F,RYR23VU,16.54562816988324,4.370531647079615,41.18794785,2.05880744,17.242186234530536,10.047123176312365,41.28247303,2.07478036,651,652,5.719168167415798,6.5725401705933955,1.4122421749615892,True,LEBL-24L,LEBL-24L,-,-,,
07:28:32:352,26912.352,BTX6F,RYR23VU,16.515354496303637,4.11032020660383,41.1836147,2.05811303,17.242186234530536,10.047123176312365,41.28247303,2.07478036,651,652,5.9811298160827455,6.82996846853447,1.4122421749615892,True,LEBL-24L,LEBL-24L,-,-,,
07:30:56:273,27056.273,RYR98RR,LHX06E,16.392476238570367,6.77874974101389,41.22808081,2.05563926,18.18738229080682,10.47632097644548,41.28955257,2.09578009,653,654,4.110197170142346,4.409170128874869,0.37422137454242377,False,LEBL-24L,LEBL-24L,DIPES1C,-,,
07:31:00:258,27060.258,RYR98RR,LHX06E,16.39995728391787,6.518836525950975,41.22374999,2.05578095,18.06610965479369,10.42260005716517,41.28866689,2.09308562,653,654,4.24445914465118,4.634933939295937,0.5068168243727704,True,LEBL-24L,LEBL-24L,DIPES1C,-,,
07:31:04:234,27064.234,RYR98RR,LHX06E,16.408557770877135,6.260899733795586,41.21945202,2.0559476,17.93235545348097,10.358560232988584,41.28761018,2.09011343,653,654,4.371816664060311,4.861853601124576,0.6551080781974452,True,LEBL-24L,LEBL-24L,DIPES1C,-,,
07:31:08:219,27068.219,RYR98RR,LHX06E,16.414521021577016,5.997991738500982,41.21507141,2.05605536,17.782244342646546,10.290244468811572,41.28648339,2.08677824,653,654,4.504897399925572,5.097359213350074,0.8200213953487877,True,LEBL-24L,LEBL-24L,DIPES1C,-,,
07:31:12:203,27072.203,RYR98RR,LHX06E,16.42063582334251,5.73710533791331,41.21072447,2.05616665,17.62750011336904,10.217202526170924,41.28527811,2.08333997,653,654,4.639805193192385,5.333514485118516,0.9911373465085644,True,LEBL-24L,LEBL-24L,DIPES1C,-,,
07:31:16:188,27076.188,RYR98RR,LHX06E,16.427773954181156,5.477646955955478,41.20640125,2.05630072,17.47794251953018,10.144661609599462,41.28408069,2.08001687,653,654,4.783709835783824,5.5701748214032785,1.1573467346087216,True,LEBL-24L,LEBL-24L,DIPES1C,-,,
07:31:20:172,27080.172,RYR98RR,LHX06E,16.43066617871778,5.209175356074888,41.20192816,2.05633992,17.324842846387835,10.073850236493318,41.28291225,2.07661553,653,654,4.946171610971418,5.818728715722688,1.3260254276020915,True,LEBL-24L,LEBL-24L,DIPES1C,-,,
,27080.172,RYR23VU,RYR98RR,14.83421776530885,0.4551993211319302,41.12282975,2.0205924,16.43066617871778,5.209175356074888,41.20192816,2.05633992,652,653,5.014871451741096,10.830970264956457,5.818728715722688,True,LEBL-24L,LEBL-24L,-,DIPES1C,07:31:20:172,07:31:20:172
07:31:24:156,27084.156,RYR98RR,LHX06E,16.435643770512065,4.948916891484873,41.19759176,2.05642605,17.17312630555977,9.99895862385735,41.28167563,2.07324458,653,654,5.103606762692831,6.060552406309481,1.4951921918374471,True,LEBL-24L,LEBL-24L,DIPES1C,-,,
07:31:28:141,27088.141,RYR98RR,LHX06E,16.43957060687164,4.682334337508467,41.19315007,2.05648832,17.03697452780902,9.901545146164317,41.28006256,2.07021666,653,654,5.253289722634894,6.3101644000590404,1.660184671428623,True,LEBL-24L,LEBL-24L,DIPES1C,-,,
07:31:32:125,27092.125,RYR98RR,LHX06E,16.444753429305155,4.41608777116596,41.18871389,2.05657842,16.92687935117862,9.774469993968632,41.27795336,2.06776371,653,654,5.380028387489237,6.5603970545804495,1.8163891906931164,True,LEBL-24L,LEBL-24L,DIPES1C,-,,
07:31:36:117,27096.117,RYR98RR,LHX06E,16.447971593586686,4.143615929409491,41.18417413,2.05662444,16.837847045989133,9.636360814518747,41.27565877,2.0657768,653,654,5.506564195692256,6.818375834999857,1.9619721382959232,True,LEBL-24L,LEBL-24L,DIPES1C,-,,
07:31:40:102,27100.102,RYR98RR,LHX06E,16.455654604283637,3.878938621021084,41.17976392,2.05677001,16.7773136337898,9.46910687249309,41.27287655,2.06441902,653,654,5.59941475611768,7.068682035747694,2.10244252024865,True,LEBL-24L,LEBL-24L,DIPES1C,-,,
07:31:44:094,27104.094,RYR98RR,LHX06E,16.462731820390598,3.611210882425928,41.17530293,2.05690187,16.743630673542462,9.295966765067254,41.26999434,2.06365598,653,654,5.691691629992546,7.323104992797289,2.2302149138369782,True,LEBL-24L,LEBL-24L,DIPES1C,-,,
07:31:48:086,27108.086,RYR98RR,LHX06E,16.48340432977362,3.344810159996387,41.1708631,2.05733474,16.713551730077413,9.10828517150017,41.2668696,2.06297152,653,654,5.768068310456727,7.5734980142499415,2.3708403317545597,True,LEBL-24L,LEBL-24L,DIPES1C,-,,
07:31:52:063,27112.063,RYR98RR,LHX06E,16.53927486815016,3.078885645640786,41.16642874,2.05854658,16.69588946745793,8.91579124817924,41.2636638,2.06256188,653,654,5.839006349171161,7.8155264123839245,2.512199299478708,True,LEBL-24L,LEBL-24L,DIPES1C,-,,
07:31:56:047,27116.047,RYR98RR,LHX06E,16.64011474339602,2.8287118677473075,41.16225362,2.0607549,16.681266297798082,8.716216336444102,41.26033981,2.06221897,653,654,5.887648284277385,8.033487484989543,2.663097651683332,True,LEBL-24L,LEBL-24L,DIPES1C,-,,
07:32:00:031,27120.031,RYR98RR,LHX06E,16.776238880324172,2.598664349689502,41.15841127,2.06374563,16.675207980448683,8.510582034342487,41.25691426,2.06206534,653,654,5.912780898430312,8.227286816815864,2.8190614876370157,True,LEBL-24L,LEBL-24L,DIPES1C,-,,
07:32:04:008,27124.008,RYR98RR,LHX06E,16.938922808763486,2.3832141505405726,41.15481014,2.0673251,16.669943001921784,8.295086505733162,41.25332436,2.06192838,653,654,5.917988246066307,8.40573136762631,2.9883000117439655,True,LEBL-24L,LEBL-24L,DIPES1C,-,,
07:32:07:984,27127.984,RYR98RR,LHX06E,17.13570777417284,2.198842195643312,41.15172421,2.0716617,16.665952119873577,8.073963943592004,41.24964062,2.06181914,653,654,5.89387189612786,8.552703697538373,3.166983366182543,True,LEBL-24L,LEBL-24L,DIPES1C,-,,
07:32:11:969,27131.969,RYR98RR,LHX06E,17.35358897508776,2.037183191303862,41.14901498,2.07646687,16.662926502226554,7.8422936266023795,41.24578108,2.06173031,653,654,5.846051814466795,8.680179513253657,3.3589763412692397,True,LEBL-24L,LEBL-24L,DIPES1C,-,,
07:32:15:945,27135.945,RYR98RR,LHX06E,17.58114495710073,1.8846990633293608,41.14645769,2.0814866,16.655125495949978,7.598988814676439,41.24172804,2.06153459,653,654,5.7888357555539764,8.804001631327727,3.5681135999542333,True,LEBL-24L,LEBL-24L,DIPES1C,-,,
07:32:19:922,27139.922,RYR98RR,LHX06E,17.813795224696825,1.746070491905087,41.14413064,2.08662003,16.655125495949978,7.598988814676439,41.24172804,2.06153459,653,654,5.9665038702197215,8.920289899128537,3.5681135999542333,True,LEBL-24L,LEBL-24L,DIPES1C,-,,
07:32:20:164,27140.164,LHX06E,ANE53GX,16.650514409446654,7.349194178741373,41.23756665,2.06140896,18.176532189049716,10.480990836617249,41.28963121,2.09553999,654,655,3.483802602035191,3.7854114862927344,0.3820933730983666,False,LEBL-24L,LEBL-24L,-,-,,
07:32:24:148,27144.148,LHX06E,ANE53GX,16.644390073427218,7.090000313509065,41.23324877,2.06124894,18.062918297852267,10.428879894994829,41.28877176,2.0930155,654,655,3.6277181785735553,4.0155173912908335,0.5070859525401749,True,LEBL-24L,LEBL-24L,-,-,,
07:32:28:125,27148.125,LHX06E,ANE53GX,16.635436310724398,6.822458044172141,41.228792,2.06102548,17.9267972789428,10.362390057647158,41.28767441,2.08999058,654,655,3.768120461219792,4.257719929176705,0.6585277224077976,True,LEBL-24L,LEBL-24L,-,-,,
07:32:32:109,27152.109,LHX06E,ANE53GX,16.627578111071102,6.556629287786818,41.2243637,2.06082648,17.780695503619686,10.29652237534332,41.2865881,2.08674453,654,655,3.913627476823893,4.5007941400641345,0.8187865207757055,True,LEBL-24L,LEBL-24L,-,-,,
07:32:36:094,27156.094,LHX06E,ANE53GX,16.614902854712966,6.277319669117881,41.21971114,2.06051955,17.619422719318937,10.219400867141374,41.28531534,2.0831611,654,655,4.068054120854138,4.760602581832862,0.9975321778402848,True,LEBL-24L,LEBL-24L,-,-,,
07:32:40:078,27160.078,LHX06E,ANE53GX,16.60211515550793,5.99165632140634,41.21495273,2.06020958,17.457621948153513,10.14234911265707,41.28404367,2.07956611,654,655,4.2379408348399,5.028450052553437,1.1767329262661808,True,LEBL-24L,LEBL-24L,-,-,,
07:32:44:063,27164.063,LHX06E,ANE53GX,16.588716805534876,5.707247933089062,41.21021527,2.05988625,17.289663069765894,10.06438140663783,41.28275708,2.07583464,654,655,4.413155081306182,5.297244949101425,1.3619062163827647,True,LEBL-24L,LEBL-24L,-,-,,
07:32:48:047,27168.047,LHX06E,ANE53GX,16.570122749086796,5.409223339283711,41.20525132,2.05944664,17.12299104600155,9.988619766790954,41.28150703,2.07213206,654,655,4.612649454922791,5.582197173899625,1.5449839390705107,True,LEBL-24L,LEBL-24L,-,-,,
07:32:52:039,27172.039,LHX06E,ANE53GX,16.55237062066382,5.112692764447785,41.2003122,2.05902588,16.955743302767,9.910065136819265,41.28021037,2.06841659,654,655,4.814300696867643,5.866816956285923,1.7297588556697812,True,LEBL-24L,LEBL-24L,-,-,,
07:32:56:023,27176.023,LHX06E,ANE53GX,16.530801572333957,4.80591851447545,41.19520268,2.05851972,16.792324793644774,9.829199812671806,41.27887482,2.06478594,654,655,5.030084432302709,6.1635407451083015,1.912038222826409,True,LEBL-24L,LEBL-24L,-,-,,
07:33:00:008,27180.008,LHX06E,ANE53GX,16.51246391871233,4.503429156558708,41.19016432,2.05808558,16.64803442048514,9.730894805927656,41.27724725,2.06157785,654,655,5.229223314822503,6.456196463385115,2.084555364940471,True,LEBL-24L,LEBL-24L,-,-,,
07:33:04:008,27184.008,LHX06E,ANE53GX,16.492107221881742,4.194464688474271,41.18501822,2.05760621,16.509162673492895,9.619489926900703,41.27540096,2.05848882,654,655,5.425052048228978,6.756551678195718,2.258419187424963,True,LEBL-24L,LEBL-24L,-,-,,
07:33:07:992,27187.992,LHX06E,ANE53GX,16.472624172936204,3.886300515464933,41.17988539,2.05714633,16.3886323335213,9.497055895966303,41.27336956,2.05580553,654,655,5.611384015455846,7.056689116414323,2.4218342104880115,True,LEBL-24L,LEBL-24L,-,-,,
07:33:11:984,27191.984,LHX06E,ANE53GX,16.453924498665792,3.5781049399958613,41.17475198,2.05670386,16.276909363595596,9.351135907495186,41.2709462,2.05331548,654,655,5.775744186661154,7.35735139726958,2.590242925134585,True,LEBL-24L,LEBL-24L,-,-,,
07:33:15:969,27195.969,LHX06E,ANE53GX,16.44667568624289,3.2759919441227727,41.16971911,2.05651546,16.186623508234128,9.198984198207322,41.26841749,2.05130022,654,655,5.928698371247493,7.649687825067264,2.7455728470082166,True,LEBL-24L,LEBL-24L,-,-,,
07:33:19:953,27199.953,LHX06E,ANE53GX,16.492097462154554,2.961094419152829,41.16446957,2.05749155,16.116185700998102,9.02661302398398,41.26555052,2.04972321,654,655,6.077156045201454,7.941454147139696,2.897986928085287,True,LEBL-24L,LEBL-24L,-,-,,
07:33:23:938,27203.938,LHX06E,ANE53GX,16.537777752758533,2.672480881590134,41.15965791,2.05847565,16.067641395913252,8.850751210482132,41.26262388,2.04863127,654,655,6.196132055637209,8.209607983104412,3.0384573243138338,True,LEBL-24L,LEBL-24L,-,-,,
07:33:27:922,27207.922,LHX06E,ANE53GX,16.659938182929128,2.376674258405436,41.15472102,2.06115125,16.03271078085601,8.66463143553208,41.2595254,2.04784022,654,655,6.31916289355559,8.469184470423203,3.1788400906122267,True,LEBL-24L,LEBL-24L,-,-,,
07:33:31:906,27211.906,LHX06E,ANE53GX,16.793764523873598,2.098388654716951,41.15007515,2.06408622,16.03271078085601,8.66463143553208,41.2595254,2.04784022,654,655,6.610200228160103,8.713281794446829,3.1788400906122267,True,LEBL-24L,LEBL-24L,-,-,,
,27328.031,ANE53GX,VLG7CV,12.775705609171036,3.1682685748069344,41.16815149,1.97525936,16.454219305019254,8.283854534436747,41.25315239,2.05714672,655,656,6.300847777950567,9.426005444402916,3.13520999433498,True,LEBL-24L,LEBL-24L,-,-,07:35:28:031,07:35:28:031
07:39:07:664,27547.664,RYR26UP,RYR97BB,15.961989617350646,6.470725987809889,41.22297849,2.04607527,18.12547046444246,10.453128714099536,41.28917095,2.09440494,657,658,4.53212762950166,4.892278915247612,0.4401158619663472,False,LEBL-24L,LEBL-24L,-,-,,
07:39:11:648,27551.648,RYR26UP,RYR97BB,15.923765978673565,6.223129866477875,41.21885598,2.04520637,18.001181858848664,10.392898471566191,41.28817702,2.09164297,657,658,4.658607834877695,5.124126518196819,0.5782126751792973,True,LEBL-24L,LEBL-24L,-,-,,
07:39:15:641,27555.641,RYR26UP,RYR97BB,15.88201104295055,5.969837017833185,41.21463879,2.04425886,17.85719907472774,10.325936237387069,41.28707236,2.08844374,657,658,4.7829873689435765,5.36435352789433,0.7370045879696429,True,LEBL-24L,LEBL-24L,-,-,,
07:39:19:625,27559.625,RYR26UP,RYR97BB,15.840497554320082,5.717551005548979,41.21043835,2.04331691,17.699993552557505,10.252123330417204,41.28585447,2.08495076,657,658,4.901027600097943,5.605042460734603,0.9106762391076687,True,LEBL-24L,LEBL-24L,-,-,,
07:39:23:617,27563.617,RYR26UP,RYR97BB,15.794590164302775,5.458419133210039,41.20612414,2.04227717,17.529985047237425,10.175083165911198,41.28458366,2.08117373,657,658,5.025785013019611,5.855108927140485,1.0973146150214834,True,LEBL-24L,LEBL-24L,-,-,,
07:39:27:609,27567.609,RYR26UP,RYR97BB,15.74352462752915,5.189150502279527,41.20164138,2.04112245,17.529985047237425,10.175083165911198,41.28458366,2.08117373,657,658,5.296316206331857,6.117650245908308,1.0973146150214834,True,LEBL-24L,LEBL-24L,-,-,,
07:39:31:594,27571.594,RYR26UP,RYR97BB,15.682516381159388,4.920799076055792,41.19717455,2.03974782,17.175572569452306,10.004886315237908,41.28177421,2.07329939,657,658,5.298788525409766,6.384759158354854,1.4904534631810973,True,LEBL-24L,LEBL-24L,-,-,,
07:39:35:586,27575.586,RYR26UP,RYR97BB,15.566445520241684,4.6646284275495535,41.19291428,2.03715534,16.995916826432012,9.916062298174822,41.28030739,2.06930781,657,658,5.442512830740205,6.665824966437495,1.6908307529243414,True,LEBL-24L,LEBL-24L,-,-,,
07:39:39:586,27579.586,RYR26UP,RYR97BB,15.448369133739318,4.400781444590121,41.18852619,2.03451813,16.828519544122248,9.826583061049138,41.27882864,2.06558811,657,658,5.598583600916347,6.954676254364492,1.8804308974971535,True,LEBL-24L,LEBL-24L,-,-,,
07:39:43:586,27583.586,RYR26UP,RYR97BB,15.256967893675892,4.170857051357319,41.18470796,2.03026096,16.68545975824114,9.689206372202392,41.27655005,2.0624036,657,658,5.700242822371726,7.245887480882936,2.069699285597254,True,LEBL-24L,LEBL-24L,-,-,,
07:39:47:586,27587.586,RYR26UP,RYR97BB,15.0715694066029,3.93933432841823,41.18086256,2.02613703,16.56905036135978,9.544715353093665,41.27415097,2.05980943,657,658,5.801960499835465,7.536389329353533,2.2406503179163737,True,LEBL-24L,LEBL-24L,-,-,,
07:39:51:594,27591.594,RYR26UP,RYR97BB,14.839425943236224,3.744455846668447,41.17763047,2.02098194,16.471005864864303,9.379300172539477,41.27140194,2.0576206,657,658,5.866304084980664,7.816853847496266,2.4088772680380695,True,LEBL-24L,LEBL-24L,-,-,,
07:39:55:594,27595.594,RYR26UP,RYR97BB,14.594290950073216,3.5590648512369207,41.17455702,2.01554058,16.386524095898558,9.188857900893954,41.26823496,2.05573027,657,658,5.908186644898893,8.096945629504958,2.583125078960116,True,LEBL-24L,LEBL-24L,-,-,,
07:39:59:602,27599.602,RYR26UP,RYR97BB,14.343692668743314,3.3790064890788933,41.17157249,2.00997924,16.357162484048565,8.962993747445266,41.26447398,2.05505858,657,658,5.935905524748803,8.377051033591727,2.739450593128409,True,LEBL-24L,LEBL-24L,-,-,,
07:40:03:602,27603.602,RYR26UP,RYR97BB,14.09128639195087,3.197926582740992,41.16857078,2.00437831,16.302126045016124,8.773547749936503,41.26132152,2.05382128,657,658,5.997946596264785,8.66089537865789,2.901163933532456,True,LEBL-24L,LEBL-24L,-,-,,
07:40:07:602,27607.602,RYR26UP,RYR97BB,13.845048009773542,3.0160023874479736,41.16555437,1.99891433,16.287512653671918,8.552835344888859,41.25764534,2.0534771,657,658,6.051623975041509,8.944011025848448,3.058373284243537,True,LEBL-24L,LEBL-24L,-,-,,
07:40:11:609,27611.609,RYR26UP,RYR97BB,13.595274772808644,2.8194908554669174,41.16229487,1.99337151,16.283842615474448,8.314761412242305,41.25367915,2.05337388,657,658,6.117711625827025,9.24282124156831,3.227939875980868,True,LEBL-24L,LEBL-24L,-,-,,
07:40:15:617,27615.617,RYR26UP,RYR97BB,13.355116451416611,2.6329687246082507,41.15920099,1.98804276,16.283435327442387,8.071739616493455,41.2496303,2.05334252,657,658,6.176996054240818,9.529251083776558,3.4072955373501594,True,LEBL-24L,LEBL-24L,-,-,,
07:40:19:617,27619.617,RYR26UP,RYR97BB,13.106877031362243,2.4344589459559085,41.15590759,1.98253481,16.278508569050725,7.819884273931784,41.24543459,2.05321021,657,658,6.249964205822644,9.83119934710762,3.603865049735234,True,LEBL-24L,LEBL-24L,-,-,,
07:40:23:617,27623.617,RYR26UP,RYR97BB,12.863520700084075,2.238844551021457,41.1526619,1.97713567,16.277530426990406,7.562405059707093,41.24114491,2.05316489,657,658,6.324220023453351,10.128989748449436,3.8091642848829745,True,LEBL-24L,LEBL-24L,-,-,,
07:40:27:578,27627.578,RYR97BB,KLM1498,16.287789964979645,7.308618787335972,41.23691598,2.05336889,18.36869832719626,10.56504508182229,41.29101668,2.09980963,658,659,3.864517023298634,4.0111351347296536,0.17237682620107142,False,LEBL-24L,LEBL-24L,-,-,,
07:40:27:617,27627.617,RYR26UP,RYR97BB,12.621164874438112,2.048006454332066,41.14949548,1.97175954,16.287789964979645,7.308618787335972,41.23691598,2.05336889,657,658,6.412346035012575,10.423121745779929,4.0111351347296536,True,LEBL-24L,LEBL-24L,-,-,,
07:40:31:555,27631.555,RYR97BB,KLM1498,16.302902155554587,7.057338799777126,41.23272847,2.0536806,18.28781531914868,10.531695106352348,41.29046735,2.09801272,658,659,4.001378763882286,4.214043187792738,0.2598048625746007,False,LEBL-24L,LEBL-24L,-,-,,
07:40:31:617,27631.617,RYR26UP,RYR97BB,12.374630029246095,1.8474071602279336,41.1461664,1.96629079,16.302902155554587,7.057338799777126,41.23272847,2.0536806,657,658,6.524929853041178,10.728453561494174,4.214043187792738,True,LEBL-24L,LEBL-24L,-,-,,
07:40:35:531,27635.531,RYR97BB,KLM1498,16.3171866962001,6.805987013760452,41.22853982,2.05397393,18.19511670197605,10.485796547815193,41.28970984,2.09595256,658,659,4.131297533888576,4.422449424096922,0.36318995379917685,False,LEBL-24L,LEBL-24L,-,-,,
07:40:39:508,27639.508,RYR97BB,KLM1498,16.331557233162833,6.54878830178026,41.22425375,2.05426859,18.082604875672136,10.431362481650192,41.28881161,2.09345226,658,659,4.259172467572786,4.640272432448671,0.4881623508623042,False,LEBL-24L,LEBL-24L,-,-,,
07:40:43:492,27643.492,RYR97BB,KLM1498,16.345408617709108,6.291118116863529,41.21995986,2.05455167,17.958805109567052,10.373709599762169,41.28786056,2.09070142,658,659,4.389829319708915,4.86264067010164,0.6247281454324933,True,LEBL-24L,LEBL-24L,-,-,,
07:40:47:477,27647.477,RYR97BB,KLM1498,16.360055334990587,6.035519654495815,41.21570043,2.05485252,17.818214732964165,10.311531904730476,41.28683533,2.08757792,658,659,4.517799198067081,5.086164904505119,0.7784286990122739,True,LEBL-24L,LEBL-24L,-,-,,
07:40:51:461,27651.461,RYR97BB,KLM1498,16.372952133667876,5.779194897484092,41.21142902,2.05511451,17.662525823093816,10.23827360011216,41.28562654,2.08411865,658,659,4.641808179652715,5.3139955241965575,0.9504885864204814,True,LEBL-24L,LEBL-24L,-,-,,
07:40:55:445,27655.445,RYR97BB,KLM1498,16.3831325234333,5.517979679251813,41.20707632,2.05531586,17.4974465584977,10.163286401082622,41.28438954,2.08045114,658,659,4.777088057449643,5.549904825246256,1.1317967059384009,True,LEBL-24L,LEBL-24L,-,-,,
07:40:59:430,27659.43,RYR97BB,KLM1498,16.395655645465986,5.261517200213357,41.20280264,2.0555695,17.329832764408042,10.0897733465655,41.28317717,2.07672772,658,659,4.917798725480958,5.782724484909059,1.3147929357150598,True,LEBL-24L,LEBL-24L,-,-,,
07:41:03:414,27663.414,RYR97BB,KLM1498,16.405887411669976,5.0033009647315385,41.1984999,2.05577221,17.163318717806533,10.012860652817448,41.28190796,2.07302849,658,659,5.066496861936374,6.01994079361226,1.498211275369181,True,LEBL-24L,LEBL-24L,-,-,,
07:41:07:398,27667.398,RYR97BB,KLM1498,16.414890942011997,4.739023417550553,41.19409626,2.05594714,17.00224006696665,9.93869162542762,41.28068395,2.06945017,658,659,5.232736231322242,6.264957151718644,1.6755452594475735,True,LEBL-24L,LEBL-24L,-,-,,
07:41:11:383,27671.383,RYR97BB,KLM1498,16.423667121889665,4.475674087602652,41.1897081,2.0561171,16.842680288238306,9.864768662013812,41.27946382,2.06590568,658,659,5.4053595963193155,6.510687448294422,1.8513963808239768,True,LEBL-24L,LEBL-24L,-,-,,
07:41:15:367,27675.367,RYR97BB,KLM1498,16.433295859332258,4.217275354778473,41.18540236,2.05630637,16.688977301373008,9.777771315214608,41.27802534,2.06248993,658,659,5.566371199069517,6.752785318535119,2.0274407291465764,True,LEBL-24L,LEBL-24L,-,-,,
07:41:19:359,27679.359,RYR97BB,KLM1498,16.44354017850207,3.955603224098638,41.18104204,2.05650894,16.54756963509879,9.668615301887144,41.27621672,2.05934483,658,659,5.7139591465810415,6.999004774516619,2.2021451248534474,True,LEBL-24L,LEBL-24L,-,-,,
07:41:23:352,27683.352,RYR97BB,KLM1498,16.45205899247678,3.691660477969634,41.17664401,2.05667308,16.44029407586551,9.529161704383847,41.27390086,2.05695373,658,659,5.837513081925411,7.248991008310469,2.361142760628862,True,LEBL-24L,LEBL-24L,-,-,,
07:41:27:336,27687.336,RYR97BB,KLM1498,16.45991859702439,3.4287059582484485,41.17226249,2.0568227,16.357812071593692,9.385066021841256,41.27150589,2.05511197,658,659,5.957235176631761,7.4991747839114495,2.5031968940001867,True,LEBL-24L,LEBL-24L,-,-,,
07:41:31:328,27691.328,RYR97BB,KLM1498,16.456888320095914,3.1607078681194607,41.1677977,2.05673082,16.29323812585563,9.221533864166537,41.26878583,2.05366551,658,659,6.063034977668767,7.7579706556337715,2.6432104629062434,True,LEBL-24L,LEBL-24L,-,-,,
07:41:35:320,27695.32,RYR97BB,KLM1498,16.45024711520018,2.9017646135906774,41.16348402,2.05655988,16.264427963395597,9.04590935952475,41.26586182,2.05301077,658,659,6.146953994960971,8.009559714509793,2.764841147571366,True,LEBL-24L,LEBL-24L,-,-,,
07:41:39:305,27699.305,RYR97BB,KLM1498,16.43899986553997,2.623278804771337,41.15884507,2.05628523,16.258468854686797,8.869608994841016,41.26292497,2.0528625,658,659,6.248938492996677,8.28168121874551,2.8746768728816203,True,LEBL-24L,LEBL-24L,-,-,,
07:41:43:297,27703.297,RYR97BB,KLM1498,16.43034833224593,2.3521949846253527,41.15432926,2.05606874,16.26249120755826,8.684988324866973,41.25984881,2.0529347,658,659,6.335017561500286,8.546414735920484,2.9887435921228644,True,LEBL-24L,LEBL-24L,-,-,,
07:41:47:289,27707.289,RYR97BB,KLM1498,16.418838331849088,2.065995355314082,41.14956181,2.05578764,16.272739754856627,8.50147026641682,41.25679059,2.05314498,658,659,6.437133067261544,8.82690413842752,3.104322029071085,True,LEBL-24L,LEBL-24L,-,-,,
07:41:51:281,27711.281,RYR97BB,KLM1498,16.409706172846402,1.7755681403973869,41.14472376,2.0555588,16.273413580143632,8.311358740316546,41.25362318,2.05314245,658,659,6.53721151843944,9.111322867569863,3.2376334458341303,True,LEBL-24L,LEBL-24L,-,-,,
07:41:55:266,27715.266,RYR97BB,KLM1498,16.411118202925074,1.487214237282805,41.13991952,2.05556345,16.269244125859675,8.124685023940454,41.25051338,2.05303291,658,659,6.638986872820045,9.39171968468021,3.377061569182559,True,LEBL-24L,LEBL-24L,-,-,,
07:41:59:266,27719.266,RYR97BB,KLM1498,16.438167585738604,1.1899627810009468,41.13496526,2.0561344,16.25726952290585,7.937597865951626,41.24739723,2.05275039,658,659,6.750059507055771,9.675706108579012,3.526204515682379,True,LEBL-24L,LEBL-24L,-,-,,
07:42:03:250,27723.25,RYR97BB,KLM1498,16.5440168559785,0.8906378251527511,41.12997095,2.05844806,16.235242722740235,7.746328877600403,41.2442121,2.05224478,658,659,6.862640983758937,9.946576420572928,3.6883708945360016,True,LEBL-24L,LEBL-24L,-,-,,
07:42:07:234,27727.234,RYR97BB,KLM1498,16.661874045766904,0.604419956670804,41.12519412,2.06102818,16.211241196408622,7.562753309431817,41.24115528,2.05169617,658,659,6.972909938688946,10.205047581364333,3.8483679767184937,True,LEBL-24L,LEBL-24L,-,-,,
07:42:11:219,27731.219,RYR97BB,KLM1498,16.779934854434487,0.3406143672513754,41.12079062,2.06361454,16.211241196408622,7.562753309431817,41.24115528,2.05169617,658,659,7.244494694375728,10.444158380331125,3.8483679767184937,True,LEBL-24L,LEBL-24L,-,-,,
,27819.32,KLM1498,WMT95Z,14.141511701572748,3.210253371481545,41.16877315,2.00549089,16.241677803365196,7.072691504552354,41.23298848,2.05232565,659,660,4.396490189562306,8.624673991778614,4.233707435884173,True,LEBL-24L,LEBL-24L,-,-,07:43:39:320,07:43:39:320
07:44:15:148,27855.148,WMT95Z,IBE04LK,16.396852889649644,4.515092056208623,41.19036669,2.05552709,18.02166801161904,10.40781082695118,41.2884239,2.09209872,660,661,6.112622897876338,6.482144595045163,0.553358139890722,True,LEBL-24L,LEBL-24L,-,-,,
07:44:19:133,27859.133,WMT95Z,IBE04LK,16.41422159412063,4.208761417528646,41.18526184,2.05588332,17.87540333472076,10.336736716067266,41.28725092,2.08884846,660,661,6.299772483079267,6.7668063281549715,0.7159426960973974,True,LEBL-24L,LEBL-24L,-,-,,
07:44:23:125,27863.125,WMT95Z,IBE04LK,16.429986849125267,3.904790221954432,41.18019641,2.05620422,17.716863384290633,10.263261574294525,41.28603877,2.08532591,660,661,6.487388469583802,7.051549784159365,0.8906811011786969,True,LEBL-24L,LEBL-24L,-,-,,
07:44:27:109,27867.109,WMT95Z,IBE04LK,16.4432856380396,3.599110157356725,41.17510268,2.05647032,17.558336573444258,10.191180657858425,41.28484974,2.08180392,660,661,6.685711037139695,7.3402078502976424,1.0648218291550358,True,LEBL-24L,LEBL-24L,-,-,,
07:44:31:102,27871.102,WMT95Z,IBE04LK,16.448230978405558,3.2882849391078603,41.16992381,2.05655102,17.39599602854764,10.122932499792324,41.28372474,2.07819788,660,661,6.900048251211067,7.637434865550648,1.240832123617418,True,LEBL-24L,LEBL-24L,-,-,,
07:44:35:086,27875.086,WMT95Z,IBE04LK,16.452630643579546,2.9825125028677264,41.16482916,2.0566201,17.24342816089698,10.054159629719445,41.28259017,2.07480858,660,661,7.115725809789581,7.930972065433306,1.4081825187664785,True,LEBL-24L,LEBL-24L,-,-,,
07:44:39:070,27879.07,WMT95Z,IBE04LK,16.47905361664226,2.6803159081677905,41.15979255,2.05717686,17.10050008147924,9.95915464381284,41.28101776,2.07163058,660,661,7.30531922972468,8.21643086774607,1.5778707073456375,True,LEBL-24L,LEBL-24L,-,-,,
07:44:43:055,27883.055,WMT95Z,IBE04LK,16.540540698588767,2.383418952736022,41.15484178,2.05850991,16.99087185852611,9.838322602719368,41.27901257,2.0691885,660,661,7.468492925895124,8.489716588316188,1.7299268494397553,True,LEBL-24L,LEBL-24L,-,-,,
07:44:47:039,27887.039,WMT95Z,IBE04LK,16.646168306951576,2.091254172684043,41.14996673,2.06081985,16.90213512032939,9.694557331131508,41.27662375,2.06720752,660,661,7.607610526887401,8.750770303384114,1.8770616827606765,True,LEBL-24L,LEBL-24L,-,-,,
07:44:51:023,27891.023,WMT95Z,IBE04LK,16.789956780306145,1.8189316878924395,41.14541951,2.0639756,16.84231351303462,9.53888488574559,41.27403445,2.06586654,660,661,7.720130737526735,8.988073540904583,2.0097392793049074,True,LEBL-24L,LEBL-24L,-,-,,
07:44:55:000,27895.0,WMT95Z,IBE04LK,16.958840252907216,1.558414010964792,41.14106708,2.06768721,16.80482056516622,9.375678937027049,41.27131803,2.06501991,660,661,7.818782065542879,9.213625042035238,2.133545988715967,True,LEBL-24L,LEBL-24L,-,-,,
07:44:58:984,27898.984,WMT95Z,IBE04LK,17.15982489812954,1.3257913566480088,41.13717695,2.07211114,16.776245204024956,9.202362353167082,41.26843252,2.06437006,660,661,7.885905404259859,9.411700862506633,2.2624609517566823,True,LEBL-24L,LEBL-24L,-,-,,
07:45:02:961,27902.961,WMT95Z,IBE04LK,17.385996889279028,1.1195309427408555,41.13372401,2.07709427,16.754074244380664,9.023537502932228,41.26545478,2.0638617,660,661,7.9292273225506404,9.586334050218184,2.3962852740283735,True,LEBL-24L,LEBL-24L,-,-,,
07:45:06:938,27906.938,WMT95Z,IBE04LK,17.637520236860542,0.9444924277330438,41.13078914,2.08264072,16.754074244380664,9.023537502932228,41.26545478,2.0638617,660,661,8.127204079431557,9.734011249090644,2.3962852740283735,True,LEBL-24L,LEBL-24L,-,-,,
07:45:59:039,27959.039,IBE04LK,DAL251,16.607792917156498,5.894635539208479,41.21333591,2.06032625,18.0676589151816,10.426209728518424,41.28872691,2.09312034,661,662,4.760921482802454,5.116101985640408,0.5038872306904663,True,LEBL-24L,LEBL-24L,-,-,,
07:46:03:023,27963.023,IBE04LK,DAL251,16.592315673214856,5.628932019323262,41.20891023,2.05995863,17.937115455364417,10.364767887297289,41.28771324,2.0902196,661,662,4.92307097475334,5.368921931375322,0.6481650114098293,True,LEBL-24L,LEBL-24L,-,-,,
07:46:07:008,27967.008,IBE04LK,DAL251,16.577895990809886,5.367942977495163,41.20456302,2.05961492,17.792234690359752,10.297243340919762,41.28659924,2.08700045,661,662,5.076674162291917,5.618183811962751,0.8080086179533158,True,LEBL-24L,LEBL-24L,-,-,,
07:46:11:000,27971.0,IBE04LK,DAL251,16.56232100511551,5.104006272908319,41.20016678,2.0592454,17.629543720337463,10.220714604950487,41.28533647,2.08338563,661,662,5.2268220248134964,5.871665149555558,0.987798754187961,True,LEBL-24L,LEBL-24L,-,-,,
07:46:14:992,27974.992,IBE04LK,DAL251,16.545092054002172,4.8376048001634135,41.19572959,2.05883908,17.45998438967084,10.134462507378354,41.2839121,2.07961771,661,662,5.375288788181299,6.128936088913999,1.1779401592518177,True,LEBL-24L,LEBL-24L,-,-,,
07:46:18:984,27978.984,IBE04LK,DAL251,16.528950599437373,4.571062151671028,41.19128997,2.05845688,17.28935084681022,10.059081874602834,41.28266881,2.0758272,661,662,5.540448448951869,6.386796328806117,1.3644293983613514,True,LEBL-24L,LEBL-24L,-,-,,
07:46:22:969,27982.969,IBE04LK,DAL251,16.513036823304336,4.305452095808492,41.18686587,2.05807986,17.118172685884222,9.976780381915002,41.28131013,2.07202409,661,662,5.7035211879129655,6.6444232115291415,1.5543565624941096,True,LEBL-24L,LEBL-24L,-,-,,
07:46:26:961,27986.961,IBE04LK,DAL251,16.493620682704698,4.037249501162897,41.18239882,2.05762512,16.955447599115224,9.8993739194168,41.28003227,2.06840901,661,662,5.8802879857886134,6.906199456655536,1.73455254179131,True,LEBL-24L,LEBL-24L,-,-,,
07:46:30:953,27990.953,IBE04LK,DAL251,16.433738410890538,3.780598860238627,41.17812705,2.05627578,16.790426999113258,9.81436983385075,41.27862788,2.06474246,661,662,6.044304667285767,7.169133819933279,1.920072382460323,True,LEBL-24L,LEBL-24L,-,-,,
07:46:34:945,27994.945,IBE04LK,DAL251,16.352029569519235,3.530052679314308,41.17395848,2.05444407,16.650958769743376,9.716866248557183,41.27701332,2.06164136,661,662,6.194031062830926,7.432619849476826,2.0880730939526964,True,LEBL-24L,LEBL-24L,-,-,,
07:46:38:945,27998.945,IBE04LK,DAL251,16.259798738578716,3.2738767380602427,41.16969681,2.0523792,16.52677734337746,9.5804218841349,41.27474883,2.05887566,661,662,6.312193695926805,7.704578875929168,2.2607214225122485,True,LEBL-24L,LEBL-24L,-,-,,
07:46:42:945,28002.945,IBE04LK,DAL251,16.13775874353576,3.0299422011490598,41.16564109,2.049656,16.43155300675953,9.427999939320308,41.27221606,2.05675057,661,662,6.404799597963717,7.9737388386254935,2.417868253713803,True,LEBL-24L,LEBL-24L,-,-,,
07:46:46:945,28006.945,IBE04LK,DAL251,16.01971933054759,2.78467795031336,41.16156288,2.04702155,16.36676527455989,9.260603229671403,41.26943165,2.05529893,661,662,6.485217738139864,8.243185388066479,2.5602034525186483,True,LEBL-24L,LEBL-24L,-,-,,
07:46:50:945,28010.945,IBE04LK,DAL251,15.898391827851665,2.5292549618775992,41.15731558,2.04431376,16.36676527455989,9.260603229671403,41.26943165,2.05529893,661,662,6.747623521500883,8.523484164066083,2.5602034525186483,True,LEBL-24L,LEBL-24L,-,-,,
07:51:50:766,28310.766,WZZ17JZ,WZZ521,16.09148426786119,7.845185216631881,41.24586896,2.04906839,18.243196635337924,10.513326997196668,41.29016479,2.09702148,663,664,3.4276590661189976,3.704202512016463,0.308037003720191,False,LEBL-24L,LEBL-24L,-,-,,
07:51:54:734,28314.734,WZZ17JZ,WZZ521,16.109972574075623,7.627902220749295,41.24224764,2.04945831,18.131025803295387,10.45909959292785,41.28927,2.09452873,663,664,3.478553537832986,3.8590596288197734,0.4325775327876171,False,LEBL-24L,LEBL-24L,-,-,,
07:52:02:688,28322.688,WZZ17JZ,WZZ521,16.138674417112988,7.167539257507411,41.23457577,2.05005235,17.845541851221697,10.3200520310003,41.28697521,2.08818468,663,664,3.5849314114298862,4.21164143492315,0.7500568364659853,True,LEBL-24L,LEBL-24L,-,-,,
07:52:06:664,28326.664,WZZ17JZ,WZZ521,16.15645075798955,6.937764191839984,41.23074637,2.05042524,17.68283329077599,10.251563965666255,41.28584644,2.08457023,663,664,3.648439745618199,4.393294642311964,0.9264817801936284,True,LEBL-24L,LEBL-24L,-,-,,
07:52:10:641,28330.641,WZZ17JZ,WZZ521,16.17048984925467,6.691317728901998,41.22663947,2.05071378,17.51087474853969,10.171868264334092,41.28453152,2.08074971,663,664,3.729727028607851,4.595571319453231,1.1160094068120034,True,LEBL-24L,LEBL-24L,-,-,,
07:52:14:617,28334.617,WZZ17JZ,WZZ521,16.192179720093048,6.449004743202377,41.22260091,2.05117213,17.343344996812643,10.09284856920545,41.28322741,2.0770276,663,664,3.8213583085894496,4.794682460181601,1.301232143091985,True,LEBL-24L,LEBL-24L,-,-,,
07:52:18:602,28338.602,WZZ17JZ,WZZ521,16.21020821477047,6.189855615318473,41.2182821,2.05154779,17.16978399835702,10.012567222299488,41.2819026,2.0731718,663,664,3.9413081222600588,5.014328202559285,1.492461022366144,True,LEBL-24L,LEBL-24L,-,-,,
07:52:22:578,28342.578,WZZ17JZ,WZZ521,16.233514083270897,5.932103469685335,41.2139862,2.05204041,16.996434762874525,9.929154766953932,41.28052548,2.06932055,663,664,4.069209632884921,5.234080495570252,1.6848125494474078,True,LEBL-24L,LEBL-24L,-,-,,
07:52:26:563,28346.563,WZZ17JZ,WZZ521,16.257289132996828,5.664668855875488,41.20952895,2.05254247,16.831514417292244,9.837258833780789,41.27900629,2.06565552,663,664,4.211916642199832,5.4658717981692115,1.8731412298249375,True,LEBL-24L,LEBL-24L,-,-,,
07:52:30:547,28350.547,WZZ17JZ,WZZ521,16.28587773275579,5.394220810604397,41.20502116,2.05315078,16.68555144670554,9.715911188119852,41.27699496,2.06240815,663,664,4.340132117428232,5.701762831310496,2.057512512602892,True,LEBL-24L,LEBL-24L,-,-,,
07:52:34:531,28354.531,WZZ17JZ,WZZ521,16.312920686512008,5.118633472054968,41.20042785,2.05372431,16.543596451499756,9.577773155149536,41.27470352,2.05924826,663,664,4.465102240923651,5.946083013278836,2.2471183058055595,True,LEBL-24L,LEBL-24L,-,-,,
07:52:38:508,28358.508,WZZ17JZ,WZZ521,16.343194007149428,4.84841909671291,41.19592383,2.05436978,16.434040648753385,9.424077110895617,41.27215053,2.05680535,663,664,4.57655977509801,6.186979687824363,2.417682063161255,True,LEBL-24L,LEBL-24L,-,-,,
07:52:42:492,28362.492,WZZ17JZ,WZZ521,16.370236327277695,4.569325646443166,41.1912721,2.05494281,16.33998234786198,9.247582090178936,41.26921657,2.05470405,663,664,4.678354267969212,6.439798032867041,2.5897876629259833,True,LEBL-24L,LEBL-24L,-,-,,
07:52:46:477,28366.477,WZZ17JZ,WZZ521,16.399353956680166,4.291168363627906,41.18663582,2.05556179,16.271760136760008,9.051695861566868,41.26595772,2.05317382,663,664,4.762237104714003,6.693266603351559,2.7555145956061633,True,LEBL-24L,LEBL-24L,-,-,,
07:52:50:461,28370.461,WZZ17JZ,WZZ521,16.425591924007627,4.007090094507031,41.18190109,2.05611639,16.24067669401982,8.850385315942722,41.26260592,2.05246639,663,664,4.846823933697534,6.955260273246797,2.9005329060033347,True,LEBL-24L,LEBL-24L,-,-,,
07:52:54:453,28374.453,WZZ17JZ,WZZ521,16.453617144642,3.719964946099031,41.17711547,2.05671019,16.227770073995575,8.633647664863728,41.25899584,2.05216047,663,664,4.918870272736047,7.221425850699821,3.0486178271143762,True,LEBL-24L,LEBL-24L,-,-,,
07:52:58:438,28378.438,WZZ17JZ,WZZ521,16.482293658850647,3.4300366846029453,41.1722831,2.05731806,16.228304791492494,8.412376937544117,41.25530931,2.05215205,663,664,4.988809952365371,7.491764149473931,3.1980575052637716,True,LEBL-24L,LEBL-24L,-,-,,
07:53:02:430,28382.43,WZZ17JZ,WZZ521,16.505436267889433,3.13066795347662,41.16729383,2.05780249,16.230436039156025,8.18257769808694,41.25148058,2.05217823,663,664,5.059389013852575,7.774175610972348,3.3605766046154786,True,LEBL-24L,LEBL-24L,-,-,,
07:53:06:414,28386.414,WZZ17JZ,WZZ521,16.534551758656175,2.830999718874248,41.16229915,2.058419,16.24109218179741,7.95288515204432,41.24765304,2.05239332,663,664,5.13028546123604,8.056690499047804,3.524970779083993,True,LEBL-24L,LEBL-24L,-,-,,
07:53:10:398,28390.398,WZZ17JZ,WZZ521,16.59024644543097,2.5389259652748977,41.15742913,2.05962428,16.253575246597613,7.714404582056972,41.24367896,2.05264806,663,664,5.186417492729676,8.326907708684601,3.7021767223938973,True,LEBL-24L,LEBL-24L,-,-,,
07:53:14:383,28394.383,WZZ17JZ,WZZ521,16.692352995066212,2.2549898013455003,41.1526914,2.06185709,16.265077738575076,7.46803190936498,41.23957346,2.05288032,663,664,5.230523125347382,8.580942985950848,3.8929766444917484,True,LEBL-24L,LEBL-24L,-,-,,
07:53:18:367,28398.367,WZZ17JZ,WZZ521,16.835149650462583,1.974696858945869,41.14801143,2.0649902,16.278553951191153,7.212083748279303,41.23530829,2.0531554,663,664,5.266879550645638,8.826525891985895,4.096673245534771,True,LEBL-24L,LEBL-24L,-,-,,
07:53:22:344,28402.344,WZZ17JZ,WZZ521,17.006652963230614,1.721616580290497,41.14378269,2.06876056,16.293868396981363,6.951367916638049,41.23096356,2.05347073,663,664,5.278102014731446,9.044691207104366,4.309118586899849,True,LEBL-24L,LEBL-24L,-,-,,
07:53:26:320,28406.32,WZZ17JZ,WZZ521,17.209306700312776,1.4930984001283616,41.13996078,2.07322193,16.30971171720636,6.686251134094017,41.22654547,2.05379733,663,664,5.270493947622481,9.239019140018925,4.530243787973465,True,LEBL-24L,LEBL-24L,-,-,,
07:53:30:305,28410.305,WZZ17JZ,WZZ521,17.444000547099275,1.2864614647837804,41.13650089,2.07839369,16.327104729271994,6.420231527072519,41.22211223,2.05415813,663,664,5.253860611049002,9.413770456291479,4.756005799684724,True,LEBL-24L,LEBL-24L,-,-,,
07:53:34:281,28414.281,WZZ17JZ,WZZ521,17.697782599639506,1.1164613099354783,41.13364973,2.08399078,16.34202313864531,6.145821440927911,41.21753937,2.0544633,663,664,5.208891152951028,9.557367640665294,4.994428993691884,True,LEBL-24L,LEBL-24L,-,-,,
07:53:38:258,28418.258,WZZ17JZ,WZZ521,17.964835659313124,0.9729307796246204,41.13123829,2.0898836,16.360496549633595,5.877140906074545,41.21306172,2.05484769,663,664,5.159959393563217,9.681254426231172,5.229733122495564,True,LEBL-24L,LEBL-24L,-,-,,
07:53:38:469,28418.469,WZZ521,AEA68NT,16.360496549633595,5.877140906074545,41.21306172,2.05484769,18.03477329782345,10.413606782651764,41.28851946,2.09238989,664,665,4.835568764776147,5.229733122495564,0.5390295561603347,True,LEBL-24L,LEBL-24L,-,LARPA1C,,
07:53:42:234,28422.234,WZZ17JZ,WZZ521,18.246438698326024,0.8558221030644723,41.12926563,2.09610052,16.372192796938684,5.593027586236365,41.20832742,2.05508052,663,664,5.094498354957148,9.786112467731497,5.4850311231985485,True,LEBL-24L,LEBL-24L,-,-,,
07:53:42:453,28422.453,WZZ521,AEA68NT,16.372192796938684,5.593027586236365,41.20832742,2.05508052,17.898943119773943,10.348592202673274,41.28744665,2.08937159,664,665,4.994633256745112,5.4850311231985485,0.6896002782084953,True,LEBL-24L,LEBL-24L,-,LARPA1C,,
07:53:46:211,28426.211,WZZ17JZ,WZZ521,18.53898469028739,0.7702857591550547,41.12781779,2.10256239,16.386635694788513,5.314337337927177,41.20368328,2.05537464,663,664,5.028022568462322,9.86769663118496,5.737003986978733,True,LEBL-24L,LEBL-24L,-,-,,
07:53:46:438,28426.438,WZZ521,AEA68NT,16.386635694788513,5.314337337927177,41.20368328,2.05537464,17.75358079461037,10.278373099389585,41.28628777,2.08614152,664,665,5.148804710513368,5.737003986978733,0.8510154317354892,True,LEBL-24L,LEBL-24L,-,LARPA1C,,
07:53:50:188,28430.188,WZZ17JZ,WZZ521,18.8379186903592,0.7011756482703841,41.12664275,2.109167,16.386635694788513,5.314337337927177,41.20368328,2.05537464,663,664,5.223987854052793,9.941726007143306,5.737003986978733,True,LEBL-24L,LEBL-24L,-,-,,
07:53:50:422,28430.422,WZZ521,AEA68NT,16.402423750581622,5.0375458510132525,41.19907068,2.05569868,17.599618598187266,10.211153755183242,41.28517942,2.08272119,664,665,5.310319599536707,5.989126272810805,1.0189693741487462,True,LEBL-24L,LEBL-24L,-,LARPA1C,,
07:53:54:406,28434.406,WZZ521,AEA68NT,16.4176729339735,4.758218651953803,41.19441587,2.05601051,17.433339823569717,10.133660966051934,41.28390072,2.07902689,664,665,5.470553838764292,6.245947558429918,1.2024178063162911,True,LEBL-24L,LEBL-24L,-,LARPA1C,,
07:53:58:391,28438.391,WZZ521,AEA68NT,16.431261934049484,4.4731452763261705,41.18966544,2.05628501,17.273867263064922,10.058699156238092,41.28266357,2.07548388,664,665,5.648751710412162,6.5106347570537295,1.3786267363468216,True,LEBL-24L,LEBL-24L,-,LARPA1C,,
07:54:02:375,28442.375,WZZ521,AEA68NT,16.445735112151443,4.193310162177046,41.18500222,2.05657953,17.10895882170573,9.9751676125938,41.28128393,2.07181966,664,665,5.81977158193126,6.771746407086264,1.563383221665491,True,LEBL-24L,LEBL-24L,-,LARPA1C,,
07:54:06:359,28446.359,WZZ521,AEA68NT,16.464462907748516,3.90537913927362,41.18020382,2.05696744,16.951684561316178,9.896513811669443,41.27998489,2.06832531,664,665,6.010913375061116,7.040821317193383,1.7391755328966778,True,LEBL-24L,LEBL-24L,-,LARPA1C,,
07:54:10:344,28450.344,WZZ521,AEA68NT,16.508290879398743,3.632372270926297,41.17565231,2.05791226,16.799725922970424,9.794125768024458,41.27828994,2.06494669,664,665,6.168641709778826,7.290068468088952,1.9204851262450784,True,LEBL-24L,LEBL-24L,-,LARPA1C,,
07:54:14:328,28454.328,WZZ521,AEA68NT,16.616263051205877,3.361559942081956,41.17113285,2.06027686,16.67336104375766,9.666623254756036,41.27617466,2.06213326,664,665,6.305321844091869,7.522567942171202,2.090854643998966,True,LEBL-24L,LEBL-24L,-,LARPA1C,,
07:54:18:313,28458.313,WZZ521,AEA68NT,16.710703963146784,3.11343292172106,41.16699225,2.0623438,16.565352508579295,9.5237016210633,41.27380113,2.05972549,664,665,6.411916393958341,7.740152384002627,2.254191810742759,True,LEBL-24L,LEBL-24L,-,LARPA1C,,
07:54:22:289,28462.289,WZZ521,AEA68NT,16.871927085222218,2.870731730176095,41.16293725,2.0658889,16.482272100648455,9.365355731732215,41.27116883,2.05786904,664,665,6.506302477489962,7.941178000725235,2.4066231473117914,True,LEBL-24L,LEBL-24L,-,LARPA1C,,
07:54:26:266,28466.266,WZZ521,AEA68NT,17.054180454600235,2.6614240940476503,41.15943698,2.06990214,16.418354721168843,9.194960719828606,41.26833442,2.05643639,664,665,6.564402120811518,8.110998949336969,2.553383497460738,True,LEBL-24L,LEBL-24L,-,LARPA1C,,
07:54:30:242,28470.242,WZZ521,AEA68NT,17.262558888640992,2.4653678781073807,41.15615544,2.07449433,16.385503322228928,9.018611929580317,41.26539864,2.05569189,664,665,6.611674074297659,8.269518703581083,2.6831506224799293,True,LEBL-24L,LEBL-24L,-,LARPA1C,,
07:54:34:219,28474.219,WZZ521,AEA68NT,17.49239966740698,2.2965250280980825,41.15332552,2.07956363,16.370802743930522,8.840846955507335,41.262438,2.05534962,664,665,6.639738635542923,8.40510417931251,2.805306627198323,True,LEBL-24L,LEBL-24L,-,LARPA1C,,
07:54:38:195,28478.195,WZZ521,AEA68NT,17.73491793853956,2.141881149962765,41.15073099,2.08491441,16.367010727391033,8.65326530378726,41.25931305,2.05524824,664,665,6.653517395858289,8.53273805895368,2.9318080897858536,True,LEBL-24L,LEBL-24L,-,LARPA1C,,
07:54:42:172,28482.172,WZZ521,AEA68NT,17.98154024435402,1.9859635347261255,41.14811468,2.09035544,16.37359142846063,8.467972941953233,41.25622552,2.05537696,664,665,6.678468787822076,8.669053203501216,3.055646681861222,True,LEBL-24L,LEBL-24L,-,LARPA1C,,
07:54:46:148,28486.148,WZZ521,AEA68NT,18.2309431944224,1.833607001957089,41.14555723,2.09585792,16.37359142846063,8.467972941953233,41.25622552,2.05537696,664,665,6.889453317085633,8.809270830566447,3.055646681861222,True,LEBL-24L,LEBL-24L,-,LARPA1C,,
07:54:58:469,28498.469,AEA68NT,RYR2VW,16.398005570751426,7.68105714264203,41.24311337,2.0558452,18.189588999983776,10.47963303377153,41.28960758,2.09582936,665,666,3.3229201317984187,3.6423863901222995,0.3708060450657147,False,LEBL-24L,LEBL-24L,LARPA1C,-,,
07:55:02:445,28502.445,AEA68NT,RYR2VW,16.402120817257202,7.466613293342274,41.23954033,2.05591654,18.07588808449933,10.430580046368233,41.28879909,2.09330325,665,666,3.4039088968323497,3.816236492332977,0.4945836432766305,False,LEBL-24L,LEBL-24L,LARPA1C,-,,
07:55:06:422,28506.422,AEA68NT,RYR2VW,16.407102588961795,7.24157139327073,41.23579066,2.05600609,17.945060448780552,10.368811908798744,41.28778001,2.09039617,665,666,3.4849602035802656,4.002568759559559,0.6392557883868559,True,LEBL-24L,LEBL-24L,LARPA1C,-,,
07:55:10:398,28510.398,AEA68NT,RYR2VW,16.41237125762385,7.0150565697971645,41.23201643,2.05610185,17.80064346128877,10.300525688433202,41.28665329,2.08718722,665,666,3.5667361888678735,4.193834508855845,0.7990001182761225,True,LEBL-24L,LEBL-24L,LARPA1C,-,,
07:55:14:383,28514.383,AEA68NT,RYR2VW,16.416776326522662,6.782610984078248,41.22814345,2.05617792,17.6378620935358,10.223704487078589,41.28538566,2.08357036,665,666,3.6513250946462192,4.3940810441109805,0.9789963154874136,True,LEBL-24L,LEBL-24L,LARPA1C,-,,
07:55:18:359,28518.359,AEA68NT,RYR2VW,16.420197338769484,6.540507966256845,41.22410964,2.05623129,17.477612908590075,10.133503217679808,41.28389481,2.08000846,665,666,3.7453628080663917,4.606401987528594,1.1624437021784377,True,LEBL-24L,LEBL-24L,LARPA1C,-,,
07:55:22:344,28522.344,AEA68NT,RYR2VW,16.426893773411944,6.2953425292933485,41.22002458,2.05635692,17.27355858038884,10.070518561156906,41.28286051,2.07547819,665,666,3.8689527480870454,4.822863840969615,1.3739834354089397,True,LEBL-24L,LEBL-24L,LARPA1C,-,,
07:55:26:328,28526.328,AEA68NT,RYR2VW,16.431448794987823,6.044703759054941,41.21584848,2.0564346,17.093472413734236,9.980531515492752,41.28137442,2.07147684,665,666,3.9911170616914244,5.047831824518354,1.575176367566786,True,LEBL-24L,LEBL-24L,LARPA1C,-,,
07:55:30:313,28530.313,AEA68NT,RYR2VW,16.435377023265804,5.788453931717372,41.21157894,2.05649787,16.91500040099961,9.897480906723986,41.28000364,2.06751212,665,666,4.136924131018212,5.280519583094728,1.7720235355564606,True,LEBL-24L,LEBL-24L,LARPA1C,-,,
07:55:34:297,28534.297,AEA68NT,RYR2VW,16.439659824198973,5.529236317017161,41.20725993,2.05656871,16.733531165344015,9.808092157784632,41.27852734,2.06348052,665,666,4.288935493944423,5.517912869636381,1.9742498299853106,True,LEBL-24L,LEBL-24L,LARPA1C,-,,
07:55:38:281,28538.281,AEA68NT,RYR2VW,16.444003946291193,5.271858649267953,41.20297157,2.05664107,16.552917278099606,9.719304287506263,41.27706085,2.05946812,665,666,4.448779025635076,5.755454518280952,2.175458958925064,True,LEBL-24L,LEBL-24L,LARPA1C,-,,
07:55:42:266,28542.266,AEA68NT,RYR2VW,16.448572965208918,5.01608632578016,41.19870994,2.05671855,16.382819449973077,9.623993865256642,41.27548482,2.05568842,665,666,4.608376657471704,5.993053361307876,2.3699393176918977,True,LEBL-24L,LEBL-24L,LARPA1C,-,,
07:55:46:258,28546.258,AEA68NT,RYR2VW,16.448822137448197,4.754639474461279,41.19435407,2.05669985,16.23070543252833,9.497339481511572,41.27338522,2.05230469,665,666,4.747712949814884,6.238882686317842,2.5620927939692777,True,LEBL-24L,LEBL-24L,LARPA1C,-,,
07:55:50:242,28550.242,AEA68NT,RYR2VW,16.44831667669613,4.490315629128545,41.18995032,2.05666418,16.106855633985166,9.339706560093104,41.27076747,2.04954489,665,666,4.86139774602023,6.488900799660578,2.7445176634173003,True,LEBL-24L,LEBL-24L,LARPA1C,-,,
07:55:54:227,28554.227,AEA68NT,RYR2VW,16.451138327520315,4.234078667323599,41.18568107,2.05670292,16.02286543065151,9.16434878905484,41.26785164,2.04766723,665,666,4.948836342760607,6.731292146020189,2.9037365653794303,True,LEBL-24L,LEBL-24L,LARPA1C,-,,
07:55:58:219,28558.219,AEA68NT,RYR2VW,16.4674386417426,3.974858011131116,41.18136117,2.05703975,15.968636563319814,8.975222954205652,41.26470438,2.04644815,665,666,5.025181894953425,6.973535148971852,3.0494523630969317,True,LEBL-24L,LEBL-24L,LARPA1C,-,,
07:56:02:203,28562.203,AEA68NT,RYR2VW,16.510739796865632,3.72606662684676,41.17721314,2.05797517,15.964993018302676,8.77131043221491,41.26130733,2.04634901,665,666,5.074674827209871,7.199391333101888,3.1682000851197674,True,LEBL-24L,LEBL-24L,LARPA1C,-,,
07:56:06:188,28566.188,AEA68NT,RYR2VW,16.631542810186907,3.4714593099315723,41.17296276,2.06062533,15.993328813079074,8.566732790674518,41.25789703,2.04695856,665,666,5.135088017713688,7.412399535217849,3.2709062861448333,True,LEBL-24L,LEBL-24L,LARPA1C,-,,
07:56:10:164,28570.164,AEA68NT,RYR2VW,16.73864978924588,3.252074633719101,41.16930012,2.06297534,16.045307134652035,8.367290745613783,41.25457068,2.04809246,665,666,5.161991854707463,7.59882448789444,3.362189591771348,True,LEBL-24L,LEBL-24L,LARPA1C,-,,
07:56:14:141,28574.141,AEA68NT,RYR2VW,16.89678903528739,3.045511415770225,41.1658474,2.06645571,16.100837059453273,8.15872258062087,41.25109203,2.04930412,665,666,5.174791586546025,7.765060892610667,3.4673772426085083,True,LEBL-24L,LEBL-24L,LARPA1C,-,,
07:56:18:125,28578.125,AEA68NT,RYR2VW,17.07132648626907,2.852416453732706,41.16261778,2.0702999,16.15268102689115,7.94318826590822,41.24749756,2.05043334,665,666,5.172994019296412,7.920083514217821,3.59015733284681,True,LEBL-24L,LEBL-24L,LARPA1C,-,,
07:56:22:102,28582.102,AEA68NT,RYR2VW,17.26422529527149,2.6736336389914785,41.15962514,2.07455142,16.19451418882547,7.723707087740193,41.24383801,2.05134026,665,666,5.162123951341221,8.063495676071875,3.731432238595487,True,LEBL-24L,LEBL-24L,LARPA1C,-,,
07:56:26:078,28586.078,AEA68NT,RYR2VW,17.46374461633435,2.4996252656907694,41.1567114,2.07894952,16.226027436853222,7.495407275959304,41.24003224,2.05201762,665,666,5.146822486787886,8.207235787567434,3.893645787450946,True,LEBL-24L,LEBL-24L,LARPA1C,-,,
07:56:30:055,28590.055,AEA68NT,RYR2VW,17.66552557459248,2.32226799047789,41.15374153,2.08339694,16.247854474478252,7.259976632969733,41.23610833,2.05247965,665,666,5.137193590496441,8.359990625945425,4.0737868240657775,True,LEBL-24L,LEBL-24L,LARPA1C,-,,
07:56:34:039,28594.039,AEA68NT,RYR2VW,17.868158464915258,2.142750193401548,41.15073543,2.08786259,16.26858930103591,7.024993552984961,41.23219195,2.05291747,665,666,5.137598829436764,8.520568844228348,4.259636359798841,True,LEBL-24L,LEBL-24L,LARPA1C,-,,
07:56:38:016,28598.016,AEA68NT,RYR2VW,18.07342175569603,1.9607878569097537,41.14768823,2.09238578,16.282319590996615,6.775617086069499,41.22803625,2.05319875,665,666,5.137180887448092,8.68892125152079,4.466195644589231,True,LEBL-24L,LEBL-24L,LARPA1C,-,,
07:56:42:000,28602.0,AEA68NT,RYR2VW,18.279696472930105,1.7794445999457886,41.14465109,2.09693099,16.294084199157062,6.518035920229991,41.22374399,2.0534357,665,666,5.137791724314146,8.861920365351423,4.6851215605992245,True,LEBL-24L,LEBL-24L,LARPA1C,-,,
07:56:45:984,28605.984,AEA68NT,RYR2VW,18.48859116476148,1.595399902077003,41.14156856,2.10153346,16.305789976541295,6.255374894040362,41.2193671,2.05367085,665,666,5.145870961559313,9.042645269591398,4.912388291390312,True,LEBL-24L,LEBL-24L,LARPA1C,-,,
07:56:49:961,28609.961,AEA68NT,RYR2VW,18.69647274894457,1.408066708624994,41.13843114,2.10611274,16.305789976541295,6.255374894040362,41.2193671,2.05367085,665,666,5.404790538278115,9.23150035304429,4.912388291390312,True,LEBL-24L,LEBL-24L,LARPA1C,-,,
