tick_time_s,callsign_preceding,callsign_following,X_pre,Y_pre,X_fol,Y_fol,distance_nm,ATCZone_pre,thr_distance_nm_pre,ATCZone_fol,thr_distance_nm_fol,ATCZone,thr_distance_nm,min_required_nm,is_below_minima,margin_nm,Aircraft_Type_Preceding,Aircraft_Type_Following,Wake_Pre,Wake_Fol,wake_required_nm,wake_is_below,wake_margin_nm
14484.0,RYR1FB,RYR82GJ,17.64150406638069,10.230940333570665,28.451345875759745,9.26288733189064,10.85310124148214,TWR,0.4612884669903653,TMA,10.021248107614106,TMA,10.021248107614106,3.0,False,7.85310124148214,B38M,B738,,,,False,
14508.0,RYR1FB,RYR1FB,18.534081959146803,10.631678328651908,18.69753434109784,10.70021389634802,0.17723940082525522,TMA,0.0111414989583732,TMA,0.0111414989583732,TMA,0.0111414989583732,3.0,True,-2.8227605991747446,B38M,B38M,,,,False,
14508.0,RYR1FB,RYR1FB,18.534081959146803,10.631678328651908,18.69753434109784,10.70021389634802,0.17723940082525522,TMA,0.0111414989583732,TMA,0.1835226971946778,TMA,0.1835226971946778,3.0,False,-2.8227605991747446,B38M,B38M,,,,False,
14508.0,RYR1FB,RYR1FB,18.534081959146803,10.631678328651908,18.69753434109784,10.70021389634802,0.17723940082525522,TMA,0.1835226971946778,TMA,0.0111414989583732,TMA,0.0111414989583732,3.0,False,-2.8227605991747446,B38M,B38M,,,,False,
14508.0,RYR1FB,RYR1FB,18.534081959146803,10.631678328651908,18.69753434109784,10.70021389634802,0.17723940082525522,TMA,0.1835226971946778,TMA,0.1835226971946778,TMA,0.1835226971946778,3.0,False,-2.8227605991747446,B38M,B38M,,,,False,
14628.0,VLG6152,RYR1FB,17.580776571465258,10.207406117530038,25.57480076223676,10.049305288852771,7.995587447753191,TWR,0.3963127524239635,TMA,7.074446337322427,TMA,7.074446337322427,3.0,False,4.995587447753191,A320,B38M,,,,False,
14632.0,VLG6152,RYR1FB,17.700124366235805,10.257117768663036,25.842082277457735,10.073331342892391,8.144031930095002,TWR,0.5254832503558833,TMA,7.338947021219303,TMA,7.338947021219303,3.0,False,5.144031930095002,A320,B38M,,,,False,
14636.0,VLG6152,RYR1FB,17.833851015408133,10.324034160727582,26.10882816249936,10.126701906348735,8.277329690395346,TMA,0.6749567720470143,TMA,7.601153687442645,TMA,7.601153687442645,3.0,False,5.277329690395346,A320,B38M,,,,False,
14640.0,VLG6152,RYR1FB,17.979265860403416,10.388316702304827,26.37278726317664,10.198127001534234,8.395675890664872,TMA,0.600026712208616,TMA,7.860214883242874,TMA,7.860214883242874,3.0,False,5.395675890664872,A320,B38M,,,,False,
14644.0,VLG6152,RYR1FB,18.13827063087476,10.464179157935392,26.623944302576287,10.310224602096133,8.4870701462797,TMA,0.4238838102469127,TMA,8.105684581842524,TMA,8.105684581842524,3.0,False,5.4870701462797005,A320,B38M,,,,False,
14648.0,VLG6152,RYR1FB,18.299689460488548,10.540400296032882,26.871045520578416,10.44801754119807,8.571853899958292,TMA,0.2454280612915653,TMA,8.348318326582598,TMA,8.348318326582598,3.0,False,5.571853899958292,A320,B38M,,,,False,
14652.0,VLG6152,RYR1FB,18.45334404715645,10.60861942914758,27.112153478008985,10.59943057989549,8.658814306518613,TMA,0.0773318122826271,TMA,8.587351413098249,TMA,8.587351413098249,3.0,False,5.658814306518613,A320,B38M,,,,False,
14652.0,VLG6152,RYR1FB,18.45334404715645,10.60861942914758,27.112153478008985,10.59943057989549,8.658814306518613,TMA,0.0918736041578712,TMA,8.587351413098249,TMA,8.587351413098249,3.0,False,5.658814306518613,A320,B38M,,,,False,
14652.0,RYR1FB,VLG6152,27.112153478008985,10.59943057989549,18.609038059278696,10.674845352632188,8.50344984181101,TMA,8.587351413098249,TMA,0.0773318122826271,TMA,0.0773318122826271,3.0,False,5.50344984181101,B38M,A320,,,,False,
14652.0,RYR1FB,VLG6152,27.112153478008985,10.59943057989549,18.609038059278696,10.674845352632188,8.50344984181101,TMA,8.587351413098249,TMA,0.0918736041578712,TMA,0.0918736041578712,3.0,False,5.50344984181101,B38M,A320,,,,False,
14656.0,RYR1FB,VLG6152,27.36572254624076,10.750848944556047,18.758151467278616,10.748298522194078,8.607571456807069,TMA,8.841554544301038,TMA,0.2580377023088914,TMA,0.2580377023088914,3.0,False,5.607571456807069,B38M,A320,,,,False,
14660.0,RYR1FB,VLG6152,27.628341326008474,10.900707229470076,18.9178677549617,10.801361313886934,8.711040089613144,TMA,9.107243378313868,TMA,0.4255920732245017,TMA,0.4255920732245017,3.0,False,5.711040089613144,B38M,A320,,,,False,
14664.0,RYR1FB,VLG6152,27.88762600270628,11.048822544590832,19.08820920668675,10.837574634443628,8.801952148791324,TMA,9.371747456336925,TMA,0.5976380490166358,TMA,0.5976380490166358,3.0,False,5.801952148791324,B38M,A320,,,,False,
14668.0,RYR1FB,VLG6152,28.1520133184978,11.195199558488662,19.26244797333448,10.8538492621502,8.896116683741226,TMA,9.643237701586973,TMA,0.768502925236893,TMA,0.768502925236893,3.0,False,5.896116683741226,B38M,A320,,,,False,
14672.0,RYR1FB,VLG6152,28.418156292921743,11.34115538331978,19.452549780563967,10.845523659353718,8.979295681746635,TMA,9.918226298849651,TMA,0.950596078039913,TMA,0.950596078039913,3.0,False,5.979295681746635,B38M,A320,,,,False,
14676.0,RYR1FB,VLG6152,28.689843760746808,11.486256518176113,19.64027855420517,10.835329881603409,9.07294527227233,TMA,10.200289229946128,TMA,1.1327156980014346,TMA,1.1327156980014346,3.0,False,6.07294527227233,B38M,A320,,,,False,
14680.0,RYR1FB,VLG6152,28.9633376659992,11.630903879314896,19.833281017540436,10.821932331886073,9.165826169452238,TMA,10.485567837824997,TMA,1.3212615624458586,TMA,1.3212615624458586,3.0,False,6.165826169452238,B38M,A320,,,,False,
14684.0,RYR1FB,VLG6152,29.227891670587404,11.771862258884337,20.03712796452657,10.80410276840172,9.241574321081028,TMA,10.76289840337804,TMA,1.5213373561843715,TMA,1.5213373561843715,3.0,False,6.241574321081028,B38M,A320,,,,False,
14688.0,RYR1FB,VLG6152,29.502500805233847,11.911500222566676,20.23600877029273,10.784321230726324,9.334795504630693,TMA,11.05123721531501,TMA,1.71736728392935,TMA,1.71736728392935,3.0,False,6.3347955046306925,B38M,A320,,,,False,
14692.0,RYR1FB,VLG6152,29.7761542754502,12.050841289270307,20.44155417310879,10.75937693132395,9.423515228325257,TMA,11.339628697138874,TMA,1.920506746588128,TMA,1.920506746588128,3.0,False,6.4235152283252575,B38M,A320,,,,False,
14696.0,RYR1FB,VLG6152,30.048243318146685,12.190455625149427,20.661973306685105,10.72969288843598,9.499257471036014,TMA,11.62746358244075,TMA,2.1390521008769525,TMA,2.1390521008769525,3.0,False,6.499257471036014,B38M,A320,,,,False,
14700.0,RYR1FB,VLG6152,30.323098504621186,12.330342192427718,20.87794834201829,10.69824368423252,9.585124262865376,TMA,11.91897116993429,TMA,2.3538315550750726,TMA,2.3538315550750726,3.0,False,6.585124262865376,B38M,A320,,,,False,
14736.0,VLG9YD,VLG6152,17.453808632351873,10.146260597665824,22.98091658413964,10.341413815280372,5.530552150469324,TWR,0.2553915341247842,TMA,4.465885436051467,TMA,4.465885436051467,3.0,False,2.5305521504693242,A320,A320,,,,False,
14740.0,VLG9YD,VLG6152,17.56003240732852,10.200258201899816,23.214520781945712,10.305379960263886,5.655465441744164,TWR,0.3745164602674009,TMA,4.701411286601569,TMA,4.701411286601569,3.0,False,2.6554654417441643,A320,A320,,,,False,
14744.0,VLG9YD,VLG6152,17.69221736777747,10.25884495371539,23.45182259747053,10.270238603898234,5.759616499140559,TWR,0.5190465244896626,TMA,4.940638332048066,TMA,4.940638332048066,3.0,False,2.7596164991405594,A320,A320,,,,False,
14748.0,VLG9YD,VLG6152,17.84083149673111,10.328569368637302,23.681922889844863,10.237009224268544,5.841808959795279,TMA,0.6832036079865358,TMA,5.172598429946341,TMA,5.172598429946341,3.0,False,2.841808959795279,A320,A320,,,,False,
14752.0,VLG9YD,VLG6152,18.010621279928838,10.405311184710458,23.91648064533568,10.204183011800788,5.909283153302244,TMA,0.5644484360460754,TMA,5.409014551128734,TMA,5.409014551128734,3.0,False,2.909283153302244,A320,A320,,,,False,
14756.0,VLG9YD,VLG6152,18.179029369199696,10.48011347880906,24.15123257319252,10.172580242854837,5.980116035747017,TMA,0.3801815251712626,TMA,5.645559031453554,TMA,5.645559031453554,3.0,False,2.9801160357470167,A320,A320,,,,False,
14760.0,VLG9YD,VLG6152,18.346141288987543,10.555781312833355,24.39838098964457,10.139024167654512,6.066571677007259,TMA,0.196738272254217,TMA,5.89464694607634,TMA,5.89464694607634,3.0,False,3.066571677007259,A320,A320,,,,False,
14760.0,VLG9YD,VLG6152,18.346141288987543,10.555781312833355,24.39838098964457,10.139024167654512,6.066571677007259,TMA,0.017594628275586,TMA,5.89464694607634,TMA,5.89464694607634,3.0,False,3.066571677007259,A320,A320,,,,False,
14760.0,VLG6152,VLG9YD,24.39838098964457,10.139024167654512,18.507865409004594,10.633524470738267,5.911235433943755,TMA,5.89464694607634,TMA,0.196738272254217,TMA,0.196738272254217,3.0,False,2.911235433943755,A320,A320,,,,False,
14760.0,VLG6152,VLG9YD,24.39838098964457,10.139024167654512,18.507865409004594,10.633524470738267,5.911235433943755,TMA,5.89464694607634,TMA,0.017594628275586,TMA,0.017594628275586,3.0,False,2.911235433943755,A320,A320,,,,False,
14764.0,VLG6152,VLG9YD,24.6465930918018,10.107241175006266,18.670113387983907,10.703906699710132,6.006190090108484,TMA,6.144667766747892,TMA,0.1594916729208799,TMA,0.1594916729208799,3.0,False,3.0061900901084844,A320,A320,,,,False,
14768.0,VLG6152,VLG9YD,24.90257960114013,10.074992576701542,18.84303562348673,10.755929693931472,6.097683869694867,TMA,6.402490862946332,TMA,0.3393103263726386,TMA,0.3393103263726386,3.0,False,3.097683869694867,A320,A320,,,,False,
14772.0,VLG6152,VLG9YD,25.16175206129504,10.04307337971046,19.02440667581524,10.786744994618562,6.182237123524964,TMA,6.6634722126120325,TMA,0.5212021289940486,TMA,0.5212021289940486,3.0,False,3.1822371235249642,A320,A320,,,,False,
14776.0,VLG6152,VLG9YD,25.43165555428217,10.008891489570813,19.219653494219788,10.7936829342827,6.261379017909094,TMA,6.935356735643365,TMA,0.7120000793185931,TMA,0.7120000793185931,3.0,False,3.2613790179090936,A320,A320,,,,False,
14780.0,VLG6152,VLG9YD,25.704824506788,9.972832362377446,19.423087011832724,10.786589269080253,6.334226571471335,TMA,7.210678984061753,TMA,0.9104106004805196,TMA,0.9104106004805196,3.0,False,3.3342265714713353,A320,A320,,,,False,
14784.0,VLG6152,VLG9YD,25.977828876098474,9.938184851427364,19.63589691781723,10.771669729865735,6.396467619401696,TMA,7.485721201483929,TMA,1.1190239385221117,TMA,1.1190239385221117,3.0,False,3.3964676194016956,A320,A320,,,,False,
14788.0,VLG6152,VLG9YD,26.24526220308436,9.895912246541808,19.852140389798212,10.75168619286752,6.450143840777896,TMA,7.755953996328317,TMA,1.3321142114966102,TMA,1.3321142114966102,3.0,False,3.450143840777896,A320,A320,,,,False,
14792.0,VLG6152,VLG9YD,26.51617201105568,9.82610712194635,20.06789712696328,10.728665325985668,6.511133564326224,TMA,8.032417839519573,TMA,1.5456715913794068,TMA,1.5456715913794068,3.0,False,3.511133564326224,A320,A320,,,,False,
14796.0,VLG6152,VLG9YD,26.76013795863128,9.691667315344429,20.28612945250009,10.70272800419604,6.552482724433546,TMA,8.28944062499358,TMA,1.76243093222772,TMA,1.76243093222772,3.0,False,3.5524827244335464,A320,A320,,,,False,
14800.0,VLG6152,VLG9YD,26.996670141147877,9.56542237388095,20.51186696670152,10.67357861366422,6.57880554987607,TMA,8.539405518150078,TMA,1.987297413376362,TMA,1.987297413376362,3.0,False,3.57880554987607,A320,A320,,,,False,
14804.0,VLG6152,VLG9YD,27.197708222163783,9.384353342925577,20.74131712321545,10.642083120154997,6.577755712635492,TMA,8.76295392501471,TMA,2.2164323784986184,TMA,2.2164323784986184,3.0,False,3.5777557126354917,A320,A320,,,,False,
14808.0,VLG9YD,VLG6152,20.97739929712136,10.608649129726798,27.377999261478124,9.17509280595378,6.55917400570784,TMA,2.452686033872065,TMA,8.973159177629874,TMA,8.973159177629874,3.0,False,3.55917400570784,A320,A320,,,,False,
14812.0,VLG9YD,VLG6152,21.22193170809417,10.572825496879164,27.525603690818222,8.943126149960845,6.510929305953656,TMA,2.6978298442454145,TMA,9.1588960289967,TMA,9.1588960289967,3.0,False,3.510929305953656,A320,A320,,,,False,
14816.0,VLG9YD,VLG6152,21.46877737766688,10.535531561691576,27.64123830244013,8.694089193833385,6.44128743823747,TMA,2.945670636495769,TMA,9.32129359585796,TMA,9.32129359585796,3.0,False,3.4412874382374703,A320,A320,,,,False,
14848.0,RYR28RR,VLG9YD,17.599869886685735,10.216266373019906,23.52600144628712,10.24464237458659,5.926199495390654,TWR,0.4173608870365126,TMA,5.0165564464559385,TMA,5.0165564464559385,3.0,False,2.9261994953906543,B738,A320,,,,False,
14852.0,RYR28RR,VLG9YD,17.71800960040238,10.267518124369944,23.78239895894306,10.21104364883403,6.064652311416418,TWR,0.5460825290402395,TMA,5.274815989221337,TMA,5.274815989221337,3.0,False,3.0646523114164177,B738,A320,,,,False,
14856.0,RYR28RR,VLG9YD,17.85180220054803,10.33000639098961,24.035000545020235,10.178713267787105,6.185049019709723,TMA,0.6937483273625565,TMA,5.529218118424665,TMA,5.529218118424665,3.0,False,3.185049019709723,B738,A320,,,,False,
14860.0,RYR28RR,VLG9YD,17.99436325382244,10.392565275946062,24.29530636823302,10.144997852651258,6.3058047670471815,TMA,0.5845354697925164,TMA,5.791437260768922,TMA,5.791437260768922,3.0,False,3.3058047670471815,B738,A320,,,,False,
14864.0,RYR28RR,VLG9YD,18.1515528647219,10.46645301761768,24.548640551047544,10.114092726736263,6.406784578954502,TMA,0.4108508376778985,TMA,6.046489718671779,TMA,6.046489718671779,3.0,False,3.406784578954502,B738,A320,,,,False,
14864.0,RYR28RR,VLG9YD,18.1515528647219,10.46645301761768,24.548640551047544,10.114092726736263,6.406784578954502,TMA,0.2399292339844561,TMA,6.046489718671779,TMA,6.046489718671779,3.0,False,3.406784578954502,B738,A320,,,,False,
14864.0,VLG9YD,RYR28RR,24.548640551047544,10.114092726736263,18.308694863665963,10.533922697633509,6.254053036706323,TMA,6.046489718671779,TMA,0.4108508376778985,TMA,0.4108508376778985,3.0,False,3.254053036706323,A320,B738,,,,False,
14864.0,VLG9YD,RYR28RR,24.548640551047544,10.114092726736263,18.308694863665963,10.533922697633509,6.254053036706323,TMA,6.046489718671779,TMA,0.2399292339844561,TMA,0.2399292339844561,3.0,False,3.254053036706323,A320,B738,,,,False,
14868.0,VLG9YD,RYR28RR,24.801283501777817,10.082468464859325,18.46696156206089,10.596437765274883,6.3551395639866834,TMA,6.300929934548478,TMA,0.0712787214698684,TMA,0.0712787214698684,3.0,False,3.3551395639866834,A320,B738,,,,False,
14872.0,VLG9YD,RYR28RR,25.05835116777989,10.05034967763152,18.62421019280271,10.666307160872986,6.463557356985505,TMA,6.559834911083773,TMA,0.1032843185462646,TMA,0.1032843185462646,3.0,False,3.463557356985505,A320,B738,,,,False,
14876.0,VLG9YD,RYR28RR,25.313906099413717,10.030162148879874,18.78696308915445,10.723965307571657,6.563714488167732,TMA,6.816171388680664,TMA,0.2758221420334071,TMA,0.2758221420334071,3.0,False,3.563714488167732,A320,B738,,,,False,
14880.0,VLG9YD,RYR28RR,25.5714121262828,10.037928593203974,18.955720567344883,10.775891111912646,6.656723179013926,TMA,7.072025656848282,TMA,0.4523691124018003,TMA,0.4523691124018003,3.0,False,3.656723179013926,A320,B738,,,,False,
14884.0,VLG9YD,RYR28RR,25.834945290422283,10.11777184453301,19.135187760096105,10.81936167274844,6.736392153981067,TMA,7.328542691754621,TMA,0.6366845482793176,TMA,0.6366845482793176,3.0,False,3.7363921539810674,A320,B738,,,,False,
14888.0,VLG9YD,RYR28RR,26.09382048176803,10.202561664453327,19.323665246626025,10.83912078386391,6.8000153985432625,TMA,7.581445305797719,TMA,0.823714091057145,TMA,0.823714091057145,3.0,False,3.8000153985432625,A320,B738,,,,False,
14892.0,VLG9YD,RYR28RR,26.345932349351106,10.319584662416633,19.499969190017723,10.844006480675622,6.866019940432447,TMA,7.827521747400615,TMA,0.9966104131932072,TMA,0.9966104131932072,3.0,False,3.866019940432447,A320,B738,,,,False,
14948.0,RYR91MD,RYR28RR,17.61041839423197,10.21709579946864,22.57515047750016,10.333615494051944,4.966099223521241,TWR,0.4272628979389146,TMA,4.061681265760199,TMA,4.061681265760199,3.0,False,1.9660992235212413,B738,B738,,,,False,
14952.0,RYR91MD,RYR28RR,17.730522624074375,10.272233583007209,22.817265553900253,10.299589558316113,5.086816488091413,TWR,0.5594181014419815,TMA,4.305694273820365,TMA,4.305694273820365,3.0,False,2.0868164880914133,B738,B738,,,,False,
14956.0,RYR91MD,RYR28RR,17.867984860267796,10.337375168405416,23.06355053527179,10.26675427657322,5.196045611197316,TMA,0.711529115877584,TMA,4.553817672203379,TMA,4.553817672203379,3.0,False,2.1960456111973157,B738,B738,,,,False,
14960.0,RYR91MD,RYR28RR,18.01929611384094,10.40468177487435,23.30977329044282,10.236016242170114,5.293165103987197,TMA,0.556819717542605,TMA,4.801738289821295,TMA,4.801738289821295,3.0,False,2.2931651039871968,B738,B738,,,,False,
14960.0,RYR91MD,RYR28RR,18.01929611384094,10.40468177487435,23.30977329044282,10.236016242170114,5.293165103987197,TMA,0.3814812315243571,TMA,4.801738289821295,TMA,4.801738289821295,3.0,False,2.2931651039871968,B738,B738,,,,False,
14960.0,RYR28RR,RYR91MD,23.30977329044282,10.236016242170114,18.17983511407288,10.47528842111736,5.135515248638242,TMA,4.801738289821295,TMA,0.556819717542605,TMA,0.556819717542605,3.0,False,2.1355152486382423,B738,B738,,,,False,
14960.0,RYR28RR,RYR91MD,23.30977329044282,10.236016242170114,18.17983511407288,10.47528842111736,5.135515248638242,TMA,4.801738289821295,TMA,0.3814812315243571,TMA,0.3814812315243571,3.0,False,2.1355152486382423,B738,B738,,,,False,
14964.0,RYR28RR,RYR91MD,23.552517101709192,10.206050633223152,18.34880996638537,10.552658830975044,5.215237788727266,TMA,5.046147553369518,TMA,0.1956580225414121,TMA,0.1956580225414121,3.0,False,2.215237788727266,B738,B738,,,,False,
14968.0,RYR28RR,RYR91MD,23.803086090293863,10.175610870513475,18.51452497877224,10.625415672941196,5.307655131089987,TMA,5.298409885421881,TMA,0.0162810683979792,TMA,0.0162810683979792,3.0,False,2.3076551310899873,B738,B738,,,,False,
14972.0,RYR28RR,RYR91MD,24.05358044585025,10.144998141488504,18.68224524304596,10.69732299435594,5.3996578228606,TMA,5.550626770574223,TMA,0.168177373596762,TMA,0.168177373596762,3.0,False,2.3996578228605996,B738,B738,,,,False,
14976.0,RYR28RR,RYR91MD,24.30021449529404,10.115239385430211,18.857517144706,10.75919728419996,5.480660199783051,TMA,5.7989343347127695,TMA,0.3540300395439342,TMA,0.3540300395439342,3.0,False,2.480660199783051,B738,B738,,,,False,
14980.0,RYR28RR,RYR91MD,24.563436675014646,10.085008087393,19.0379582474925,10.814592711122216,5.573437500878134,TMA,6.063813389297187,TMA,0.5426188987498558,TMA,0.5426188987498558,3.0,False,2.573437500878134,B738,B738,,,,False,
14984.0,RYR28RR,RYR91MD,24.827920732003815,10.057844366307105,19.22535554220893,10.850339621934468,5.658337691945689,TMA,6.329673217953674,TMA,0.7319520938039868,TMA,0.7319520938039868,3.0,False,2.6583376919456887,B738,B738,,,,False,
14988.0,RYR28RR,RYR91MD,25.099906224684528,10.030971505134472,19.424587060410605,10.856491021030369,5.73504403535839,TMA,6.602977156108799,TMA,0.9258551825736474,TMA,0.9258551825736474,3.0,False,2.7350440353583902,B738,B738,,,,False,
14992.0,RYR28RR,RYR91MD,25.376038858069705,10.005691678556616,19.619677256580644,10.836169724935436,5.815960167729392,TMA,6.88026447617114,TMA,1.11258460691961,TMA,1.11258460691961,3.0,False,2.8159601677293917,B738,B738,,,,False,
14996.0,RYR28RR,RYR91MD,25.65554550863422,9.977276873752247,19.81970014996049,10.808761371705398,5.894782228436443,TMA,7.161200111675022,TMA,1.3060267842286903,TMA,1.3060267842286903,3.0,False,2.8947822284364433,B738,B738,,,,False,
15000.0,RYR28RR,RYR91MD,25.946556013799796,9.946908796045737,20.027289770531944,10.773718344261969,5.97673212447336,TMA,7.453771973876489,TMA,1.5085212591833832,TMA,1.5085212591833832,3.0,False,2.9767321244733598,B738,B738,,,,False,
15004.0,RYR28RR,RYR91MD,26.241336606715763,9.91572012606022,20.23104528800808,10.74037413537215,6.066601682227636,TMA,7.750175400654877,TMA,1.7092269956439694,TMA,1.7092269956439694,3.0,False,3.0666016822276356,B738,B738,,,,False,
15008.0,RYR28RR,RYR91MD,26.53588865765115,9.8833911499382,20.44418911289592,10.711631912720827,6.147746424886588,TMA,8.046459802942518,TMA,1.9207135027712108,TMA,1.9207135027712108,3.0,False,3.147746424886588,B738,B738,,,,False,
15012.0,RYR28RR,RYR91MD,26.84559247017049,9.844801365183647,20.66929681301392,10.683791984182688,6.23301959754496,TMA,8.358422924212016,TMA,2.144897715634667,TMA,2.144897715634667,3.0,False,3.23301959754496,B738,B738,,,,False,
15016.0,RYR28RR,RYR91MD,27.15464948878665,9.804472187954929,20.89861458151441,10.656047998681064,6.313727434916927,TMA,8.669919043217654,TMA,2.373794845863644,TMA,2.373794845863644,3.0,False,3.3137274349169266,B738,B738,,,,False,
15020.0,RYR28RR,RYR91MD,27.47521614062276,9.76203358189228,21.13496514620261,10.626739469327424,6.398945143069339,TMA,8.99308804212357,TMA,2.6101007603657984,TMA,2.6101007603657984,3.0,False,3.398945143069339,B738,B738,,,,False,
15024.0,RYR28RR,RYR91MD,27.800010381346585,9.719451152744648,21.37129378288642,10.596015289836105,6.488201737750773,TMA,9.320491725104963,TMA,2.846714440079342,TMA,2.846714440079342,3.0,False,3.4882017377507726,B738,B738,,,,False,
15028.0,RYR28RR,RYR91MD,28.12727194988032,9.669394634773242,21.618443488731558,10.562000665895326,6.569748356174359,TMA,9.65110924003414,TMA,3.0944876488856248,TMA,3.0944876488856248,3.0,False,3.569748356174359,B738,B738,,,,False,
15032.0,RYR28RR,RYR91MD,28.45230755125416,9.606894232082729,21.87250158928829,10.524668011990547,6.643504738329605,TMA,9.980820102481935,TMA,3.349529949355362,TMA,3.349529949355362,3.0,False,3.6435047383296046,B738,B738,,,,False,
15036.0,RYR28RR,RYR91MD,28.787392343416123,9.534873109081689,22.12617740760644,10.487405432719893,6.728974828949026,TMA,10.321618663900512,TMA,3.604435014637751,TMA,3.604435014637751,3.0,False,3.728974828949026,B738,B738,,,,False,
15040.0,RYR699N,RYR28RR,17.567277219757646,10.19876187135295,29.12210790597904,9.46472944573916,11.578122291161725,TWR,0.380415291711214,TMA,10.661967772433782,TMA,10.661967772433782,3.0,False,8.578122291161725,B738,B738,,,,False,
15040.0,RYR28RR,RYR91MD,29.12210790597904,9.46472944573916,22.37880522602097,10.448474996115,6.814681675721468,TMA,10.661967772433782,TMA,3.85857265442205,TMA,3.85857265442205,3.0,False,3.8146816757214683,B738,B738,,,,False,
15044.0,RYR699N,RYR28RR,17.683318072627348,10.251078770476488,29.45276081152737,9.394102298627274,11.800601300677418,TWR,0.5076941433899336,TMA,10.998436463869218,TMA,10.998436463869218,3.0,False,8.800601300677418,B738,B738,,,,False,
15044.0,RYR699N,RYR28RR,17.683318072627348,10.251078770476488,29.45276081152737,9.394102298627274,11.800601300677418,TMA,0.6578342147621457,TMA,10.998436463869218,TMA,10.998436463869218,3.0,False,8.800601300677418,B738,B738,,,,False,
15044.0,RYR28RR,RYR91MD,29.45276081152737,9.394102298627274,22.634971731876966,10.409353711739715,6.892966224088662,TMA,10.998436463869218,TMA,4.11643658697969,TMA,4.11643658697969,3.0,False,3.8929662240886618,B738,B738,,,,False,
15044.0,RYR91MD,RYR699N,22.634971731876966,10.409353711739715,17.81862527284371,10.316173487604754,4.817247737828315,TMA,4.11643658697969,TMA,0.6578342147621457,TMA,0.6578342147621457,3.0,False,1.817247737828315,B738,B738,,,,False,
15048.0,RYR28RR,RYR91MD,29.78303435880891,9.321300101528482,22.89169315646397,10.369189939310232,6.970556411023675,TMA,11.33487858931505,TMA,4.37506872865877,TMA,4.37506872865877,3.0,False,3.970556411023675,B738,B738,,,,False,
15048.0,RYR91MD,RYR699N,22.89169315646397,10.369189939310232,17.969919717747015,10.380419966641798,4.921786250496214,TMA,4.37506872865877,TMA,0.6118199311627633,TMA,0.6118199311627633,3.0,False,1.921786250496214,B738,B738,,,,False,
15052.0,RYR28RR,RYR91MD,30.113267215358423,9.248470009031474,23.140882041913848,10.331413797995909,7.055984853790886,TMA,11.671385376677252,TMA,4.626161906249145,TMA,4.626161906249145,3.0,False,4.055984853790886,B738,B738,,,,False,
15052.0,RYR91MD,RYR699N,23.140882041913848,10.331413797995909,18.12601755412635,10.452732694205036,5.016331737978418,TMA,4.626161906249145,TMA,0.439786080441039,TMA,0.439786080441039,3.0,False,2.016331737978418,B738,B738,,,,False,
15056.0,RYR28RR,RYR91MD,30.454915682334335,9.175009408115269,23.402345836402542,10.293618002700828,7.140730118106066,TMA,12.01939298394068,TMA,4.889598082779899,TMA,4.889598082779899,3.0,False,4.140730118106066,B738,B738,,,,False,
15056.0,RYR91MD,RYR699N,23.402345836402542,10.293618002700828,18.290719152749976,10.526687781310178,5.116937450734565,TMA,4.889598082779899,TMA,0.2592673501066027,TMA,0.2592673501066027,3.0,False,2.1169374507345653,B738,B738,,,,False,
15060.0,RYR28RR,RYR91MD,30.78492956272161,9.10124101065326,23.66364883189589,10.257189131086744,7.214489261504477,TMA,12.355976229709498,TMA,5.15284901805999,TMA,5.15284901805999,3.0,False,4.214489261504477,B738,B738,,,,False,
15060.0,RYR91MD,RYR699N,23.66364883189589,10.257189131086744,18.456793570889243,10.592623507653183,5.217648697455122,TMA,5.15284901805999,TMA,0.0818134590578809,TMA,0.0818134590578809,3.0,False,2.2176486974551217,B738,B738,,,,False,
15064.0,RYR28RR,RYR91MD,31.119313719464568,9.028188509309516,23.921312811995584,10.222792606347294,7.296457771589154,TMA,12.696887378429782,TMA,5.412371840318066,TMA,5.412371840318066,3.0,False,4.296457771589154,B738,B738,,,,False,
15064.0,RYR91MD,RYR699N,23.921312811995584,10.222792606347294,18.625567560195417,10.662618631482909,5.313978237097947,TMA,5.412371840318066,TMA,0.1036518320225141,TMA,0.1036518320225141,3.0,False,2.313978237097947,B738,B738,,,,False,
15068.0,RYR91MD,RYR699N,24.186267111825845,10.186954318008572,18.79554178842809,10.72634127707688,5.417643196440201,TMA,5.679315485401819,TMA,0.2847143199251131,TMA,0.2847143199251131,3.0,False,2.417643196440201,B738,B738,,,,False,
15072.0,RYR91MD,RYR699N,24.451237541995088,10.148988747399873,18.97914339768511,10.777719222962537,5.5080955270486,TMA,5.946487806262158,TMA,0.4752648279933887,TMA,0.4752648279933887,3.0,False,2.5080955270486003,B738,B738,,,,False,
15076.0,RYR91MD,RYR699N,24.71400293335532,10.097753605254312,19.166619577717057,10.808768737958603,5.592763593550772,TMA,6.212646217793217,TMA,0.6640708688226524,TMA,0.6640708688226524,3.0,False,2.592763593550772,B738,B738,,,,False,
15080.0,RYR91MD,RYR699N,24.96417190538323,9.973938787511242,19.358956747565536,10.818477242815751,5.6684814693105725,TMA,6.473431128676301,TMA,0.8533766889080926,TMA,0.8533766889080926,3.0,False,2.6684814693105725,B738,B738,,,,False,
15084.0,RYR91MD,RYR699N,25.194381609442093,9.854690361510691,19.550989928148294,10.812105854574492,5.724029533017336,TMA,6.7153308338691,TMA,1.0407720746240643,TMA,1.0407720746240643,3.0,False,2.724029533017336,B738,B738,,,,False,
15088.0,RYR91MD,RYR699N,25.40940569615432,9.684814942505737,19.75077102727007,10.79273218522848,5.766075522625518,TMA,6.950185985396132,TMA,1.2356125794611148,TMA,1.2356125794611148,3.0,False,2.766075522625518,B738,B738,,,,False,
15092.0,RYR91MD,RYR699N,25.59525962391944,9.484499410751049,19.945762991547284,10.769224973706384,5.793732128023803,TMA,7.163843017766841,TMA,1.426923760308329,TMA,1.426923760308329,3.0,False,2.7937321280238034,B738,B738,,,,False,
15096.0,RYR699N,RYR91MD,20.156213634499668,10.74253562004022,25.74914458915126,9.25092658003187,5.788417244094849,TMA,1.6346727477528142,TMA,7.356206298817272,TMA,7.356206298817272,3.0,False,2.788417244094849,B738,B738,,,,False,
15100.0,RYR699N,RYR91MD,20.37399087453683,10.714762358545316,25.86942670271332,9.002099749906398,5.756129615691058,TMA,1.8506961098385115,TMA,7.524514578922333,TMA,7.524514578922333,3.0,False,2.7561296156910577,B738,B738,,,,False,
15104.0,RYR699N,RYR91MD,20.595224862996144,10.683741477866803,25.950183006622595,8.738667598290641,5.697270321566347,TMA,2.070842156264949,TMA,7.664356209076881,TMA,7.664356209076881,3.0,False,2.6972703215663474,B738,B738,,,,False,
15108.0,RYR699N,RYR91MD,20.822712150016287,10.647977632994731,25.98509311673696,8.458908876417993,5.607334417223596,TMA,2.297845375901823,TMA,7.7719347382464115,TMA,7.7719347382464115,3.0,False,2.607334417223596,B738,B738,,,,False,
15112.0,RYR699N,RYR91MD,21.057484981226413,10.60943538276669,25.9782745020916,8.18021865676791,5.487737549348446,TMA,2.5327571943761824,TMA,7.848153612669832,TMA,7.848153612669832,3.0,False,2.487737549348446,B738,B738,,,,False,
15116.0,RYR699N,RYR91MD,21.29972421328735,10.56882947963653,25.94589843457922,7.903229869353744,5.356524636080454,TMA,2.775696967050165,TMA,7.90886868572745,TMA,7.90886868572745,3.0,False,2.3565246360804544,B738,B738,,,,False,
15120.0,RYR699N,RYR91MD,21.541498121439385,10.52841660395622,25.899764839808764,7.627796514705133,5.235273220244879,TMA,3.018598303938343,TMA,7.965548228479622,TMA,7.965548228479622,3.0,False,2.2352732202448786,B738,B738,,,,False,
15124.0,RYR699N,RYR91MD,21.79024929500504,10.487349068920704,25.84891523681577,7.351892789045157,5.12872843014966,TMA,3.2688328367583823,TMA,8.027433307493938,TMA,8.027433307493938,3.0,False,2.1287284301496596,B738,B738,,,,False,
15124.0,RYR91MD,VLG53PC,25.84891523681577,7.351892789045157,17.890996865695627,10.349453286673638,8.503754096771273,TMA,8.027433307493938,TMA,0.6964638611639751,TMA,0.6964638611639751,3.0,False,5.503754096771273,B738,A320,,,,False,
15128.0,RYR699N,RYR91MD,22.034980927200984,10.448401886226875,25.79328985285088,7.0791060840140005,5.0474785966291105,TMA,3.515207731918318,TMA,8.092909631284368,TMA,8.092909631284368,3.0,False,2.0474785966291105,B738,B738,,,,False,
15128.0,RYR91MD,VLG53PC,25.79328985285088,7.0791060840140005,18.05064515525207,10.42240882184776,8.433636232969837,TMA,8.092909631284368,TMA,0.5209361060555766,TMA,0.5209361060555766,3.0,False,5.433636232969837,B738,A320,,,,False,
15132.0,RYR699N,RYR91MD,22.2793736280146,10.410070630439773,25.74069692226913,6.803066472590681,4.999123717421852,TMA,3.7613956626021623,TMA,8.171560024920698,TMA,8.171560024920698,3.0,False,1.9991237174218517,B738,B738,,,,False,
15132.0,RYR91MD,VLG53PC,25.74069692226913,6.803066472590681,18.21155909525961,10.49163678928204,8.38411995377465,TMA,8.171560024920698,TMA,0.345817060973443,TMA,0.345817060973443,3.0,False,5.3841199537746505,B738,A320,,,,False,
15136.0,RYR699N,VLG53PC,22.532364026139863,10.372930558702013,18.378250065050796,10.563738120981965,4.1584937570637655,TMA,4.016230418350773,TMA,0.1643580356722769,TMA,0.1643580356722769,3.0,False,1.1584937570637655,B738,A320,,,,False,
15140.0,RYR699N,VLG53PC,22.77861530950627,10.340221917429762,18.536940239856506,10.630158865540858,4.251572747862645,TMA,4.264134916923246,TMA,0.0143629093970124,TMA,0.0143629093970124,3.0,False,1.251572747862645,B738,A320,,,,False,
15144.0,RYR699N,VLG53PC,23.028540447220003,10.308439798046589,18.690982089917807,10.69719895678089,4.354945026805956,TMA,4.515691755868591,TMA,0.176337335764853,TMA,0.176337335764853,3.0,False,1.3549450268059564,B738,A320,,,,False,
15148.0,RYR699N,VLG53PC,23.278536810313643,10.277311427300312,18.853393663408312,10.757663697141124,4.451138076238979,TMA,4.767310352669639,TMA,0.349630705599971,TMA,0.349630705599971,3.0,False,1.451138076238979,B738,A320,,,,False,
15152.0,RYR699N,VLG53PC,23.540486640262426,10.244073215536169,19.020665543582883,10.799472002786798,4.553817141571336,TMA,5.031041705298786,TMA,0.5214182269938868,TMA,0.5214182269938868,3.0,False,1.5538171415713364,B738,A320,,,,False,
15156.0,RYR699N,VLG53PC,23.790470917804075,10.213318244006166,19.196296623317117,10.819326563012975,4.633970600988984,TMA,5.282678173616504,TMA,0.6954697350857566,TMA,0.6954697350857566,3.0,False,1.6339706009889836,B738,A320,,,,False,
15160.0,RYR699N,VLG53PC,24.05211994641423,10.18127072810081,19.3791679262359,10.814910884644744,4.71571632213747,TMA,5.546067361628009,TMA,0.8724107380581908,TMA,0.8724107380581908,3.0,False,1.71571632213747,B738,A320,,,,False,
15164.0,RYR699N,VLG53PC,24.30980247634684,10.149448927811148,19.56966346331005,10.792468402926175,4.783554317480944,TMA,5.805504643243677,TMA,1.056136186371535,TMA,1.056136186371535,3.0,False,1.7835543174809443,B738,A320,,,,False,
15168.0,RYR699N,VLG53PC,24.56754180538567,10.118127550632568,19.76589207363751,10.76682643059384,4.845270929809827,TMA,6.064972948697052,TMA,1.2476750818852684,TMA,1.2476750818852684,3.0,False,1.8452709298098267,B738,A320,,,,False,
15172.0,RYR699N,VLG53PC,24.820828723387397,10.08672526453329,19.96517409547717,10.74084906030316,4.899516282832253,TMA,6.320026574236801,TMA,1.443955004854071,TMA,1.443955004854071,3.0,False,1.899516282832253,B738,A320,,,,False,
15176.0,RYR699N,VLG53PC,25.08196371885861,10.0549224708163,20.16775956139559,10.714434202826988,4.958261613296192,TMA,6.58294628637321,TMA,1.6446493719880486,TMA,1.6446493719880486,3.0,False,1.9582616132961919,B738,A320,,,,False,
15180.0,RYR699N,VLG53PC,25.335273216454112,10.023962811362871,20.37726910879084,10.68514145263588,5.001895833309756,TMA,6.838007523468187,TMA,1.8529810134165623,TMA,1.8529810134165623,3.0,False,2.0018958333097556,B738,A320,,,,False,
15184.0,RYR699N,VLG53PC,25.59222282207564,9.991099049887314,20.59069669903305,10.654684782429635,5.045355248534159,TMA,7.096876682505805,TMA,2.06587574327123,TMA,2.06587574327123,3.0,False,2.0453552485341593,B738,A320,,,,False,
15188.0,RYR699N,VLG53PC,25.85278597874297,9.956121639143028,20.81472971872332,10.62104573656426,5.0817452646167345,TMA,7.359551683329059,TMA,2.289903721972132,TMA,2.289903721972132,3.0,False,2.0817452646167345,B738,A320,,,,False,
15192.0,RYR699N,VLG53PC,26.106729002466427,9.929502093519687,21.04213242953849,10.587250257164346,5.107129437687214,TMA,7.614869309943878,TMA,2.517754841610247,TMA,2.517754841610247,3.0,False,2.107129437687214,B738,A320,,,,False,
15196.0,RYR699N,VLG53PC,26.355987015550447,9.92400352182865,21.273579759589907,10.552195771019443,5.121082797356799,TMA,7.86357771739913,TMA,2.750029262521738,TMA,2.750029262521738,3.0,False,2.1210827973567987,B738,A320,,,,False,
15200.0,RYR699N,VLG53PC,26.61232239878748,9.9955974980779,21.51642554780686,10.514820103916527,5.122280432604998,TMA,8.11290524794972,TMA,2.994070813640776,TMA,2.994070813640776,3.0,False,2.122280432604998,B738,A320,,,,False,
15204.0,RYR699N,VLG53PC,26.85043713211224,10.055593885619212,21.759597244536334,10.477615495191808,5.108302359872614,TMA,8.345892625854228,TMA,3.238680997893476,TMA,3.238680997893476,3.0,False,2.1083023598726136,B738,A320,,,,False,
15208.0,RYR699N,VLG53PC,27.08214862151613,10.170970150795776,22.00915765574245,10.438586046605293,5.080044842962639,TMA,8.56999363140346,TMA,3.489969346618551,TMA,3.489969346618551,3.0,False,2.0800448429626393,B738,A320,,,,False,
15224.0,VLG53PC,SWR7YT,23.022372177751187,10.285084693098469,17.946739956863098,10.362908601568249,5.076228816990707,TMA,4.5113067507046205,TMA,0.6402467133922226,TMA,0.6402467133922226,3.0,False,2.0762288169907066,A320,A320,,,,False,
15228.0,VLG53PC,SWR7YT,23.27196107809645,10.251262669774638,18.102324665737747,10.429672572827956,5.172714058353936,TMA,4.762797694333567,TMA,0.4711146650350508,TMA,0.4711146650350508,3.0,False,2.172714058353936,A320,A320,,,,False,
15232.0,VLG53PC,SWR7YT,23.533309162517718,10.216659672005797,18.262186652184216,10.503539295168205,5.278923416486582,TMA,5.026109958245921,TMA,0.2951008801073399,TMA,0.2951008801073399,3.0,False,2.278923416486582,A320,A320,,,,False,
15236.0,VLG53PC,SWR7YT,23.787166461189454,10.18485329583364,18.41403148494953,10.570268895937796,5.3869401943679,TMA,5.281750239687072,TMA,0.1298962828641002,TMA,0.1298962828641002,3.0,False,2.3869401943678996,A320,A320,,,,False,
15240.0,VLG53PC,SWR7YT,24.044795581570632,10.152111644538063,18.565505942808304,10.636611918159131,5.500668637591897,TMA,5.541248429688917,TMA,0.040640161673261,TMA,0.040640161673261,3.0,False,2.5006686375918967,A320,A320,,,,False,
15244.0,VLG53PC,SWR7YT,24.310515324587,10.120373952426684,18.727571283887603,10.68134812072304,5.611056600951083,TMA,5.808733525288477,TMA,0.207272158639165,TMA,0.207272158639165,3.0,False,2.611056600951083,A320,A320,,,,False,
15248.0,VLG53PC,SWR7YT,24.572998062293884,10.088184363135872,18.891274057607284,10.707925964163932,5.715423634121688,TMA,6.0730466316032565,TMA,0.3730038166095294,TMA,0.3730038166095294,3.0,False,2.715423634121688,A320,A320,,,,False,
15252.0,VLG53PC,SWR7YT,24.851180029048404,10.055126117856489,19.06413716376982,10.70720176915078,5.823664463169441,TMA,6.353083777896719,TMA,0.5436743293605464,TMA,0.5436743293605464,3.0,False,2.8236644631694414,A320,A320,,,,False,
15256.0,VLG53PC,SWR7YT,25.12149354086296,10.022730425586142,19.244556025706363,10.692784327740554,5.915011985520178,TMA,6.625233573715863,TMA,0.7217517729061825,TMA,0.7217517729061825,3.0,False,2.915011985520178,A320,A320,,,,False,
15260.0,VLG53PC,SWR7YT,25.407395419591865,9.988847400414835,19.426381111676065,10.67964200940436,6.020774812538873,TMA,6.913050258720887,TMA,0.9024550898780008,TMA,0.9024550898780008,3.0,False,3.020774812538873,A320,A320,,,,False,
15264.0,VLG53PC,SWR7YT,25.68600824794444,9.956629486343948,19.617783704765078,10.66007657617043,6.108861343542651,TMA,7.193459758000597,TMA,1.0931186588760478,TMA,1.0931186588760478,3.0,False,3.1088613435426513,A320,A320,,,,False,
15268.0,VLG53PC,SWR7YT,25.983320956934783,9.920231014226225,19.81029163896546,10.637969691968443,6.2146150138231375,TMA,7.492887724477,TMA,1.2854030821171183,TMA,1.2854030821171183,3.0,False,3.2146150138231375,A320,A320,,,,False,
15272.0,VLG53PC,SWR7YT,26.276777641715785,9.884675513614605,20.003238420606216,10.612502411315193,6.315617654023756,TMA,7.788404231014773,TMA,1.4785692530346075,TMA,1.4785692530346075,3.0,False,3.3156176540237556,A320,A320,,,,False,
15276.0,VLG53PC,SWR7YT,26.581184499092025,9.84588656515114,20.2066882164097,10.582303493012066,6.416892764381443,TMA,8.09514077427302,TMA,1.6827207473081789,TMA,1.6827207473081789,3.0,False,3.4168927643814433,A320,A320,,,,False,
15280.0,VLG53PC,SWR7YT,26.889175329948262,9.807303584325826,20.41627123830648,10.549926783787663,6.515364655640687,TMA,8.405432991493699,TMA,1.8934308713345525,TMA,1.8934308713345525,3.0,False,3.5153646556406866,A320,A320,,,,False,
15284.0,VLG53PC,SWR7YT,27.19609619534744,9.764510432248125,20.62927803655813,10.517072656558897,6.60979959091534,TMA,8.715089074869306,TMA,2.1078595331342465,TMA,2.1078595331342465,3.0,False,3.6097995909153404,A320,A320,,,,False,
15288.0,VLG53PC,SWR7YT,27.501457604698675,9.714366580621675,20.84207759481836,10.484963040275002,6.703816899321147,TMA,9.023959188539717,TMA,2.3222353192547662,TMA,2.3222353192547662,3.0,False,3.703816899321147,A320,A320,,,,False,
15292.0,VLG53PC,SWR7YT,27.80153933906506,9.65849413645005,21.06625746783163,10.44880968438988,6.7814910270737006,TMA,9.328216724073055,TMA,2.548399192669083,TMA,2.548399192669083,3.0,False,3.7814910270737006,A320,A320,,,,False,
15296.0,VLG53PC,SWR7YT,28.108503046905877,9.59622507100708,21.29858368009304,10.411752962430132,6.858577660432337,TMA,9.640067636127156,TMA,2.782904927477167,TMA,2.782904927477167,3.0,False,3.8585776604323367,A320,A320,,,,False,
15324.0,SWR7YT,RYR32FE,23.03583675144329,10.192057994908934,17.8728528359932,10.33862119743392,5.165063763742974,TMA,4.532934281618388,TMA,0.7164691212241556,TMA,0.7164691212241556,3.0,False,2.1650637637429737,A320,B738,,,,False,
15328.0,SWR7YT,RYR32FE,23.29032640275243,10.16644158689416,18.025584380882957,10.410005828280982,5.270373050982313,TMA,4.788709544060264,TMA,0.5488837604028618,TMA,0.5488837604028618,3.0,False,2.270373050982313,A320,B738,,,,False,
15332.0,SWR7YT,RYR32FE,23.545118540109325,10.143102734009762,18.18190102144569,10.478524193445738,5.373696093746899,TMA,5.044561922902915,TMA,0.3782382254192013,TMA,0.3782382254192013,3.0,False,2.373696093746899,A320,B738,,,,False,
15336.0,SWR7YT,RYR32FE,23.795333353792195,10.120246621837344,18.34023419070092,10.546530663356728,5.47172961349638,TMA,5.295812332239077,TMA,0.2060553612218963,TMA,0.2060553612218963,3.0,False,2.4717296134963798,A320,B738,,,,False,
15340.0,SWR7YT,RYR32FE,24.057034342239437,10.095454674752949,18.50076295038365,10.613151802466108,5.580337095193937,TMA,5.558683512168279,TMA,0.034613625659581,TMA,0.034613625659581,3.0,False,2.5803370951939373,A320,B738,,,,False,
15344.0,SWR7YT,RYR32FE,24.30673284276944,10.071156182796742,18.660699031740062,10.679893779296034,5.678755079828557,TMA,5.809561419105476,TMA,0.1421333657686899,TMA,0.1421333657686899,3.0,False,2.678755079828557,A320,B738,,,,False,
15348.0,SWR7YT,RYR32FE,24.553019816899603,10.04756527363151,18.831602787207085,10.730741622885056,5.762060634168557,TMA,6.056975067740657,TMA,0.3204368303969507,TMA,0.3204368303969507,3.0,False,2.7620606341685567,A320,B738,,,,False,
15352.0,SWR7YT,RYR32FE,24.811231367836733,10.02107903119654,19.004144550973844,10.77787869614182,5.85619356164429,TMA,6.31653886789024,TMA,0.4992595531443435,TMA,0.4992595531443435,3.0,False,2.8561935616442904,A320,B738,,,,False,
15356.0,SWR7YT,RYR32FE,25.058246835758084,9.99620266612516,19.18090392194043,10.808185525045923,5.933167441576524,TMA,6.564803020035496,TMA,0.6777379240513546,TMA,0.6777379240513546,3.0,False,2.933167441576524,A320,B738,,,,False,
15360.0,SWR7YT,RYR32FE,25.30176017598403,9.971298224513893,19.36096922169625,10.818418751065884,6.000884130613855,TMA,6.809584663881881,TMA,0.8553313930062046,TMA,0.8553313930062046,3.0,False,3.000884130613855,A320,B738,,,,False,
15364.0,SWR7YT,RYR32FE,25.549070209186272,9.945587855316914,19.55463151997285,10.811095224129811,6.056599557854898,TMA,7.05822386545066,TMA,1.0441944786835486,TMA,1.0441944786835486,3.0,False,3.0565995578548977,A320,B738,,,,False,
15368.0,SWR7YT,RYR32FE,25.797315432676072,9.919433406065146,19.747548093419333,10.794681692807664,6.11275260603464,TMA,7.307837630794047,TMA,1.2326614171115302,TMA,1.2326614171115302,3.0,False,3.1127526060346398,A320,B738,,,,False,
15372.0,SWR7YT,RYR32FE,26.05293547504421,9.89012933571002,19.94262360838376,10.770329029840257,6.1733834004861965,TMA,7.56510142263671,TMA,1.42389991728132,TMA,1.42389991728132,3.0,False,3.1733834004861965,A320,B738,,,,False,
15376.0,SWR7YT,RYR32FE,26.301766571566752,9.862065856599523,20.15207280536477,10.740783893263536,6.212155729376249,TMA,7.815488628290778,TMA,1.6304290226135378,TMA,1.6304290226135378,3.0,False,3.2121557293762493,A320,B738,,,,False,
15380.0,SWR7YT,RYR32FE,26.550900283888517,9.836378486529885,20.35766105874301,10.71138353088186,6.254745872337447,TMA,8.065941787524531,TMA,1.834242145756444,TMA,1.834242145756444,3.0,False,3.2547458723374474,A320,B738,,,,False,
15384.0,SWR7YT,RYR32FE,26.80405590025888,9.808503895870963,20.577915528930543,10.678995277625203,6.28669859061121,TMA,8.32061474713425,TMA,2.0534367852377824,TMA,2.0534367852377824,3.0,False,3.28669859061121,A320,B738,,,,False,
15388.0,SWR7YT,RYR32FE,27.05730696125787,9.77886535583614,20.801634977957367,10.644928291201754,6.315338230899825,TMA,8.575559958819513,TMA,2.27675704710163,TMA,2.27675704710163,3.0,False,3.315338230899825,A320,B738,,,,False,
15392.0,SWR7YT,RYR32FE,27.30624131839921,9.750553400690832,21.03296512334393,10.609629748699057,6.3318248863305095,TMA,8.826078895227965,TMA,2.5082367043117486,TMA,2.5082367043117486,3.0,False,3.3318248863305095,A320,B738,,,,False,
15396.0,SWR7YT,RYR32FE,27.55977557421584,9.723947352837046,21.272087385609154,10.57390748034388,6.344876277398597,TMA,9.081003527195984,TMA,2.7479457252057617,TMA,2.7479457252057617,3.0,False,3.3448762773985967,A320,B738,,,,False,
15416.0,RYR32FE,RYR57ZC,22.501256762184504,10.397337959836577,17.827930389749802,10.318807523950852,4.673986137404997,TMA,3.983642679844545,TMA,0.6673803359547862,TMA,0.6673803359547862,3.0,False,1.673986137404997,B738,B738,,,,False,
15420.0,RYR32FE,RYR57ZC,22.75441930001662,10.361386614858008,17.97293932361252,10.387780523222752,4.781552823419621,TMA,4.2385646109056925,TMA,0.6060065117536247,TMA,0.6060065117536247,3.0,False,1.781552823419621,B738,B738,,,,False,
15424.0,RYR32FE,RYR57ZC,22.99606884587936,10.327914622774196,18.12636900481839,10.452608871667248,4.871296049075261,TMA,4.481917999461167,TMA,0.4395195582690963,TMA,0.4395195582690963,3.0,False,1.8712960490752613,B738,B738,,,,False,
15428.0,RYR32FE,RYR57ZC,23.246148956517917,10.295030222816832,18.2874497966266,10.527582475764978,4.964149263333861,TMA,4.7336992981081325,TMA,0.2618455327598269,TMA,0.2618455327598269,3.0,False,1.9641492633338613,B738,B738,,,,False,
15432.0,RYR32FE,RYR57ZC,23.49239400954039,10.263102724667428,18.443609278948465,10.589116211993066,5.059299561182003,TMA,4.981630018132866,TMA,0.0948326974684788,TMA,0.0948326974684788,3.0,False,2.0592995611820033,B738,B738,,,,False,
15436.0,RYR32FE,RYR57ZC,23.74248901402906,10.230624514617032,18.60297365314829,10.65576129682875,5.1570688795398825,TMA,5.233477502291276,TMA,0.080085765816272,TMA,0.080085765816272,3.0,False,2.1570688795398825,B738,B738,,,,False,
15440.0,RYR32FE,RYR57ZC,23.9920712462157,10.197674683820289,18.76347533120514,10.713284740300216,5.25395745822217,TMA,5.484883642261284,TMA,0.2501911453967517,TMA,0.2501911453967517,3.0,False,2.25395745822217,B738,B738,,,,False,
15444.0,RYR32FE,RYR57ZC,24.24594918219104,10.164355475051964,18.92594585810893,10.766870616327498,5.354013435144798,TMA,5.740631289031216,TMA,0.4212620670702395,TMA,0.4212620670702395,3.0,False,2.3540134351447977,B738,B738,,,,False,
15448.0,RYR32FE,RYR57ZC,24.49559949673545,10.132049646440471,19.1015701570386,10.801468388304404,5.435409273409788,TMA,5.992107048558242,TMA,0.5994102365374531,TMA,0.5994102365374531,3.0,False,2.435409273409788,B738,B738,,,,False,
15452.0,RYR32FE,RYR57ZC,24.74912603690345,10.099311128243986,19.285931186045385,10.82255253472343,5.510859834044815,TMA,6.247502548205457,TMA,0.7831064668042935,TMA,0.7831064668042935,3.0,False,2.5108598340448154,B738,B738,,,,False,
15456.0,RYR32FE,RYR57ZC,25.00245259249281,10.065464639290363,19.46940578927865,10.83096422335788,5.585749416127254,TMA,6.502814843027014,TMA,0.9640325079123292,TMA,0.9640325079123292,3.0,False,2.5857494161272543,B738,B738,,,,False,
15460.0,RYR32FE,RYR57ZC,25.25189980808789,10.032232531550244,19.66104705459267,10.81921946919636,5.645970505704993,TMA,6.754228384360265,TMA,1.1505245153096533,TMA,1.1505245153096533,3.0,False,2.6459705057049927,B738,B738,,,,False,
15464.0,RYR32FE,RYR57ZC,25.504769502836545,9.998335011051102,19.85693161695712,10.79788994718437,5.704152950357314,TMA,7.009127899374597,TMA,1.3416081248993457,TMA,1.3416081248993457,3.0,False,2.7041529503573143,B738,B738,,,,False,
15468.0,RYR32FE,RYR57ZC,25.76210225481478,9.96498123588582,20.05794587474288,10.766870372039149,5.760245324202407,TMA,7.268437184986219,TMA,1.538466589570641,TMA,1.538466589570641,3.0,False,2.7602453242024074,B738,B738,,,,False,
15472.0,RYR32FE,RYR57ZC,26.00768927863741,9.932634831184195,20.26600550912123,10.732680860894822,5.797155005585179,TMA,7.515970171443561,TMA,1.7436908982979689,TMA,1.7436908982979689,3.0,False,2.7971550055851786,B738,B738,,,,False,
15476.0,RYR32FE,RYR57ZC,26.260835104080435,9.898022426912846,20.477518317748792,10.69678573007125,5.838216839544236,TMA,7.771254392242464,TMA,1.9535152930302957,TMA,1.9535152930302957,3.0,False,2.838216839544236,B738,B738,,,,False,
15480.0,RYR32FE,RYR57ZC,26.513858903703444,9.86541585782695,20.70416271999359,10.657325838286564,5.863419749955173,TMA,8.026237642466468,TMA,2.179360097994426,TMA,2.179360097994426,3.0,False,2.863419749955173,B738,B738,,,,False,
15484.0,RYR32FE,RYR57ZC,26.76325032570137,9.832244361771108,20.938113742362127,10.615083730611154,5.877504035895091,TMA,8.277668885651188,TMA,2.413333728186897,TMA,2.413333728186897,3.0,False,2.8775040358950914,B738,B738,,,,False,
15488.0,RYR32FE,RYR57ZC,27.01239705147263,9.800345677261824,21.168056154126145,10.575100953208358,5.895469978042777,TMA,8.52874075361553,TMA,2.643915232436327,TMA,2.643915232436327,3.0,False,2.895469978042777,B738,B738,,,,False,
15492.0,RYR32FE,RYR57ZC,27.25789473520817,9.76772613536138,21.408875220054128,10.533866861137534,5.898983039503133,TMA,8.776259188100672,TMA,2.885865038516404,TMA,2.885865038516404,3.0,False,2.8989830395031326,B738,B738,,,,False,
15496.0,RYR32FE,RYR57ZC,27.514909108495228,9.732753080039618,21.65366383603653,10.494679579289729,5.910560729252258,TMA,9.035479588552256,TMA,3.1320548459084367,TMA,3.1320548459084367,3.0,False,2.910560729252258,B738,B738,,,,False,
15500.0,RYR57ZC,VLG1510,21.890933914573534,10.460172547585405,17.95135830613798,10.369216462702592,3.940625455934321,TMA,3.370737917734837,TMA,0.6333771865424564,TMA,0.6333771865424564,3.0,False,0.9406254559343208,B738,A320,,,,False,
15504.0,RYR57ZC,VLG1510,22.13268375588443,10.428541778190947,18.113853458342625,10.441339499829043,4.018850674274807,TMA,3.613868751197519,TMA,0.455647143074578,TMA,0.455647143074578,3.0,False,1.0188506742748071,B738,A320,,,,False,
15508.0,RYR57ZC,VLG1510,22.370408356805903,10.3971484070312,18.274732790733413,10.507818492290667,4.0971705127190585,TMA,3.853053164686958,TMA,0.2819892315862658,TMA,0.2819892315862658,3.0,False,1.0971705127190585,B738,A320,,,,False,
15512.0,RYR57ZC,VLG1510,22.612682592885918,10.36672718335366,18.433377581716957,10.580615774418538,4.184774630224393,TMA,4.096783373126384,TMA,0.1080001487479662,TMA,0.1080001487479662,3.0,False,1.1847746302243927,B738,A320,,,,False,
15516.0,RYR57ZC,VLG1510,22.86344521995578,10.337038403454835,18.586610085010488,10.650110648953255,4.288278559329364,TMA,4.348980931476872,TMA,0.0629037838101241,TMA,0.0629037838101241,3.0,False,1.2882785593293642,B738,A320,,,,False,
15520.0,RYR57ZC,VLG1510,23.102014193166884,10.308755947521352,18.74745038763233,10.708497558657555,4.372873116401314,TMA,4.588950044606833,TMA,0.2334685792887417,TMA,0.2334685792887417,3.0,False,1.3728731164013137,B738,A320,,,,False,
15524.0,RYR57ZC,VLG1510,23.34835578500181,10.279718505809557,18.91907946494187,10.7383532739933,4.452957957361678,TMA,4.836753239303885,TMA,0.4067711980076576,TMA,0.4067711980076576,3.0,False,1.4529579573616784,B738,A320,,,,False,
15528.0,RYR57ZC,VLG1510,23.594400127104656,10.249230747585978,19.09866063360693,10.739771608349844,4.522422351956322,TMA,5.084394513870372,TMA,0.5827327781667268,TMA,0.5827327781667268,3.0,False,1.5224223519563216,B738,A320,,,,False,
15532.0,RYR57ZC,VLG1510,23.844305081267027,10.218268047233783,19.283509317629274,10.726285681273446,4.589002060809227,TMA,5.335948260483209,TMA,0.7637438759792873,TMA,0.7637438759792873,3.0,False,1.5890020608092268,B738,A320,,,,False,
15536.0,RYR57ZC,VLG1510,24.098053964611324,10.186714592772434,19.47466873382653,10.702942083895568,4.6521158427999465,TMA,5.591404671503878,TMA,0.951999713511526,TMA,0.951999713511526,3.0,False,1.6521158427999465,B738,A320,,,,False,
15540.0,RYR57ZC,VLG1510,24.347714167875115,10.154618526182515,19.665418732893023,10.676194654959067,4.711255904593133,TMA,5.842852812488612,TMA,1.141170464563961,TMA,1.141170464563961,3.0,False,1.7112559045931333,B738,A320,,,,False,
15544.0,RYR57ZC,VLG1510,24.59328716347143,10.12469392242183,19.86482441007461,10.64357188697682,4.756847102058438,TMA,6.090067024621947,TMA,1.3399475534068674,TMA,1.3399475534068674,3.0,False,1.7568471020584377,B738,A320,,,,False,
15548.0,RYR57ZC,VLG1510,24.846309603599927,10.091933901040193,20.070883261965854,10.609285026071666,4.80336849835029,TMA,6.34496036295981,TMA,1.5462608412539298,TMA,1.5462608412539298,3.0,False,1.8033684983502898,B738,A320,,,,False,
15552.0,RYR57ZC,VLG1510,25.099328737340304,10.05926516024422,20.28088245006595,10.574755627898863,4.845942121568397,TMA,6.599861033839376,TMA,1.7571314417058337,TMA,1.7571314417058337,3.0,False,1.845942121568397,B738,A320,,,,False,
15556.0,RYR57ZC,VLG1510,25.34846588525757,10.027243662816336,20.501543178833668,10.53897025221406,4.8738612848894505,TMA,6.850853746212165,TMA,1.9791323615268823,TMA,1.9791323615268823,3.0,False,1.8738612848894505,B738,A320,,,,False,
15560.0,RYR57ZC,VLG1510,25.597246826555057,9.993099987965447,20.727146461238565,10.50362611962453,4.89678613984342,TMA,7.10169781266119,TMA,2.206351916524529,TMA,2.206351916524529,3.0,False,1.89678613984342,B738,A320,,,,False,
15564.0,RYR57ZC,VLG1510,25.84960725044556,9.959549636855616,20.95958583479932,10.46742810650536,4.916324845391383,TMA,7.356069689726957,TMA,2.440663058415604,TMA,2.440663058415604,3.0,False,1.916324845391383,B738,A320,,,,False,
15568.0,RYR57ZC,VLG1510,26.09451840517256,9.926180203279111,21.199468571052776,10.432155576098856,4.921130353528162,TMA,7.603022034756092,TMA,2.682487425001932,TMA,2.682487425001932,3.0,False,1.921130353528162,B738,A320,,,,False,
15572.0,RYR57ZC,VLG1510,26.343001652267617,9.893404007512398,21.442487667620718,10.398778522933773,4.926503903840656,TMA,7.853488037030534,TMA,2.9273876143609416,TMA,2.9273876143609416,3.0,False,1.926503903840656,B738,A320,,,,False,
15576.0,RYR57ZC,VLG1510,26.588014710111,9.860815661037494,21.68517447094099,10.367311368122865,4.928932979065607,TMA,8.100492320790567,TMA,3.17185504252514,TMA,3.17185504252514,3.0,False,1.928932979065607,B738,A320,,,,False,
15776.0,VLG8FU,RYR73JP,23.092850432649872,10.302597662368145,17.884994708989694,10.34422919213234,5.20802212195096,TMA,4.580256746201922,TMA,0.7040945695870607,TMA,0.7040945695870607,3.0,False,2.20802212195096,A320,B738,,,,False,
15780.0,VLG8FU,RYR73JP,23.354241847175828,10.268483030878055,18.039449163237435,10.415307705265455,5.316820361668619,TMA,4.843467305462434,TMA,0.5340701606089924,TMA,0.5340701606089924,3.0,False,2.3168203616686194,A320,B738,,,,False,
15784.0,VLG8FU,RYR73JP,23.61526079510185,10.2348541085624,18.204205617011784,10.482012296973313,5.416696900365931,TMA,5.106309216843799,TMA,0.3565965189609816,TMA,0.3565965189609816,3.0,False,2.416696900365931,A320,B738,,,,False,
15788.0,VLG8FU,RYR73JP,23.884140579331085,10.19850168624578,18.36671712885745,10.550599241592492,5.528646689771153,TMA,5.37724061952008,TMA,0.1806993520390481,TMA,0.1806993520390481,3.0,False,2.5286466897711533,A320,B738,,,,False,
15792.0,VLG8FU,RYR73JP,24.15267548904312,10.16275794565877,18.53118634714366,10.615422007718577,5.639684825021165,TMA,5.647815016243804,TMA,0.0234132193503996,TMA,0.0234132193503996,3.0,False,2.639684825021165,A320,B738,,,,False,
15796.0,VLG8FU,RYR73JP,24.417401773169317,10.12813306221393,18.694335036549766,10.676201714984764,5.74924970060887,TMA,5.914528559013472,TMA,0.1737054862812135,TMA,0.1737054862812135,3.0,False,2.7492497006088703,A320,B738,,,,False,
15800.0,VLG8FU,RYR73JP,24.681739186288503,10.093948509966742,18.86041727890793,10.73697714527792,5.8567289996361565,TMA,6.180839067743988,TMA,0.349830642370953,TMA,0.349830642370953,3.0,False,2.8567289996361565,A320,B738,,,,False,
15804.0,VLG8FU,RYR73JP,24.949642779156065,10.057536118524508,19.035288730617054,10.79188589067506,5.959769576026186,TMA,6.450920322203939,TMA,0.5331019827183038,TMA,0.5331019827183038,3.0,False,2.9597695760261864,A320,B738,,,,False,
15808.0,VLG8FU,RYR73JP,25.2135624688945,10.02119139218766,19.220050284752684,10.830504424334388,6.047906735843315,TMA,6.71705124419408,TMA,0.7213310185607353,TMA,0.7213310185607353,3.0,False,3.0479067358433154,A320,B738,,,,False,
15812.0,VLG8FU,RYR73JP,25.473030961898644,9.984822259381264,19.415972563046694,10.8363354485358,6.1166192589049615,TMA,6.9787740961592695,TMA,0.91289574214978,TMA,0.91289574214978,3.0,False,3.1166192589049615,A320,B738,,,,False,
15816.0,VLG8FU,RYR73JP,25.736866887827063,9.948243779984704,19.60757742239499,10.826098670339526,6.191834829804205,TMA,7.244884878881664,TMA,1.0989115990299154,TMA,1.0989115990299154,3.0,False,3.191834829804205,A320,B738,,,,False,
15820.0,VLG8FU,RYR73JP,25.997942073765167,9.916356720727364,19.81210653514085,10.790521788716047,6.247297485873332,TMA,7.507813126522105,TMA,1.2962258535469795,TMA,1.2962258535469795,3.0,False,3.2472974858733323,A320,B738,,,,False,
15824.0,VLG8FU,RYR73JP,26.2506342663199,9.909641324918072,20.021693340270463,10.744728912010313,6.284669946650273,TMA,7.760000825309421,TMA,1.5006070535489733,TMA,1.5006070535489733,3.0,False,3.284669946650273,A320,B738,,,,False,
15828.0,VLG8FU,RYR73JP,26.51674587340434,9.933957545783414,20.234960081889746,10.6958960240964,6.327826086043179,TMA,8.022806253013341,TMA,1.7110522423361465,TMA,1.7110522423361465,3.0,False,3.3278260860431788,A320,B738,,,,False,
15832.0,VLG8FU,RYR73JP,26.772761363627023,10.03236637827136,20.459900432924684,10.648293396835394,6.342836843446722,TMA,8.270076444382525,TMA,1.9350394014412704,TMA,1.9350394014412704,3.0,False,3.3428368434467224,A320,B738,,,,False,
15836.0,VLG8FU,RYR73JP,27.01294924179556,10.114623152916216,20.68876411891,10.600780735286476,6.342843736323885,TMA,8.504179475067831,TMA,2.1641951534471677,TMA,2.1641951534471677,3.0,False,3.3428437363238848,A320,B738,,,,False,
15880.0,RYR73JP,ITY075,23.41492716687152,10.200455798477778,17.920376160206786,10.362111026895208,5.496928522158092,TMA,4.909572111285839,TMA,0.6644807686286847,TMA,0.6644807686286847,3.0,False,2.4969285221580924,B738,A20N,,,,False,
15884.0,RYR73JP,ITY075,23.67269196467384,10.170342981146469,18.074789264984386,10.426605110924848,5.603765244400327,TMA,5.168999625275052,TMA,0.497257951661091,TMA,0.497257951661091,3.0,False,2.6037652444003268,B738,A20N,,,,False,
15888.0,RYR73JP,ITY075,23.9259072510885,10.140225913947026,18.220666110418406,10.496869807489547,5.716377466542579,TMA,5.423905827197912,TMA,0.3353523766683054,TMA,0.3353523766683054,3.0,False,2.7163774665425793,B738,A20N,,,,False,
15892.0,RYR73JP,ITY075,24.18310397997954,10.110411990169132,18.364025965265675,10.559966325912692,5.836417397865926,TMA,5.682756521120254,TMA,0.1787783790326596,TMA,0.1787783790326596,3.0,False,2.836417397865926,B738,A20N,,,,False,
15896.0,RYR73JP,ITY075,24.44031110698307,10.080975690180129,18.50404511464284,10.621869920179924,5.960857362818056,TMA,5.941588103744484,TMA,0.0263388767798481,TMA,0.0263388767798481,3.0,False,2.9608573628180563,B738,A20N,,,,False,
15900.0,RYR73JP,ITY075,24.68928046744871,10.05321562407367,18.644171790065855,10.669436122846918,6.0764353550809584,TMA,6.192064924022105,TMA,0.123363124493949,TMA,0.123363124493949,3.0,False,3.0764353550809584,B738,A20N,,,,False,
15904.0,RYR73JP,ITY075,24.945502801481105,10.021666339099584,18.790448084182827,10.704030571699302,6.192763479971376,TMA,6.450125606761742,TMA,0.2736522517713105,TMA,0.2736522517713105,3.0,False,3.1927634799713758,B738,A20N,,,,False,
15908.0,RYR73JP,ITY075,25.190432956728134,9.99111403342098,18.94045540100109,10.720421518270348,6.292384989377965,TMA,6.696858053769646,TMA,0.4236669351145327,TMA,0.4236669351145327,3.0,False,3.2923849893779646,B738,A20N,,,,False,
15912.0,RYR73JP,ITY075,25.43883547506788,9.960837180652106,19.107341292348245,10.721266367769513,6.376995462945901,TMA,6.947026269395866,TMA,0.5883783537279256,TMA,0.5883783537279256,3.0,False,3.376995462945901,B738,A20N,,,,False,
15916.0,RYR73JP,ITY075,25.68826518946976,9.9305509250001,19.27260292836346,10.7185984255191,6.463879725958538,TMA,7.198222684371043,TMA,0.7520487683136438,TMA,0.7520487683136438,3.0,False,3.463879725958538,B738,A20N,,,,False,
15920.0,RYR73JP,ITY075,25.938085332490207,9.8995543806773,19.44321682585824,10.712876418511865,6.545594675479618,TMA,7.449882380986416,TMA,0.9213780078339762,TMA,0.9213780078339762,3.0,False,3.5455946754796184,B738,A20N,,,,False,
15968.0,ITY075,RYR2A,22.056516812762062,10.41402002690315,17.852895171837563,10.329177656088849,4.20447774734677,TMA,3.538721911716712,TMA,0.6943906871960662,TMA,0.6943906871960662,3.0,False,1.20447774734677,A20N,B738,,,,False,
15972.0,ITY075,RYR2A,22.30791461509492,10.374612296136702,17.999814545682266,10.39375231623842,4.308142586828203,TMA,3.792182044762213,TMA,0.5790907773897896,TMA,0.5790907773897896,3.0,False,1.308142586828203,A20N,B738,,,,False,
15976.0,ITY075,RYR2A,22.551952772188397,10.33657444388038,18.155481522795636,10.468985531708949,4.398464748399956,TMA,4.038327237289432,TMA,0.4062241894931591,TMA,0.4062241894931591,3.0,False,1.398464748399956,A20N,B738,,,,False,
15980.0,ITY075,RYR2A,22.79978381295929,10.29780187515393,18.309983106017544,10.533587784144329,4.4959876982630895,TMA,4.288408257577453,TMA,0.2389152246255977,TMA,0.2389152246255977,3.0,False,1.4959876982630895,A20N,B738,,,,False,
15984.0,ITY075,RYR2A,23.056182960778752,10.259924178380489,18.46565882218484,10.600141010974191,4.603114093762339,TMA,4.5470374282626045,TMA,0.0702806486067087,TMA,0.0702806486067087,3.0,False,1.603114093762339,A20N,B738,,,,False,
15988.0,ITY075,RYR2A,23.305279948386627,10.223360717709468,18.62147473396108,10.669121825252551,4.704969102095994,TMA,4.7983376953634655,TMA,0.1014848814191388,TMA,0.1014848814191388,3.0,False,1.704969102095994,A20N,B738,,,,False,
15992.0,ITY075,RYR2A,23.55411869635569,10.188027542519642,18.78138602856662,10.728937860002254,4.803286488409798,TMA,5.049317389583991,TMA,0.272150109472788,TMA,0.272150109472788,3.0,False,1.8032864884097979,A20N,B738,,,,False,
15996.0,ITY075,RYR2A,23.815240831775924,10.152120195709925,18.949068235781475,10.774708938371914,4.90583861093053,TMA,5.312615126423228,TMA,0.4456739865110051,TMA,0.4456739865110051,3.0,False,1.9058386109305303,A20N,B738,,,,False,
16000.0,ITY075,RYR2A,24.07710537153472,10.117921984358633,19.11899801110193,10.81627499715305,5.007047585958901,TMA,5.576518977912648,TMA,0.6202885518600613,TMA,0.6202885518600613,3.0,False,2.007047585958901,A20N,B738,,,,False,
16004.0,ITY075,RYR2A,24.3397096874042,10.085514674603171,19.29184071491536,10.845625404303329,5.104777123912545,TMA,5.841006268836113,TMA,0.7945661805768909,TMA,0.7945661805768909,3.0,False,2.1047771239125446,A20N,B738,,,,False,
16008.0,ITY075,RYR2A,24.614074868898133,10.052406957514972,19.477370033678607,10.853059612431874,5.198728809814293,TMA,6.11727690553562,TMA,0.9764648002722536,TMA,0.9764648002722536,3.0,False,2.198728809814293,A20N,B738,,,,False,
16012.0,ITY075,RYR2A,24.892491703403515,10.020044552279597,19.661872360723237,10.84907517858094,5.295910732571562,TMA,6.397515499057041,TMA,1.1564154038626155,TMA,1.1564154038626155,3.0,False,2.2959107325715618,A20N,B738,,,,False,
16016.0,ITY075,RYR2A,25.178597291461404,9.986499104195596,19.849621645341934,10.830384532961478,5.3953798803993225,TMA,6.68552595377884,TMA,1.3386337119014688,TMA,1.3386337119014688,3.0,False,2.3953798803993225,A20N,B738,,,,False,
16020.0,ITY075,RYR2A,25.464350830076626,9.9537248730457,20.047509495941213,10.805179202528835,5.483351576763384,TMA,6.9731148859767575,TMA,1.531774351863041,TMA,1.531774351863041,3.0,False,2.4833515767633836,A20N,B738,,,,False,
16024.0,ITY075,RYR2A,25.758656168732426,9.922300629199269,20.25283481743174,10.778544477440343,5.572003435039249,TMA,7.269083837368665,TMA,1.733654755225972,TMA,1.733654755225972,3.0,False,2.5720034350392487,A20N,B738,,,,False,
16028.0,ITY075,RYR2A,26.063959802981707,9.88830221204782,20.46555447053016,10.747674041697229,5.663979361545809,TMA,7.576252406573408,TMA,1.943764043242674,TMA,1.943764043242674,3.0,False,2.6639793615458087,A20N,B738,,,,False,
16032.0,ITY075,RYR2A,26.36039514177194,9.854009801048392,20.685024912179564,10.71136704551676,5.739763818101386,TMA,7.874627653211323,TMA,2.161382858042613,TMA,2.161382858042613,3.0,False,2.7397638181013857,A20N,B738,,,,False,
16036.0,ITY075,RYR2A,26.66470419607372,9.819546529107468,20.907269728276088,10.671378883914969,5.820109106510041,TMA,8.18085688782882,TMA,2.382615379018251,TMA,2.382615379018251,3.0,False,2.820109106510041,A20N,B738,,,,False,
16040.0,ITY075,RYR2A,26.968900842534666,9.78455620779518,21.1371061062751,10.631652455670451,5.8929960036495155,TMA,8.487029076472895,TMA,2.6122251943947146,TMA,2.6122251943947146,3.0,False,2.8929960036495155,A20N,B738,,,,False,
16044.0,ITY075,RYR2A,27.272809536271076,9.75062401173064,21.37066082421754,10.592661975333696,5.961911384056625,TMA,8.79281004492059,TMA,2.846132959865817,TMA,2.846132959865817,3.0,False,2.9619113840566254,A20N,B738,,,,False,
16048.0,ITY075,RYR2A,27.576707311258133,9.716807650880972,21.608357469807206,10.556679298526138,6.027153906651589,TMA,9.098569509219598,TMA,3.0845403373672378,TMA,3.0845403373672378,3.0,False,3.0271539066515887,A20N,B738,,,,False,
16064.0,RYR2A,TVF32ER,22.566580636226643,10.422677304323068,17.95741464658452,10.374497928958505,4.609417791032199,TMA,4.047422242509216,TMA,0.625655971492067,TMA,0.625655971492067,3.0,False,1.6094177910321994,B738,A20N,,,,False,
16068.0,RYR2A,TVF32ER,22.804048015514216,10.3884666109581,18.106512226672024,10.440910060542503,4.697828519950206,TMA,4.2864272736801246,TMA,0.4624632834897919,TMA,0.4624632834897919,3.0,False,1.697828519950206,B738,A20N,,,,False,
16072.0,RYR2A,TVF32ER,23.045496388249045,10.354410681871965,18.253779355176185,10.507092496686209,4.79414891942413,TMA,4.529492506793038,TMA,0.3010477170280007,TMA,0.3010477170280007,3.0,False,1.7941489194241296,B738,A20N,,,,False,
16076.0,RYR2A,TVF32ER,23.286752731215213,10.319333636759875,18.398527734573083,10.57289714851133,4.894797040970001,TMA,4.772513072467725,TMA,0.1421331615834135,TMA,0.1421331615834135,3.0,False,1.8947970409700012,B738,A20N,,,,False,
16080.0,RYR2A,TVF32ER,23.53616383269571,10.283032808933331,18.54185854682185,10.64219858064854,5.007203345189744,TMA,5.023829410746811,TMA,0.0174883338572142,TMA,0.0174883338572142,3.0,False,2.007203345189744,B738,A20N,,,,False,
16084.0,RYR2A,TVF32ER,23.78566983643896,10.247354599342376,18.69089459532327,10.695969882542364,5.1144882862126115,TMA,5.27526320452157,TMA,0.1758457330414403,TMA,0.1758457330414403,3.0,False,2.1144882862126115,B738,A20N,,,,False,
16088.0,RYR2A,TVF32ER,24.031319293736846,10.21241227242945,18.8506961526022,10.7264757176839,5.206065439101461,TMA,5.522850787046403,TMA,0.337614336903296,TMA,0.337614336903296,3.0,False,2.2060654391014607,B738,A20N,,,,False,
16092.0,RYR2A,TVF32ER,24.288315332072123,10.176733795861717,19.011789602251167,10.734368908921876,5.305909978201685,TMA,5.781853437385197,TMA,0.4963516192847457,TMA,0.4963516192847457,3.0,False,2.3059099782016848,B738,A20N,,,,False,
16096.0,RYR2A,TVF32ER,24.5374877499553,10.141807068052472,19.177735800879265,10.728706975827444,5.391789355804863,TMA,6.033036467337313,TMA,0.6591223721176555,TMA,0.6591223721176555,3.0,False,2.391789355804863,B738,A20N,,,,False,
16100.0,RYR2A,TVF32ER,24.79466216747975,10.107354239688195,19.347409160756268,10.712030518890153,5.480711516024862,TMA,6.292186955097328,TMA,0.8258479038923984,TMA,0.8258479038923984,3.0,False,2.4807115160248623,B738,A20N,,,,False,
16104.0,RYR2A,TVF32ER,25.043244286615025,10.074309325340476,19.509587039411382,10.697804827514274,5.568672119164527,TMA,6.542681208315134,TMA,0.9865145869490476,TMA,0.9865145869490476,3.0,False,2.5686721191645274,B738,A20N,,,,False,
16108.0,RYR2A,TVF32ER,25.3037124233385,10.03857647857869,19.67489845138436,10.682093184385568,5.665479722099326,TMA,6.80527210257358,TMA,1.1508559458138907,TMA,1.1508559458138907,3.0,False,2.6654797220993256,B738,A20N,,,,False,
16112.0,RYR2A,TVF32ER,25.55640293982966,10.001109142970137,19.85390362196511,10.662514910563573,5.740727833615832,TMA,7.060296681226696,TMA,1.3292416567162162,TMA,1.3292416567162162,3.0,False,2.740727833615832,B738,A20N,,,,False,
16116.0,RYR2A,TVF32ER,25.80806227985421,9.951735412671423,20.036349276872745,10.642258900174724,5.8128730999032685,TMA,7.315431673884872,TMA,1.5114667984842804,TMA,1.5114667984842804,3.0,False,2.8128730999032685,B738,A20N,,,,False,
16120.0,RYR2A,TVF32ER,26.06814583943606,9.87859002709929,20.22097848586434,10.621712299448149,5.894200265713394,TMA,7.581384563600608,TMA,1.6961678677643737,TMA,1.6961678677643737,3.0,False,2.894200265713394,B738,A20N,,,,False,
16124.0,RYR2A,TVF32ER,26.320710483232816,9.78046019581499,20.408848992491645,10.600682844779664,5.9684898826740955,TMA,7.842841739736038,TMA,1.884329437273767,TMA,1.884329437273767,3.0,False,2.9684898826740955,B738,A20N,,,,False,
16128.0,RYR2A,TVF32ER,26.57956431708019,9.655675637390962,20.603326207249083,10.578656276040862,6.047091466541603,TMA,8.114351999954982,TMA,2.0792838815106123,TMA,2.0792838815106123,3.0,False,3.0470914665416027,B738,A20N,,,,False,
16132.0,RYR2A,TVF32ER,26.829606103899213,9.509686433283104,20.80567814311274,10.554357615796176,6.113840524279182,TMA,8.381012026187959,TMA,2.282321746797921,TMA,2.282321746797921,3.0,False,3.1138405242791816,B738,A20N,,,,False,
16136.0,RYR2A,TVF32ER,27.0759468027708,9.35110828888637,21.01181182430092,10.53044316079986,6.177747467905523,TMA,8.647347348466969,TMA,2.4892468456762447,TMA,2.4892468456762447,3.0,False,3.1777474679055233,B738,A20N,,,,False,
16140.0,RYR2A,TVF32ER,27.33162014412949,9.188039572899804,21.22455960095793,10.504401877064032,6.247319280602478,TMA,8.92529138053835,TMA,2.702973327683958,TMA,2.702973327683958,3.0,False,3.247319280602478,B738,A20N,,,,False,
16144.0,RYR2A,TVF32ER,27.597712188882667,9.026732175816647,21.445588788308147,10.477321958628046,6.320825345941258,TMA,9.214782876817072,TMA,2.9251151056515288,TMA,2.9251151056515288,3.0,False,3.320825345941258,B738,A20N,,,,False,
16148.0,TVF32ER,RYR2A,21.67423082552156,10.44921911451926,27.859077750382276,8.866778164474592,6.384077916530887,TMA,3.154993581387944,TMA,9.500748214986514,TMA,9.500748214986514,3.0,False,3.384077916530887,A20N,B738,,,,False,
16152.0,TVF32ER,RYR2A,21.90610743770961,10.421265273005028,28.123189618343822,8.707028454083083,6.44908665720248,TMA,3.3881562929406264,TMA,9.790604041038884,TMA,9.790604041038884,3.0,False,3.4490866572024803,A20N,B738,,,,False,
16156.0,TVF32ER,RYR2A,22.14577242666626,10.39284566868142,28.38648496991919,8.548939214956155,6.507417618195729,TMA,3.629171678895099,TMA,10.080433678016862,TMA,10.080433678016862,3.0,False,3.5074176181957286,A20N,B738,,,,False,
16168.0,TVF32ER,VLG911N,22.88944685170502,10.300975820545656,17.932344552940194,10.368048499097435,4.957556045535708,TMA,4.377549057546341,TMA,0.6511276885404135,TMA,0.6511276885404135,3.0,False,1.957556045535708,A20N,A320,,,,False,
16172.0,TVF32ER,VLG911N,23.137890127270104,10.270208777346769,18.09553605899268,10.43761460854119,5.045132234361335,TMA,4.627638005886293,TMA,0.4738003596363496,TMA,0.4738003596363496,3.0,False,2.0451322343613354,A20N,A320,,,,False,
16176.0,TVF32ER,VLG911N,23.389341827326795,10.237710088891506,18.256432500424093,10.508751855382132,5.140060485771262,TMA,4.880892897407097,TMA,0.2979372135967728,TMA,0.2979372135967728,3.0,False,2.1400604857712624,A20N,A320,,,,False,
16180.0,TVF32ER,VLG911N,23.63685776614575,10.205870015908191,18.4160513381525,10.576057926198027,5.233914295009079,TMA,5.130198982473865,TMA,0.1252155445278637,TMA,0.1252155445278637,3.0,False,2.233914295009079,A20N,A320,,,,False,
16184.0,TVF32ER,VLG911N,23.887539186451452,10.173163245004504,18.572923689062083,10.646892845636,5.335687174076618,TMA,5.382756659304339,TMA,0.0488564188930573,TMA,0.0488564188930573,3.0,False,2.335687174076618,A20N,A320,,,,False,
16188.0,TVF32ER,VLG911N,24.13501845011978,10.141646007487523,18.720146694756952,10.71908774021328,5.445573898288355,TMA,5.632042012441326,TMA,0.2114366370274865,TMA,0.2114366370274865,3.0,False,2.4455738982883553,A20N,A320,,,,False,
16192.0,TVF32ER,VLG911N,24.3824517080155,10.110082830279762,18.87982189573723,10.7787884464294,5.543113028979622,TMA,5.881302014472005,TMA,0.3818466392804961,TMA,0.3818466392804961,3.0,False,2.543113028979622,A20N,A320,,,,False,
16252.0,VLG911N,TAP1041,21.993655038804626,10.482525195993237,17.897417423118682,10.35450643534919,4.098237597704323,TMA,3.4722477900249595,TMA,0.6885295437431893,TMA,0.6885295437431893,3.0,False,1.0982375977043226,A320,A320,,,,False,
16256.0,VLG911N,TAP1041,22.242437702099945,10.439791397056217,18.057461514188045,10.42292397282795,4.185010179604073,TMA,3.7228278668754,TMA,0.5145229175930991,TMA,0.5145229175930991,3.0,False,1.185010179604073,A320,A320,,,,False,
16260.0,VLG911N,TAP1041,22.506438224631165,10.395571200636365,18.218250636909776,10.497439603978147,4.289397388805004,TMA,3.988921666400208,TMA,0.3373073654738002,TMA,0.3373073654738002,3.0,False,1.2893973888050043,A320,A320,,,,False,
16264.0,VLG911N,TAP1041,22.77070287669999,10.352839007236405,18.37697063173465,10.564311341821876,4.3988184309815725,TMA,4.255377802953332,TMA,0.1652442210283306,TMA,0.1652442210283306,3.0,False,1.3988184309815725,A320,A320,,,,False,
16268.0,VLG911N,TAP1041,23.034848921329083,10.311821912066426,18.533032684322723,10.642430570873074,4.513939689124349,TMA,4.521738225407873,TMA,0.0092845460082807,TMA,0.0092845460082807,3.0,False,1.5139396891243493,A320,A320,,,,False,
16272.0,VLG911N,TAP1041,23.306262475941548,10.269415562883466,18.69055293832168,10.699244273781291,4.635679805205176,TMA,4.795557385633931,TMA,0.1766322149365414,TMA,0.1766322149365414,3.0,False,1.635679805205176,A320,A320,,,,False,
16276.0,VLG911N,TAP1041,23.574295876867048,10.230451139014455,18.856572269383587,10.730889797154026,4.744191700086253,TMA,5.0658254804205525,TMA,0.3444528158305427,TMA,0.3444528158305427,3.0,False,1.7441917000862528,A320,A320,,,,False,
16280.0,VLG911N,TAP1041,23.845638286092928,10.190302416296436,19.028158053652877,10.736773550964202,4.848375654894712,TMA,5.339549234324148,TMA,0.5128760759094648,TMA,0.5128760759094648,3.0,False,1.8483756548947117,A320,A320,,,,False,
16284.0,VLG911N,TAP1041,24.117432646292905,10.150370857707973,19.1994808906816,10.71770381164846,4.950567255491754,TMA,5.613760288826782,TMA,0.6792878088791556,TMA,0.6792878088791556,3.0,False,1.9505672554917544,A320,A320,,,,False,
16288.0,VLG911N,TAP1041,24.389605934932487,10.11528808626008,19.38468777658313,10.692074655681228,5.038044116364972,TMA,5.887963037854843,TMA,0.8614997160493276,TMA,0.8614997160493276,3.0,False,2.038044116364972,A320,A320,,,,False,
16292.0,VLG911N,TAP1041,24.660601784217945,10.096916987209308,19.569999055084907,10.664469203329636,5.122143268581994,TMA,6.159522520770327,TMA,1.0454463344594205,TMA,1.0454463344594205,3.0,False,2.1221432685819943,A320,A320,,,,False,
16296.0,VLG911N,TAP1041,24.93995229459477,10.13458811401939,19.76169561509788,10.637795982942858,5.202649363362926,TMA,6.434783478893374,TMA,1.23680707081772,TMA,1.23680707081772,3.0,False,2.2026493633629256,A320,A320,,,,False,
16300.0,VLG911N,TAP1041,25.202006595731465,10.169157274263751,19.955838903571426,10.611278406684384,5.264764624367997,TMA,6.69355606939996,TMA,1.4311993082370922,TMA,1.4311993082370922,3.0,False,2.264764624367997,A320,A320,,,,False,
16304.0,VLG911N,TAP1041,25.464042804708683,10.236075414147964,20.16035058482125,10.582368172579931,5.3149854033512565,TMA,6.95078289116887,TMA,1.6364069989993422,TMA,1.6364069989993422,3.0,False,2.3149854033512565,A320,A320,,,,False,
16308.0,VLG911N,TAP1041,25.729768333339887,10.305060535319642,20.36882973637149,10.556046136143678,5.366810636894735,TMA,7.212567008452801,TMA,1.8457602697732232,TMA,1.8457602697732232,3.0,False,2.3668106368947353,A320,A320,,,,False,
16312.0,VLG911N,TAP1041,26.006459685852292,10.374298502522295,20.581815448709232,10.532222125659713,5.426942506634307,TMA,7.486216029572295,TMA,2.0596434988833083,TMA,2.0596434988833083,3.0,False,2.4269425066343073,A320,A320,,,,False,
16316.0,VLG911N,TAP1041,26.27863258920005,10.445788103984736,20.801184717423983,10.506510775111469,5.477784445449907,TMA,7.756125404663903,TMA,2.280089109874968,TMA,2.280089109874968,3.0,False,2.477784445449907,A320,A320,,,,False,
16320.0,VLG911N,TAP1041,26.561119562580146,10.519260266350186,21.024162621628125,10.481167733332564,5.537087971761732,TMA,8.0371077714323,TMA,2.504188197783772,TMA,2.504188197783772,3.0,False,2.537087971761732,A320,A320,,,,False,
16324.0,VLG911N,TAP1041,26.84312101246841,10.595424216553806,21.258264480009068,10.453658763131353,5.5866555229347945,TMA,8.318341272571725,TMA,2.739583075088654,TMA,2.739583075088654,3.0,False,2.5866555229347945,A320,A320,,,,False,
16328.0,VLG911N,TAP1041,27.131597918288005,10.67434000693767,21.496284424116027,10.427247604287526,5.640728041046139,TMA,8.606786196992973,TMA,2.9788585576841395,TMA,2.9788585576841395,3.0,False,2.640728041046139,A320,A320,,,,False,
16332.0,VLG911N,TAP1041,27.4303933991676,10.754020361174524,21.73764437529883,10.401079444368571,5.703679403640656,TMA,8.906260923861462,TMA,3.221477639916253,TMA,3.221477639916253,3.0,False,2.703679403640656,A320,A320,,,,False,
16352.0,TAP1041,RYR2VR,22.971346937077104,10.274073892494654,17.875243567615165,10.341709430393632,5.096552179486463,TMA,4.461324264625588,TMA,0.7140100230594719,TMA,0.7140100230594719,3.0,False,2.096552179486463,A320,B738,,,,False,
16356.0,TAP1041,RYR2VR,23.2181886022307,10.244248495446756,18.025795135206955,10.409878349104666,5.195034471956236,TMA,4.709785957728779,TMA,0.5487450264338357,TMA,0.5487450264338357,3.0,False,2.1950344719562356,A320,B738,,,,False,
16360.0,TAP1041,RYR2VR,23.472638180252368,10.212858081940096,18.184308256553567,10.481873190606205,5.295167845364186,TMA,4.965979103161573,TMA,0.3746490088035094,TMA,0.3746490088035094,3.0,False,2.295167845364186,A320,B738,,,,False,
16364.0,TAP1041,RYR2VR,23.730831457754,10.178296143093506,18.34951808229351,10.556501769695702,5.394587393017517,TMA,5.226197822221165,TMA,0.1933707688671272,TMA,0.1933707688671272,3.0,False,2.3945873930175168,A320,B738,,,,False,
16368.0,TAP1041,RYR2VR,23.9850850149192,10.144126215673367,18.51605037386077,10.629486384254689,5.4905295189391685,TMA,5.482483865686495,TMA,0.0122525352208076,TMA,0.0122525352208076,3.0,False,2.4905295189391685,A320,B738,,,,False,
16372.0,TAP1041,RYR2VR,24.244207982394634,10.110808918048567,18.681958629262347,10.701540599411173,5.59353035084159,TMA,5.743563000955937,TMA,0.1694459605012834,TMA,0.1694459605012834,3.0,False,2.59353035084159,A320,B738,,,,False,
16376.0,TAP1041,RYR2VR,24.511394252292565,10.07848821484637,18.84797394152795,10.771928973271171,5.70571552934651,TMA,6.012592860638449,TMA,0.3497549859405852,TMA,0.3497549859405852,3.0,False,2.7057155293465103,A320,B738,,,,False,
16380.0,TAP1041,RYR2VR,24.78620437647207,10.04682984763502,19.027869886292525,10.829914887482742,5.811337047566992,TMA,6.289159341130508,TMA,0.5383606283712433,TMA,0.5383606283712433,3.0,False,2.811337047566992,A320,B738,,,,False,
16384.0,TAP1041,RYR2VR,25.06915705605219,10.014578243592924,19.209222059324027,10.86867484542616,5.921850991973927,TMA,6.573893090606875,TMA,0.7221744919930629,TMA,0.7221744919930629,3.0,False,2.921850991973927,A320,B738,,,,False,
16388.0,TAP1041,RYR2VR,25.352285123702288,9.983739467693225,19.39249457852856,10.898664828855166,6.029609585938336,TMA,6.858670753783916,TMA,0.9059253787923414,TMA,0.9059253787923414,3.0,False,3.029609585938336,A320,B738,,,,False,
16392.0,TAP1041,RYR2VR,25.65123508571429,9.95313132316092,19.58698905961668,10.909942603311237,6.139264425879011,TMA,7.159177469740596,TMA,1.0963691494420411,TMA,1.0963691494420411,3.0,False,3.139264425879011,A320,B738,,,,False,
16396.0,TAP1041,RYR2VR,25.9448969482458,9.916897548630438,19.781173190559198,10.910850579383771,6.243351118463062,TMA,7.454963001737402,TMA,1.285579100717115,TMA,1.285579100717115,3.0,False,3.243351118463062,A320,B738,,,,False,
16400.0,RYR2VR,TAP1041,19.9846261591112,10.898049227354816,26.24510247087282,9.854445805638786,6.346863142682829,TMA,1.4827251478645005,TMA,7.759872207724909,TMA,7.759872207724909,3.0,False,3.346863142682829,B738,A320,,,,False,
16404.0,RYR2VR,TAP1041,20.19372440920722,10.872962453387023,26.530270014372576,9.727206933096134,6.439298557965566,TMA,1.6852992208866944,TMA,8.057023387964065,TMA,8.057023387964065,3.0,False,3.439298557965566,B738,A320,,,,False,
16408.0,RYR2VR,TAP1041,20.41365179607166,10.838836530139336,26.8088087850776,9.589461387664128,6.516054877045345,TMA,1.899413857986374,TMA,8.350012546530102,TMA,8.350012546530102,3.0,False,3.5160548770453453,B738,A320,,,,False,
16412.0,RYR2VR,TAP1041,20.64061143366689,10.799914884282614,27.073013343961485,9.445689953190335,6.573410035860643,TMA,2.1219115638816946,TMA,8.630873340698278,TMA,8.630873340698278,3.0,False,3.5734100358606433,B738,A320,,,,False,
16416.0,RYR2VR,TAP1041,20.88138331533881,10.754088408251562,27.318120652931107,9.251663618715517,6.60975550238942,TMA,2.3593538293880982,TMA,8.901841523895813,TMA,8.901841523895813,3.0,False,3.6097555023894197,B738,A320,,,,False,
16420.0,RYR2VR,TAP1041,21.118613660605963,10.708678351657309,27.526164287748987,9.029565279793864,6.62390562640378,TMA,2.5946886627237524,TMA,9.143847002073406,TMA,9.143847002073406,3.0,False,3.62390562640378,B738,A320,,,,False,
16424.0,RYR2VR,TAP1041,21.36310463644845,10.664261487792505,27.6962757409563,8.765731165101265,6.611616566706758,TMA,2.8383378295613872,TMA,9.360535766218396,TMA,9.360535766218396,3.0,False,3.6116165667067577,B738,A320,,,,False,
16428.0,RYR2VR,TAP1041,21.608054629587663,10.62033111982858,27.826286758862928,8.477958431527387,6.576942416437145,TMA,3.083216541874911,TMA,9.548909284298835,TMA,9.548909284298835,3.0,False,3.576942416437145,B738,A320,,,,False,
16432.0,RYR2VR,TAP1041,21.860744745517295,10.577631972357864,27.918318776454623,8.18030019457943,6.514706654411434,TMA,3.336401874664916,TMA,9.709618096344116,TMA,9.709618096344116,3.0,False,3.514706654411434,B738,A320,,,,False,
16436.0,RYR2VR,TAP1041,22.11700303097313,10.537171405502573,27.96487021482497,7.86799039429903,6.428225094887454,TMA,3.5935285194332702,TMA,9.83799032237353,TMA,9.83799032237353,3.0,False,3.4282250948874537,B738,A320,,,,False,
16440.0,RYR2VR,TAP1041,22.37324717130916,10.496681231859425,27.97285555004969,7.55309831656673,6.32615952805999,TMA,3.850951466540403,TMA,9.938839365562774,TMA,9.938839365562774,3.0,False,3.32615952805999,B738,A320,,,,False,
16476.0,RYR2VR,RYR81RY,24.70908617327276,10.155307660639954,17.902195808721796,10.35106555596492,6.8097046623622965,TMA,6.203004540894585,TMA,0.6856104951173879,TMA,0.6856104951173879,3.0,False,3.8097046623622965,B738,B38M,,,,False,
16480.0,RYR2VR,RYR81RY,24.973477421991312,10.116514104536126,18.05756157140705,10.422938238538544,6.922700903712494,TMA,6.4696380906705135,TMA,0.5144260572798537,TMA,0.5144260572798537,3.0,False,3.922700903712494,B738,B38M,,,,False,
16484.0,RYR2VR,RYR81RY,25.23780187045941,10.077323719802571,18.21751486344533,10.489325376367102,7.032366246567554,TMA,6.736284733534931,TMA,0.3414300834248636,TMA,0.3414300834248636,3.0,False,4.032366246567554,B738,B38M,,,,False,
16488.0,RYR2VR,RYR81RY,25.50154356413704,10.037045870863972,18.378198885751424,10.559645560844922,7.142489050957858,TMA,7.002487250288962,TMA,0.1662917350105585,TMA,0.1662917350105585,3.0,False,4.142489050957858,B738,B38M,,,,False,
16492.0,RYR2VR,RYR81RY,25.77313411362284,9.996355255665796,18.53964785934315,10.625498324597826,7.260795024791599,TMA,7.276588219157087,TMA,0.0193245342305737,TMA,0.0193245342305737,3.0,False,4.260795024791599,B738,B38M,,,,False,
16496.0,RYR2VR,RYR81RY,26.029388423861302,9.95898132955489,18.7014901895504,10.68736876765979,7.364009831091064,TMA,7.53515408083251,TMA,0.1833797848947426,TMA,0.1833797848947426,3.0,False,4.364009831091064,B738,B38M,,,,False,
16500.0,RYR2VR,RYR81RY,26.300898091708618,9.917874012897348,18.869414210698395,10.736112880037636,7.476394018336232,TMA,7.809280751841568,TMA,0.3582310640847219,TMA,0.3582310640847219,3.0,False,4.476394018336232,B738,B38M,,,,False,
16504.0,RYR2VR,RYR81RY,26.5606941444584,9.877911380660116,19.04141341097355,10.76733165187447,7.571700678698508,TMA,8.071670463819322,TMA,0.5324770052605776,TMA,0.5324770052605776,3.0,False,4.571700678698508,B738,B38M,,,,False,
16508.0,RYR2VR,RYR81RY,26.820740669197956,9.839607444202372,19.22226792327755,10.78177289561897,7.656661400920003,TMA,8.334179548591376,TMA,0.7120509712567696,TMA,0.7120509712567696,3.0,False,4.656661400920003,B738,B38M,,,,False,
16512.0,RYR2VR,RYR81RY,27.080964917767037,9.79973128631122,19.39889624409074,10.779142609465133,7.744251135326179,TMA,8.59703964908105,TMA,0.8853352401179019,TMA,0.8853352401179019,3.0,False,4.744251135326179,B738,B38M,,,,False,
16516.0,RYR2VR,RYR81RY,27.344244690857582,9.756803601826116,19.591886230045315,10.763724152863205,7.817477259386712,TMA,8.863266944642486,TMA,1.0743824075009083,TMA,1.0743824075009083,3.0,False,4.817477259386712,B738,B38M,,,,False,
16520.0,RYR2VR,RYR81RY,27.597981957314968,9.70356354707469,19.78309045680006,10.745665182832322,7.884066525852561,TMA,9.121082370659106,TMA,1.262802349258369,TMA,1.262802349258369,3.0,False,4.884066525852561,B738,B38M,,,,False,
16556.0,RYR81RY,KLM73T,21.842984061926632,10.481606476341366,17.858362325844833,10.334834426621134,3.987323966551327,TMA,3.321777846051167,TMA,0.7017347954281374,TMA,0.7017347954281374,3.0,False,0.9873239665513269,B38M,B738,,,,False,
16560.0,RYR81RY,KLM73T,22.084456531962637,10.446300813088726,18.008408999481322,10.406805785953862,4.07623887232034,TMA,3.5647246929880767,TMA,0.5658525431640055,TMA,0.5658525431640055,3.0,False,1.0762388723203404,B38M,B738,,,,False,
16564.0,RYR81RY,KLM73T,22.329814262801342,10.410724170604755,18.167053339592933,10.476659534733464,4.163283076615583,TMA,3.811705832058689,TMA,0.3925147870737148,TMA,0.3925147870737148,3.0,False,1.163283076615583,B38M,B738,,,,False,
16568.0,RYR81RY,KLM73T,22.575182763989453,10.37542099231658,18.330822817713507,10.54452754324936,4.247727437009104,TMA,4.058794940020913,TMA,0.2153913596169125,TMA,0.2153913596169125,3.0,False,1.2477274370091038,B38M,B738,,,,False,
16572.0,RYR81RY,KLM73T,22.82115393064667,10.341364092795974,18.495481241111264,10.608518380759303,4.333914585056985,TMA,4.306491913815017,TMA,0.0416212070742367,TMA,0.0416212070742367,3.0,False,1.3339145850569851,B38M,B738,,,,False,
16576.0,RYR81RY,KLM73T,23.0706280022372,10.30711148461886,18.65495223998035,10.672879843000828,4.430798904190536,TMA,4.557764364148826,TMA,0.1346666131081914,TMA,0.1346666131081914,3.0,False,1.430798904190536,B38M,B738,,,,False,
16580.0,RYR81RY,KLM73T,23.32077392006874,10.274498711666132,18.812683343422165,10.740407465814195,4.532102339360998,TMA,4.809639225824824,TMA,0.3054812561344093,TMA,0.3054812561344093,3.0,False,1.532102339360998,B38M,B738,,,,False,
16584.0,RYR81RY,KLM73T,23.56691672088593,10.24190060623053,18.97856318211113,10.803498427422252,4.622594543062859,TMA,5.05756075702673,TMA,0.4829281076462683,TMA,0.4829281076462683,3.0,False,1.622594543062859,B38M,B738,,,,False,
16588.0,RYR81RY,KLM73T,23.81658937604896,10.209267903165328,19.151787520919147,10.859272959549576,4.709870796629949,TMA,5.309038052104786,TMA,0.6648129686568268,TMA,0.6648129686568268,3.0,False,1.7098707966299491,B38M,B738,,,,False,
16592.0,RYR81RY,KLM73T,24.074346157619303,10.175205471937495,19.33855711105646,10.884599946272498,4.788625942142656,TMA,5.568719136418643,TMA,0.8502245004219747,TMA,0.8502245004219747,3.0,False,1.788625942142656,B38M,B738,,,,False,
16596.0,RYR81RY,KLM73T,24.32503005234259,10.143949159867908,19.53508313068412,10.881555998116545,4.8464064377780565,TMA,5.821142521234528,TMA,1.0391468059102584,TMA,1.0391468059102584,3.0,False,1.8464064377780565,B38M,B738,,,,False,
16600.0,RYR81RY,KLM73T,24.575262354203424,10.112594352134067,19.72742216596289,10.865753259208043,4.90599661944695,TMA,6.073141287586884,TMA,1.2239163518650773,TMA,1.2239163518650773,3.0,False,1.9059966194469498,B38M,B738,,,,False,
16604.0,RYR81RY,KLM73T,24.8332430443005,10.08024629016156,19.9322278776844,10.836003221269856,4.958943254597621,TMA,6.332960971457415,TMA,1.4212037858793611,TMA,1.4212037858793611,3.0,False,1.9589432545976209,B38M,B738,,,,False,
16608.0,RYR81RY,KLM73T,25.09074135471738,10.047580132910792,20.142922902107973,10.79701461089681,5.004254137908698,TMA,6.592342975018886,TMA,1.6258319691970884,TMA,1.6258319691970884,3.0,False,2.004254137908698,B38M,B738,,,,False,
16612.0,RYR81RY,KLM73T,25.34802596969365,10.013719379640635,20.35344317882902,10.75760121315138,5.049674983306195,TMA,6.851634541529226,TMA,1.8324636632512357,TMA,1.8324636632512357,3.0,False,2.049674983306195,B38M,B738,,,,False,
16616.0,RYR81RY,KLM73T,25.601649322807777,9.981818521213675,20.57683446193798,10.718896217680028,5.078587196912749,TMA,7.107114797790695,TMA,2.053541008668259,TMA,2.053541008668259,3.0,False,2.078587196912749,B38M,B738,,,,False,
16620.0,RYR81RY,KLM73T,25.85882214560137,9.950040235875182,20.803441739635076,10.680872208205,5.10793367427646,TMA,7.366127370567925,TMA,2.2789569998147963,TMA,2.2789569998147963,3.0,False,2.1079336742764596,B38M,B738,,,,False,
16624.0,RYR81RY,KLM73T,26.116261268433465,9.917415596059143,21.038055991380155,10.64332374807358,5.129825677452705,TMA,7.625492878599501,TMA,2.513173132065888,TMA,2.513173132065888,3.0,False,2.129825677452705,B38M,B738,,,,False,
16628.0,RYR81RY,KLM73T,26.36914047109601,9.883786164654843,21.27586915676086,10.605714196193787,5.144180475464582,TMA,7.880424154459396,TMA,2.7511697235477666,TMA,2.7511697235477666,3.0,False,2.144180475464582,B38M,B738,,,,False,
16632.0,RYR81RY,KLM73T,26.61850220771975,9.850358599861128,21.51335862019254,10.568459375469564,5.155401029328331,TMA,8.131845873167745,TMA,2.989278402764589,TMA,2.989278402764589,3.0,False,2.155401029328331,B38M,B738,,,,False,
16636.0,RYR81RY,KLM73T,26.87577673016165,9.816899584336165,21.7543651541407,10.530881260959724,5.170940568751065,TMA,8.391155684636331,TMA,3.231251706044181,TMA,3.231251706044181,3.0,False,2.170940568751065,B38M,B738,,,,False,
16640.0,RYR81RY,KLM73T,27.12485623615004,9.78176988739845,21.996289018755693,10.494326635919863,5.177831478833143,TMA,8.642483826663575,TMA,3.474371202111857,TMA,3.474371202111857,3.0,False,2.177831478833143,B38M,B738,,,,False,
16644.0,RYR81RY,KLM73T,27.37754809869257,9.747196154250451,22.238234694911867,10.460088286854642,5.18852170227792,TMA,8.897362707281886,TMA,3.717604372581788,TMA,3.717604372581788,3.0,False,2.18852170227792,B38M,B738,,,,False,
16648.0,RYR81RY,KLM73T,27.63484252348084,9.714006578806211,22.480658760129145,10.4286946375709,5.203497793574923,TMA,9.156690120827337,TMA,3.961302191246744,TMA,3.961302191246744,3.0,False,2.2034977935749227,B38M,B738,,,,False,
16664.0,KLM73T,AFR32SN,23.458878396686444,10.282854402722323,17.835737789724398,10.317646169625604,5.623248238581482,TMA,4.946752922498526,TMA,0.6739834643510136,TMA,0.6739834643510136,3.0,False,2.623248238581482,B738,A320,,,,False,
16668.0,KLM73T,AFR32SN,23.708136628165448,10.243342720398177,17.985440307649398,10.384349325227708,5.724433250502052,TMA,5.198249040908664,TMA,0.5960948230766905,TMA,0.5960948230766905,3.0,False,2.7244332505020523,B738,A320,,,,False,
16672.0,KLM73T,AFR32SN,23.962127449141235,10.203907539960332,18.147071395762826,10.459897658471336,5.820687918511708,TMA,5.4545374695669135,TMA,0.417679773309577,TMA,0.417679773309577,3.0,False,2.820687918511708,B738,A320,,,,False,
16676.0,KLM73T,AFR32SN,24.22431814515688,10.164042982877591,18.3039113741696,10.53146827030944,5.931797170824065,TMA,5.719100160918029,TMA,0.2453039508635726,TMA,0.2453039508635726,3.0,False,2.9317971708240647,B738,A320,,,,False,
16680.0,KLM73T,AFR32SN,24.482690268355267,10.125292693695826,18.461496337519996,10.60155715121224,6.040000346541455,TMA,5.9798195319727245,TMA,0.0731070320900243,TMA,0.0731070320900243,3.0,False,3.040000346541455,B738,A320,,,,False,
16684.0,KLM73T,AFR32SN,24.7561442925932,10.08632017504265,18.61606907427301,10.675256857401983,6.168255028973602,TMA,6.2556269178676365,TMA,0.0985090012716993,TMA,0.0985090012716993,3.0,False,3.1682550289736016,B738,A320,,,,False,
16688.0,KLM73T,AFR32SN,25.03385681650576,10.04922933799545,18.773937879628388,10.735989641378962,6.297477654631206,TMA,6.535540230654307,TMA,0.2676433448798933,TMA,0.2676433448798933,3.0,False,3.297477654631206,B738,A320,,,,False,
16692.0,KLM73T,AFR32SN,25.31508204165979,10.013729965524936,18.937728000193097,10.778034627030443,6.422990439492386,TMA,6.81882732446395,TMA,0.4359516661823147,TMA,0.4359516661823147,3.0,False,3.422990439492386,B738,A320,,,,False,
16696.0,KLM73T,AFR32SN,25.598439321380347,9.98938572292308,19.10718466404309,10.791927566384135,6.540677368354788,TMA,7.10322356363494,TMA,0.602304718311172,TMA,0.602304718311172,3.0,False,3.540677368354788,B738,A320,,,,False,
16700.0,KLM73T,AFR32SN,25.89220400446744,10.03099119750932,19.290364685552028,10.776867868154342,6.643840335272216,TMA,7.392277253341621,TMA,0.7779753700024644,TMA,0.7779753700024644,3.0,False,3.643840335272216,B738,A320,,,,False,
16704.0,KLM73T,AFR32SN,26.172347764903627,10.069129921664628,19.46608859243184,10.759261759865334,6.7416759075514925,TMA,7.668586180994399,TMA,0.948982947526299,TMA,0.948982947526299,3.0,False,3.7416759075514925,B738,A320,,,,False,
16708.0,KLM73T,AFR32SN,26.451596936851946,10.174637393305648,19.647517186321,10.738045718996805,6.827366270608555,TMA,7.940238346409924,TMA,1.1270801765962226,TMA,1.1270801765962226,3.0,False,3.8273662706085547,B738,A320,,,,False,
16712.0,KLM73T,AFR32SN,26.711447422622303,10.309264825358596,19.8309099686894,10.71425621350184,6.892446131776705,TMA,8.193155355608654,TMA,1.3082473620347226,TMA,1.3082473620347226,3.0,False,3.8924461317767047,B738,A320,,,,False,
16716.0,KLM73T,AFR32SN,26.95504570420221,10.475563027887883,20.01303584934724,10.689001849656504,6.945290271510723,TMA,8.431721432060952,TMA,1.4890219531116755,TMA,1.4890219531116755,3.0,False,3.945290271510723,B738,A320,,,,False,
16720.0,KLM73T,AFR32SN,27.18007256125504,10.661603074383056,20.197042841727463,10.66026869587293,6.983029847019947,TMA,8.655216263187503,TMA,1.672302927317578,TMA,1.672302927317578,3.0,False,3.983029847019947,B738,A320,,,,False,
16724.0,KLM73T,AFR32SN,27.367111435455648,10.891442380190243,20.37698098353639,10.630008042215072,6.995017630279528,TMA,8.845855103113408,TMA,1.8521095504151543,TMA,1.8521095504151543,3.0,False,3.995017630279528,B738,A320,,,,False,
16728.0,KLM73T,AFR32SN,27.52416463498593,11.143259057030845,20.55241909315429,10.598850306358528,6.992969096732657,TMA,9.013450205942709,TMA,2.027907938678738,TMA,2.027907938678738,3.0,False,3.992969096732657,B738,A320,,,,False,
16732.0,KLM73T,AFR32SN,27.646342297954945,11.41271249943389,20.734931282930024,10.563920944307608,6.963336077101371,TMA,9.15429629701298,TMA,2.211282989046085,TMA,2.211282989046085,3.0,False,3.9633360771013706,B738,A320,,,,False,
16736.0,KLM73T,AFR32SN,27.72123003370764,11.695978121719294,20.910492804373455,10.531299067630506,6.909603382689332,TMA,9.257001287189308,TMA,2.387988025307455,TMA,2.387988025307455,3.0,False,3.9096033826893324,B738,A320,,,,False,
16740.0,KLM73T,AFR32SN,27.75883483091915,11.990473910620976,21.094669331358578,10.49831658559431,6.829175300734645,TMA,9.332471502200448,TMA,2.5735727993903423,TMA,2.5735727993903423,3.0,False,3.8291753007346454,B738,A320,,,,False,
16744.0,KLM73T,AFR32SN,27.751911474076863,12.288079010263104,21.282920318348943,10.465910433780865,6.720725027406297,TMA,9.37340941159612,TMA,2.763393654699997,TMA,2.763393654699997,3.0,False,3.7207250274062966,B738,A320,,,,False,
16748.0,KLM73T,AFR32SN,27.700199923164124,12.583333143421966,21.467510312337623,10.43560845109377,6.592354749172775,TMA,9.379273287094698,TMA,2.949571821831662,TMA,2.949571821831662,3.0,False,3.5923547491727748,B738,A320,,,,False,
16804.0,AFR32SN,VLG8SJ,24.528627926371662,10.122890594905767,17.813549289420546,10.310169820222317,6.717689677908055,TMA,6.025794188553105,TMA,0.6507002028894745,TMA,0.6507002028894745,3.0,False,3.717689677908055,A320,A320,,,,False,
16808.0,AFR32SN,VLG8SJ,24.78107719123069,10.097104083475076,17.961288289289165,10.376681865952786,6.825517152824388,TMA,6.2795250362167,TMA,0.6212229584124803,TMA,0.6212229584124803,3.0,False,3.8255171528243883,A320,A320,,,,False,
16812.0,AFR32SN,VLG8SJ,25.04453545512668,10.06890047186136,18.12614248472701,10.448437477883228,6.928795684086496,TMA,6.544435686054683,TMA,0.4414995891265036,TMA,0.4414995891265036,3.0,False,3.928795684086496,A320,A320,,,,False,
16816.0,AFR32SN,VLG8SJ,25.3115793288756,10.038652433184009,18.29312876413976,10.525922929719794,7.035345113527485,TMA,6.81310178731459,TMA,0.2574250722943806,TMA,0.2574250722943806,3.0,False,4.035345113527485,A320,A320,,,,False,
16820.0,AFR32SN,VLG8SJ,25.580984838465252,10.021003200963452,18.459391512103025,10.596495767590838,7.144808129007411,TMA,7.083018116016708,TMA,0.0775252697059463,TMA,0.0775252697059463,3.0,False,4.144808129007411,A320,A320,,,,False,
16824.0,AFR32SN,VLG8SJ,25.86621301681246,10.059638170553882,18.621891007552595,10.67063696451326,7.270042702767755,TMA,7.364069202366915,TMA,0.1023545519624289,TMA,0.1023545519624289,3.0,False,4.270042702767755,A320,A320,,,,False,
16828.0,AFR32SN,VLG8SJ,26.14023265803911,10.080395891768164,18.782673403256176,10.739703631558266,7.387040333136753,TMA,7.635728993039164,TMA,0.277132254283713,TMA,0.277132254283713,3.0,False,4.387040333136753,A320,A320,,,,False,
16832.0,AFR32SN,VLG8SJ,26.42482401527939,10.156909716797747,18.951051640990528,10.792802662296255,7.5007755159595435,TMA,7.9145689382008815,TMA,0.453417477094675,TMA,0.453417477094675,3.0,False,4.5007755159595435,A320,A320,,,,False,
16836.0,AFR32SN,VLG8SJ,26.69903689111267,10.260875830939042,19.12629879753464,10.81105743281879,7.5926979413759605,TMA,8.182841972942091,TMA,0.6258216464446709,TMA,0.6258216464446709,3.0,False,4.5926979413759605,A320,A320,,,,False,
16840.0,AFR32SN,VLG8SJ,26.962734570608973,10.407453728289472,19.310272361844948,10.805573715482538,7.662811323578585,TMA,8.440994264538611,TMA,0.8030678353771468,TMA,0.8030678353771468,3.0,False,4.662811323578585,A320,A320,,,,False,
16844.0,AFR32SN,VLG8SJ,27.20134979550008,10.587030199266238,19.49460531257272,10.784253884584516,7.709267650508822,TMA,8.676610785649897,TMA,0.980687963552262,TMA,0.980687963552262,3.0,False,4.709267650508822,A320,A320,,,,False,
16848.0,AFR32SN,VLG8SJ,27.41997575385264,10.795040901740434,19.68417118884379,10.759781165935124,7.735884921389459,TMA,8.896473839728783,TMA,1.1656644522680983,TMA,1.1656644522680983,3.0,False,4.735884921389459,A320,A320,,,,False,
16852.0,AFR32SN,VLG8SJ,27.603242777767143,11.028921147195472,19.87983479299232,10.732298748338934,7.729101871937444,TMA,9.086768201307043,TMA,1.3582255989062733,TMA,1.3582255989062733,3.0,False,4.729101871937444,A320,A320,,,,False,
16856.0,AFR32SN,VLG8SJ,27.78021020873084,11.279395174054,20.07842767597883,10.703488154982962,7.723284474653206,TMA,9.277521336800588,TMA,1.554919971902541,TMA,1.554919971902541,3.0,False,4.723284474653206,A320,A320,,,,False,
16860.0,AFR32SN,VLG8SJ,27.91449430652369,11.55065791624191,20.283376254658705,10.669936657203234,7.681772754880367,TMA,9.433858761295784,TMA,1.7587781844396493,TMA,1.7587781844396493,3.0,False,4.681772754880367,A320,A320,,,,False,
16864.0,AFR32SN,VLG8SJ,28.020626491347368,11.837472641167787,20.492463734245227,10.636003904111073,7.623435027829933,TMA,9.571198458715893,TMA,1.9675761620245091,TMA,1.9675761620245091,3.0,False,4.623435027829933,A320,A320,,,,False,
17140.0,EJU73YK,EJU73YK,19.21355042718337,10.85015032352204,19.3917340916014,10.839144026726272,0.17852326692785242,TMA,0.7206071578507655,TMA,0.7206071578507655,TMA,0.7206071578507655,3.0,True,-2.8214767330721475,A319,A319,,,,False,
17140.0,EJU73YK,EJU73YK,19.21355042718337,10.85015032352204,19.3917340916014,10.839144026726272,0.17852326692785242,TMA,0.7206071578507655,TMA,0.8898827090505257,TMA,0.8898827090505257,3.0,False,-2.8214767330721475,A319,A319,,,,False,
17140.0,EJU73YK,EJU73YK,19.21355042718337,10.85015032352204,19.3917340916014,10.839144026726272,0.17852326692785242,TMA,0.8898827090505257,TMA,0.7206071578507655,TMA,0.7206071578507655,3.0,False,-2.8214767330721475,A319,A319,,,,False,
17140.0,EJU73YK,EJU73YK,19.21355042718337,10.85015032352204,19.3917340916014,10.839144026726272,0.17852326692785242,TMA,0.8898827090505257,TMA,0.8898827090505257,TMA,0.8898827090505257,3.0,False,-2.8214767330721475,A319,A319,,,,False,
17376.0,UPS242,UPS242,18.84208567661789,10.66641498722414,19.01601261008533,10.665229194210982,0.17393097564970061,TMA,0.3184697756285823,TMA,0.3184697756285823,TMA,0.3184697756285823,3.0,True,-2.8260690243502995,B763,B763,,,,False,
17376.0,UPS242,UPS242,18.84208567661789,10.66641498722414,19.01601261008533,10.665229194210982,0.17393097564970061,TMA,0.3184697756285823,TMA,0.4918798356750049,TMA,0.4918798356750049,3.0,False,-2.8260690243502995,B763,B763,,,,False,
17376.0,UPS242,UPS242,18.84208567661789,10.66641498722414,19.01601261008533,10.665229194210982,0.17393097564970061,TMA,0.4918798356750049,TMA,0.3184697756285823,TMA,0.3184697756285823,3.0,False,-2.8260690243502995,B763,B763,,,,False,
17376.0,UPS242,UPS242,18.84208567661789,10.66641498722414,19.01601261008533,10.665229194210982,0.17393097564970061,TMA,0.4918798356750049,TMA,0.4918798356750049,TMA,0.4918798356750049,3.0,False,-2.8260690243502995,B763,B763,,,,False,
17520.0,VLG365N,VLG365N,18.676436344367666,10.69455771152522,18.835912707588392,10.759570049335178,0.17221879831663253,TMA,0.1617672346301989,TMA,0.1617672346301989,TMA,0.1617672346301989,3.0,True,-2.8277812016833677,A320,A320,,,,False,
17520.0,VLG365N,VLG365N,18.676436344367666,10.69455771152522,18.835912707588392,10.759570049335178,0.17221879831663253,TMA,0.1617672346301989,TMA,0.3339491422591524,TMA,0.3339491422591524,3.0,False,-2.8277812016833677,A320,A320,,,,False,
17520.0,VLG365N,VLG365N,18.676436344367666,10.69455771152522,18.835912707588392,10.759570049335178,0.17221879831663253,TMA,0.3339491422591524,TMA,0.1617672346301989,TMA,0.1617672346301989,3.0,False,-2.8277812016833677,A320,A320,,,,False,
17520.0,VLG365N,VLG365N,18.676436344367666,10.69455771152522,18.835912707588392,10.759570049335178,0.17221879831663253,TMA,0.3339491422591524,TMA,0.3339491422591524,TMA,0.3339491422591524,3.0,False,-2.8277812016833677,A320,A320,,,,False,
18072.0,VLG3YR,VLG3YR,16.45625277659483,8.678242621734702,16.44896071360766,8.471091628017659,0.2072793004150857,TMA,1.5603563607064996,TMA,1.5603563607064996,TMA,1.5603563607064996,3.0,True,-2.7927206995849145,A320,A320,,,,False,
18072.0,VLG3YR,VLG3YR,16.45625277659483,8.678242621734702,16.44896071360766,8.471091628017659,0.2072793004150857,TMA,1.5603563607064996,TMA,1.746975835470162,TMA,1.746975835470162,3.0,False,-2.7927206995849145,A320,A320,,,,False,
18072.0,VLG3YR,VLG3YR,16.45625277659483,8.678242621734702,16.44896071360766,8.471091628017659,0.2072793004150857,TMA,1.746975835470162,TMA,1.5603563607064996,TMA,1.5603563607064996,3.0,False,-2.7927206995849145,A320,A320,,,,False,
18072.0,VLG3YR,VLG3YR,16.45625277659483,8.678242621734702,16.44896071360766,8.471091628017659,0.2072793004150857,TMA,1.746975835470162,TMA,1.746975835470162,TMA,1.746975835470162,3.0,False,-2.7927206995849145,A320,A320,,,,False,
18536.0,VLG73QE,VLG1265,18.20375930957077,10.490622822220748,13.22240337145248,2.4909793858728437,9.423810380675668,TWR,0.3533211974499038,TMA,8.541110291549709,TMA,8.541110291549709,3.0,False,6.423810380675668,A321,A320,,,,False,
18720.0,VLG6001,VLG73QE,16.25361158608734,7.391206714725852,13.008134491195545,2.332677423949691,6.010144770228723,TWR,2.81802651545659,TMA,8.782087751766403,TMA,8.782087751766403,3.0,False,3.010144770228723,A319,A321,,,,False,
18724.0,VLG6001,VLG73QE,16.247841819526013,7.142454735733848,12.788581016823576,2.1636585956171026,6.062581653549493,TMA,3.054639094276176,TMA,9.03642586008601,TMA,9.03642586008601,3.0,False,3.0625816535494934,A319,A321,,,,False,
18728.0,VLG6001,VLG73QE,16.240962942886554,6.880272488053286,12.56472863119234,1.98911220654374,6.118672046604098,TMA,3.306203951665638,TMA,9.299001874096149,TMA,9.299001874096149,3.0,False,3.1186720466040976,A319,A321,,,,False,
18904.0,VLG4VF,VLG4SW,18.206896430277794,10.489361908504566,16.425872592172034,6.85329489371872,4.048830602521502,TWR,0.3510043412630469,TMA,3.2822452729978338,TMA,3.2822452729978338,3.0,False,1.0488306025215017,A321,A321,,,,False,
18916.0,VLG4SW,VLG4VF,16.452703019548856,6.104971325242086,17.79701101952961,10.298425836275358,4.403660379152502,TMA,4.007048593718961,TMA,0.6307726548146816,TMA,0.6307726548146816,3.0,False,1.4036603791525017,A321,A321,,,,False,
18920.0,VLG4SW,VLG4VF,16.45690784796628,5.843701225026838,17.632515247478604,10.223287306273775,4.534625342940696,TMA,4.26298624426613,TMA,0.4499287267538729,TMA,0.4499287267538729,3.0,False,1.5346253429406964,A321,A321,,,,False,
18924.0,VLG4SW,VLG4VF,16.45961902287415,5.581200439614683,17.463183833740786,10.142311442969516,4.670211549227114,TMA,4.521003076790875,TMA,0.2622957127773336,TMA,0.2622957127773336,3.0,False,1.6702115492271137,A321,A321,,,,False,
18952.0,VLG4SW,VLG4VF,16.456820574719835,3.643849497979216,16.51642461644225,9.307205892601065,5.663670037554609,TMA,6.4391932212860565,TMA,1.0159022586548296,TMA,1.0159022586548296,3.0,False,2.663670037554609,A321,A321,,,,False,
18956.0,VLG4SW,VLG4VF,16.458648080852342,3.365857657537702,16.49307957227465,9.114601386323388,5.748846839745716,TMA,6.715084313380225,TMA,1.176404163424046,TMA,1.176404163424046,3.0,False,2.748846839745716,A321,A321,,,,False,
18960.0,VLG4SW,VLG4VF,16.46284863265522,3.0835655790957244,16.477856297949213,8.915579966314967,5.8320336969833955,TMA,6.99515872027725,TMA,1.346576154761013,TMA,1.346576154761013,3.0,False,2.8320336969833955,A321,A321,,,,False,
18964.0,VLG4SW,VLG4VF,16.48584166066208,2.809503172940905,16.470702236202417,8.710790148890712,5.901306395594775,TMA,7.265291556948546,TMA,1.5249124620978465,TMA,1.5249124620978465,3.0,False,2.9013063955947747,A321,A321,,,,False,
18968.0,VLG4SW,VLG4VF,16.58097733994582,2.524128705300011,16.4681881611542,8.504486863479508,5.981421662026224,TMA,7.540556590881615,TMA,1.7085203580637651,TMA,1.7085203580637651,3.0,False,2.981421662026224,A321,A321,,,,False,
18972.0,VLG4SW,VLG4VF,16.65903059007418,2.2650103519968137,16.46876839149667,8.292363634204179,6.030355486432242,TMA,7.792730203089509,TMA,1.900910693791219,TMA,1.900910693791219,3.0,False,3.030355486432242,A321,A321,,,,False,
18976.0,VLG4SW,VLG4VF,16.805722125165868,2.0068875583222514,16.47340108984749,8.082363592857435,6.084558021477521,TMA,8.041256391060577,TMA,2.093675699748307,TMA,2.093675699748307,3.0,False,3.0845580214775206,A321,A321,,,,False,
18980.0,VLG4SW,VLG4VF,16.972635799811812,1.7686782897842737,16.47771971268299,7.863303727556463,6.1146873313390895,TMA,8.272425081720915,TMA,2.298154828920857,TMA,2.298154828920857,3.0,False,3.1146873313390895,A321,A321,,,,False,
18984.0,VLG4SW,VLG4VF,17.176159617260303,1.5535729046216866,16.484312398370086,7.6422102748115215,6.1278183393405445,TMA,8.483874784843414,TMA,2.506379511185157,TMA,2.506379511185157,3.0,False,3.1278183393405445,A321,A321,,,,False,
18988.0,VLG4SW,VLG4VF,17.40812323491867,1.368504087130641,16.493338801569386,7.4231822168948,6.123394305002951,TMA,8.670795620444407,TMA,2.7140105222195863,TMA,2.7140105222195863,3.0,False,3.123394305002951,A321,A321,,,,False,
18992.0,VLG4SW,VLG4VF,17.66214973612734,1.223820075961435,16.49791150774221,7.191790152919941,6.080470170299781,TMA,8.824442328625928,TMA,2.9364138184347657,TMA,2.9364138184347657,3.0,False,3.0804701702997814,A321,A321,,,,False,
18996.0,VLG4SW,VLG4VF,17.946948755943072,1.116377084316261,16.50056670161854,6.951562015995508,6.011772137562152,TMA,8.95028361676911,TMA,3.1691553383190336,TMA,3.1691553383190336,3.0,False,3.0117721375621516,A321,A321,,,,False,
19000.0,DLH03K,VLG4VF,18.23690102647694,10.494741834590355,16.502170298486288,6.705513346907756,4.167438449515522,TWR,0.3216392236611834,TMA,3.408850930352029,TMA,3.408850930352029,3.0,False,1.1674384495155223,A20N,A321,,,,False,
19004.0,VLG4SW,VLG4VF,18.54217797080076,1.009207644298102,16.502908826614416,6.44970808689971,5.810134568870054,TMA,9.124007464361846,TMA,3.659128875109908,TMA,3.659128875109908,3.0,False,2.810134568870054,A321,A321,,,,False,
19008.0,VLG4SW,VLG4VF,18.84429300873401,0.9871435379247308,16.504702828584616,6.195303989285503,5.709519900847173,TMA,9.194284306562423,TMA,3.9085511101913126,TMA,3.9085511101913126,3.0,False,2.709519900847173,A321,A321,,,,False,
19012.0,VLG4SW,VLG4VF,19.146097521834346,0.970193957002368,16.50267160455401,5.928324243073952,5.618786035596094,TMA,9.268860094829742,TMA,4.171624622193348,TMA,4.171624622193348,3.0,False,2.618786035596094,A321,A321,,,,False,
19012.0,VLG4VF,DLH03K,16.50267160455401,5.928324243073952,17.831644162847873,10.31094468498011,4.5796866703424,TMA,4.171624622193348,TMA,0.6674878554698912,TMA,0.6674878554698912,3.0,False,1.5796866703424,A321,A20N,,,,False,
19016.0,VLG4SW,VLG4VF,19.449223832779747,0.9623697856958264,16.500470553431924,5.655002482572737,5.542196994898576,TMA,9.344067259057264,TMA,4.441451040901435,TMA,4.441451040901435,3.0,False,2.5421969948985756,A321,A321,,,,False,
19016.0,VLG4VF,DLH03K,16.500470553431924,5.655002482572737,17.67843693587031,10.23990524522248,4.733807995800868,TMA,4.441451040901435,TMA,0.4986277143080891,TMA,0.4986277143080891,3.0,False,1.733807995800868,A321,A20N,,,,False,
19020.0,VLG4VF,DLH03K,16.500173645335696,5.383105254517073,17.526855908034584,10.168090405069226,4.893890002804018,TMA,4.709981328836907,TMA,0.3309683930243199,TMA,0.3309683930243199,3.0,False,1.8938900028040182,A321,A20N,,,,False,
19024.0,VLG4VF,DLH03K,16.499540644063146,5.112677172078593,17.38123450681544,10.100221308373769,5.064877153407322,TMA,4.977472364727355,TMA,0.1704477190040848,TMA,0.1704477190040848,3.0,False,2.0648771534073216,A321,A20N,,,,False,
19028.0,VLG4VF,DLH03K,16.495780737824855,4.836192974896207,17.235653109543016,10.018003533023254,5.234364506484889,TMA,5.251694888127201,TMA,0.0231913961958315,TMA,0.0231913961958315,3.0,False,2.234364506484889,A321,A20N,,,,False,
19032.0,VLG4VF,DLH03K,16.49154595726608,4.564955130660724,17.11455029877838,9.903666017937264,5.374938915696459,TMA,5.521008007329178,TMA,0.1720032824815258,TMA,0.1720032824815258,3.0,False,2.3749389156964593,A321,A20N,,,,False,
19036.0,VLG4VF,DLH03K,16.486815151418135,4.290631301787816,17.009316518946623,9.772775528054297,5.506987651761718,TMA,5.793627896583937,TMA,0.339950521983419,TMA,0.339950521983419,3.0,False,2.506987651761718,A321,A20N,,,,False,
19040.0,VLG4VF,DLH03K,16.479729250998105,4.013663265501721,16.938802167696604,9.623589840914098,5.628678719234569,TMA,6.069317426302434,TMA,0.501833796174184,TMA,0.501833796174184,3.0,False,2.6286787192345686,A321,A20N,,,,False,
19044.0,VLG4VF,DLH03K,16.472133246677668,3.7378209390687855,16.90019672376262,9.462465107858318,5.740626202747402,TMA,6.344068754096416,TMA,0.659197969076681,TMA,0.659197969076681,3.0,False,2.7406262027474018,A321,A20N,,,,False,
19048.0,VLG4VF,DLH03K,16.464705439306424,3.462182225369022,16.87474871548018,9.29959787671766,5.851799464689931,TMA,6.618698014817684,TMA,0.8157115226047424,TMA,0.8157115226047424,3.0,False,2.8517994646899307,A321,A20N,,,,False,
19052.0,VLG4VF,DLH03K,16.45602517476236,3.1829964109073634,16.854141022413135,9.131406051136624,5.9617173260834075,TMA,6.897080161925357,TMA,0.9780601833078396,TMA,0.9780601833078396,3.0,False,2.9617173260834075,A321,A20N,,,,False,
19056.0,VLG4VF,DLH03K,16.447589354044954,2.904548126163755,16.836156720054223,8.965766944062228,6.073661017572016,TMA,7.174775632427924,TMA,1.1391802408333882,TMA,1.1391802408333882,3.0,False,3.0736610175720163,A321,A20N,,,,False,
19060.0,VLG4VF,DLH03K,16.43801644175739,2.622760309109156,16.823356625256046,8.804060593911275,6.193299626847836,TMA,7.45597745895121,TMA,1.2963397237204757,TMA,1.2963397237204757,3.0,False,3.1932996268478364,A321,A20N,,,,False,
19064.0,VLG4VF,DLH03K,16.426186190572476,2.3418772474024103,16.810041300688916,8.636178226122809,6.305994731704354,TMA,7.736565906604436,TMA,1.4606783341351446,TMA,1.4606783341351446,3.0,False,3.305994731704354,A321,A20N,,,,False,
19068.0,VLG4VF,DLH03K,16.416746319494866,2.0607647216675358,16.799359093437147,8.468700332904017,6.4193482015338965,TMA,8.017180049553554,TMA,1.624771744805929,TMA,1.624771744805929,3.0,False,3.4193482015338965,A321,A20N,,,,False,
19072.0,VLG4VF,DLH03K,16.40962127742376,1.7794530065437306,16.793135568768804,8.301536861887035,6.533349908568779,TMA,8.297809718890148,TMA,1.7881744900079928,TMA,1.7881744900079928,3.0,False,3.5333499085687787,A321,A20N,,,,False,
19076.0,VLG4VF,DLH03K,16.39838285936836,1.495330163844684,16.785228378587934,8.132434706873406,6.648368684935633,TMA,8.581682425601732,TMA,1.954500028718004,TMA,1.954500028718004,3.0,False,3.648368684935633,A321,A20N,,,,False,
19080.0,VLG4VF,DLH03K,16.388875406044885,1.2151015939014094,16.777819363996244,7.964959508177841,6.761054597128102,TMA,8.861545412817177,TMA,2.1195988522949865,TMA,2.1195988522949865,3.0,False,3.761054597128102,A321,A20N,,,,False,
19084.0,VLG4VF,DLH03K,16.384193711985098,0.9301159878880864,16.769143850063355,7.795342144243537,6.87601023753699,TMA,9.145733678253537,TMA,2.2874182462072943,TMA,2.2874182462072943,3.0,False,3.87601023753699,A321,A20N,,,,False,
19088.0,VLG593U,DLH03K,18.18353242438944,10.473628535951931,16.760365615434175,7.622208884808681,3.1868476262660894,TWR,0.3788573467783177,TMA,2.4589877974444594,TMA,2.4589877974444594,3.0,False,0.18684762626608942,A321,A20N,,,,False,
19092.0,VLG4VF,DLH03K,16.448933850438884,0.3779379295340361,16.752086632801127,7.445789782207528,7.074350247251975,TMA,9.6903326503205,TMA,2.633935032453758,TMA,2.633935032453758,3.0,False,4.074350247251975,A321,A20N,,,,False,
19096.0,VLG4VF,DLH03K,16.548798032826493,0.1027636101134079,16.74008494931876,7.259289149523663,7.159081538902344,TMA,9.95739431001586,TMA,2.8196601287981946,TMA,2.8196601287981946,3.0,False,4.159081538902344,A321,A20N,,,,False,
19096.0,DLH03K,VLG593U,16.74008494931876,7.259289149523663,17.921395401916904,10.36133059222899,3.3193607061720454,TMA,2.8196601287981946,TMA,0.6638784789003727,TMA,0.6638784789003727,3.0,False,0.31936070617204537,A20N,A321,,,,False,
19100.0,VLG4VF,DLH03K,16.691239884387652,-0.1494906230165209,16.729312614316054,7.069053834814779,7.218644860529654,TMA,10.200670247709986,TMA,3.009011132915004,TMA,3.009011132915004,3.0,False,4.218644860529654,A321,A20N,,,,False,
19100.0,DLH03K,VLG593U,16.729312614316054,7.069053834814779,17.769044148959964,10.285813238129466,3.3806186893742445,TMA,3.009011132915004,TMA,0.6000934454614234,TMA,0.6000934454614234,3.0,False,0.3806186893742445,A20N,A321,,,,False,
19104.0,DLH03K,VLG593U,16.71788984784725,6.872172562084081,17.60311015704159,10.207903012291794,3.4511900313157318,TMA,3.2051687797707555,TMA,0.4167983427666737,TMA,0.4167983427666737,3.0,False,0.45119003131573177,A20N,A321,,,,False,
19108.0,DLH03K,VLG593U,16.707364276493127,6.671658422886331,17.426801535727876,10.129207683084337,3.5316054219959203,TMA,3.4049032749441235,TMA,0.2237246537085442,TMA,0.2237246537085442,3.0,False,0.5316054219959203,A20N,A321,,,,False,
19112.0,DLH03K,VLG593U,16.697514506861108,6.467577693385827,17.2536741586508,10.046455214364212,3.621833495405775,TMA,3.608185079070223,TMA,0.032180159414811,TMA,0.032180159414811,3.0,False,0.6218334954057751,A20N,A321,,,,False,
19116.0,DLH03K,VLG593U,16.684937102166437,6.252758290793484,17.0858463246312,9.967199193573952,3.7360138416373507,TMA,3.822593177115484,TMA,0.1538768843751788,TMA,0.1538768843751788,3.0,False,0.7360138416373507,A20N,A321,,,,False,
19120.0,DLH03K,VLG593U,16.671207788268717,6.034950369968298,16.922868687891057,9.87845961428606,3.8517394148040203,TMA,4.04020192832144,TMA,0.3394201647343593,TMA,0.3394201647343593,3.0,False,0.8517394148040203,A20N,A321,,,,False,
19124.0,DLH03K,VLG593U,16.655773146556808,5.810652916739888,16.76620836085818,9.776922325001538,3.967806567295085,TMA,4.264533897755423,TMA,0.5256415504963452,TMA,0.5256415504963452,3.0,False,0.9678065672950851,A20N,A321,,,,False,
19128.0,DLH03K,VLG593U,16.641014620538886,5.5861939512386645,16.652251838657484,9.628897371532084,4.042719037915343,TMA,4.488987955727558,TMA,0.7016796604541485,TMA,0.7016796604541485,3.0,False,1.0427190379153428,A20N,A321,,,,False,
19132.0,DLH03K,VLG593U,16.623805467877464,5.351236458103558,16.557504477667468,9.477335666052948,4.126631858446233,TMA,4.724213085876083,TMA,0.8696113608754165,TMA,0.8696113608754165,3.0,False,1.126631858446233,A20N,A321,,,,False,
19136.0,DLH03K,VLG593U,16.60837998939976,5.115693584917841,16.5142012968191,9.28805070070312,4.173419883953717,TMA,4.959832119762357,TMA,1.0312813721665754,TMA,1.0312813721665754,3.0,False,1.1734198839537173,A20N,A321,,,,False,
19140.0,DLH03K,VLG593U,16.59127415880718,4.877595173287958,16.46937523121351,9.111781649314588,4.235940800142904,TMA,5.198230625676997,TMA,1.1934388070788435,TMA,1.1934388070788435,3.0,False,1.2359408001429042,A20N,A321,,,,False,
19144.0,DLH03K,VLG593U,16.573894563248853,4.631800290838166,16.457941822457776,8.924739811839663,4.294505183263087,TMA,5.444330847747176,TMA,1.3501366431864952,TMA,1.3501366431864952,3.0,False,1.2945051832630874,A20N,A321,,,,False,
19148.0,DLH03K,VLG593U,16.554926825011595,4.3786839489975,16.45312724125415,8.727883951171886,4.35039122541489,TMA,5.697914855205704,TMA,1.5188960141944732,TMA,1.5188960141944732,3.0,False,1.3503912254148904,A20N,A321,,,,False,
19152.0,DLH03K,VLG593U,16.536415206937,4.126369738487501,16.447551030284867,8.532279984093178,4.406806319118772,TMA,5.950670096568128,TMA,1.6929803767163265,TMA,1.6929803767163265,3.0,False,1.4068063191187719,A20N,A321,,,,False,
19156.0,DLH03K,VLG593U,16.51697551446816,3.871120873604284,16.441173696739572,8.327721603080501,4.457245335130087,TMA,6.206465804222001,TMA,1.8798118195857416,TMA,1.8798118195857416,3.0,False,1.4572453351300867,A20N,A321,,,,False,
19164.0,VLG38HJ,VLG593U,18.22606013793149,10.498785568334116,16.438885868100517,7.905843636045259,3.14918080379132,TWR,0.3296534185658507,TMA,2.2710655078473385,TMA,2.2710655078473385,3.0,False,0.14918080379132004,A321,A321,,,,False,
19168.0,VLG38HJ,VLG593U,18.10839055502979,10.444252367535402,16.442380841067628,7.694104795867038,3.2154159968765597,TWR,0.4593451929754844,TMA,2.469764534288389,TMA,2.469764534288389,3.0,False,0.21541599687655966,A321,A321,,,,False,
19176.0,VLG593U,VLG38HJ,16.45035656287897,7.247958576875701,17.825305599192095,10.315902524937393,3.361958494822141,TMA,2.8943445673581314,TMA,0.6637769275419737,TMA,0.6637769275419737,3.0,False,0.36195849482214104,A321,A321,,,,False,
19180.0,VLG593U,VLG38HJ,16.45543822809059,7.013770998055646,17.66479860463131,10.241363572845428,3.4467240024673935,TMA,3.1194096632512403,TMA,0.4868067777677837,TMA,0.4868067777677837,3.0,False,0.4467240024673935,A321,A321,,,,False,
19184.0,VLG593U,VLG38HJ,16.4624332454274,6.781467142675355,17.498232335153777,10.162763511162556,3.536388678556519,TMA,3.3434651012218635,TMA,0.3026371685230535,TMA,0.3026371685230535,3.0,False,0.5363886785565191,A321,A321,,,,False,
19188.0,VLG593U,VLG38HJ,16.46629168099401,6.540150465827611,17.340608621241874,10.09129750534804,3.657195019177825,TMA,3.578061291364793,TMA,0.1295695007119,TMA,0.1295695007119,3.0,False,0.6571950191778249,A321,A321,,,,False,
19192.0,VLG593U,VLG38HJ,16.471349519948024,6.296254886559784,17.177493209234328,10.012082975968852,3.782329612812759,TMA,3.815791994069599,TMA,0.0518769484637157,TMA,0.0518769484637157,3.0,False,0.782329612812759,A321,A321,,,,False,
19196.0,VLG593U,VLG38HJ,16.474989986514274,6.046461625270227,17.021925891632897,9.92646044045127,3.9183580349572744,TMA,4.060319258398992,TMA,0.2294501383515647,TMA,0.2294501383515647,3.0,False,0.9183580349572744,A321,A321,,,,False,
19200.0,VLG593U,VLG38HJ,16.47706286315752,5.785826039693646,16.895144637795394,9.80696724395132,4.042816957872717,TMA,4.3164043454522645,TMA,0.4005396058214771,TMA,0.4005396058214771,3.0,False,1.0428169578727173,A321,A321,,,,False,
19204.0,VLG593U,VLG38HJ,16.482575472997585,5.525601637500488,16.77979442256869,9.667936458257484,4.152984092341319,TMA,4.572040694898045,TMA,0.5768133872017848,TMA,0.5768133872017848,3.0,False,1.1529840923413186,A321,A321,,,,False,
19208.0,VLG593U,VLG38HJ,16.487925758786833,5.2589854332761385,16.704510599259073,9.50235884700576,4.248897141785121,TMA,4.834515699025903,TMA,0.7448660241412035,TMA,0.7448660241412035,3.0,False,1.248897141785121,A321,A321,,,,False,
19212.0,VLG593U,VLG38HJ,16.48913373185551,4.978925557663907,16.67194516840748,9.307913292336726,4.332846042531617,TMA,5.111324759958024,TMA,0.9140537092169192,TMA,0.9140537092169192,3.0,False,1.3328460425316173,A321,A321,,,,False,
19216.0,VLG593U,VLG38HJ,16.489859401549825,4.696144680453914,16.639687980879305,9.130002430655423,4.436388525840121,TMA,5.391231363599086,TMA,1.078547512724126,TMA,1.078547512724126,3.0,False,1.4363885258401208,A321,A321,,,,False,
19220.0,VLG593U,VLG38HJ,16.489566329752794,4.406589669747508,16.630908730923533,8.942248017738386,4.537860104065357,TMA,5.678272204017483,TMA,1.2448043805203508,TMA,1.2448043805203508,3.0,False,1.5378601040653566,A321,A321,,,,False,
19224.0,VLG593U,VLG38HJ,16.48444250265477,4.111253518245467,16.622207987278212,8.740313165434697,4.6311092133515075,TMA,5.971888739579577,TMA,1.4293206728084482,TMA,1.4293206728084482,3.0,False,1.6311092133515075,A321,A321,,,,False,
19228.0,VLG593U,VLG38HJ,16.458921225881234,3.81448390327668,16.618444742083568,8.535518793510231,4.723729266905977,TMA,6.269547017362674,TMA,1.6188490099179491,TMA,1.6188490099179491,3.0,False,1.723729266905977,A321,A321,,,,False,
19232.0,IBE04RC,VLG38HJ,18.22643195461316,10.49864624360121,16.61912664104833,8.327629312847899,2.7012487639296148,TWR,0.3293753171740962,TMA,1.813141876781812,TMA,1.813141876781812,3.0,True,-0.29875123607038523,A320,A321,,,,False,
19236.0,IBE04RC,VLG38HJ,18.113674415478705,10.450324006107644,16.620222597617918,8.11487201167505,2.7721353413155843,TWR,0.4520054873026232,TMA,2.014677440190799,TMA,2.014677440190799,3.0,False,-0.22786465868441574,A320,A321,,,,False,
19240.0,VLG593U,VLG38HJ,16.128881123522703,2.981352274661119,16.62125210735496,7.892221612392832,4.935490536714001,TMA,7.140263992071061,TMA,2.227852338752049,TMA,2.227852338752049,3.0,False,1.935490536714001,A321,A321,,,,False,
19244.0,VLG593U,VLG38HJ,15.99263146498115,2.713063087601714,16.62079621631617,7.665219347632783,4.991837595373541,TMA,7.426849221583577,TMA,2.4473023682661816,TMA,2.4473023682661816,3.0,False,1.991837595373541,A321,A321,,,,False,
19244.0,VLG38HJ,IBE04RC,16.62079621631617,7.665219347632783,17.836714366872535,10.321883377409373,2.921698258883214,TMA,2.4473023682661816,TMA,0.6766427050750187,TMA,0.6766427050750187,3.0,True,-0.0783017411167859,A321,A320,,,,False,
19248.0,VLG593U,VLG38HJ,15.85658376508405,2.440699277057046,16.61572999084882,7.426610341602362,5.043373091062002,TMA,7.718499413934774,TMA,2.6803652041122032,TMA,2.6803652041122032,3.0,False,2.0433730910620023,A321,A321,,,,False,
19248.0,VLG38HJ,IBE04RC,16.61572999084882,7.426610341602362,17.67708560756208,10.246224296356557,3.0127559806551507,TMA,2.6803652041122032,TMA,0.5000002733920285,TMA,0.5000002733920285,3.0,False,0.012755980655150712,A321,A320,,,,False,
19252.0,VLG593U,VLG38HJ,15.726089197197972,2.1710430603553967,16.611434391731784,7.186078516824284,5.092584485614766,TMA,8.007402855651963,TMA,2.916052892676474,TMA,2.916052892676474,3.0,False,2.0925844856147657,A321,A321,,,,False,
19252.0,VLG38HJ,IBE04RC,16.611434391731784,7.186078516824284,17.509824291461943,10.16742253410096,3.1137624445818903,TMA,2.916052892676474,TMA,0.3151180897675059,TMA,0.3151180897675059,3.0,False,0.11376244458189033,A321,A320,,,,False,
19256.0,VLG593U,VLG38HJ,15.590474093638464,1.895022501971964,16.60429325623015,6.940660302351208,5.146483275699437,TMA,8.304308841950713,TMA,3.1578268480039235,TMA,3.1578268480039235,3.0,False,2.1464832756994374,A321,A321,,,,False,
19256.0,VLG38HJ,IBE04RC,16.60429325623015,6.940660302351208,17.351188581742925,10.090302897450275,3.236989512515482,TMA,3.1578268480039235,TMA,0.1388749269223647,TMA,0.1388749269223647,3.0,False,0.23698951251548195,A321,A320,,,,False,
19260.0,VLG593U,VLG38HJ,15.453267296810546,1.624177382434619,16.596636309387613,6.689392001649306,5.192657492809212,TMA,8.59722445000361,TMA,3.4059831685098967,TMA,3.4059831685098967,3.0,False,2.1926574928092117,A321,A321,,,,False,
19260.0,VLG38HJ,IBE04RC,16.596636309387613,6.689392001649306,17.185193989913667,10.007242300365078,3.3696484605956374,TMA,3.4059831685098967,TMA,0.0481684662255893,TMA,0.0481684662255893,3.0,False,0.3696484605956374,A321,A320,,,,False,
19264.0,VLG593U,VLG38HJ,15.319970111689312,1.356137993716925,16.588408399367953,6.436748027053918,5.236557457002992,TMA,8.887279710125082,TMA,3.656034698492369,TMA,3.656034698492369,3.0,False,2.2365574570029922,A321,A321,,,,False,
19268.0,VLG593U,VLG38HJ,15.179945881116012,1.0825859076653772,16.57669340337679,6.174018892596425,5.279544817594173,TMA,9.184801487830727,TMA,3.9169589941829095,TMA,3.9169589941829095,3.0,False,2.2795448175941733,A321,A321,,,,False,
19268.0,VLG38HJ,IBE04RC,16.57669340337679,6.174018892596425,16.87089749744166,9.852112381585084,3.6898411568393152,TMA,3.9169589941829095,TMA,0.3976804135963122,TMA,0.3976804135963122,3.0,False,0.6898411568393152,A321,A320,,,,False,
19272.0,VLG593U,VLG38HJ,15.040756579600345,0.8007338994629565,16.565662399832345,5.9128142630536,5.334669943341057,TMA,9.490832614457734,TMA,4.176529188029454,TMA,4.176529188029454,3.0,False,2.3346699433410567,A321,A321,,,,False,
19276.0,VLG593U,VLG38HJ,14.904969513337006,0.5303315596898668,16.553457035819182,5.649470964614195,5.378020022166933,TMA,9.78546061123087,TMA,4.438609910430345,TMA,4.438609910430345,3.0,False,2.3780200221669334,A321,A321,,,,False,
19276.0,VLG38HJ,IBE04RC,16.553457035819182,5.649470964614195,16.619261996748232,9.604620235790602,3.955696658007302,TMA,4.438609910430345,TMA,0.7426361603223494,TMA,0.7426361603223494,3.0,False,0.9556966580073021,A321,A320,,,,False,
19280.0,VLG38HJ,VLG593U,16.541964904635,5.386935628588681,14.76449316155903,0.2534322907132959,5.432518966134518,TMA,4.6999606484795935,TMA,10.088003169923237,TMA,10.088003169923237,3.0,False,2.432518966134518,A321,A321,,,,False,
19280.0,VLG593U,IBE04RC,14.76449316155903,0.2534322907132959,16.52227661022423,9.455735905395423,9.368681575824482,TMA,10.088003169923237,TMA,0.9104930843985972,TMA,0.9104930843985972,3.0,False,6.368681575824482,A321,A320,,,,False,
19284.0,VLG38HJ,VLG593U,16.527455936312883,5.122180661345219,14.62393055387208,-0.0232526897287618,5.486245824964537,TMA,4.964082710045697,TMA,10.3908289714971,TMA,10.3908289714971,3.0,False,2.486245824964537,A321,A321,,,,False,
19284.0,VLG593U,IBE04RC,14.62393055387208,-0.0232526897287618,16.45459085004197,9.291834403856926,9.493269441086117,TMA,10.3908289714971,TMA,1.0704769463018715,TMA,1.0704769463018715,3.0,False,6.493269441086117,A321,A320,,,,False,
19288.0,VLG38HJ,VLG593U,16.51558489029836,4.85737083208664,14.484537849541912,-0.3001749231116136,5.543052435141584,TMA,5.228005907006439,TMA,10.694015478484916,TMA,10.694015478484916,3.0,False,2.5430524351415844,A321,A321,,,,False,
19288.0,VLG593U,IBE04RC,14.484537849541912,-0.3001749231116136,16.403672236801917,9.102892738969098,9.596913996386123,TMA,10.694015478484916,TMA,1.2426395395688512,TMA,1.2426395395688512,3.0,False,6.596913996386123,A321,A320,,,,False,
19292.0,VLG38HJ,VLG593U,16.501858933270537,4.585649553224945,14.34663381002942,-0.5736468425593881,5.591362502235291,TMA,5.499135024148306,TMA,10.993863747259931,TMA,10.993863747259931,3.0,False,2.591362502235291,A321,A321,,,,False,
19292.0,VLG593U,IBE04RC,14.34663381002942,-0.5736468425593881,16.377308153487228,8.916377007445035,9.704853989773909,TMA,10.993863747259931,TMA,1.4040650998069628,TMA,1.4040650998069628,3.0,False,6.704853989773909,A321,A320,,,,False,
19296.0,VLG38HJ,VLG593U,16.49047489482366,4.317990252244993,14.205541049467616,-0.8538333436518012,5.65408542425107,TMA,5.766025688225771,TMA,11.301379043571725,TMA,11.301379043571725,3.0,False,2.65408542425107,A321,A321,,,,False,
19296.0,VLG593U,IBE04RC,14.205541049467616,-0.8538333436518012,16.357627736307588,8.719144185254788,9.811899707835602,TMA,11.301379043571725,TMA,1.576749866687558,TMA,1.576749866687558,3.0,False,6.811899707835602,A321,A320,,,,False,
19300.0,VLG38HJ,VLG593U,16.480091580523457,4.054301452661388,14.062536966535196,-1.1335287176153024,5.72347378671808,TMA,6.028942378156764,TMA,11.609273185217248,TMA,11.609273185217248,3.0,False,2.7234737867180803,A321,A321,,,,False,
19300.0,VLG593U,IBE04RC,14.062536966535196,-1.1335287176153024,16.33454273998131,8.50929329893945,9.90686765216562,TMA,11.609273185217248,TMA,1.7674548798895708,TMA,1.7674548798895708,3.0,False,6.906867652165619,A321,A320,,,,False,
19304.0,EJU14CG,IBE04RC,18.176234674457607,10.472589340930286,16.321358252225977,8.307026691733299,2.8513554898237237,TWR,0.3858899586175243,TMA,1.9510362831323171,TMA,1.9510362831323171,3.0,True,-0.14864451017627633,A319,A320,,,,False,
19308.0,EJU14CG,IBE04RC,18.055358902811665,10.41969710151976,16.305814014663397,8.091490290746638,2.912293644084692,TWR,0.5177858321089561,TMA,2.151080489421307,TMA,2.151080489421307,3.0,False,-0.08770635591530818,A319,A320,,,,False,
19312.0,VLG38HJ,IBE04RC,16.44102251383249,3.200400081883616,16.29913700159106,7.874486621944228,4.676239566420843,TMA,6.881472940517776,TMA,2.351814671180224,TMA,2.351814671180224,3.0,False,1.6762395664208434,A321,A320,,,,False,
19312.0,IBE04RC,EJU14CG,16.29913700159106,7.874486621944228,17.920780329786723,10.357062001742673,2.965283730145043,TMA,2.351814671180224,TMA,0.6662262063883141,TMA,0.6662262063883141,3.0,True,-0.034716269854957016,A320,A319,,,,False,
19316.0,VLG38HJ,IBE04RC,16.429644699932563,2.90967466695434,16.297232757256495,7.658018977477858,4.750190166071702,TMA,7.171641597555487,TMA,2.552994040559957,TMA,2.552994040559957,3.0,False,1.750190166071702,A321,A320,,,,False,
19316.0,IBE04RC,EJU14CG,16.297232757256495,7.658018977477858,17.769402409256767,10.285580774218335,3.0118705948231983,TMA,2.552994040559957,TMA,0.600323393028284,TMA,0.600323393028284,3.0,False,0.0118705948231983,A320,A319,,,,False,
19320.0,VLG38HJ,IBE04RC,16.420501242028028,2.610758431301252,16.29175295531784,7.4332012638310525,4.824161170022085,TMA,7.469773749831404,TMA,2.7655584260030763,TMA,2.7655584260030763,3.0,False,1.8241611700220854,A321,A320,,,,False,
19320.0,IBE04RC,EJU14CG,16.29175295531784,7.4332012638310525,17.61241750737906,10.215151051188192,3.079512863822377,TMA,2.7655584260030763,TMA,0.4282660815308782,TMA,0.4282660815308782,3.0,False,0.07951286382237699,A320,A319,,,,False,
19324.0,VLG38HJ,IBE04RC,16.41216389150921,2.304437690165858,16.29084465166586,7.204930263043491,4.901994065151958,TMA,7.77525687587011,TMA,2.9817784226545,TMA,2.9817784226545,3.0,False,1.9019940651519578,A321,A320,,,,False,
19324.0,IBE04RC,EJU14CG,16.29084465166586,7.204930263043491,17.457547405300435,10.131429545710878,3.1504909723392682,TMA,2.9817784226545,TMA,0.252892450148851,TMA,0.252892450148851,3.0,False,0.15049097233926823,A320,A319,,,,False,
19328.0,VLG38HJ,IBE04RC,16.405466873571466,1.9985775867982676,16.297392354393615,6.9757718677088105,4.978367504677024,TMA,8.080187662363747,TMA,3.1983567542476385,TMA,3.1983567542476385,3.0,False,1.9783675046770242,A321,A320,,,,False,
19328.0,IBE04RC,EJU14CG,16.297392354393615,6.9757718677088105,17.29390256138268,10.060361800827003,3.241562531886048,TMA,3.1983567542476385,TMA,0.0747259012384379,TMA,0.0747259012384379,3.0,False,0.24156253188604815,A320,A319,,,,False,
19332.0,VLG38HJ,IBE04RC,16.413454476150374,1.6935151700608837,16.310278160731595,6.741299045068631,5.0488382228837185,TMA,8.38296714699245,TMA,3.4200115701177096,TMA,3.4200115701177096,3.0,False,2.0488382228837185,A321,A320,,,,False,
19332.0,IBE04RC,EJU14CG,16.310278160731595,6.741299045068631,17.13722401752585,9.98500435225524,3.347456283499421,TMA,3.4200115701177096,TMA,0.1003155098988713,TMA,0.1003155098988713,3.0,False,0.34745628349942104,A320,A319,,,,False,
19336.0,VLG38HJ,IBE04RC,16.462059902746574,1.392951749955247,16.319821011683,6.489757738768234,5.0987903653446,TMA,8.677778793231637,TMA,3.660682626823344,TMA,3.660682626823344,3.0,False,2.0987903653446,A321,A320,,,,False,
19336.0,IBE04RC,EJU14CG,16.319821011683,6.489757738768234,16.976688574995535,9.904590456181069,3.4774354751231935,TMA,3.660682626823344,TMA,0.2796367078310768,TMA,0.2796367078310768,3.0,False,0.4774354751231935,A320,A319,,,,False,
19340.0,VLG38HJ,IBE04RC,16.55444398410335,1.0895109484447465,16.334168618828574,6.238557551324537,5.153756121041706,TMA,8.972736468050469,TMA,3.9013189167383353,TMA,3.9013189167383353,3.0,False,2.153756121041706,A321,A320,,,,False,
19348.0,IBE04RC,EJU14CG,16.3622644229461,5.698029495084935,16.57768163141943,9.548270900172929,3.8562628866767383,TMA,4.423798063200439,TMA,0.8095489008345937,TMA,0.8095489008345937,3.0,False,0.8562628866767383,A320,A319,,,,False,
19352.0,IBE04RC,EJU14CG,16.37881616227913,5.415634437618838,16.483837898817992,9.396085197734068,3.981835985930053,TMA,4.6981178092794025,TMA,0.9784032661290024,TMA,0.9784032661290024,3.0,False,0.981835985930053,A320,A319,,,,False,
19356.0,IBE04RC,EJU14CG,16.397370057856797,5.127109956023624,16.416334734179813,9.216908334145558,4.0898423481396975,TMA,4.979108457847074,TMA,1.1504301960772825,TMA,1.1504301960772825,3.0,False,1.0898423481396975,A320,A319,,,,False,
19360.0,IBE04RC,EJU14CG,16.41017343635418,4.822237984415439,16.37560407668899,9.036196087778118,4.214099896481293,TMA,5.278017174474115,TMA,1.3114950927276536,TMA,1.3114950927276536,3.0,False,1.2140998964812928,A320,A319,,,,False,
19364.0,IBE04RC,EJU14CG,16.425595255469375,4.52717498151887,16.35123547604691,8.84471904960935,4.31818435881321,TMA,5.5675178978527855,TMA,1.4771431037695557,TMA,1.4771431037695557,3.0,False,1.3181843588132098,A320,A319,,,,False,
19368.0,IBE04RC,EJU14CG,16.435560016086267,4.215182846743709,16.334672436538323,8.646642830804304,4.4326082495566155,TMA,5.875121198241981,TMA,1.6500860326907263,TMA,1.6500860326907263,3.0,False,1.4326082495566155,A320,A319,,,,False,
19372.0,IBE04RC,EJU14CG,16.436239277017066,3.9031213227309713,16.319732536313936,8.442042459084698,4.540416159634255,TMA,6.184423339783781,TMA,1.8331590007219587,TMA,1.8331590007219587,3.0,False,1.5404161596342547,A320,A319,,,,False,
19376.0,IBE04RC,EJU14CG,16.367029316491145,3.611994590792525,16.308280192172848,8.2303458466223,4.618724908655269,TMA,6.482065494933551,TMA,2.0252241527027763,TMA,2.0252241527027763,3.0,False,1.6187249086552686,A320,A319,,,,False,
19380.0,IBE04RC,EJU14CG,16.290633900222378,3.3147867907797126,16.300943992533874,8.015159891512393,4.700384408119705,TMA,6.786855809827092,TMA,2.222381785869553,TMA,2.222381785869553,3.0,False,1.7003844081197048,A320,A319,,,,False,
19384.0,IBE04RC,EJU14CG,16.17725739022875,3.0361822075357185,16.30056621576719,7.795018021358689,4.760433107331706,TMA,7.0787794771273065,TMA,2.4245543629047304,TMA,2.4245543629047304,3.0,False,1.760433107331706,A320,A319,,,,False,
19388.0,IBE04RC,EJU14CG,16.046345019674067,2.7628256106760465,16.302386354925083,7.568540365207017,4.812530671826809,TMA,7.369012720821892,TMA,2.634779755829164,TMA,2.634779755829164,3.0,False,1.812530671826809,A320,A319,,,,False,
19392.0,VLG23TK,EJU14CG,18.250555591374575,10.506619526287864,16.307050071048053,7.334894698966492,3.719818824591656,TWR,0.3041580722410703,TMA,2.8533717218624357,TMA,2.8533717218624357,3.0,False,0.7198188245916559,A321,A319,,,,False,
19396.0,VLG23TK,EJU14CG,18.138636637993454,10.459736801617344,16.314961101106555,7.095136092897954,3.827052441887195,TWR,0.4253921080316417,TMA,3.079065892839485,TMA,3.079065892839485,3.0,False,0.827052441887195,A321,A319,,,,False,
19400.0,IBE04RC,EJU14CG,15.64578819519883,1.9459033926630145,16.326104637009628,6.858082331524792,4.959065676959252,TMA,8.24366641385429,TMA,3.3032776443977543,TMA,3.3032776443977543,3.0,False,1.959065676959252,A320,A319,,,,False,
19404.0,IBE04RC,EJU14CG,15.507646844429196,1.6670193031546527,16.334235933464694,6.612576394213564,5.01415840027373,TMA,8.544222360433837,TMA,3.53814114187484,TMA,3.53814114187484,3.0,False,2.01415840027373,A320,A319,,,,False,
19404.0,EJU14CG,VLG23TK,16.334235933464694,6.612576394213564,17.85633694766744,10.326582954046456,4.013805703309365,TMA,3.53814114187484,TMA,0.6964334876103785,TMA,0.6964334876103785,3.0,False,1.013805703309365,A319,A321,,,,False,
19408.0,IBE04RC,EJU14CG,15.368475888443577,1.388720787895927,16.34425423847013,6.36469966140066,5.070750352555918,TMA,8.84515927312721,TMA,3.77624284368262,TMA,3.77624284368262,3.0,False,2.070750352555918,A320,A319,,,,False,
19408.0,EJU14CG,VLG23TK,16.34425423847013,6.36469966140066,17.6947975951554,10.251461254328207,4.11471542619212,TMA,3.77624284368262,TMA,0.5182870138281044,TMA,0.5182870138281044,3.0,False,1.1147154261921202,A319,A321,,,,False,
19412.0,IBE04RC,EJU14CG,15.2255679578159,1.1118846086912235,16.353968310189558,6.115222710896563,5.12900375513771,TMA,9.146168263211267,TMA,4.017180877313371,TMA,4.017180877313371,3.0,False,2.1290037551377097,A320,A319,,,,False,
19412.0,EJU14CG,VLG23TK,16.353968310189558,6.115222710896563,17.524072657993653,10.169891842393408,4.2201286651787555,TMA,4.017180877313371,TMA,0.329134917139288,TMA,0.329134917139288,3.0,False,1.2201286651787555,A319,A321,,,,False,
19416.0,IBE04RC,EJU14CG,15.079836693193569,0.8362463741508219,16.36258552447198,5.860384864938175,5.18530733310545,TMA,9.447333680450788,TMA,4.264596345828104,TMA,4.264596345828104,3.0,False,2.18530733310545,A320,A319,,,,False,
19416.0,EJU14CG,VLG23TK,16.36258552447198,5.860384864938175,17.359321320365474,10.093357988868934,4.34874047452082,TMA,4.264596345828104,TMA,0.1475583519063374,TMA,0.1475583519063374,3.0,False,1.3487404745208202,A319,A321,,,,False,
19420.0,IBE04RC,EJU14CG,14.93533421507115,0.5604670680465472,16.370178042058786,5.603739719076252,5.243412613982302,TMA,9.749015958375756,TMA,4.514822659590478,TMA,4.514822659590478,3.0,False,2.2434126139823016,A320,A319,,,,False,
19420.0,EJU14CG,VLG23TK,16.370178042058786,5.603739719076252,17.194651031415425,10.014992379507298,4.487639217265427,TMA,4.514822659590478,TMA,0.0359426804148423,TMA,0.0359426804148423,3.0,False,1.4876392172654267,A319,A321,,,,False,
19424.0,IBE04RC,EJU14CG,14.784680180473451,0.27873934984852,16.379715761170157,5.3527615727838125,5.3188194199962915,TMA,10.05854863281219,TMA,4.759821779862436,TMA,4.759821779862436,3.0,False,2.3188194199962915,A320,A319,,,,False,
19424.0,EJU14CG,VLG23TK,16.379715761170157,5.3527615727838125,17.032049622499663,9.937128891133444,4.630546747003992,TMA,4.759821779862436,TMA,0.2154779084703675,TMA,0.2154779084703675,3.0,False,1.6305467470039918,A319,A321,,,,False,
19428.0,EJU14CG,VLG23TK,16.384778182851072,5.096135942648422,16.88120291714421,9.834529412573282,4.764326835203959,TMA,5.011746665671205,TMA,0.3972715366347559,TMA,0.3972715366347559,3.0,False,1.764326835203959,A319,A321,,,,False,
19432.0,EJU14CG,VLG23TK,16.390290075119363,4.841120791309353,16.759413953038138,9.70285184389626,4.8757236657687635,TMA,5.2624692555237065,TMA,0.5714996901173411,TMA,0.5714996901173411,3.0,False,1.8757236657687635,A319,A321,,,,False,
19436.0,EJU14CG,VLG23TK,16.397078979684014,4.586417693373344,16.6754698597546,9.539670507127044,4.961069936925443,TMA,5.513091172441605,TMA,0.7397597247169904,TMA,0.7397597247169904,3.0,False,1.9610699369254432,A319,A321,,,,False,
19440.0,EJU14CG,VLG23TK,16.402571786731702,4.325423108722667,16.60136829036629,9.374413870506793,5.052902904513283,TMA,5.770490708365156,TMA,0.9086492881083555,TMA,0.9086492881083555,3.0,False,2.0529029045132834,A319,A321,,,,False,
19444.0,EJU14CG,VLG23TK,16.408511957394133,4.065279716588526,16.579101091212603,9.187049099318251,5.124609474139914,TMA,6.027300575369316,TMA,1.0664572593404982,TMA,1.0664572593404982,3.0,False,2.1246094741399144,A319,A321,,,,False,
19448.0,EJU14CG,VLG23TK,16.415721316552638,3.805666828481228,16.55872397588035,8.999655842931293,5.195957240278519,TMA,6.283701037999301,TMA,1.231976692327184,TMA,1.231976692327184,3.0,False,2.195957240278519,A319,A321,,,,False,
19452.0,EJU14CG,VLG23TK,16.425099228924314,3.545815120895385,16.547074348976675,8.80488557594071,5.260484766734187,TMA,6.540335078675641,TMA,1.4055328698162632,TMA,1.4055328698162632,3.0,False,2.260484766734187,A319,A321,,,,False,
19456.0,EJU14CG,VLG23TK,16.431862428697126,3.2838391441699257,16.541772149944403,8.60579350969839,5.3230891797519355,TMA,6.799640150144693,TMA,1.585272801411879,TMA,1.585272801411879,3.0,False,2.3230891797519355,A319,A321,,,,False,
19460.0,EJU14CG,VLG23TK,16.437656187906768,3.0187313893827685,16.54082776558533,8.399204466852456,5.381462153710348,TMA,7.062369051215218,TMA,1.774410110049535,TMA,1.774410110049535,3.0,False,2.3814621537103484,A319,A321,,,,False,
19464.0,EJU14CG,VLG23TK,16.443865039087296,2.757701472029691,16.543207098661274,8.1902663752604,5.433473131673192,TMA,7.321175094617159,TMA,1.968114801479946,TMA,1.968114801479946,3.0,False,2.4334731316731917,A319,A321,,,,False,
19492.0,VLG23TK,VLG7830,16.54711001994844,6.5726095646937805,17.854350023824164,10.32801504422877,3.976423863656191,TMA,3.529985196698364,TMA,0.6952241342545472,TMA,0.6952241342545472,3.0,False,0.976423863656191,A321,A321,,,,False,
19496.0,VLG23TK,VLG7830,16.544551379014422,6.338834098550193,17.699139139537262,10.252861950316174,4.080770383291489,TMA,3.760164770260147,TMA,0.5228196392991021,TMA,0.5228196392991021,3.0,False,1.0807703832914886,A321,A321,,,,False,
19500.0,VLG23TK,VLG7830,16.539246926384394,6.098786800124039,17.528349616548535,10.17114380490954,4.190753596444855,TMA,3.997412714742574,TMA,0.3335543612115105,TMA,0.3335543612115105,3.0,False,1.1907535964448552,A321,A321,,,,False,
19504.0,VLG23TK,VLG7830,16.536389571858983,5.863739452051309,17.35946411831532,10.092481696813923,4.308098499531349,TMA,4.229651702147102,TMA,0.1473601978300774,TMA,0.1473601978300774,3.0,False,1.308098499531349,A321,A321,,,,False,
19508.0,VLG23TK,VLG7830,16.5312492938776,5.626503122192797,17.191494817079636,10.016998293761423,4.43986170983689,TMA,4.464702393016819,TMA,0.0373375393810379,TMA,0.0373375393810379,3.0,False,1.4398617098368902,A321,A321,,,,False,
19512.0,VLG23TK,VLG7830,16.524432598320782,5.391265704613531,17.020089183793832,9.936752869853503,4.572431412288666,TMA,4.6982504243639385,TMA,0.2263020509535835,TMA,0.2263020509535835,3.0,False,1.5724314122886662,A321,A321,,,,False,
19516.0,VLG23TK,VLG7830,16.517611845192356,5.156440051283128,16.85524220284441,9.85066038889502,4.706346654939197,TMA,4.931561504417678,TMA,0.4122542737760444,TMA,0.4122542737760444,3.0,False,1.706346654939197,A321,A321,,,,False,
19520.0,VLG23TK,VLG7830,16.510218699010764,4.917982495415413,16.71798382060402,9.72503393999168,4.811539248156814,TMA,5.168695003065572,TMA,0.5936158700457695,TMA,0.5936158700457695,3.0,False,1.811539248156814,A321,A321,,,,False,
19524.0,VLG23TK,VLG7830,16.50493718232269,4.683658544505988,16.604165098068474,9.58320707523894,4.900553232469848,TMA,5.401577301695859,TMA,0.7674304322783615,TMA,0.7674304322783615,3.0,False,1.9005532324698482,A321,A321,,,,False,
19528.0,VLG23TK,VLG7830,16.497892113571254,4.446817098867532,16.520757357921,9.411992033557691,4.965227583049401,TMA,5.637307285921861,TMA,0.9401720672509866,TMA,0.9401720672509866,3.0,False,1.9652275830494013,A321,A321,,,,False,
19532.0,VLG23TK,VLG7830,16.490814378841776,4.210092588564752,16.465702915958527,9.236400225893634,5.026370365446501,TMA,5.873023201333269,TMA,1.1021319477914382,TMA,1.1021319477914382,3.0,False,2.0263703654465006,A321,A321,,,,False,
19536.0,VLG23TK,VLG7830,16.47790408070532,3.967330068801228,16.420403248682167,9.04423173169006,5.07722727877399,TMA,6.115526725682675,TMA,1.2767508001726888,TMA,1.2767508001726888,3.0,False,2.0772272787739903,A321,A321,,,,False,
19540.0,VLG23TK,VLG7830,16.425355175150955,3.730896880828868,16.387711995113268,8.855918819122932,5.12516018061863,TMA,6.356643127515012,TMA,1.4467582471151337,TMA,1.4467582471151337,3.0,False,2.1251601806186304,A321,A321,,,,False,
19544.0,VLG23TK,VLG7830,16.352898776721354,3.487781636934117,16.356740184250715,8.655157006876214,5.167376797785897,TMA,6.607057156461902,TMA,1.631092797821481,TMA,1.631092797821481,3.0,False,2.167376797785897,A321,A321,,,,False,
19548.0,VLG23TK,VLG7830,16.271362093064326,3.251297472977553,16.32490681067345,8.449089548160092,5.198067861582248,TMA,6.85239825481206,TMA,1.8244776279372348,TMA,1.8244776279372348,3.0,False,2.198067861582248,A321,A321,,,,False,
19552.0,VLG6UW,VLG7830,18.17134808163829,10.47473650640197,16.29718683933629,8.239304887937449,2.917127848240093,TWR,0.3894056999243665,TMA,2.022288129010349,TMA,2.022288129010349,3.0,True,-0.08287215175990692,A321,A321,,,,False,
19556.0,VLG6UW,VLG7830,18.049056126248697,10.414303907583774,16.268338350568587,8.0239529445349,2.9807270125209047,TWR,0.5257794800636404,TMA,2.228155274569892,TMA,2.228155274569892,3.0,False,-0.019272987479095338,A321,A321,,,,False,
19560.0,VLG23TK,VLG7830,15.928612618604612,2.53754493176843,16.23811492874591,7.803285419399926,5.27482839181185,TMA,7.61062313905688,TMA,2.4414233562194303,TMA,2.4414233562194303,3.0,False,2.27482839181185,A321,A321,,,,False,
19560.0,VLG7830,VLG6UW,16.23811492874591,7.803285419399926,17.912129853683894,10.353523196810176,3.0505800579964277,TMA,2.4414233562194303,TMA,0.6755623828882127,TMA,0.6755623828882127,3.0,False,0.05058005799642773,A321,A321,,,,False,
19564.0,VLG23TK,VLG7830,15.804608991176632,2.2981285405710805,16.20362555655832,7.574213691684456,5.291151929518566,TMA,7.868061507048464,TMA,2.665641199308419,TMA,2.665641199308419,3.0,False,2.2911519295185663,A321,A321,,,,False,
19564.0,VLG7830,VLG6UW,16.20362555655832,7.574213691684456,17.756968985105484,10.280636866522611,3.120513132212666,TMA,2.665641199308419,TMA,0.5869587851040146,TMA,0.5869587851040146,3.0,False,0.12051313221266602,A321,A321,,,,False,
19568.0,VLG23TK,VLG7830,15.67975139121629,2.0473482207955658,16.16896893005096,7.343094873446823,5.318295442091427,TMA,8.13760984177123,TMA,2.892999083145692,TMA,2.892999083145692,3.0,False,2.3182954420914266,A321,A321,,,,False,
19568.0,VLG7830,VLG6UW,16.16896893005096,7.343094873446823,17.591476052930336,10.202736335375102,3.1939123039654462,TMA,2.892999083145692,TMA,0.4040686681906441,TMA,0.4040686681906441,3.0,False,0.19391230396544623,A321,A321,,,,False,
19572.0,VLG23TK,VLG7830,15.551839917307715,1.802289592992813,16.132667521919217,7.105988461069954,5.3354083620208,TMA,8.402849731773076,TMA,3.127479683192448,TMA,3.127479683192448,3.0,False,2.3354083620208,A321,A321,,,,False,
19572.0,VLG7830,VLG6UW,16.132667521919217,7.105988461069954,17.4130638482468,10.132257634430712,3.2859884147858427,TMA,3.127479683192448,TMA,0.2126187525098674,TMA,0.2126187525098674,3.0,False,0.2859884147858427,A321,A321,,,,False,
19576.0,VLG23TK,VLG7830,15.424721348236329,1.5531202378865523,16.090793827581525,6.86008019195523,5.34859575045915,TMA,8.672645901759541,TMA,3.372881222312256,TMA,3.372881222312256,3.0,False,2.3485957504591504,A321,A321,,,,False,
19576.0,VLG7830,VLG6UW,16.090793827581525,6.86008019195523,17.247875277763345,10.053074169740611,3.3961813886376233,TMA,3.372881222312256,TMA,0.0295986108503008,TMA,0.0295986108503008,3.0,False,0.3961813886376233,A321,A321,,,,False,
19580.0,VLG7830,VLG6UW,16.052182500589932,6.609910385958957,17.082324846946452,9.977683532165084,3.5218019845050956,TMA,3.621811707785472,TMA,0.1526262618239139,TMA,0.1526262618239139,3.0,False,0.5218019845050956,A321,A321,,,,False,
19584.0,VLG7830,VLG6UW,16.00296505152225,6.349458058482694,16.920235017928412,9.900715860682784,3.6678080878036377,TMA,3.8843741468247983,TMA,0.3319894814327322,TMA,0.3319894814327322,3.0,False,0.6678080878036377,A321,A321,,,,False,
19588.0,VLG7830,VLG6UW,15.955549822292133,6.089285626059159,16.774833062016917,9.79746933811738,3.7976112846456305,TMA,4.146436944448948,TMA,0.5081521395330217,TMA,0.5081521395330217,3.0,False,0.7976112846456305,A321,A321,,,,False,
19592.0,VLG7830,VLG6UW,15.904756016977652,5.82311236500774,16.65349029152423,9.66392551129845,3.91311239790021,TMA,4.415521299060996,TMA,0.6808502660038938,TMA,0.6808502660038938,3.0,False,0.91311239790021,A321,A321,,,,False,
19596.0,VLG7830,VLG6UW,15.852567171761809,5.549854612963607,16.56198115381164,9.507192126403542,4.020421419852248,TMA,4.692006773484944,TMA,0.8471955603963777,TMA,0.8471955603963777,3.0,False,1.0204214198522479,A321,A321,,,,False,
19600.0,VLG7830,VLG6UW,15.79695739715174,5.2703884111940855,16.50086809299614,9.33064449166134,4.120821484448879,TMA,4.975611472359821,TMA,1.0102480634563031,TMA,1.0102480634563031,3.0,False,1.1208214844488786,A321,A321,,,,False,
19604.0,VLG7830,VLG6UW,15.726885375540812,4.985245340853587,16.465270792107855,9.148633571988208,4.228358379625496,TMA,5.268896158427864,TMA,1.1677501132686008,TMA,1.1677501132686008,3.0,False,1.2283583796254964,A321,A321,,,,False,
19608.0,VLG7830,VLG6UW,15.593989727881237,4.724528956403936,16.449602304284248,8.964362017569758,4.325304297671292,TMA,5.556871768932661,TMA,1.3225354841860129,TMA,1.3225354841860129,3.0,False,1.325304297671292,A321,A321,,,,False,
19612.0,VLG7830,VLG6UW,15.46260750087764,4.463476817063764,16.429056390126945,8.763774149942758,4.407559484192744,TMA,5.845174263066481,TMA,1.5006582035854203,TMA,1.5006582035854203,3.0,False,1.4075594841927437,A321,A321,,,,False,
19616.0,VLG7830,VLG6UW,15.29216162896916,4.224680267604906,16.417851923046303,8.56612633928137,4.485011999031272,TMA,6.1248843044192,TMA,1.6770150414391858,TMA,1.6770150414391858,3.0,False,1.485011999031272,A321,A321,,,,False,
19620.0,VLG7830,VLG6UW,15.0959599308875,4.003510157004969,16.406187136517104,8.358693069277683,4.548001047682838,TMA,6.397685462516716,TMA,1.8667277152653483,TMA,1.8667277152653483,3.0,False,1.5480010476828383,A321,A321,,,,False,
19624.0,VLG7830,VLG6UW,14.866057894698528,3.813001056658168,16.408547471166504,8.156042175826766,4.608826342606281,TMA,6.65555836140993,TMA,2.0499367111772986,TMA,2.0499367111772986,3.0,False,1.6088263426062808,A321,A321,,,,False,
19628.0,VLG7830,VLG6UW,14.628283735719387,3.62388256795457,16.409247769964523,7.940295958546531,4.669395833483846,TMA,6.918365423681644,TMA,2.2493118633212057,TMA,2.2493118633212057,3.0,False,1.6693958334838461,A321,A321,,,,False,
19632.0,VLG7830,VLG6UW,14.389383386592543,3.441950677652028,16.41501955082108,7.720736145099986,4.734047628221998,TMA,7.1782477249280445,TMA,2.4533846681208598,TMA,2.4533846681208598,3.0,False,1.7340476282219983,A321,A321,,,,False,
19636.0,VLG7830,VLG6UW,14.150114777012094,3.253019169416425,16.419043246344124,7.492674128806609,4.808607966306587,TMA,7.447699970002212,TMA,2.6685714197435866,TMA,2.6685714197435866,3.0,False,1.808607966306587,A321,A321,,,,False,
19640.0,VLG6UW,VLG7830,16.427165139749146,7.261605358644423,13.914978872066785,3.063571367839173,4.892296927976478,TMA,2.887499249765943,TMA,7.718481810529893,TMA,7.718481810529893,3.0,False,1.8922969279764779,A321,A321,,,,False,
19644.0,VLG6UW,VLG7830,16.434862418144107,7.025731278270217,13.673093222257766,2.8709361480151747,4.988956971726425,TMA,3.112962738352013,TMA,7.997349253284049,TMA,7.997349253284049,3.0,False,1.9889569717264246,A321,A321,,,,False,
19648.0,VLG3BV,VLG6UW,18.19978037924645,10.492326998570451,16.441477581667858,6.784338473940734,4.103755307856254,TWR,0.3562413330952019,TMA,3.3455011199337528,TMA,3.3455011199337528,3.0,False,1.1037553078562539,A320,A321,,,,False,
19648.0,VLG6UW,VLG7830,16.441477581667858,6.784338473940734,13.431929538742835,2.683999450433311,5.086271672882961,TMA,3.3455011199337528,TMA,8.272977081635242,TMA,8.272977081635242,3.0,False,2.086271672882961,A321,A321,,,,False,
19652.0,VLG3BV,VLG7830,18.08103415708973,10.432215960653023,13.18930255952811,2.490651045432303,9.32724457303696,TWR,0.4892263366326034,TMA,8.556953328674819,TMA,8.556953328674819,3.0,False,6.32724457303696,A320,A321,,,,False,
19656.0,VLG6UW,VLG7830,16.44834137637762,6.281374495752372,12.943910873054556,2.295364540516064,5.3074766618294325,TMA,3.834962338542344,TMA,8.845728430954269,TMA,8.845728430954269,3.0,False,2.3074766618294325,A321,A321,,,,False,
19660.0,VLG6UW,VLG7830,16.448773952109228,6.019890519232944,12.706109164265213,2.106172939655257,5.415230835972084,TMA,4.091317509841229,TMA,9.127088425594708,TMA,9.127088425594708,3.0,False,2.4152308359720838,A321,A321,,,,False,
19660.0,VLG7830,VLG3BV,12.706109164265213,2.106172939655257,17.798059718663033,10.302582931462302,9.649305529530436,TMA,9.127088425594708,TMA,0.6334569625035726,TMA,0.6334569625035726,3.0,False,6.6493055295304355,A321,A320,,,,False,
19664.0,VLG6UW,VLG7830,16.444929217798755,5.749930364279114,12.460489328576504,1.9091616694774616,5.534190581990633,TMA,4.357386333573961,TMA,9.420547899851272,TMA,9.420547899851272,3.0,False,2.534190581990633,A321,A321,,,,False,
19664.0,VLG7830,VLG3BV,12.460489328576504,1.9091616694774616,17.636012106264005,10.2253827940407,9.79518094855802,TMA,9.420547899851272,TMA,0.4539792635418603,TMA,0.4539792635418603,3.0,False,6.79518094855802,A321,A320,,,,False,
19668.0,VLG6UW,VLG7830,16.44189675780708,5.481222089524437,12.21150106686497,1.7150676520516015,5.663935641304365,TMA,4.622538333057963,TMA,9.714585521141098,TMA,9.714585521141098,3.0,False,2.6639356413043647,A321,A321,,,,False,
19668.0,VLG7830,VLG3BV,12.21150106686497,1.7150676520516015,17.473746600340164,10.148293468168829,9.940348370163175,TMA,9.714585521141098,TMA,0.2743727084893598,TMA,0.2743727084893598,3.0,False,6.940348370163175,A321,A320,,,,False,
19672.0,VLG6UW,VLG7830,16.436073935509185,5.20273359449603,11.967326777998013,1.523930187551791,5.788203146461665,TMA,4.898181915568344,TMA,10.004898009189777,TMA,10.004898009189777,3.0,False,2.7882031464616652,A321,A321,,,,False,
19672.0,VLG7830,VLG3BV,11.967326777998013,1.523930187551791,17.308426878231288,10.073396639525786,10.08071063438192,TMA,10.004898009189777,TMA,0.0929001577402184,TMA,0.0929001577402184,3.0,False,7.080710634381919,A321,A320,,,,False,
19676.0,VLG6UW,VLG3BV,16.433061508766052,4.928995010569468,17.14329849416592,9.996119980350596,5.116658287868097,TMA,5.169012799345386,TMA,0.0895586463663626,TMA,0.0895586463663626,3.0,False,2.1166582878680966,A321,A320,,,,False,
19680.0,VLG6UW,VLG3BV,16.427842499973334,4.653639840795319,16.98016112794564,9.918805516578516,5.294055672190343,TMA,5.442057659673958,TMA,0.2700516990276982,TMA,0.2700516990276982,3.0,False,2.2940556721903427,A321,A320,,,,False,
19684.0,VLG6UW,VLG3BV,16.423869411138384,4.37477981724823,16.822575452814387,9.824135079809016,5.463921603140722,TMA,5.718625122850291,TMA,0.4534773277482157,TMA,0.4534773277482157,3.0,False,2.4639216031407223,A321,A320,,,,False,
19688.0,VLG6UW,VLG3BV,16.417510736735522,4.101253012767168,16.702927472726785,9.682461578020243,5.588501745730979,TMA,5.990442709564056,TMA,0.6294523639481588,TMA,0.6294523639481588,3.0,False,2.588501745730979,A321,A320,,,,False,
19692.0,VLG6UW,VLG3BV,16.36663569373614,3.8326702439314735,16.59578509180724,9.53252860268188,5.704462705325825,TMA,6.263443078992551,TMA,0.8049745761585221,TMA,0.8049745761585221,3.0,False,2.704462705325825,A321,A320,,,,False,
19696.0,VLG6UW,VLG3BV,16.294526908079604,3.562490636367338,16.534381055690364,9.356437168795244,5.798909072641115,TMA,6.54103445808474,TMA,0.9682696379142876,TMA,0.9682696379142876,3.0,False,2.7989090726411154,A321,A320,,,,False,
19700.0,VLG6UW,VLG3BV,16.21468196570607,3.306436111941444,16.488075123955937,9.168361317907085,5.868297107280199,TMA,6.8059626809364735,TMA,1.137952237333388,TMA,1.137952237333388,3.0,False,2.868297107280199,A321,A320,,,,False,
19704.0,VLG6UW,VLG3BV,16.09569175152122,3.049968478579135,16.456511260916976,8.971417158198781,5.932431641724145,TMA,7.077675211354025,TMA,1.3127732695470724,TMA,1.3127732695470724,3.0,False,2.932431641724145,A321,A320,,,,False,
19708.0,VLG6UW,VLG3BV,15.97305706294382,2.803023641425664,16.41908292098016,8.7595332798377,5.973185593846264,TMA,7.341453360638392,TMA,1.5095454593308784,TMA,1.5095454593308784,3.0,False,2.9731855938462637,A321,A320,,,,False,
19712.0,VLG6UW,VLG3BV,15.846474516525022,2.553463690456113,16.387974260932623,8.557153656873004,6.028060648836269,TMA,7.609363810202018,TMA,1.699368924312812,TMA,1.699368924312812,3.0,False,3.028060648836269,A321,A320,,,,False,
19716.0,VLG6UW,VLG3BV,15.713889029289462,2.3097895068734258,16.34328793842316,8.339960761740528,6.06292902398207,TMA,7.873473491729801,TMA,1.9117006877900364,TMA,1.9117006877900364,3.0,False,3.06292902398207,A321,A320,,,,False,
19720.0,VLG6UW,VLG3BV,15.581107877386891,2.058276673927222,16.29428426397486,8.119066356927267,6.102605356726458,TMA,8.146185297122887,TMA,2.1311662719315447,TMA,2.1311662719315447,3.0,False,3.1026053567264578,A321,A320,,,,False,
19724.0,VLG2472,VLG3BV,18.232437809610328,10.504673381236591,16.24378342121025,7.897409547810359,3.2791113085095693,TWR,0.3213970242418366,TMA,2.3532366908880693,TMA,2.3532366908880693,3.0,False,0.27911130850956933,A321,A320,,,,False,
19728.0,VLG2472,VLG3BV,18.121718611893684,10.446192613272796,16.19602133873279,7.675720921402141,3.3739922026163525,TWR,0.4464588012649371,TMA,2.575161897385964,TMA,2.575161897385964,3.0,False,0.37399220261635246,A321,A320,,,,False,
19732.0,VLG2472,VLG3BV,17.988356256416715,10.39168661022641,16.13943675124099,7.437667086429139,3.4849296526034363,TWR,0.5903588411062894,TMA,2.816364166932657,TMA,2.816364166932657,3.0,False,0.48492965260343635,A321,A320,,,,False,
19736.0,VLG6UW,VLG3BV,15.077284170463152,1.040654645245145,16.083804774674874,7.1918962057535305,6.2330455206446524,TMA,9.248961676355586,TMA,3.064928110052227,TMA,3.064928110052227,3.0,False,3.2330455206446524,A321,A320,,,,False,
19736.0,VLG3BV,VLG2472,16.083804774674874,7.1918962057535305,17.84518709649837,10.325164911472074,3.5944179592623184,TMA,3.064928110052227,TMA,0.685710050815985,TMA,0.685710050815985,3.0,False,0.5944179592623184,A320,A321,,,,False,
19740.0,VLG3BV,VLG2472,16.02460082883779,6.9319938425301295,17.683603090789767,10.250884983040962,3.7104348677376167,TMA,3.3284788183015945,TMA,0.5078711608218249,TMA,0.5078711608218249,3.0,False,0.7104348677376167,A320,A321,,,,False,
19744.0,VLG3BV,VLG2472,15.973094515623233,6.674054637709744,17.512738952875804,10.170029702833627,3.819993016895545,TMA,3.5879463044235624,TMA,0.3188513083255819,TMA,0.3188513083255819,3.0,False,0.8199930168955452,A320,A321,,,,False,
19748.0,VLG3BV,VLG2472,15.915688786553568,6.398504645390849,17.341760385736112,10.094198665782832,3.96129202386748,TMA,3.8664660391503674,TMA,0.1318428275186151,TMA,0.1318428275186151,3.0,False,0.9612920238674798,A320,A321,,,,False,
19752.0,VLG3BV,VLG2472,15.862084173812187,6.11789605345946,17.167603293140512,10.014394957538698,4.109389721165725,TMA,4.148912622076901,TMA,0.0597846054081185,TMA,0.0597846054081185,3.0,False,1.1093897211657247,A320,A321,,,,False,
19756.0,VLG3BV,VLG2472,15.811948943854926,5.837168371810528,16.993373006908584,9.931854504996137,4.261715305609318,TMA,4.430780989950385,TMA,0.252523008755536,TMA,0.252523008755536,3.0,False,1.261715305609318,A320,A321,,,,False,
19760.0,VLG3BV,VLG2472,15.76280834415546,5.548786590360845,16.827906887830327,9.85311080378026,4.434144995595767,TMA,4.720016419779396,TMA,0.4357609775265808,TMA,0.4357609775265808,3.0,False,1.4341449955957666,A320,A321,,,,False,
19764.0,VLG3BV,VLG2472,15.711156743433584,5.250105301062581,16.672692909098817,9.743714581385309,4.595331996938278,TMA,5.02021300396329,TMA,0.62357153108675,TMA,0.62357153108675,3.0,False,1.5953319969382784,A320,A321,,,,False,
19768.0,VLG3BV,VLG2472,15.649726448660171,4.95268650257199,16.55097274723847,9.598433244062386,4.732357517851933,TMA,5.322415687442076,TMA,0.8024943360282585,TMA,0.8024943360282585,3.0,False,1.7323575178519333,A320,A321,,,,False,
19772.0,VLG3BV,VLG2472,15.559221057073554,4.665116023207863,16.461742528592335,9.444902624376864,4.864247625200339,TMA,5.623888684070502,TMA,0.964465433284782,TMA,0.964465433284782,3.0,False,1.8642476252003393,A320,A321,,,,False,
19776.0,VLG3BV,VLG2472,15.399158169870375,4.405270747740906,16.403182171774734,9.258685105202586,4.956177470754574,TMA,5.919941488516997,TMA,1.1305194910035896,TMA,1.1305194910035896,3.0,False,1.9561774707545743,A320,A321,,,,False,
19780.0,VLG3BV,VLG2472,15.243310913520714,4.157030286411821,16.368533458817332,9.08001509315709,5.049941106972294,TMA,6.204534503414116,TMA,1.2830563804133497,TMA,1.2830563804133497,3.0,False,2.0499411069722937,A320,A321,,,,False,
19784.0,VLG3BV,VLG2472,15.042491270378417,3.9260398276627018,16.353080462890052,8.883574793886522,5.127845256329418,TMA,6.488571700524852,TMA,1.444842571947922,TMA,1.444842571947922,3.0,False,2.127845256329418,A320,A321,,,,False,
19788.0,VLG3BV,VLG2472,14.815298691697594,3.725788160746629,16.34374635280323,8.68225865266912,5.186786287291743,TMA,6.755114793671177,TMA,1.615226499041007,TMA,1.615226499041007,3.0,False,2.186786287291743,A320,A321,,,,False,
19792.0,VLG3BV,VLG2472,14.576709032735168,3.5336146607083103,16.333469131973313,8.477768868747305,5.246986456924099,TMA,7.021400721635033,TMA,1.7953103679208553,TMA,1.7953103679208553,3.0,False,2.246986456924099,A320,A321,,,,False,
19796.0,VLG3BV,VLG2472,14.333595905854358,3.3455753946177365,16.32775795926659,8.265322394684691,5.308539614615031,TMA,7.288829964693271,TMA,1.9852218783961435,TMA,1.9852218783961435,3.0,False,2.3085396146150314,A320,A321,,,,False,
19800.0,VLG3BV,VLG2472,14.08718871355834,3.152504878938158,16.33399118976722,8.04964001217887,5.387954517283798,TMA,7.565239067144332,TMA,2.177356765355178,TMA,2.177356765355178,3.0,False,2.3879545172837977,A320,A321,,,,False,
19804.0,VLG3BV,VLG2472,13.844905316375126,2.9684586998395326,16.341842861213234,7.824093766691459,5.460026465619399,TMA,7.834480572968171,TMA,2.382117740185208,TMA,2.382117740185208,3.0,False,2.460026465619399,A320,A321,,,,False,
19808.0,VLG3BV,VLG2472,13.596712189579128,2.776065939723612,16.351713082840504,7.592715210486092,5.548886385519865,TMA,8.116307370657516,TMA,2.595171177678133,TMA,2.595171177678133,3.0,False,2.5488863855198653,A320,A321,,,,False,
19812.0,VLG2472,VLG3BV,16.363085025990348,7.356362919197623,13.347095687818117,2.5862302663043955,5.643612071551938,TMA,2.815433972227259,TMA,8.39880663620648,TMA,8.39880663620648,3.0,False,2.643612071551938,A321,A320,,,,False,
19816.0,VLG2472,VLG3BV,16.3755348428394,7.11467680604762,13.097505435886044,2.3929672099011703,5.748044737403533,TMA,3.042980198028848,TMA,8.686444863779913,TMA,8.686444863779913,3.0,False,2.748044737403533,A321,A320,,,,False,
19820.0,VLG2472,VLG3BV,16.386155827347327,6.864160478639692,12.850862607841352,2.199733341581885,5.852792381829908,TMA,3.281606485897699,TMA,8.974505524430235,TMA,8.974505524430235,3.0,False,2.852792381829908,A321,A320,,,,False,
19832.0,VLG2472,VLG3LK,16.41493298817589,6.068318214078265,17.892933320310203,10.348111018174256,4.527815304071154,TMA,4.050388694600082,TMA,0.6952603803562145,TMA,0.6952603803562145,3.0,False,1.5278153040711544,A321,A320,,,,False,
19836.0,VLG2472,VLG3LK,16.42260933102359,5.788803310593428,17.732948023868268,10.270180381666702,4.6690178777883435,TMA,4.323219036577198,TMA,0.5607645060614918,TMA,0.5607645060614918,3.0,False,1.6690178777883435,A321,A320,,,,False,
19840.0,VLG2472,VLG3LK,16.42896324259531,5.508042852953917,17.567903033706052,10.19266581845087,4.821086617831798,TMA,4.59832049439321,TMA,0.3784391080593387,TMA,0.3784391080593387,3.0,False,1.8210866178317984,A321,A320,,,,False,
19844.0,VLG2472,VLG3LK,16.43440269595288,5.225602781920866,17.400971693640155,10.116871918292698,4.985856936547,TMA,4.875880992127694,TMA,0.1951084963244659,TMA,0.1951084963244659,3.0,False,1.985856936547,A321,A320,,,,False,
19848.0,VLG2472,VLG3LK,16.4358512861042,4.937520787605036,17.23911134932485,10.03411006597107,5.159500848097697,TMA,5.160161085898046,TMA,0.0166063619971049,TMA,0.0166063619971049,3.0,False,2.1595008480976974,A321,A320,,,,False,
19852.0,VLG2472,VLG3LK,16.43844343908897,4.654848568581794,17.076378398197036,9.954723789205309,5.3381306059548,TMA,5.43932308574986,TMA,0.1681267524110658,TMA,0.1681267524110658,3.0,False,2.3381306059547997,A321,A320,,,,False,
19856.0,VLG2472,VLG3LK,16.440866516486683,4.36554623249954,16.91296107109312,9.872070156407643,5.526724074265093,TMA,5.725422159624787,TMA,0.3511675620428968,TMA,0.3511675620428968,3.0,False,2.5267240742650934,A321,A320,,,,False,
19860.0,VLG2472,VLG3LK,16.436136828751625,4.0797451069758655,16.762635623197852,9.768102419355856,5.697719752329149,TMA,6.009289361829745,TMA,0.5331469244886888,TMA,0.5331469244886888,3.0,False,2.6977197523291494,A321,A320,,,,False,
19864.0,VLG2472,VLG3LK,16.378140502256358,3.801345856196994,16.637340830828418,9.634244513214432,5.838654943852025,TMA,6.292920309715,TMA,0.7108114586731926,TMA,0.7108114586731926,3.0,False,2.838654943852025,A321,A320,,,,False,
19868.0,VLG2472,VLG3LK,16.311095475563114,3.5296726753936074,16.529700408691358,9.485228397526214,5.959566433576728,TMA,6.571202611647324,TMA,0.886124442283189,TMA,0.886124442283189,3.0,False,2.959566433576728,A321,A320,,,,False,
19872.0,VLG2472,VLG3LK,16.20674940551192,3.2646371713487605,16.44730178705816,9.320283112464086,6.060421867528207,TMA,6.848475733462264,TMA,1.0562038131498748,TMA,1.0562038131498748,3.0,False,3.0604218675282073,A321,A320,,,,False,
19876.0,VLG2472,VLG3LK,16.092419517181224,3.0070862448347118,16.391167772151608,9.13537184367878,6.13556312825868,TMA,7.120532203661859,TMA,1.2268461831710755,TMA,1.2268461831710755,3.0,False,3.1355631282586804,A321,A320,,,,False,
19880.0,VLG2472,VLG3LK,15.967252875247429,2.7485206118493006,16.354281201892793,8.941472246005475,6.205033510676919,TMA,7.396149774024495,TMA,1.3982979704742913,TMA,1.3982979704742913,3.0,False,3.2050335106769188,A321,A320,,,,False,
19884.0,VLG2472,VLG3LK,15.846854645394796,2.4924991934201923,16.32927958717195,8.741996590962959,6.268089944021424,TMA,7.669262482878286,TMA,1.573617530207354,TMA,1.573617530207354,3.0,False,3.2680899440214244,A321,A320,,,,False,
19888.0,VLG2472,VLG3LK,15.723810300575648,2.233765812911188,16.30163745663222,8.529166067421615,6.321862746593474,TMA,7.946223795202681,TMA,1.7672295044569597,TMA,1.7672295044569597,3.0,False,3.3218627465934736,A321,A320,,,,False,
19892.0,VLG2472,VLG3LK,15.601560142915076,1.9832139160374096,16.2829969481088,8.31422610995738,6.367579722236384,TMA,8.215661393067743,TMA,1.9627312971858144,TMA,1.9627312971858144,3.0,False,3.3675797222363837,A321,A320,,,,False,
19896.0,VLG2472,VLG3LK,15.47643443166258,1.725549833166111,16.272200874217745,8.093854968823118,6.417830983434537,TMA,8.493254314173901,TMA,2.1634987772348286,TMA,2.1634987772348286,3.0,False,3.417830983434537,A321,A320,,,,False,
19900.0,VLG2472,VLG3LK,15.351059145438471,1.4718965230573613,16.26300156892516,7.8624578514988706,6.455301160776845,TMA,8.767550981984188,TMA,2.3772400751450045,TMA,2.3772400751450045,3.0,False,3.4553011607768447,A321,A320,,,,False,
19904.0,VLG2472,VLG3LK,15.221064746986118,1.2116882796816797,16.260073115522037,7.626141526859598,6.498057313545258,TMA,9.04979451232297,TMA,2.5962774274771587,TMA,2.5962774274771587,3.0,False,3.4980573135452584,A321,A320,,,,False,
19908.0,VLG2472,VLG3LK,15.09324450466888,0.9592145773284836,16.26131487886049,7.382896743530631,6.529018377325005,TMA,9.32454129740375,TMA,2.8231981715729284,TMA,2.8231981715729284,3.0,False,3.529018377325005,A321,A320,,,,False,
19924.0,VLG55PB,VLG3LK,18.197111138220635,10.48489406110824,16.296779466823022,6.363004932340731,4.538857835531823,TWR,0.3617609571886042,TMA,3.7892128686765782,TMA,3.7892128686765782,3.0,False,1.5388578355318234,A21N,A320,,,,False,
19936.0,VLG3LK,VLG55PB,16.332211124722402,5.583882572835761,17.787771558748272,10.295819181509655,4.931632871703125,TMA,4.54161646837525,TMA,0.6212846439412034,TMA,0.6212846439412034,3.0,False,1.9316328717031253,A320,A21N,,,,False,
19940.0,VLG3LK,VLG55PB,16.347648131942183,5.330106646840767,17.62484076660587,10.21963228110314,5.053581101966014,TMA,4.78787783454977,TMA,0.4414297844367775,TMA,0.4414297844367775,3.0,False,2.0535811019660137,A320,A21N,,,,False,
19944.0,VLG3LK,VLG55PB,16.359859024920787,5.070958596348167,17.467958840481284,10.14324683845087,5.191916140715152,TMA,5.040777496889145,TMA,0.2670479942627851,TMA,0.2670479942627851,3.0,False,2.1919161407151524,A320,A21N,,,,False,
19948.0,VLG3LK,VLG55PB,16.373019013012566,4.817205111756717,17.30818679063542,10.06862141750097,5.334033369650088,TMA,5.288832710570405,TMA,0.0909265564462312,TMA,0.0909265564462312,3.0,False,2.334033369650088,A320,A21N,,,,False,
19952.0,VLG3LK,VLG55PB,16.384815203465326,4.560717992484847,17.15202594241871,9.992807688075793,5.486001346965815,TMA,5.540343996091088,TMA,0.0836230474069502,TMA,0.0836230474069502,3.0,False,2.486001346965815,A320,A21N,,,,False,
19956.0,VLG3LK,VLG55PB,16.397669236808802,4.3092261472684426,17.000959264370014,9.907311310123468,5.630498765467619,TMA,5.787220638274916,TMA,0.2571447482072206,TMA,0.2571447482072206,3.0,False,2.6304987654676193,A320,A21N,,,,False,
19960.0,VLG3LK,VLG55PB,16.405943621160663,4.043784744577549,16.877257509743785,9.783539264329812,5.7590727316633075,TMA,6.048945472624967,TMA,0.4287381935722932,TMA,0.4287381935722932,3.0,False,2.7590727316633075,A320,A21N,,,,False,
19964.0,VLG3LK,VLG55PB,16.40480279517988,3.785597956296394,16.785580072147123,9.634934045390375,5.861716814878714,TMA,6.305011482301646,TMA,0.5942146190164016,TMA,0.5942146190164016,3.0,False,2.861716814878714,A320,A21N,,,,False,
19968.0,VLG3LK,VLG55PB,16.3481178905643,3.5357180997514432,16.71846260658607,9.478925017815394,5.954734559962219,TMA,6.560176800560352,TMA,0.7524484605519636,TMA,0.7524484605519636,3.0,False,2.954734559962219,A320,A21N,,,,False,
19972.0,VLG3LK,VLG55PB,16.26568339745074,3.280406238138754,16.67459730806783,9.302511168819988,6.035972032939798,TMA,6.824366786115537,TMA,0.9167819261363248,TMA,0.9167819261363248,3.0,False,3.0359720329397977,A320,A21N,,,,False,
19976.0,VLG3LK,VLG55PB,16.18236652864811,3.0335286385192783,16.65989508422594,9.114257330866712,6.099450381085953,TMA,7.080651396843153,TMA,1.081168731120466,TMA,1.081168731120466,3.0,False,3.099450381085953,A320,A21N,,,,False,
19980.0,VLG3LK,VLG55PB,16.068991227797856,2.7903402230810426,16.648381966624996,8.924534551787923,6.16149605944679,TMA,7.338257512832795,TMA,1.252304636743431,TMA,1.252304636743431,3.0,False,3.1614960594467902,A320,A21N,,,,False,
19984.0,VLG3LK,VLG55PB,15.95340853415213,2.539831359431828,16.634063751375077,8.722282340876898,6.21980640074142,TMA,7.604191425068952,TMA,1.440817148779982,TMA,1.440817148779982,3.0,False,3.2198064007414198,A320,A21N,,,,False,
19988.0,VLG3LK,VLG55PB,15.833859609999871,2.291147308942129,16.621874126663045,8.519078266561342,6.277586390591822,TMA,7.869713298303447,TMA,1.632847114004226,TMA,1.632847114004226,3.0,False,3.2775863905918223,A320,A21N,,,,False,
19992.0,VLG3LK,VLG55PB,15.708952279326615,2.0402121962731083,16.612352403166547,8.30900821547091,6.3335562927998215,TMA,8.139134657818309,TMA,1.8329560305756467,TMA,1.8329560305756467,3.0,False,3.3335562927998215,A320,A21N,,,,False,
20000.0,VLG56ND,VLG55PB,18.17234868204878,10.478568762024851,16.602635433271686,7.876195604427109,3.039135688772646,TWR,0.3869029054991785,TMA,2.248351057786337,TMA,2.248351057786337,3.0,False,0.03913568877264595,A319,A21N,,,,False,
20008.0,VLG55PB,VLG56ND,16.581343323923686,7.4140866808781825,17.912891330541328,10.35783206905949,3.2308910542397022,TMA,2.7005258100827443,TMA,0.6730669850564124,TMA,0.6730669850564124,3.0,False,0.23089105423970224,A21N,A319,,,,False,
20012.0,VLG55PB,VLG56ND,16.569344908896763,7.176603940738243,17.758867742009823,10.28413215222818,3.3274158375086165,TMA,2.934402836409498,TMA,0.5901405014730965,TMA,0.5901405014730965,3.0,False,0.32741583750861647,A21N,A319,,,,False,
20016.0,VLG55PB,VLG56ND,16.556545757012763,6.937655753918893,17.597367571597577,10.207823829548468,3.431808458026535,TMA,3.1704626479104285,TMA,0.411532632633174,TMA,0.411532632633174,3.0,False,0.4318084580265351,A21N,A319,,,,False,
20020.0,VLG55PB,VLG56ND,16.54583162013419,6.695331175737165,17.440230570507897,10.121121747215597,3.5406200759273943,TMA,3.409867420445224,TMA,0.2330043751450476,TMA,0.2330043751450476,3.0,False,0.5406200759273943,A21N,A319,,,,False,
20024.0,VLG55PB,VLG56ND,16.536187348342434,6.449992648878087,17.27325968456827,10.042312232593146,3.66715633977775,TMA,3.652447787509936,TMA,0.0506881325232438,TMA,0.0506881325232438,3.0,False,0.6671563397777498,A21N,A319,,,,False,
20028.0,VLG55PB,VLG56ND,16.527644637124162,6.200800589799298,17.11438783063516,9.963455161548836,3.808127755398863,TMA,3.898992504304561,TMA,0.1311984626295352,TMA,0.1311984626295352,3.0,False,0.8081277553988628,A21N,A319,,,,False,
20032.0,VLG55PB,VLG56ND,16.521789817942228,5.942926887135987,16.950493303209733,9.880539180172942,3.9608808677560923,TMA,4.153972859543651,TMA,0.3142304916036666,TMA,0.3142304916036666,3.0,False,0.9608808677560923,A21N,A319,,,,False,
20036.0,VLG55PB,VLG56ND,16.515786507436797,5.674707802332185,16.79455450072286,9.789664995682744,4.1243889604629,TMA,4.419533169117836,TMA,0.4947144293117465,TMA,0.4947144293117465,3.0,False,1.1243889604629,A21N,A319,,,,False,
20040.0,VLG55PB,VLG56ND,16.506846168716084,5.400858958895433,16.67317995572314,9.644057783441967,4.246457723012582,TMA,4.691415674141325,TMA,0.675837794965394,TMA,0.675837794965394,3.0,False,1.2464577230125817,A21N,A319,,,,False,
20048.0,VLG55PB,VLG56ND,16.48612300399145,4.849713234031442,16.471086555887794,9.337609192427117,4.487921147720379,TMA,5.23965429959023,TMA,1.026983250781669,TMA,1.026983250781669,3.0,False,1.487921147720379,A21N,A319,,,,False,
20052.0,VLG55PB,VLG56ND,16.481206941306496,4.562518109137404,16.41840164869374,9.155271339459762,4.593182637280672,TMA,5.524801902148892,TMA,1.1937732223480595,TMA,1.1937732223480595,3.0,False,1.5931826372806723,A21N,A319,,,,False,
20056.0,VLG55PB,VLG56ND,16.475080822014,4.284460488349618,16.38114396869924,8.95693549703818,4.673419180774377,TMA,5.801249560100978,TMA,1.36954175183589,TMA,1.36954175183589,3.0,False,1.6734191807743768,A21N,A319,,,,False,
20060.0,VLG55PB,VLG56ND,16.460953574665897,3.996518601055987,16.351664294907444,8.757046659024692,4.761782390804666,TMA,6.088654334270856,TMA,1.5485500068875702,TMA,1.5485500068875702,3.0,False,1.7617823908046661,A21N,A319,,,,False,
20064.0,VLG55PB,VLG56ND,16.419224509387558,3.708632553797512,16.31924580856421,8.548929446460553,4.841329337045954,TMA,6.379501516475692,TMA,1.7411913769113263,TMA,1.7411913769113263,3.0,False,1.8413293370459538,A21N,A319,,,,False,
20068.0,VLG55PB,VLG56ND,16.32529843294376,3.4309390744073114,16.29149345497337,8.341948909885298,4.911126182526479,TMA,6.66706849258291,TMA,1.934333620658096,TMA,1.934333620658096,3.0,False,1.9111261825264787,A21N,A319,,,,False,
20072.0,VLG1PT,VLG56ND,18.197933519605588,10.484556349461707,16.258280916958764,8.12788380357921,3.0522381472406264,TWR,0.36115932361557,TMA,2.1392232534000883,TMA,2.1392232534000883,3.0,False,0.052238147240626365,A321,A319,,,,False,
20076.0,VLG1PT,VLG56ND,18.07818622436461,10.429247338636127,16.219084530439275,7.902141629480499,3.137279454177301,TWR,0.4930609420368605,TMA,2.359335718743066,TMA,2.359335718743066,3.0,False,0.13727945417730103,A321,A319,,,,False,
20080.0,VLG55PB,VLG56ND,15.934377022764211,2.6112433377711364,16.182292703917714,7.677257912616497,5.072077075272755,TMA,7.53702101340502,TMA,2.579260195781562,TMA,2.579260195781562,3.0,False,2.0720770752727553,A21N,A319,,,,False,
20084.0,VLG55PB,VLG56ND,15.79413377810254,2.336603732964904,16.141034049382277,7.44414942147922,5.119312723254473,TMA,7.832123614955105,TMA,2.809766376853929,TMA,2.809766376853929,3.0,False,2.119312723254473,A21N,A319,,,,False,
20084.0,VLG56ND,VLG1PT,16.141034049382277,7.44414942147922,17.79692999490257,10.298490292698714,3.299886845257668,TMA,2.809766376853929,TMA,0.6307255863015184,TMA,0.6307255863015184,3.0,False,0.2998868452576682,A319,A321,,,,False,
20088.0,VLG55PB,VLG56ND,15.65517033744279,2.0663619501775488,16.098697379928087,7.204668665292335,5.157413318322418,TMA,8.123649536824603,TMA,3.047549407324339,TMA,3.047549407324339,3.0,False,2.1574133183224182,A21N,A319,,,,False,
20088.0,VLG56ND,VLG1PT,16.098697379928087,7.204668665292335,17.63396985519889,10.221871918362924,3.385347403689005,TMA,3.047549407324339,TMA,0.4506722115659369,TMA,0.4506722115659369,3.0,False,0.3853474036890052,A319,A321,,,,False,
20092.0,VLG55PB,VLG56ND,15.514425435870947,1.792544483942195,16.059163109073175,6.965846909891848,5.20190322122032,TMA,8.419912025246573,TMA,3.284514575512716,TMA,3.284514575512716,3.0,False,2.20190322122032,A21N,A319,,,,False,
20092.0,VLG56ND,VLG1PT,16.059163109073175,6.965846909891848,17.470330343132186,10.14639595815367,3.4795524440480765,TMA,3.284514575512716,TMA,0.2704811134519361,TMA,0.2704811134519361,3.0,False,0.4795524440480765,A319,A321,,,,False,
20096.0,VLG55PB,VLG56ND,15.37348083655206,1.5194390605799664,16.01552879272335,6.718325510750359,5.238381992542072,TMA,8.716325680641393,TMA,3.531751364190929,TMA,3.531751364190929,3.0,False,2.238381992542072,A21N,A319,,,,False,
20096.0,VLG56ND,VLG1PT,16.01552879272335,6.718325510750359,17.30523645302102,10.065669717815014,3.5872077009283685,TMA,3.531751364190929,TMA,0.0871580982825323,TMA,0.0871580982825323,3.0,False,0.5872077009283685,A319,A321,,,,False,
20100.0,VLG55PB,VLG56ND,15.233322501081318,1.245996729937356,15.973358434950717,6.471548871996794,5.277693470901842,TMA,9.013625607182712,TMA,3.778342055983506,TMA,3.778342055983506,3.0,False,2.277693470901842,A21N,A319,,,,False,
20100.0,VLG56ND,VLG1PT,15.973358434950717,6.471548871996794,17.14842770852414,9.990993696059103,3.7104285018465655,TMA,3.778342055983506,TMA,0.0876355680025464,TMA,0.0876355680025464,3.0,False,0.7104285018465655,A319,A321,,,,False,
20104.0,VLG55PB,VLG56ND,15.09421732272684,0.9686705388636894,15.927037658432324,6.219063434389784,5.31603379117886,TMA,9.315113148727956,TMA,4.03213657247494,TMA,4.03213657247494,3.0,False,2.31603379117886,A21N,A319,,,,False,
20104.0,VLG56ND,VLG1PT,15.927037658432324,6.219063434389784,16.994185988513408,9.909320318691934,3.8414582427164636,TMA,4.03213657247494,TMA,0.2620236282873551,TMA,0.2620236282873551,3.0,False,0.8414582427164636,A319,A321,,,,False,
20108.0,VLG55PB,VLG56ND,14.94571812910713,0.6981526148411484,15.882541466332247,5.967181390509758,5.351663498763114,TMA,9.6127633922085,TMA,4.285132976587417,TMA,4.285132976587417,3.0,False,2.3516634987631138,A21N,A319,,,,False,
20108.0,VLG56ND,VLG1PT,15.882541466332247,5.967181390509758,16.867469402657587,9.78946457334366,3.9471422281859763,TMA,4.285132976587417,TMA,0.4332489709917556,TMA,0.4332489709917556,3.0,False,0.9471422281859763,A319,A321,,,,False,
20112.0,VLG55PB,VLG56ND,14.777364558243356,0.4393061486228476,15.835104471681277,5.7050771276015535,5.370955010753117,TMA,9.904650467896117,TMA,4.549073748022841,TMA,4.549073748022841,3.0,False,2.370955010753117,A21N,A319,,,,False,
20112.0,VLG56ND,VLG1PT,15.835104471681277,5.7050771276015535,16.765232532632584,9.64794267928789,4.051089602618515,TMA,4.549073748022841,TMA,0.6008316963816971,TMA,0.6008316963816971,3.0,False,1.0510896026185153,A319,A321,,,,False,
20116.0,VLG55PB,VLG56ND,14.53506263745992,0.2200071224181813,15.789432156711085,5.447440812094398,5.375826064037815,TMA,10.178587782463556,TMA,4.80849045401885,TMA,4.80849045401885,3.0,False,2.375826064037815,A21N,A319,,,,False,
20116.0,VLG56ND,VLG1PT,15.789432156711085,5.447440812094398,16.696150908546972,9.493607464584027,4.146517029345226,TMA,4.80849045401885,TMA,0.7569682513527511,TMA,0.7569682513527511,3.0,False,1.146517029345226,A319,A321,,,,False,
20120.0,VLG56ND,VLG1PT,15.74542266663279,5.190289516374216,16.658264229326527,9.315450391639752,4.224953486773868,TMA,5.067188143340505,TMA,0.9164146789041722,TMA,0.9164146789041722,3.0,False,1.2249534867738676,A319,A321,,,,False,
20124.0,VLG56ND,VLG1PT,15.685015516447042,4.927982261036366,16.63220017962703,9.142683966768288,4.319822826744514,TMA,5.335743855643549,TMA,1.0720083975537151,TMA,1.0720083975537151,3.0,False,1.319822826744514,A319,A321,,,,False,
20128.0,VLG56ND,VLG1PT,15.574470751922384,4.684218933442507,16.61438597574411,8.96653259713666,4.406771379025446,TMA,5.6011367841659645,TMA,1.2315737649231135,TMA,1.2315737649231135,3.0,False,1.4067713790254457,A319,A321,,,,False,
20132.0,VLG56ND,VLG1PT,15.450565459843984,4.450398140963327,16.59492059027339,8.781189776085395,4.479431308925651,TMA,5.861277015010786,TMA,1.4043207678726857,TMA,1.4043207678726857,3.0,False,1.4794313089256512,A319,A321,,,,False,
20136.0,VLG56ND,VLG1PT,15.301222592806312,4.228728569160694,16.58316870972363,8.599119043060748,4.554525084027502,TMA,6.118190613595892,TMA,1.5740303386971182,TMA,1.5740303386971182,3.0,False,1.5545250840275022,A319,A321,,,,False,
20140.0,VLG56ND,VLG1PT,15.114202526481812,4.033352838323268,16.57577178299807,8.413001456248303,4.617088553199533,TMA,6.363479687885506,TMA,1.7484500595305943,TMA,1.7484500595305943,3.0,False,1.6170885531995332,A319,A321,,,,False,
20144.0,VLG56ND,VLG1PT,14.903179960875734,3.860434500809068,16.56889128122633,8.215634948930212,4.662870912437822,TMA,6.598077580386901,TMA,1.935498491142983,TMA,1.935498491142983,3.0,False,1.662870912437822,A319,A321,,,,False,
20148.0,VLG11TT,VLG56ND,18.188249489681617,10.488688985620083,14.68365233489719,3.6936828945031848,7.645541772539003,TWR,0.368254499075262,TMA,6.832941275419778,TMA,6.832941275419778,3.0,False,4.645541772539003,A320,A319,,,,False,
20148.0,VLG56ND,VLG1PT,14.68365233489719,3.6936828945031848,16.565042510325828,8.014858804260532,4.7129810348935886,TMA,6.832941275419778,TMA,2.126738222541761,TMA,2.126738222541761,3.0,False,1.7129810348935886,A319,A321,,,,False,
20152.0,VLG11TT,VLG1PT,18.069143058183386,10.429856314363263,16.563101606685848,7.807598143463975,3.023970695704059,TWR,0.5010152015893342,TMA,2.325270437351298,TMA,2.325270437351298,3.0,False,0.023970695704059075,A320,A321,,,,False,
20156.0,VLG1PT,VLG56ND,16.56307155370353,7.59342621865884,14.249334438744787,3.3584951128835048,4.825766354456162,TMA,2.5313789235220248,TMA,7.310834320908179,TMA,7.310834320908179,3.0,False,1.825766354456162,A321,A319,,,,False,
20156.0,VLG56ND,VLG11TT,14.249334438744787,3.3584951128835048,17.93130347785456,10.368770609549816,7.91838737017349,TMA,7.310834320908179,TMA,0.6517766550254812,TMA,0.6517766550254812,3.0,False,4.91838737017349,A319,A320,,,,False,
20160.0,VLG1PT,VLG56ND,16.561379364269797,7.374573985701304,14.035621322906502,3.188981259025558,4.888623544221038,TMA,2.7436680198908143,TMA,7.553671828301606,TMA,7.553671828301606,3.0,False,1.888623544221038,A321,A319,,,,False,
20160.0,VLG56ND,VLG11TT,14.035621322906502,3.188981259025558,17.777835229944685,10.29381681540157,8.030121618579312,TMA,7.553671828301606,TMA,0.6114204763016629,TMA,0.6114204763016629,3.0,False,5.030121618579312,A319,A320,,,,False,
20164.0,VLG1PT,VLG56ND,16.56083569954811,7.152915780992482,13.824937623995169,3.0150757721357158,4.960530034049795,TMA,2.959392638759223,TMA,7.80112150744315,TMA,7.80112150744315,3.0,False,1.9605300340497953,A321,A319,,,,False,
20164.0,VLG56ND,VLG11TT,13.824937623995169,3.0150757721357158,17.611012867282057,10.216488642492976,8.136013340523544,TMA,7.80112150744315,TMA,0.4275474674237815,TMA,0.4275474674237815,3.0,False,5.136013340523544,A319,A320,,,,False,
20168.0,VLG1PT,VLG11TT,16.556564635164786,6.922679741291171,17.44960029633772,10.139405351227266,3.338388285047939,TMA,3.1851018398960447,TMA,0.2487000814926489,TMA,0.2487000814926489,3.0,False,0.33838828504793916,A321,A320,,,,False,
20172.0,VLG1PT,VLG11TT,16.553333171977396,6.68929935104817,17.278928293717712,10.059550948637016,3.4474750342451372,TMA,3.414300537087532,TMA,0.0603539690013593,TMA,0.0603539690013593,3.0,False,0.44747503424513724,A321,A320,,,,False,
20176.0,VLG1PT,VLG11TT,16.549148482734356,6.449621059890518,17.111867484402236,9.979036719753298,3.5739932253604954,TMA,3.650398603731472,TMA,0.1253271625922883,TMA,0.1253271625922883,3.0,False,0.5739932253604954,A321,A320,,,,False,
20180.0,VLG1PT,VLG11TT,16.543494036821,6.203709923019421,16.953932006196517,9.902510728645424,3.721503288511871,TMA,3.893333100380036,TMA,0.3007874329929727,TMA,0.3007874329929727,3.0,False,0.7215032885118711,A321,A320,,,,False,
20184.0,VLG1PT,VLG11TT,16.535296114259364,5.95181652537228,16.801354942270873,9.79597782238674,3.8533574162575106,TMA,4.142948230088361,TMA,0.4856716003245497,TMA,0.4856716003245497,3.0,False,0.8533574162575106,A321,A320,,,,False,
20188.0,VLG1PT,VLG11TT,16.52697075590255,5.6928886559093055,16.661882724906274,9.686042061439757,3.9954318113915925,TMA,4.399804748624368,TMA,0.661849076559929,TMA,0.661849076559929,3.0,False,0.9954318113915925,A321,A320,,,,False,
20192.0,VLG1PT,VLG11TT,16.51886548103963,5.436086531396013,16.539078507960454,9.554270477300618,4.118233550779232,TMA,4.654770993537671,TMA,0.8371594904822527,TMA,0.8371594904822527,3.0,False,1.118233550779232,A321,A320,,,,False,
20196.0,VLG1PT,VLG11TT,16.507858593938238,5.169213178313338,16.440748061661836,9.38246130512447,4.213782576453125,TMA,4.920327740473414,TMA,1.0200355758861994,TMA,1.0200355758861994,3.0,False,1.2137825764531254,A321,A320,,,,False,
20200.0,VLG1PT,VLG11TT,16.499413034639055,4.906540163662357,16.36006938747752,9.222215826726186,4.317924626573014,TMA,5.181525860694904,TMA,1.1868989302549409,TMA,1.1868989302549409,3.0,False,1.3179246265730136,A321,A320,,,,False,
20204.0,VLG1PT,VLG11TT,16.490642811123244,4.641054399179118,16.31520218308185,9.038039319302964,4.400483587262207,TMA,5.445709906773266,TMA,1.3499360048905331,TMA,1.3499360048905331,3.0,False,1.4004835872622072,A321,A320,,,,False,
20208.0,VLG1PT,VLG11TT,16.479675025456604,4.3728806872553285,16.276220716646176,8.841492619689223,4.4732411357386175,TMA,5.712978848812074,TMA,1.5251387380589172,TMA,1.5251387380589172,3.0,False,1.4732411357386175,A321,A320,,,,False,
20212.0,VLG1PT,VLG11TT,16.46800551182283,4.109634295897759,16.24240310353021,8.639445085073877,4.535425253751162,TMA,5.975549555925512,TMA,1.7074150146590952,TMA,1.7074150146590952,3.0,False,1.5354252537511623,A321,A320,,,,False,
20216.0,VLG1PT,VLG11TT,16.440304104031373,3.842490324390949,16.21048364818176,8.430666446986352,4.5939283379131535,TMA,6.244055987759738,TMA,1.898987786007952,TMA,1.898987786007952,3.0,False,1.5939283379131535,A321,A320,,,,False,
20220.0,VLG1PT,VLG11TT,16.35165478117243,3.584788133266285,16.17939615314985,8.220086674093055,4.638498204970981,TMA,6.511074028823212,TMA,2.095486575460881,TMA,2.095486575460881,3.0,False,1.6384982049709809,A321,A320,,,,False,
20224.0,VLG1PT,VLG11TT,16.266813644000464,3.3305094173716143,16.14481558534169,7.996305991309856,4.667391262331704,TMA,6.774602894649525,TMA,2.308208178443355,TMA,2.308208178443355,3.0,False,1.6673912623317042,A321,A320,,,,False,
20228.0,VLG1PT,VLG11TT,16.151765166258315,3.0845541900584266,16.113261279775116,7.769489556457032,4.68509358888451,TMA,7.03477776128569,TMA,2.524711541157231,TMA,2.524711541157231,3.0,False,1.6850935888845102,A321,A320,,,,False,
20232.0,VLG1PT,VLG11TT,16.029691200006468,2.836422023795599,16.079532288663582,7.537048857332155,4.700891060456776,TMA,7.299073537280157,TMA,2.7492644566427784,TMA,2.7492644566427784,3.0,False,1.700891060456776,A321,A320,,,,False,
20236.0,VLG1PT,VLG11TT,15.90812655386544,2.5888029993461665,16.043629621628238,7.29484724453367,4.707994638807009,TMA,7.563650579854717,TMA,2.9852368080795686,TMA,2.9852368080795686,3.0,False,1.7079946388070093,A321,A320,,,,False,
20240.0,VLG1PT,VLG11TT,15.785275979985729,2.337723020865715,16.00923452985724,7.045111593438819,4.712713083272988,TMA,7.832643959185377,TMA,3.228946025908651,TMA,3.228946025908651,3.0,False,1.7127130832729884,A321,A320,,,,False,
20244.0,VLG15SY,VLG11TT,18.23952068568785,10.510492456963403,15.972152464785806,6.786851854082865,4.359639662698861,TWR,0.3125474970340371,TMA,3.482772399413536,TMA,3.482772399413536,3.0,False,1.3596396626988607,A320,A320,,,,False,
20248.0,VLG15SY,VLG11TT,18.128269295727577,10.460464964318954,15.93442853812188,6.517636510210764,4.512076405409943,TWR,0.4345292859558179,TMA,3.748081520523936,TMA,3.748081520523936,3.0,False,1.5120764054099434,A320,A320,,,,False,
20252.0,VLG1PT,VLG11TT,15.405588881215492,1.584848502251882,15.897111975267483,6.246505530862226,4.68749839513345,TMA,8.64561078791802,TMA,4.015939029038793,TMA,4.015939029038793,3.0,False,1.6874983951334501,A321,A320,,,,False,
20256.0,VLG1PT,VLG11TT,15.27306635399574,1.329534186568892,15.858912049721322,5.973205204319848,4.680480285216507,TMA,8.923399282765265,TMA,4.286871080802526,TMA,4.286871080802526,3.0,False,1.6804802852165066,A321,A320,,,,False,
20256.0,VLG11TT,VLG15SY,15.858912049721322,5.973205204319848,17.852197028966227,10.324810862729931,4.786403327634437,TMA,4.286871080802526,TMA,0.6919315324076125,TMA,0.6919315324076125,3.0,False,1.7864033276344369,A320,A320,,,,False,
20260.0,VLG11TT,VLG15SY,15.82141563330209,5.696739578702409,17.697859089680694,10.253971988368823,4.928428479819915,TMA,4.561201793513803,TMA,0.5221133376650188,TMA,0.5221133376650188,3.0,False,1.9284284798199147,A320,A320,,,,False,
20264.0,VLG11TT,VLG15SY,15.78538082663112,5.421756172479343,17.520466928490208,10.173466265282062,5.058584049603979,TMA,4.8342165397558245,TMA,0.327308457380208,TMA,0.327308457380208,3.0,False,2.0585840496039793,A320,A320,,,,False,
20268.0,VLG11TT,VLG15SY,15.74584769793496,5.145732160556191,17.346800305714023,10.088794342318485,5.195855366070459,TMA,5.109703221239703,TMA,0.1342433249811248,TMA,0.1342433249811248,3.0,False,2.195855366070459,A320,A320,,,,False,
20272.0,VLG11TT,VLG15SY,15.693005368344611,4.863815928359048,17.173535398468534,10.007720046527549,5.35273002747286,TMA,5.394948087924983,TMA,0.0574882671126025,TMA,0.0574882671126025,3.0,False,2.3527300274728598,A320,A320,,,,False,
20276.0,VLG11TT,VLG15SY,15.589357493543016,4.60879260999554,17.004063135149178,9.92549885977835,5.501704953818579,TMA,5.668959018362139,TMA,0.245677723507896,TMA,0.245677723507896,3.0,False,2.501704953818579,A320,A320,,,,False,
20280.0,VLG11TT,VLG15SY,15.474267787112437,4.345575518815273,16.84107340033069,9.843374087588431,5.6651519562258095,TMA,5.9542737824559495,TMA,0.4281865925321147,TMA,0.4281865925321147,3.0,False,2.6651519562258095,A320,A320,,,,False,
20284.0,VLG11TT,VLG15SY,15.313524163822509,4.115703094927933,16.687809690585404,9.737838456471197,5.7876650501376785,TMA,6.221811846084379,TMA,0.6131254147050933,TMA,0.6131254147050933,3.0,False,2.7876650501376785,A320,A320,,,,False,
20288.0,VLG11TT,VLG15SY,15.12279971910448,3.904867154133633,16.547139128766084,9.616238228917574,5.8862978439587845,TMA,6.482055798324503,TMA,0.7961478181896394,TMA,0.7961478181896394,3.0,False,2.8862978439587845,A320,A320,,,,False,
20296.0,VLG11TT,VLG15SY,14.676263177845115,3.540842875581297,16.32865581132212,9.307832488066772,5.9990474748650255,TMA,6.977761014508524,TMA,1.1539832092140394,TMA,1.1539832092140394,3.0,False,2.9990474748650255,A320,A320,,,,False,
20300.0,VLG11TT,VLG15SY,14.4446758450752,3.363661046243646,16.251094123467073,9.137064798627792,6.049408060674334,TMA,7.22881662209355,TMA,1.3246530547896245,TMA,1.3246530547896245,3.0,False,3.0494080606743337,A320,A320,,,,False,
20304.0,VLG11TT,VLG15SY,14.213538978712334,3.19273026434759,16.208686490439995,8.937909842088427,6.081751554777904,TMA,7.476908504415498,TMA,1.4957152701989391,TMA,1.4957152701989391,3.0,False,3.081751554777904,A320,A320,,,,False,
20308.0,VLG11TT,VLG15SY,13.982696238641338,3.0190970462933304,16.191405196016266,8.736109336820924,6.128835516509788,TMA,7.730060424942455,TMA,1.660409609577768,TMA,1.660409609577768,3.0,False,3.1288355165097883,A320,A320,,,,False,
20340.0,VLG7EY,VLG15SY,18.211142018749275,10.49608490460191,16.257328504956472,6.86680942310433,4.12177483219048,TWR,0.344338393748532,TMA,3.31425760753948,TMA,3.31425760753948,3.0,False,1.1217748321904804,A321,A320,,,,False,
20352.0,VLG15SY,VLG7EY,16.33989415177277,6.058562844736947,17.812027993419726,10.306398918702016,4.495696760125307,TMA,4.07554391787943,TMA,0.6477438920642812,TMA,0.6477438920642812,3.0,False,1.4956967601253073,A320,A321,,,,False,
20356.0,VLG15SY,VLG7EY,16.366352216433018,5.783490192240366,17.648487516465515,10.229888342620685,4.627561716422044,TMA,4.339193074215826,TMA,0.467201558033259,TMA,0.467201558033259,3.0,False,1.6275617164220444,A320,A321,,,,False,
20360.0,VLG15SY,VLG7EY,16.389663774334434,5.504162838162788,17.47809228865287,10.149414233132063,4.771062476351094,TMA,4.609083893308785,TMA,0.278801345994177,TMA,0.278801345994177,3.0,False,1.7710624763510943,A320,A321,,,,False,
20364.0,VLG15SY,VLG7EY,16.413416584517986,5.227189721420368,17.310066994807116,10.06559919365075,4.920791417977432,TMA,4.877753388950484,TMA,0.0917176400341633,TMA,0.0917176400341633,3.0,False,1.9207914179774317,A320,A321,,,,False,
20368.0,VLG15SY,VLG7EY,16.431484157506212,4.942238867949418,17.14107930465816,9.985902318603111,5.0933354765145324,TMA,5.156166678415281,TMA,0.0965657168324404,TMA,0.0965657168324404,3.0,False,2.0933354765145324,A320,A321,,,,False,
20372.0,VLG15SY,VLG7EY,16.450493396721736,4.662946705708186,16.971010209061493,9.90447345700935,5.26730865210442,TMA,5.429582587754507,TMA,0.2847020033721508,TMA,0.2847020033721508,3.0,False,2.26730865210442,A320,A321,,,,False,
20376.0,VLG15SY,VLG7EY,16.465767168425064,4.378191997718284,16.806449960178625,9.811954116873038,5.444431607813451,TMA,5.709540159625211,TMA,0.473446821293767,TMA,0.473446821293767,3.0,False,2.444431607813451,A320,A321,,,,False,
20380.0,VLG15SY,VLG7EY,16.477299029727625,4.096231899956865,16.67716583711215,9.67610310540952,5.583449597706937,TMA,5.987680613264706,TMA,0.6543802726012974,TMA,0.6543802726012974,3.0,False,2.583449597706937,A320,A321,,,,False,
20384.0,VLG15SY,VLG7EY,16.473044154794056,3.819345377477008,16.56310827928317,9.528720196776696,5.710085145930255,TMA,6.263015381149701,TMA,0.8330006720821543,TMA,0.8330006720821543,3.0,False,2.710085145930255,A320,A321,,,,False,
20388.0,VLG15SY,VLG7EY,16.39994979941714,3.545051160400704,16.48648125848588,9.356400714691,5.811993748754261,TMA,6.544208040018875,TMA,1.002916801419046,TMA,1.002916801419046,3.0,False,2.8119937487542606,A320,A321,,,,False,
20392.0,VLG15SY,VLG7EY,16.310131694238788,3.2712922427837627,16.442560725366132,9.169671528237997,5.899865730960403,TMA,6.827306913205348,TMA,1.1668822995130836,TMA,1.1668822995130836,3.0,False,2.8998657309604026,A320,A321,,,,False,
20396.0,VLG15SY,VLG7EY,16.205677518032296,3.006094317128709,16.41785991191435,8.975558879552926,5.9732343441649824,TMA,7.104414179339904,TMA,1.332401208464549,TMA,1.332401208464549,3.0,False,2.9732343441649824,A320,A321,,,,False,
20400.0,VLG15SY,VLG7EY,16.071739495749338,2.757601692099548,16.407352846868598,8.774528156700871,6.0262791506757525,TMA,7.370160889841092,TMA,1.5032049725309842,TMA,1.5032049725309842,3.0,False,3.0262791506757525,A320,A321,,,,False,
20404.0,VLG15SY,VLG7EY,15.93643299965722,2.506263168301071,16.406422679225468,8.572055552179508,6.083973006450498,TMA,7.640130512863109,TMA,1.6773489521084408,TMA,1.6773489521084408,3.0,False,3.083973006450498,A320,A321,,,,False,
20408.0,VLG15SY,VLG7EY,15.800333189593012,2.259298227855132,16.40843290493566,8.35838073623599,6.129322369384495,TMA,7.9070270213799185,TMA,1.866027373071783,TMA,1.866027373071783,3.0,False,3.1293223693844947,A320,A321,,,,False,
20412.0,VLG15SY,VLG7EY,15.663973178687458,2.008319814168229,16.415138553732447,8.14288648840733,6.180384915306769,TMA,8.17892605786285,TMA,2.0594227771137192,TMA,2.0594227771137192,3.0,False,3.180384915306769,A320,A321,,,,False,
20416.0,VLG15SY,VLG7EY,15.5259663212788,1.7541051718497445,16.425851248782916,7.920834810910888,6.2320419867026144,TMA,8.455231724202866,TMA,2.2615620799292704,TMA,2.2615620799292704,3.0,False,3.2320419867026144,A320,A321,,,,False,
20420.0,VLG15SY,VLG7EY,15.389512037837957,1.4997286934454963,16.438499572280225,7.698083613186602,6.286491752837511,TMA,8.732208527716386,TMA,2.467221003001941,TMA,2.467221003001941,3.0,False,3.2864917528375113,A320,A321,,,,False,
20424.0,VLG76GZ,VLG7EY,18.20319540581276,10.4908512911224,16.44874415100835,7.467643779426496,3.49540882648358,TWR,0.3537387187951507,TMA,2.6837330579413,TMA,2.6837330579413,3.0,False,0.4954088264835801,A321,A321,,,,False,
20428.0,VLG15SY,VLG7EY,15.120572747298311,0.9897084423217268,16.455947644482702,7.229426792975171,6.381011770206317,TMA,9.288632789898378,TMA,2.910730326707771,TMA,2.910730326707771,3.0,False,3.3810117702063174,A320,A321,,,,False,
20436.0,VLG7EY,VLG76GZ,16.475559428935966,6.746964499649993,17.753771476857217,10.27809605945891,3.7553583227342764,TMA,3.37414147991766,TMA,0.5829965227991389,TMA,0.5829965227991389,3.0,False,0.7553583227342764,A321,A321,,,,False,
20440.0,VLG7EY,VLG76GZ,16.482590262704075,6.496361330660824,17.578680633651377,10.19371886727821,3.856405950475751,TMA,3.6175020564189695,TMA,0.3887145155390424,TMA,0.3887145155390424,3.0,False,0.8564059504757511,A321,A321,,,,False,
20444.0,VLG7EY,VLG76GZ,16.48782243707257,6.244627627129682,17.401396805796445,10.107158614673612,3.9691011270722636,TMA,3.8632537232354216,TMA,0.1917495477892491,TMA,0.1917495477892491,3.0,False,0.9691011270722636,A321,A321,,,,False,
20448.0,VLG7EY,VLG76GZ,16.489629178577502,5.988125227579567,17.228106559565216,10.020889265414544,4.099821292091344,TMA,4.115038183889944,TMA,0.0172602769727625,TMA,0.0172602769727625,3.0,False,1.0998212920913444,A321,A321,,,,False,
20452.0,VLG7EY,VLG76GZ,16.487908389515837,5.726274491716573,17.065080795846715,9.914379976553024,4.227689148784113,TMA,4.373236820772846,TMA,0.1999878506790242,TMA,0.1999878506790242,3.0,False,1.2276891487841128,A321,A321,,,,False,
20456.0,VLG7EY,VLG76GZ,16.486888335809574,5.461763538929124,16.922215573933485,9.773236230645736,4.333394348045269,TMA,4.634361213231679,TMA,0.400127183318562,TMA,0.400127183318562,3.0,False,1.3333943480452692,A321,A321,,,,False,
20460.0,VLG7EY,VLG76GZ,16.48593932137401,5.198539773115144,16.79629553325855,9.61886816557712,4.4312102269538975,TMA,4.894566211977867,TMA,0.5975139186153288,TMA,0.5975139186153288,3.0,False,1.4312102269538975,A321,A321,,,,False,
20464.0,VLG7EY,VLG76GZ,16.484103929165823,4.928517820553036,16.703797400117345,9.441206514795065,4.518033252679594,TMA,5.16193297011378,TMA,0.7904005265267523,TMA,0.7904005265267523,3.0,False,1.5180332526795937,A321,A321,,,,False,
20468.0,VLG7EY,VLG76GZ,16.48160758616446,4.655947584257369,16.624000973404705,9.257719934664337,4.603974874138631,TMA,5.432177778815498,TMA,0.983034688161656,TMA,0.983034688161656,3.0,False,1.6039748741386308,A321,A321,,,,False,
20472.0,VLG7EY,VLG76GZ,16.479486209844403,4.38420063905429,16.554751975493744,9.050451359279531,4.666857692225183,TMA,5.701779879289979,TMA,1.1917301643663307,TMA,1.1917301643663307,3.0,False,1.6668576922251832,A321,A321,,,,False,
20476.0,VLG7EY,VLG76GZ,16.474250840042952,4.106027920503184,16.500326165850744,8.844420986352306,4.738464811423952,TMA,5.978341853438812,TMA,1.3946329686596466,TMA,1.3946329686596466,3.0,False,1.7384648114239516,A321,A321,,,,False,
20480.0,VLG7EY,VLG76GZ,16.45832768923198,3.8315252550101455,16.464590843317193,8.626962943742578,4.795441778774355,TMA,6.252705519047751,TMA,1.6012538193372492,TMA,1.6012538193372492,3.0,False,1.7954417787743546,A321,A321,,,,False,
20484.0,VLG7EY,VLG76GZ,16.376119487573725,3.563415243368266,16.4304122928547,8.403024605359327,4.8399138923514755,TMA,6.529037701210414,TMA,1.8162671380577644,TMA,1.8162671380577644,3.0,False,1.8399138923514755,A321,A321,,,,False,
20488.0,VLG7EY,VLG76GZ,16.30713793155795,3.295706961348886,16.393980589929477,8.169800198219665,4.874866821670363,TMA,6.803514398009222,TMA,2.0431836566452843,TMA,2.0431836566452843,3.0,False,1.8748668216703628,A321,A321,,,,False,
20492.0,VLG7EY,VLG76GZ,16.191034374134606,3.040557448388053,16.357587379828974,7.930701984336926,4.8929800210277214,TMA,7.072429226665859,TMA,2.277380291577477,TMA,2.277380291577477,3.0,False,1.8929800210277214,A321,A321,,,,False,
20496.0,VLG7EY,VLG76GZ,16.047282396101703,2.793036057107134,16.32087071318287,7.68568824555644,4.900295501740797,TMA,7.339041151553659,TMA,2.518665921077547,TMA,2.518665921077547,3.0,False,1.9002955017407972,A321,A321,,,,False,
20500.0,VLG7EY,VLG76GZ,15.854328099964825,2.573339154228484,16.281936803952252,7.439260594513595,4.884674059418104,TMA,7.588396777037081,TMA,2.7631805960028486,TMA,2.7631805960028486,3.0,False,1.8846740594181037,A321,A321,,,,False,
20504.0,VLG7EY,VLG76GZ,15.631888976216256,2.369640918816159,16.242036999791324,7.187561859173163,4.856402248393668,TMA,7.830986425539537,TMA,3.013809787152983,TMA,3.013809787152983,3.0,False,1.8564022483936684,A321,A321,,,,False,
20508.0,VLG7EY,VLG76GZ,15.397750092437509,2.1811293638476745,16.19571707227767,6.923480387049363,4.80901700227576,TMA,8.065394889151225,TMA,3.278861042019579,TMA,3.278861042019579,3.0,False,1.80901700227576,A321,A321,,,,False,
20512.0,VLG68LT,VLG7EY,18.255664314923862,10.51314311177554,15.154472998303342,1.9988605714620968,9.061478618777889,TWR,0.2967558326071902,TMA,8.300293450897204,TMA,8.300293450897204,3.0,False,6.061478618777889,A321,A321,,,,False,
20512.0,VLG7EY,VLG76GZ,15.154472998303342,1.9988605714620968,16.145437154352933,6.659598128090694,4.764922300556788,TMA,8.300293450897204,TMA,3.5453843929215094,TMA,3.5453843929215094,3.0,False,1.7649223005567878,A321,A321,,,,False,
20516.0,VLG68LT,VLG76GZ,18.1469548386672,10.464425199239551,16.09310089950854,6.393670410790061,4.559535124448764,TWR,0.4158755813777814,TMA,3.814765877205224,TMA,3.814765877205224,3.0,False,1.5595351244487636,A321,A321,,,,False,
20520.0,VLG7EY,VLG76GZ,14.660523871765188,1.6304473690380274,16.03819437987663,6.126158592093592,4.702062890905204,TMA,8.788677293690354,TMA,4.086625992054745,TMA,4.086625992054745,3.0,False,1.7020628909052036,A321,A321,,,,False,
20524.0,VLG7EY,VLG76GZ,14.416905781041958,1.4489219704304628,15.977913907425668,5.853847413286206,4.673340831541591,TMA,9.035137732051137,TMA,4.364770792852405,TMA,4.364770792852405,3.0,False,1.6733408315415907,A321,A321,,,,False,
20524.0,VLG76GZ,VLG68LT,15.977913907425668,5.853847413286206,17.874552572336544,10.337363673179466,4.868177921765201,TMA,4.364770792852405,TMA,0.7164512911203234,TMA,0.7164512911203234,3.0,False,1.8681779217652013,A321,A321,,,,False,
20528.0,VLG7EY,VLG76GZ,14.168056410050642,1.2597047758013211,15.920188510041218,5.585406391107082,4.667082746264121,TMA,9.293981220738097,TMA,4.638574461625384,TMA,4.638574461625384,3.0,False,1.6670827462641213,A321,A321,,,,False,
20528.0,VLG76GZ,VLG68LT,15.920188510041218,5.585406391107082,17.717755355505105,10.262595754749324,5.010723192043152,TMA,4.638574461625384,TMA,0.5437944248351755,TMA,0.5437944248351755,3.0,False,2.0107231920431516,A321,A321,,,,False,
20532.0,VLG76GZ,VLG7EY,15.857144042366976,5.315702374303707,13.923021655848649,1.075115197008749,4.660837801755148,TMA,4.915153375427775,TMA,9.550380106489678,TMA,9.550380106489678,3.0,False,1.6608378017551484,A321,A321,,,,False,
20532.0,VLG7EY,VLG68LT,13.923021655848649,1.075115197008749,17.554552605348555,10.18922680799335,9.81096567594954,TMA,9.550380106489678,TMA,0.3648611771405773,TMA,0.3648611771405773,3.0,False,6.810965675949539,A321,A321,,,,False,
20536.0,VLG76GZ,VLG7EY,15.790819998340742,5.047488617975094,13.676679122530144,0.8846729414819698,4.6688998703367055,TMA,5.19124546880191,TMA,9.815601776902414,TMA,9.815601776902414,3.0,False,1.6688998703367055,A321,A321,,,,False,
20536.0,VLG7EY,VLG68LT,13.676679122530144,0.8846729414819698,17.38745744773727,10.1141776280961,9.947544045595334,TMA,9.815601776902414,TMA,0.1816956794463365,TMA,0.1816956794463365,3.0,False,6.947544045595334,A321,A321,,,,False,
20540.0,VLG76GZ,VLG7EY,15.696866451441458,4.778847546147815,13.428814335595598,0.6973321567534895,4.6693498770230955,TMA,5.475404494265484,TMA,10.081161919140696,TMA,10.081161919140696,3.0,False,1.6693498770230955,A321,A321,,,,False,
20540.0,VLG7EY,VLG68LT,13.428814335595598,0.6973321567534895,17.22990162313342,10.04464011131066,10.090611010479464,TMA,10.081161919140696,TMA,0.0101867560143641,TMA,0.0101867560143641,3.0,False,7.0906110104794635,A321,A321,,,,False,
20544.0,VLG76GZ,VLG7EY,15.55900938679716,4.538135910209208,13.181910550009489,0.5070890668911219,4.679736908511204,TMA,5.745370151072357,TMA,10.351532416619854,TMA,10.351532416619854,3.0,False,1.6797369085112042,A321,A321,,,,False,
20544.0,VLG7EY,VLG68LT,13.181910550009489,0.5070890668911219,17.07068250963294,9.968085139363115,10.229027032777072,TMA,10.351532416619854,TMA,0.1671484496824165,TMA,0.1671484496824165,3.0,False,7.229027032777072,A321,A321,,,,False,
20548.0,VLG76GZ,VLG7EY,15.400183356971764,4.298379439291579,12.935915814030784,0.3177979064648272,4.681628334529958,TMA,6.021414197797949,TMA,10.622929378780103,TMA,10.622929378780103,3.0,False,1.6816283345299583,A321,A321,,,,False,
20548.0,VLG7EY,VLG68LT,12.935915814030784,0.3177979064648272,16.92933042103084,9.871611955952048,10.354840564469393,TMA,10.622929378780103,TMA,0.3370370039418727,TMA,0.3370370039418727,3.0,False,7.354840564469393,A321,A321,,,,False,
20552.0,VLG76GZ,VLG7EY,15.210398697929117,4.091000694900704,12.687867203837154,0.1227499472414429,4.7021462264570335,TMA,6.277621972592168,TMA,10.902498170088665,TMA,10.902498170088665,3.0,False,1.7021462264570335,A321,A321,,,,False,
20552.0,VLG7EY,VLG68LT,12.687867203837154,0.1227499472414429,16.80889118422087,9.744137799626149,10.466801940082444,TMA,10.902498170088665,TMA,0.5072384987302979,TMA,0.5072384987302979,3.0,False,7.466801940082444,A321,A321,,,,False,
20560.0,VLG76GZ,VLG68LT,14.778008289443598,3.7147257318132416,16.654694214120326,9.439557888155443,6.024587394848667,TMA,6.77881149532652,TMA,0.8246717550303871,TMA,0.8246717550303871,3.0,False,3.024587394848667,A321,A321,,,,False,
20564.0,VLG76GZ,VLG68LT,14.554924925509065,3.541333234985383,16.60952896138148,9.263587640975569,6.079933653511139,TMA,7.02249882924396,TMA,0.9873116640318002,TMA,0.9873116640318002,3.0,False,3.079933653511139,A321,A321,,,,False,
20568.0,VLG76GZ,VLG68LT,14.329135858573418,3.362379641970734,16.56276299225553,9.09348435739211,6.150987841919873,TMA,7.275178157352585,TMA,1.1517366205256088,TMA,1.1517366205256088,3.0,False,3.150987841919873,A321,A321,,,,False,
20572.0,VLG76GZ,VLG68LT,14.105441029668969,3.1840108458741936,16.523491468687123,8.919508777499193,6.224379844555643,TMA,7.529002420229737,TMA,1.318543979725595,TMA,1.318543979725595,3.0,False,3.224379844555643,A321,A321,,,,False,
20576.0,VLG76GZ,VLG68LT,13.878610983223552,3.004466206785839,16.48598617745,8.742152799350563,6.302337093330092,TMA,7.787473579897849,TMA,1.4900931844403955,TMA,1.4900931844403955,3.0,False,3.3023370933300917,A321,A321,,,,False,
20588.0,VLG5YL,VLG68LT,18.15700022844805,10.468359326139586,16.368289628487613,8.169532157141008,2.9127464639643543,TWR,0.4051054067361707,TMA,2.053983436744664,TMA,2.053983436744664,3.0,True,-0.08725353603564567,A320,A321,,,,False,
20592.0,VLG5YL,VLG68LT,18.03117133111985,10.411206140453238,16.33200289358582,7.971839616702541,2.9728239800410994,TWR,0.5433043347085319,TMA,2.2493906559979653,TMA,2.2493906559979653,3.0,False,-0.02717601995890062,A320,A321,,,,False,
20596.0,VLG68LT,VLG5YL,16.290445068494176,7.760906936102995,17.88927558473127,10.345940738455408,3.0395162080429086,TMA,2.4599538657825444,TMA,0.6994900257766069,TMA,0.6994900257766069,3.0,False,0.03951620804290856,A321,A320,,,,False,
20600.0,VLG68LT,VLG5YL,16.25242820219338,7.54923971740535,17.729181688268028,10.26825285157087,3.0941611597326713,TMA,2.670617325104259,TMA,0.5565378670081704,TMA,0.5565378670081704,3.0,False,0.09416115973267125,A321,A320,,,,False,
20604.0,VLG68LT,VLG5YL,16.210767103808372,7.332718294883111,17.56139418652093,10.193479988849417,3.1635661817356686,TMA,2.887752444891313,TMA,0.3728537683720103,TMA,0.3728537683720103,3.0,False,0.16356618173566861,A321,A320,,,,False,
20608.0,VLG68LT,VLG5YL,16.167792972465694,7.10900972654313,17.390425278164802,10.116620479899144,3.2466216593009176,TMA,3.112567329261381,TMA,0.1854207261287538,TMA,0.1854207261287538,3.0,False,0.24662165930091762,A321,A320,,,,False,
20616.0,VLG68LT,VLG5YL,16.080267408929,6.649190754808738,17.059155386571636,9.951166983225102,3.44401926327366,TMA,3.5755891252136998,TMA,0.1849532498503628,TMA,0.1849532498503628,3.0,False,0.44401926327366015,A321,A320,,,,False,
20620.0,VLG68LT,VLG5YL,16.034226933315292,6.413657726907588,16.897019032895916,9.85521148499045,3.5480561546955554,TMA,3.8136167434281423,TMA,0.3732402558605233,TMA,0.3732402558605233,3.0,False,0.5480561546955554,A321,A320,,,,False,
20624.0,VLG68LT,VLG5YL,15.987004749492447,6.170556518700496,16.765386074140267,9.728775088861338,3.6423614427453463,TMA,4.059444492690679,TMA,0.5517640780486106,TMA,0.5517640780486106,3.0,False,0.6423614427453463,A321,A320,,,,False,
20628.0,VLG68LT,VLG5YL,15.93519420724204,5.922198012220907,16.660983259639863,9.57023644101339,3.7195368161274147,TMA,4.31186723880406,TMA,0.7306331579855327,TMA,0.7306331579855327,3.0,False,0.7195368161274147,A321,A320,,,,False,
20632.0,VLG68LT,VLG5YL,15.884565572216662,5.670339744497102,16.59185157015545,9.374589103542826,3.7711691551654005,TMA,4.567431541620109,TMA,0.9150574455071876,TMA,0.9150574455071876,3.0,False,0.7711691551654005,A321,A320,,,,False,
20636.0,VLG68LT,VLG5YL,15.834757596834194,5.419147535222817,16.539935638068894,9.204994307330606,3.8509624578433086,TMA,4.822263272451547,TMA,1.0766120136143822,TMA,1.0766120136143822,3.0,False,0.8509624578433086,A321,A320,,,,False,
20640.0,VLG68LT,VLG5YL,15.781771343392789,5.165736849414172,16.51001648453149,9.007189907022095,3.9098724505279443,TMA,5.080249208983358,TMA,1.2526982150429422,TMA,1.2526982150429422,3.0,False,0.9098724505279443,A321,A320,,,,False,
20644.0,VLG68LT,VLG5YL,15.720155654865115,4.912398664985456,16.49627049372509,8.801257694095915,3.965548989912063,TMA,5.340674739634055,TMA,1.4337781768616316,TMA,1.4337781768616316,3.0,False,0.9655489899120631,A321,A320,,,,False,
20648.0,VLG68LT,VLG5YL,15.605660582727191,4.682743608477262,16.48126133498067,8.587591214385867,4.001813526729728,TMA,5.593449743738354,TMA,1.6283789902325916,TMA,1.6283789902325916,3.0,False,1.0018135267297277,A321,A320,,,,False,
20652.0,VLG68LT,VLG5YL,15.474212225055451,4.456813218954744,16.471613633264905,8.370635294287334,4.038912329632683,TMA,5.848048513520441,TMA,1.828153150006366,TMA,1.828153150006366,3.0,False,1.0389123296326828,A321,A320,,,,False,
20656.0,RYR2SY,VLG68LT,18.171861920520914,10.47450900143926,15.339071696064648,4.245255364787506,6.84312073001157,TWR,0.3890347839889337,TMA,6.090690105179763,TMA,6.090690105179763,3.0,False,3.84312073001157,B738,A321,,,,False,
20656.0,VLG68LT,VLG5YL,15.339071696064648,4.245255364787506,16.4665455268134,8.150875188950991,4.065103129063526,TMA,6.090690105179763,TMA,2.0323926393269023,TMA,2.0323926393269023,3.0,False,1.0651031290635258,A321,A320,,,,False,
20660.0,RYR2SY,VLG5YL,18.054664783187487,10.42009425519628,16.46528132753725,7.924059264400883,2.959109738480421,TWR,0.5182482506938026,TMA,2.244934348656383,TMA,2.244934348656383,3.0,True,-0.040890261519578974,B738,A320,,,,False,
20664.0,VLG68LT,VLG5YL,14.959442821130624,3.8788316724115655,16.464704631992998,7.687556886987944,4.095387756902947,TMA,6.561237562549547,TMA,2.469032150164622,TMA,2.469032150164622,3.0,False,1.095387756902947,A321,A320,,,,False,
20664.0,VLG5YL,RYR2SY,16.464704631992998,7.687556886987944,17.92443105877424,10.359279096388663,3.044486952714462,TMA,2.469032150164622,TMA,0.6619812089800186,TMA,0.6619812089800186,3.0,False,0.044486952714462014,A320,B738,,,,False,
20668.0,VLG68LT,VLG5YL,14.758654745106236,3.7097066796500417,16.467546974051018,7.448390079891192,4.1107257531227495,TMA,6.790492129642129,TMA,2.696848040261378,TMA,2.696848040261378,3.0,False,1.1107257531227495,A321,A320,,,,False,
20668.0,VLG5YL,RYR2SY,16.467546974051018,7.448390079891192,17.77865006854017,10.2931536612337,3.1323587211734987,TMA,2.696848040261378,TMA,0.6118826739924305,TMA,0.6118826739924305,3.0,False,0.13235872117349867,A320,B738,,,,False,
20672.0,VLG5YL,VLG68LT,16.466808069217784,7.196793324305107,14.554941368822286,3.5395752583064297,4.1268000027077,TMA,2.939411403688498,TMA,7.024118787705691,TMA,7.024118787705691,3.0,False,1.1268000027077,A320,A321,,,,False,
20672.0,VLG68LT,RYR2SY,14.554941368822286,3.5395752583064297,17.622650996875045,10.216326624837608,7.347778655656657,TMA,7.024118787705691,TMA,0.4380753076485204,TMA,0.4380753076485204,3.0,False,4.347778655656657,A321,B738,,,,False,
20676.0,VLG5YL,VLG68LT,16.468256182360786,6.939321799687874,14.348862168059034,3.376183309415272,4.145815587881378,TMA,3.188565925091902,TMA,7.254678232137901,TMA,7.254678232137901,3.0,False,1.145815587881378,A320,A321,,,,False,
20676.0,VLG68LT,RYR2SY,14.348862168059034,3.376183309415272,17.472722477237653,10.144000321907924,7.453982180408437,TMA,7.254678232137901,TMA,0.271722365138155,TMA,0.271722365138155,3.0,False,4.453982180408437,A321,B738,,,,False,
20680.0,VLG5YL,VLG68LT,16.469656097851026,6.672564088848848,14.137816677844793,3.212510114614311,4.1724631316898675,TMA,3.4480184363595137,TMA,7.489676566289805,TMA,7.489676566289805,3.0,False,1.1724631316898675,A320,A321,,,,False,
20680.0,VLG68LT,RYR2SY,14.137816677844793,3.212510114614311,17.317775256154402,10.063471812537207,7.55300024799228,TMA,7.489676566289805,TMA,0.0984927407444111,TMA,0.0984927407444111,3.0,False,4.55300024799228,A321,B738,,,,False,
20684.0,VLG5YL,VLG68LT,16.471709456703103,6.408238827235824,13.92857785619522,3.049707650695792,4.212748509143782,TMA,3.7059937698765295,TMA,7.725201371445038,TMA,7.725201371445038,3.0,False,1.2127485091437817,A320,A321,,,,False,
20684.0,VLG68LT,RYR2SY,13.92857785619522,3.049707650695792,17.16674267183779,9.9812049476519,7.650579465045461,TMA,7.725201371445038,TMA,0.079330186311985,TMA,0.079330186311985,3.0,False,4.650579465045461,A321,B738,,,,False,
20688.0,VLG5YL,VLG68LT,16.47152755607316,6.135402099877014,13.713969976033482,2.8814315283321896,4.265260635379042,TMA,3.973587285475245,TMA,7.969864857709435,TMA,7.969864857709435,3.0,False,1.2652606353790423,A320,A321,,,,False,
20688.0,VLG68LT,RYR2SY,13.713969976033482,2.8814315283321896,17.01722888158822,9.8865535620642,7.744885674082245,TMA,7.969864857709435,TMA,0.2549455642332263,TMA,0.2549455642332263,3.0,False,4.744885674082245,A321,B738,,,,False,
20692.0,VLG5YL,VLG68LT,16.470711243260837,5.864883784027583,13.503942915676983,2.717148565748045,4.325500122986014,TMA,4.239679646208687,TMA,8.21065972475476,TMA,8.21065972475476,3.0,False,1.3255001229860142,A320,A321,,,,False,
20692.0,VLG68LT,RYR2SY,13.503942915676983,2.717148565748045,16.898577821925382,9.762961812355226,7.820935395001373,TMA,8.21065972475476,TMA,0.4247396909820111,TMA,0.4247396909820111,3.0,False,4.820935395001373,A321,B738,,,,False,
20696.0,VLG5YL,VLG68LT,16.46996451226033,5.591584960990719,13.290320480480114,2.5511757626361637,4.399343617208655,TMA,4.509029056012977,TMA,8.45617428262821,TMA,8.45617428262821,3.0,False,1.3993436172086549,A320,A321,,,,False,
20696.0,VLG68LT,RYR2SY,13.290320480480114,2.5511757626361637,16.794692038905456,9.623576638233036,7.893001594111322,TMA,8.45617428262821,TMA,0.5953779845560557,TMA,0.5953779845560557,3.0,False,4.893001594111322,A321,B738,,,,False,
20700.0,VLG5YL,VLG68LT,16.468231828161773,5.320507041296405,13.077942928079676,2.385553714613716,4.484195563958564,TMA,4.776789618787441,TMA,8.70227026018509,TMA,8.70227026018509,3.0,False,1.484195563958564,A320,A321,,,,False,
20700.0,VLG68LT,RYR2SY,13.077942928079676,2.385553714613716,16.719526428576724,9.47127733466894,7.966718873595381,TMA,8.70227026018509,TMA,0.7574338665031402,TMA,0.7574338665031402,3.0,False,4.966718873595381,A321,B738,,,,False,
20704.0,VLG5YL,VLG68LT,16.466390651439475,5.046651470018668,12.864404813673415,2.21751095952115,4.580211567559453,TMA,5.047667645315619,TMA,8.95238346930655,TMA,8.95238346930655,3.0,False,1.580211567559453,A320,A321,,,,False,
20704.0,VLG68LT,RYR2SY,12.864404813673415,2.21751095952115,16.66950252497822,9.301168439868457,8.040955906573386,TMA,8.95238346930655,TMA,0.9209105754166254,TMA,0.9209105754166254,3.0,False,5.0409559065733855,A321,B738,,,,False,
20708.0,VLG5YL,RYR2SY,16.464323823410968,4.774044630484096,16.62646288478036,9.12788762780756,4.3568610168978665,TMA,5.317647472739973,TMA,1.08752269318372,TMA,1.08752269318372,3.0,False,1.3568610168978665,A320,B738,,,,False,
20712.0,VLG5YL,RYR2SY,16.461889024721927,4.4984777865170456,16.592533054858393,8.945098115952016,4.448539110399577,TMA,5.590865697371184,TMA,1.2610338933574698,TMA,1.2610338933574698,3.0,False,1.4485391103995768,A320,B738,,,,False,
20716.0,VLG5YL,RYR2SY,16.456972732711442,4.224559584267559,16.556688361341966,8.75180299907822,4.5283414340727095,TMA,5.862993737237032,TMA,1.4478539793651153,TMA,1.4478539793651153,3.0,False,1.5283414340727095,A320,B738,,,,False,
20720.0,VLG5YL,RYR2SY,16.44173401142044,3.9465467636457374,16.52418909707752,8.55536696929881,4.60955773683189,TMA,6.140651709117271,TMA,1.6383727847088372,TMA,1.6383727847088372,3.0,False,1.6095577368318903,A320,B738,,,,False,
20724.0,VLG5YL,RYR2SY,16.389103705003052,3.674625159858128,16.490977771968456,8.352653551125965,4.679137522559902,TMA,6.417083249005284,TMA,1.8367605097634696,TMA,1.8367605097634696,3.0,False,1.679137522559902,A320,B738,,,,False,
20728.0,VLG2QW,RYR2SY,18.24485207453615,10.508513106742695,16.454623832311405,8.141130453640622,2.9680663377808307,TWR,0.3085127547816028,TMA,2.045887295484894,TMA,2.045887295484894,3.0,True,-0.03193366221916927,A320,B738,,,,False,
20732.0,VLG2QW,RYR2SY,18.13631183793731,10.460787246054435,16.41616640711603,7.919904185379626,3.0683850852198313,TWR,0.4270672284872584,TMA,2.265862751221418,TMA,2.265862751221418,3.0,False,0.06838508521983133,A320,B738,,,,False,
20736.0,VLG5YL,RYR2SY,16.06932250952092,2.895675823525927,16.376722940882676,7.697370550460414,4.811524423285395,TMA,7.234198278774564,TMA,2.48821974296067,TMA,2.48821974296067,3.0,False,1.8115244232853946,A320,B738,,,,False,
20740.0,VLG5YL,RYR2SY,15.939367830071102,2.637008738055326,16.3376762767554,7.481090300701608,4.860429590506348,TMA,7.510781727282206,TMA,2.7051401253854928,TMA,2.7051401253854928,3.0,False,1.8604295905063477,A320,B738,,,,False,
20740.0,RYR2SY,VLG2QW,16.3376762767554,7.481090300701608,17.86090523797778,10.32797825981894,3.2287764741576424,TMA,2.7051401253854928,TMA,0.70116890799197,TMA,0.70116890799197,3.0,False,0.22877647415764235,B738,A320,,,,False,
20744.0,VLG5YL,RYR2SY,15.805668407366102,2.371600173288571,16.288038424316657,7.250225023770703,4.902413820251681,TMA,7.795611852830205,TMA,2.939678202689193,TMA,2.939678202689193,3.0,False,1.902413820251681,A320,B738,,,,False,
20744.0,RYR2SY,VLG2QW,16.288038424316657,7.250225023770703,17.704906652106352,10.258196339739058,3.3249672197795137,TMA,2.939678202689193,TMA,0.530279215900977,TMA,0.530279215900977,3.0,False,0.3249672197795137,B738,A320,,,,False,
20748.0,VLG5YL,RYR2SY,15.666633870727953,2.100318107341667,16.240345755555193,7.024433126615492,4.957424134551136,TMA,8.088120826247442,TMA,3.169027520271267,TMA,3.169027520271267,3.0,False,1.957424134551136,A320,B738,,,,False,
20748.0,RYR2SY,VLG2QW,16.240345755555193,7.024433126615492,17.532835749036575,10.177666655276042,3.407845663981655,TMA,3.169027520271267,TMA,0.3403062272731047,TMA,0.3403062272731047,3.0,False,0.407845663981655,B738,A320,,,,False,
20752.0,VLG5YL,RYR2SY,15.527182218610116,1.8298527359842376,16.193425173611974,6.799319690677158,5.013928747885687,TMA,8.380792903243368,TMA,3.397689174108941,TMA,3.397689174108941,3.0,False,2.0139287478856867,A320,B738,,,,False,
20752.0,RYR2SY,VLG2QW,16.193425173611974,6.799319690677158,17.36321561344361,10.099879224128571,3.501728559865614,TMA,3.397689174108941,TMA,0.1537049398629185,TMA,0.1537049398629185,3.0,False,0.5017285598656138,B738,A320,,,,False,
20756.0,VLG5YL,RYR2SY,15.387277608036769,1.5560762594774746,16.140691564824987,6.56050397743993,5.060822993801916,TMA,8.677597230167558,TMA,3.641324363225035,TMA,3.641324363225035,3.0,False,2.0608229938019162,A320,B738,,,,False,
20756.0,RYR2SY,VLG2QW,16.140691564824987,6.56050397743993,17.195192495024568,10.024619904375118,3.621059426057217,TMA,3.641324363225035,TMA,0.0304047404994845,TMA,0.0304047404994845,3.0,False,0.6210594260572169,B738,A320,,,,False,
20760.0,VLG5YL,RYR2SY,15.246137670709404,1.2788386440159534,16.091573311372965,6.334317448409007,5.125683111954116,TMA,8.97876663210647,TMA,3.871942408103828,TMA,3.871942408103828,3.0,False,2.1256831119541157,A320,B738,,,,False,
20760.0,RYR2SY,VLG2QW,16.091573311372965,6.334317448409007,17.02792604777855,9.945650941412389,3.7307487244067015,TMA,3.871942408103828,TMA,0.2153740864954518,TMA,0.2153740864954518,3.0,False,0.7307487244067015,B738,A320,,,,False,
20764.0,VLG5YL,RYR2SY,15.104068207729288,0.9983956892273416,16.040620246229746,6.105367288179849,5.192137193230443,TMA,9.283923873824094,TMA,4.105829873496719,TMA,4.105829873496719,3.0,False,2.192137193230443,A320,B738,,,,False,
20764.0,RYR2SY,VLG2QW,16.040620246229746,6.105367288179849,16.863248562621827,9.865691914515793,3.8492542969202,TMA,4.105829873496719,TMA,0.3984296761368442,TMA,0.3984296761368442,3.0,False,0.8492542969202002,B738,A320,,,,False,
20768.0,VLG5YL,RYR2SY,14.959419747434056,0.7190489952841506,15.988468796303003,5.877597800242348,5.260187042122526,TMA,9.589219726121268,TMA,4.338997782269676,TMA,4.338997782269676,3.0,False,2.260187042122526,A320,B738,,,,False,
20768.0,RYR2SY,VLG2QW,15.988468796303003,5.877597800242348,16.708909795395567,9.767947697268156,3.956495615372549,TMA,4.338997782269676,TMA,0.5802265101843561,TMA,0.5802265101843561,3.0,False,0.9564956153725488,B738,A320,,,,False,
20772.0,RYR2SY,VLG2QW,15.93494372261058,5.650979511521939,16.57861580426754,9.64576929743506,4.046314271326486,TMA,4.571498417491458,TMA,0.7538620617117969,TMA,0.7538620617117969,3.0,False,1.0463142713264864,B738,A320,,,,False,
20776.0,RYR2SY,VLG2QW,15.877611673205529,5.421730271797361,16.45655506856844,9.506458094535589,4.125551701395357,TMA,4.807623432736195,TMA,0.9321870363888765,TMA,0.9321870363888765,3.0,False,1.1255517013953567,B738,A320,,,,False,
20780.0,RYR2SY,VLG2QW,15.81892341756597,5.189113440511531,16.358669935501823,9.34452170693088,4.190315520846866,TMA,5.047377639197291,TMA,1.1075741923716311,TMA,1.1075741923716311,3.0,False,1.190315520846866,B738,A320,,,,False,
20784.0,RYR2SY,VLG2QW,15.762778650191882,4.959483025464627,16.290792566020567,9.163151086668009,4.236699642893055,TMA,5.283572385926126,TMA,1.277826953172168,TMA,1.277826953172168,3.0,False,1.236699642893055,B738,A320,,,,False,
20788.0,RYR2SY,VLG2QW,15.693685673031302,4.722897450012816,16.256460217242413,8.972988006906828,4.28718846441484,TMA,5.530038548160303,TMA,1.437584345148161,TMA,1.437584345148161,3.0,False,1.2871884644148404,B738,A320,,,,False,
20792.0,RYR2SY,VLG2QW,15.571744503223528,4.5051490778595165,16.237181481834664,8.7686634854815,4.315131687040774,TMA,5.773296474262376,TMA,1.6065389016011358,TMA,1.6065389016011358,3.0,False,1.3151316870407737,B738,A320,,,,False,
20796.0,RYR2SY,VLG2QW,15.455530497520984,4.288772777178395,16.23157365379447,8.56360989966279,4.344706595866926,TMA,6.014074609776672,TMA,1.7760588692293968,TMA,1.7760588692293968,3.0,False,1.344706595866926,B738,A320,,,,False,
20800.0,RYR2SY,VLG2QW,15.295139061726095,4.0927902447773485,16.226730255551026,8.349207472021533,4.3571722211536725,TMA,6.249269797211741,TMA,1.960079776974152,TMA,1.960079776974152,3.0,False,1.3571722211536725,B738,A320,,,,False,
20804.0,VLG3TC,RYR2SY,18.18984385818348,10.479526175477726,15.101429951783626,3.9168104259142735,7.253105436074413,TWR,0.3706212776922127,TMA,6.47772470858591,TMA,6.47772470858591,3.0,False,4.253105436074413,A321,B738,,,,False,
20804.0,RYR2SY,VLG2QW,15.101429951783626,3.9168104259142735,16.228045966429903,8.131637350395987,4.362800665603856,TMA,6.47772470858591,TMA,2.14969661177513,TMA,2.14969661177513,3.0,False,1.3628006656038556,B738,A320,,,,False,
20808.0,VLG3TC,VLG2QW,18.06852378694138,10.425655505093433,16.23152556018385,7.908187430407872,3.1164415592421,TWR,0.5033361043972681,TMA,2.3485875943097034,TMA,2.3485875943097034,3.0,False,0.1164415592421002,A321,A320,,,,False,
20812.0,RYR2SY,VLG2QW,14.67042894683844,3.599793111094157,16.239604163858942,7.681829269875534,4.373251657898269,TMA,6.925058460574931,TMA,2.552458273184082,TMA,2.552458273184082,3.0,False,1.373251657898269,B738,A320,,,,False,
20812.0,VLG2QW,VLG3TC,16.239604163858942,7.681829269875534,17.92984295754232,10.36021856729412,3.1671243120848085,TMA,2.552458273184082,TMA,0.6566783181696227,TMA,0.6566783181696227,3.0,False,0.1671243120848085,A320,A321,,,,False,
20816.0,RYR2SY,VLG2QW,14.448279896755205,3.439458347007439,16.248329135704964,7.446486117867656,4.392772338636344,TMA,7.15750181718219,TMA,2.7680400413381605,TMA,2.7680400413381605,3.0,False,1.3927723386363438,B738,A320,,,,False,
20816.0,VLG2QW,VLG3TC,16.248329135704964,7.446486117867656,17.77881348675759,10.293021152506531,3.2318948083505927,TMA,2.7680400413381605,TMA,0.6119757483775853,TMA,0.6119757483775853,3.0,False,0.23189480835059273,A320,A321,,,,False,
20820.0,RYR2SY,VLG2QW,14.22412056499238,3.2687944300580907,16.259481614992048,7.204479799050245,4.43083670739,TMA,7.403047797769653,TMA,2.992155947693087,TMA,2.992155947693087,3.0,False,1.4308367073900001,B738,A320,,,,False,
20820.0,VLG2QW,VLG3TC,16.259481614992048,7.204479799050245,17.617383937148446,10.215917025810294,3.3034304725896675,TMA,2.992155947693087,TMA,0.4331043228600808,TMA,0.4331043228600808,3.0,False,0.3034304725896675,A320,A321,,,,False,
20824.0,VLG2QW,VLG3TC,16.269439841598402,6.949541040168924,17.461157036497088,10.138932176204284,3.404762207737585,TMA,3.231610298899537,TMA,0.259095794150643,TMA,0.259095794150643,3.0,False,0.4047622077375852,A320,A321,,,,False,
20828.0,VLG2QW,VLG3TC,16.283630451404566,6.687953815401919,17.299887392516528,10.06590362265946,3.5275094713848048,TMA,3.478551864405377,TMA,0.0821994026286841,TMA,0.0821994026286841,3.0,False,0.5275094713848048,A320,A321,,,,False,
20832.0,VLG2QW,VLG3TC,16.29878840142899,6.421585709238134,17.146304160363094,9.993159617619348,3.6707523949009566,TMA,3.731937943612573,TMA,0.0883428592919345,TMA,0.0883428592919345,3.0,False,0.6707523949009566,A320,A321,,,,False,
20836.0,VLG2QW,VLG3TC,16.315867045688588,6.149455128656057,16.99353535693612,9.915511183670686,3.8265405459215294,TMA,3.9922485656307662,TMA,0.2596301070938399,TMA,0.2596301070938399,3.0,False,0.8265405459215294,A320,A321,,,,False,
20840.0,VLG2QW,VLG3TC,16.33436124860558,5.876206897438048,16.864413032526464,9.80371088790492,3.9631102039649257,TMA,4.2549045385518935,TMA,0.4278166528966595,TMA,0.4278166528966595,3.0,False,0.9631102039649257,A320,A321,,,,False,
20844.0,VLG2QW,VLG3TC,16.35014810574891,5.594147071297791,16.76243987332309,9.659653063433812,4.086358216517897,TMA,4.528060628047589,TMA,0.5954661356648723,TMA,0.5954661356648723,3.0,False,1.0863582165178967,A320,A321,,,,False,
20848.0,VLG2QW,VLG3TC,16.367152549531323,5.314397224986879,16.6852425515492,9.494901962595636,4.1925888315637385,TMA,4.799808036679816,TMA,0.7636779949557534,TMA,0.7636779949557534,3.0,False,1.1925888315637385,A320,A321,,,,False,
20852.0,VLG2QW,VLG3TC,16.38453740297106,5.0366579741371895,16.637961538944925,9.313975356593572,4.284818290541341,TMA,5.070436766229024,TMA,0.9302062812904563,TMA,0.9302062812904563,3.0,False,1.2848182905413408,A320,A321,,,,False,
20856.0,VLG2QW,VLG3TC,16.39987881875409,4.75321359258276,16.606384580373412,9.12774140166036,4.379399294649352,TMA,5.3478035692385575,TMA,1.0987822051993834,TMA,1.0987822051993834,3.0,False,1.3793992946493523,A320,A321,,,,False,
20860.0,VLG2QW,VLG3TC,16.415883808761915,4.475319271851044,16.569030667257262,8.931296402317333,4.458608095303464,TMA,5.620230256853217,TMA,1.2848053489621365,TMA,1.2848053489621365,3.0,False,1.4586080953034637,A320,A321,,,,False,
20864.0,VLG2QW,VLG3TC,16.430201013597788,4.199360875566192,16.536873983823643,8.73503274840777,4.536926102623122,TMA,5.891519442069682,TMA,1.4718932538962612,TMA,1.4718932538962612,3.0,False,1.5369261026231218,A320,A321,,,,False,
20868.0,VLG2QW,VLG3TC,16.43345763213006,3.911823087956377,16.501764439713714,8.530163026327813,4.618845051126845,TMA,6.176147242966747,TMA,1.6707598881782364,TMA,1.6707598881782364,3.0,False,1.6188450511268453,A320,A321,,,,False,
20872.0,VLG2QW,VLG3TC,16.410393028261428,3.63168297418009,16.4618259893161,8.312590154480395,4.681189739806516,TMA,6.45695069336024,TMA,1.8851524715742245,TMA,1.8851524715742245,3.0,False,1.6811897398065163,A320,A321,,,,False,
20876.0,VLG2QW,VLG3TC,16.34328046771598,3.36019504311413,16.426452389591226,8.099690937895941,4.740225617546285,TMA,6.734803326695877,TMA,2.094899107504685,TMA,2.094899107504685,3.0,False,1.740225617546285,A320,A321,,,,False,
20880.0,VLG2QW,VLG3TC,16.23664194397498,3.099661096233356,16.384847882871192,7.874786286024166,4.7774245759089515,TMA,7.007399364834334,TMA,2.3192118083948663,TMA,2.3192118083948663,3.0,False,1.7774245759089515,A320,A321,,,,False,
20884.0,VLG2QW,VLG3TC,16.111690276052798,2.8404092198477127,16.338562257647446,7.641223080664008,4.806171514026372,TMA,7.282178305339832,TMA,2.5540528212129683,TMA,2.5540528212129683,3.0,False,1.8061715140263717,A320,A321,,,,False,
20888.0,VLG2QW,VLG3TC,15.981416908051695,2.5871083953150102,16.29318046331357,7.404500466596381,4.827469614905321,TMA,7.552927948979968,TMA,2.792124909064535,TMA,2.792124909064535,3.0,False,1.8274696149053211,A320,A321,,,,False,
20892.0,VLG2QW,VLG3TC,15.852069942424048,2.3338895605994963,16.243543949852278,7.1581351104820605,4.840102997256736,TMA,7.824434896609927,TMA,3.041164227490846,TMA,3.041164227490846,3.0,False,1.8401029972567358,A320,A321,,,,False,
20896.0,VLG2QW,VLG3TC,15.723699743803264,2.0888977897260825,16.18784818141081,6.903985830033083,4.837407012857304,TMA,8.088557446822481,TMA,3.2998396635156944,TMA,3.2998396635156944,3.0,False,1.8374070128573043,A320,A321,,,,False,
20900.0,VLG84ZE,VLG3TC,18.12131822456886,10.450759058272228,16.13387393914985,6.650958484023251,4.288172010508386,TWR,0.444879555884222,TMA,3.557139221084201,TMA,3.557139221084201,3.0,False,1.2881720105083856,A320,A321,,,,False,
20904.0,VLG2QW,VLG3TC,15.454141982658774,1.5824776419714666,16.077998558366378,6.3953138109885455,4.85310096915906,TMA,8.637856444234004,TMA,3.817697772236264,TMA,3.817697772236264,3.0,False,1.85310096915906,A320,A321,,,,False,
20908.0,VLG2QW,VLG3TC,15.314576670342754,1.332924581195214,16.017812442249276,6.134267858587423,4.852570228059386,TMA,8.911109587750929,TMA,4.084831666516996,TMA,4.084831666516996,3.0,False,1.8525702280593856,A320,A321,,,,False,
20908.0,VLG3TC,VLG84ZE,16.017812442249276,6.134267858587423,17.85083281418487,10.325778815574846,4.5747926495609095,TMA,4.084831666516996,TMA,0.6910943377968587,TMA,0.6910943377968587,3.0,False,1.5747926495609095,A321,A320,,,,False,
20912.0,VLG2QW,VLG3TC,15.155918636885682,1.0937462552974817,15.959749918267477,5.872969827070094,4.846351481054057,TMA,9.17930136408685,TMA,4.351683393574512,TMA,4.351683393574512,3.0,False,1.8463514810540573,A320,A321,,,,False,
20912.0,VLG3TC,VLG84ZE,15.959749918267477,5.872969827070094,17.696423587049395,10.250049663606449,4.709019359405265,TMA,4.351683393574512,TMA,0.519188187088731,TMA,0.519188187088731,3.0,False,1.7090193594052652,A321,A320,,,,False,
20916.0,VLG3TC,VLG84ZE,15.9016710589045,5.608064738718977,17.52687721617232,10.17260897073482,4.845240871169393,TMA,4.622091096702431,TMA,0.3327991089352679,TMA,0.3327991089352679,3.0,False,1.845240871169393,A321,A320,,,,False,
20920.0,VLG3TC,VLG84ZE,15.844236658905263,5.343513103120487,17.358904958389534,10.092961800969828,4.985126176032596,TMA,4.892065420337729,TMA,0.147022870213384,TMA,0.147022870213384,3.0,False,1.9851261760325958,A321,A320,,,,False,
20924.0,VLG3TC,VLG84ZE,15.780215678869965,5.073895893147126,17.18821005986419,10.008604810222105,5.131646935747881,TMA,5.168817502536919,TMA,0.0449693227733302,TMA,0.0449693227733302,3.0,False,2.131646935747881,A321,A320,,,,False,
20928.0,VLG3TC,VLG84ZE,15.695979772634358,4.813265960373792,17.023670181097753,9.931960633151387,5.28808065122379,TMA,5.442606849958117,TMA,0.2253005578622685,TMA,0.2253005578622685,3.0,False,2.2880806512237903,A321,A320,,,,False,
20932.0,VLG3TC,VLG84ZE,15.557349866440871,4.5685202196573815,16.85374911768217,9.84563132530533,5.434018093452755,TMA,5.716777815949906,TMA,0.4158800200219661,TMA,0.4158800200219661,3.0,False,2.434018093452755,A321,A320,,,,False,
20936.0,VLG3TC,VLG84ZE,15.402662261331978,4.3440645782016825,16.69511917286674,9.74002554306018,5.548588974005068,TMA,5.977132875120166,TMA,0.6056812167358318,TMA,0.6056812167358318,3.0,False,2.5485889740050682,A321,A320,,,,False,
20940.0,VLG3TC,VLG84ZE,15.239492572413717,4.132884310326927,16.555737038247926,9.623391310966278,5.6460753287490695,TMA,6.228638175302336,TMA,0.7850691246400642,TMA,0.7850691246400642,3.0,False,2.6460753287490695,A321,A320,,,,False,
20944.0,VLG3TC,VLG84ZE,15.035407498312216,3.941386131666757,16.430746640321512,9.481494218213872,5.7131225202902804,TMA,6.476508872048979,TMA,0.9676356435178386,TMA,0.9676356435178386,3.0,False,2.7131225202902804,A321,A320,,,,False,
20948.0,VLG3TC,VLG84ZE,14.821115211212618,3.76080397640464,16.334266539538824,9.311945137578466,5.753676662247684,TMA,6.72032902620447,TMA,1.147036002401837,TMA,1.147036002401837,3.0,False,2.753676662247684,A321,A320,,,,False,
20952.0,VLG3TC,VLG84ZE,14.599653491811145,3.5856539850439595,16.267363199566535,9.129402558493975,5.7891626264055365,TMA,6.964551583117054,TMA,1.3180314643004534,TMA,1.3180314643004534,3.0,False,2.7891626264055365,A321,A320,,,,False,
20956.0,VLG3TC,VLG84ZE,14.371938680248173,3.4286479165937487,16.214338535326856,8.92518931101933,5.797103115059096,TMA,7.197364224566924,TMA,1.5012875271993902,TMA,1.5012875271993902,3.0,False,2.7971031150590964,A321,A320,,,,False,
20960.0,VLG3TC,VLG84ZE,14.12407859821391,3.298423887938064,16.17332609300009,8.730452161691575,5.805716705260857,TMA,7.41720289156293,TMA,1.676107190484028,TMA,1.676107190484028,3.0,False,2.805716705260857,A321,A320,,,,False,
20964.0,VLG3TC,VLG84ZE,13.83211614386045,3.2155950718510744,16.13258564923917,8.519238761011396,5.7810722471482325,TMA,7.617925048636264,TMA,1.8690038726330431,TMA,1.8690038726330431,3.0,False,2.7810722471482325,A321,A320,,,,False,
20968.0,VLG3TC,VLG84ZE,13.5756327576932,3.148379025959952,16.09740347758501,8.302342923504645,5.737828110086407,TMA,7.794835460346534,TMA,2.068018686941602,TMA,2.068018686941602,3.0,False,2.737828110086407,A321,A320,,,,False,
20972.0,VLG1YW,VLG3TC,18.21356278157664,10.499329544054882,13.281859640479905,3.12871329318353,8.868352710030893,TWR,0.3408013471930637,TMA,7.953614986024778,TMA,7.953614986024778,3.0,False,5.8683527100308925,A320,A321,,,,False,
20972.0,VLG3TC,VLG84ZE,13.281859640479905,3.12871329318353,16.06952636644218,8.08438013150764,5.685922931899667,TMA,7.953614986024778,TMA,2.2680505822023145,TMA,2.2680505822023145,3.0,False,2.6859229318996674,A321,A320,,,,False,
20976.0,VLG1YW,VLG3TC,18.100526418015416,10.443866142485737,12.9951490995861,3.1450523831583213,8.907163401267528,TWR,0.4666480834993904,TMA,8.085575378955623,TMA,8.085575378955623,3.0,False,5.907163401267528,A320,A321,,,,False,
20976.0,VLG3TC,VLG84ZE,12.9951490995861,3.1450523831583213,16.041588619613954,7.856277214619503,5.610386186508374,TMA,8.085575378955623,TMA,2.4803725375186665,TMA,2.4803725375186665,3.0,False,2.610386186508374,A321,A320,,,,False,
20980.0,VLG1YW,VLG84ZE,17.961288289289165,10.376681865952786,16.016799978914385,7.624631676216933,3.369690643962634,TWR,0.6212229584124803,TMA,2.697321185367411,TMA,2.697321185367411,3.0,False,0.3696906439626342,A320,A320,,,,False,
20980.0,VLG84ZE,VLG3TC,16.016799978914385,7.624631676216933,12.70746984118097,3.184426906075811,5.537786955210054,TMA,2.697321185367411,TMA,8.206735331768268,TMA,8.206735331768268,3.0,False,2.537786955210054,A320,A321,,,,False,
20984.0,VLG84ZE,VLG3TC,15.994850515085636,7.39030170597912,12.418761669321173,3.228149740295056,5.487432953417174,TMA,2.9179799295783897,TMA,8.333291606054141,TMA,8.333291606054141,3.0,False,2.4874329534171737,A320,A321,,,,False,
20984.0,VLG3TC,VLG1YW,12.418761669321173,3.228149740295056,17.81453846490825,10.309453445126335,8.902767512849763,TMA,8.333291606054141,TMA,0.6512986971493328,TMA,0.6512986971493328,3.0,False,5.902767512849763,A321,A320,,,,False,
20988.0,VLG84ZE,VLG3TC,15.97144593682102,7.150486572681087,12.13525533523055,3.27619050289018,5.45220399179344,TMA,3.146384569937856,TMA,8.46145130405587,TMA,8.46145130405587,3.0,False,2.45220399179344,A320,A321,,,,False,
20988.0,VLG3TC,VLG1YW,12.13525533523055,3.27619050289018,17.649517587048052,10.234215175704422,8.878130182043467,TMA,8.46145130405587,TMA,0.4699366393586328,TMA,0.4699366393586328,3.0,False,5.878130182043467,A321,A320,,,,False,
20992.0,VLG84ZE,VLG3TC,15.94827622599342,6.903890689368747,11.852128813373742,3.331136672168196,5.43534680524928,TMA,3.382725567087296,TMA,8.591693051387447,TMA,8.591693051387447,3.0,False,2.4353468052492797,A320,A321,,,,False,
20992.0,VLG3TC,VLG1YW,11.852128813373742,3.331136672168196,17.48276120634595,10.155834001325957,8.847627635666015,TMA,8.591693051387447,TMA,0.2856854168720663,TMA,0.2856854168720663,3.0,False,5.847627635666015,A321,A320,,,,False,
20996.0,VLG84ZE,VLG1YW,15.926759314743984,6.654841380573373,17.314576907954972,10.084012886417508,3.699358713144654,TMA,3.622281836991217,TMA,0.1029561585653904,TMA,0.1029561585653904,3.0,False,0.6993587131446541,A320,A320,,,,False,
21000.0,VLG84ZE,VLG1YW,15.90396766302619,6.400679199473438,17.152583182017814,10.00927179736678,3.818505106954467,TMA,3.868399952643011,TMA,0.0756280650640499,TMA,0.0756280650640499,3.0,False,0.8185051069544671,A320,A320,,,,False,
21004.0,VLG84ZE,VLG1YW,15.879101476155832,6.146061041561242,16.992854898262205,9.922132278210205,3.936897340482894,TMA,4.116729981196759,TMA,0.2571986041593041,TMA,0.2571986041593041,3.0,False,0.936897340482894,A320,A320,,,,False,
21008.0,VLG84ZE,VLG1YW,15.851153818128028,5.890447491545326,16.855580160439562,9.808634361365309,4.044880792305138,TMA,4.367838055387872,TMA,0.4326205145725362,TMA,0.4326205145725362,3.0,False,1.044880792305138,A320,A320,,,,False,
21012.0,VLG84ZE,VLG1YW,15.822758179026406,5.636589819502989,16.732679932998725,9.677679129601383,4.142265130401913,TMA,4.618071931425192,TMA,0.6079280301765588,TMA,0.6079280301765588,3.0,False,1.1422651304019134,A320,A320,,,,False,
21016.0,VLG84ZE,VLG1YW,15.791770225246688,5.380937526877881,16.629745457812398,9.52361683988689,4.22658187911063,TMA,4.871323218464956,TMA,0.7846180013227008,TMA,0.7846180013227008,3.0,False,1.22658187911063,A320,A320,,,,False,
21020.0,VLG84ZE,VLG1YW,15.757032326953944,5.119898529344784,16.548493659892678,9.358880128207264,4.312235619377943,TMA,5.13123334798062,TMA,0.956552775548417,TMA,0.956552775548417,3.0,False,1.312235619377943,A320,A320,,,,False,
21020.0,VLG84ZE,VLG1YW,15.757032326953944,5.119898529344784,16.548493659892678,9.358880128207264,4.312235619377943,TMA,5.3824907276498966,TMA,0.956552775548417,TMA,0.956552775548417,3.0,False,1.312235619377943,A320,A320,,,,False,
21020.0,VLG1YW,VLG84ZE,16.548493659892678,9.358880128207264,15.720914220550307,4.868616326602784,4.565890574293448,TMA,0.956552775548417,TMA,5.13123334798062,TMA,5.13123334798062,3.0,False,1.565890574293448,A320,A320,,,,False,
21020.0,VLG1YW,VLG84ZE,16.548493659892678,9.358880128207264,15.720914220550307,4.868616326602784,4.565890574293448,TMA,0.956552775548417,TMA,5.3824907276498966,TMA,5.3824907276498966,3.0,False,1.565890574293448,A320,A320,,,,False,
21024.0,VLG1YW,VLG84ZE,16.490701232278646,9.172122528795263,15.639831448468694,4.62901813248503,4.622096596218448,TMA,1.133384594686922,TMA,5.6352079849587575,TMA,5.6352079849587575,3.0,False,1.622096596218448,A320,A320,,,,False,
21028.0,VLG1YW,VLG84ZE,16.45664480469076,8.982824307245915,15.533696432340134,4.391442626524975,4.683227459357971,TMA,1.303449775005271,TMA,5.893136365903492,TMA,5.893136365903492,3.0,False,1.6832274593579708,A320,A320,,,,False,
21032.0,VLG1YW,VLG84ZE,16.42681649627315,8.779126215700245,15.403087648193802,4.169358231584179,4.722073868733035,TMA,1.4888480548275609,TMA,6.143646055087195,TMA,6.143646055087195,3.0,False,1.7220738687330348,A320,A320,,,,False,
21036.0,VLG1YW,VLG84ZE,16.405078863490814,8.573914820874489,15.230947704262803,3.9739007868577887,4.747495454681417,TMA,1.6763801184114615,TMA,6.382209068069667,TMA,6.382209068069667,3.0,False,1.7474954546814168,A320,A320,,,,False,
21040.0,VLG1YW,VLG84ZE,16.38362447496575,8.353996963354344,15.02856180949063,3.802556524948809,4.748874065683117,TMA,1.8809094177965668,TMA,6.609616357196307,TMA,6.609616357196307,3.0,False,1.7488740656831174,A320,A320,,,,False,
21044.0,VLG1YW,VLG84ZE,16.373564455278146,8.139871462051126,14.817423257544917,3.6323812473131127,4.768547311628725,TMA,2.078831473487864,TMA,6.841721762512503,TMA,6.841721762512503,3.0,False,1.7685473116287254,A320,A320,,,,False,
21048.0,VLG1YW,VLG84ZE,16.361581132717873,7.912540956736104,14.602271008837448,3.4752866659887007,4.773300509369213,TMA,2.2926867217298645,TMA,7.0659422741793305,TMA,7.0659422741793305,3.0,False,1.7733005093692134,A320,A320,,,,False,
21056.0,VLG84ZE,VLG1YW,14.383094770611391,3.30896630557817,16.350994393213252,7.433174939823955,4.569652698337591,TMA,7.303065348732383,TMA,2.746205525392072,TMA,2.746205525392072,3.0,False,1.569652698337591,A320,A320,,,,False,
21056.0,VLG84ZE,VLG1YW,14.383094770611391,3.30896630557817,16.350994393213252,7.433174939823955,4.569652698337591,TMA,7.303065348732383,TMA,2.9844418013175966,TMA,2.9844418013175966,3.0,False,1.569652698337591,A320,A320,,,,False,
21056.0,VLG1YW,VLG1YW,16.350994393213252,7.433174939823955,16.35347729826329,7.182299329963816,0.2508878961611823,TMA,2.746205525392072,TMA,2.746205525392072,TMA,2.746205525392072,3.0,True,-2.7491121038388178,A320,A320,,,,False,
21056.0,VLG1YW,VLG1YW,16.350994393213252,7.433174939823955,16.35347729826329,7.182299329963816,0.2508878961611823,TMA,2.746205525392072,TMA,2.9844418013175966,TMA,2.9844418013175966,3.0,False,-2.7491121038388178,A320,A320,,,,False,
21056.0,VLG1YW,VLG1YW,16.350994393213252,7.433174939823955,16.35347729826329,7.182299329963816,0.2508878961611823,TMA,2.9844418013175966,TMA,2.746205525392072,TMA,2.746205525392072,3.0,False,-2.7491121038388178,A320,A320,,,,False,
21056.0,VLG1YW,VLG1YW,16.350994393213252,7.433174939823955,16.35347729826329,7.182299329963816,0.2508878961611823,TMA,2.9844418013175966,TMA,2.9844418013175966,TMA,2.9844418013175966,3.0,False,-2.7491121038388178,A320,A320,,,,False,
21060.0,VLG84ZE,VLG1YW,14.16325793958872,3.144795066808839,16.354737128955414,6.922511383722823,4.367347204940942,TMA,7.541074165550968,TMA,3.2335109987173998,TMA,3.2335109987173998,3.0,False,1.367347204940942,A320,A320,,,,False,
21064.0,VLG84ZE,VLG1YW,13.940634323319005,2.9798538699554813,16.36216849649056,6.663046862572484,4.407917691234791,TMA,7.783350791097961,TMA,3.4823027895950776,TMA,3.4823027895950776,3.0,False,1.4079176912347906,A320,A320,,,,False,
21068.0,VLG84ZE,VLG1YW,13.719701766440863,2.819641177238001,16.370224658172443,6.393810391157962,4.44971427951575,TMA,8.022886166073112,TMA,3.741934431439823,TMA,3.741934431439823,3.0,False,1.4497142795157503,A320,A320,,,,False,
21072.0,VLG84ZE,VLG1YW,13.49501665741952,2.6499969213975505,16.378843111509084,6.119330371267964,4.511399960510766,TMA,8.27460188963214,TMA,4.007858732299854,TMA,4.007858732299854,3.0,False,1.511399960510766,A320,A320,,,,False,
21084.0,VLG6FZ,VLG1YW,17.934652887974607,10.366455857707908,16.409016619853485,5.295901311019492,5.29510051212903,TMA,0.6496917232340977,TMA,4.810750266907023,TMA,4.810750266907023,3.0,False,2.2951005121290304,A320,A320,,,,False,
21088.0,VLG6FZ,VLG1YW,17.78590337636115,10.297325672009825,16.42078858514076,5.020537256908355,5.450507716805634,TMA,0.6202163743478886,TMA,5.080487594133495,TMA,5.080487594133495,3.0,False,2.4505077168056344,A320,A320,,,,False,
21092.0,VLG6FZ,VLG1YW,17.620397809535415,10.21850371312993,16.43057299712546,4.739529475422951,5.60667831979713,TMA,0.4369180973706904,TMA,5.3566995585970645,TMA,5.3566995585970645,3.0,False,2.6066783197971297,A320,A320,,,,False,
21096.0,VLG6FZ,VLG1YW,17.455721645248186,10.138720119117735,16.438811140586548,4.456676188181023,5.772324506434641,TMA,0.2540200628119665,TMA,5.6354454425381935,TMA,5.6354454425381935,3.0,False,2.772324506434641,A320,A320,,,,False,
21100.0,VLG6FZ,VLG1YW,17.28184039349303,10.055931834094464,16.448036012376203,4.178871897785351,5.935913008201796,TMA,0.0618874784299773,TMA,5.909458027453952,TMA,5.909458027453952,3.0,False,2.935913008201796,A320,A320,,,,False,
21104.0,VLG6FZ,VLG1YW,17.114759758454714,9.975183909423372,16.455846106081598,3.898493975888177,6.112309526652887,TMA,0.1246491568253223,TMA,6.186551816532243,TMA,6.186551816532243,3.0,False,3.1123095266528873,A320,A320,,,,False,
21108.0,VLG6FZ,VLG1YW,16.951365674165483,9.892334294245211,16.46494382096776,3.622422037370657,6.288752334777867,TMA,0.307745138678153,TMA,6.459510921139784,TMA,6.459510921139784,3.0,False,3.2887523347778673,A320,A320,,,,False,
21112.0,VLG6FZ,VLG1YW,16.793049763498487,9.805146657954218,16.471642246442055,3.3360637190468103,6.4770623636401154,TMA,0.4884720643324912,TMA,6.743225682221008,TMA,6.743225682221008,3.0,False,3.4770623636401154,A320,A320,,,,False,
21116.0,VLG6FZ,VLG1YW,16.64938846505823,9.694028986154391,16.48037406615908,3.061732729181472,6.634449450202499,TMA,0.6683335918772954,TMA,7.014986263376868,TMA,7.014986263376868,3.0,False,3.6344494502024993,A320,A320,,,,False,
21124.0,VLG6FZ,VLG1YW,16.424829702251387,9.400051937341797,16.485035089742524,2.501919109833736,6.898395552201056,TMA,1.021222408525168,TMA,7.57143190008225,TMA,7.57143190008225,3.0,False,3.8983955522010563,A320,A320,,,,False,
21128.0,VLG6FZ,VLG1YW,16.344197075439265,9.238865833234826,16.482223629352898,2.223935489666137,7.0162881251204325,TMA,1.187224871943629,TMA,7.848404169404367,TMA,7.848404169404367,3.0,False,4.0162881251204325,A320,A320,,,,False,
21136.0,VLG6FZ,VLG1YW,16.246152975315958,8.868740502435609,16.46829611877247,1.6624127234154118,7.209750871900006,TMA,1.5229744840833113,TMA,8.408826609604068,TMA,8.408826609604068,3.0,False,4.209750871900006,A320,A320,,,,False,
21140.0,VLG6FZ,VLG1YW,16.20433229677459,8.666833654037962,16.458186019987796,1.3741108753209,7.297139661539164,TMA,1.7074965227090544,TMA,8.696887020042347,TMA,8.696887020042347,3.0,False,4.297139661539164,A320,A320,,,,False,
21144.0,VLG6FZ,VLG1YW,16.16962766382731,8.463587495691122,16.449819797636923,1.0901067208202062,7.378802502387484,TMA,1.8936319748505197,TMA,8.980542342895625,TMA,8.980542342895625,3.0,False,4.378802502387484,A320,A320,,,,False,
21144.0,VLG1YW,VLG9VG,16.449819797636923,1.0901067208202062,17.833689619569856,10.314296621030584,9.327420597314127,TMA,8.980542342895625,TMA,0.6707312878482532,TMA,0.6707312878482532,3.0,False,6.327420597314127,A320,A321,,,,False,
21148.0,VLG6FZ,VLG6FZ,16.134114949890154,8.249530202573096,16.106411902902366,8.038706871729605,0.21263568759818188,TMA,2.0931948329490875,TMA,2.0931948329490875,TMA,2.0931948329490875,3.0,True,-2.787364312401818,A320,A320,,,,False,
21148.0,VLG6FZ,VLG6FZ,16.134114949890154,8.249530202573096,16.106411902902366,8.038706871729605,0.21263568759818188,TMA,2.0931948329490875,TMA,2.289282567006832,TMA,2.289282567006832,3.0,False,-2.787364312401818,A320,A320,,,,False,
21148.0,VLG6FZ,VLG6FZ,16.134114949890154,8.249530202573096,16.106411902902366,8.038706871729605,0.21263568759818188,TMA,2.289282567006832,TMA,2.0931948329490875,TMA,2.0931948329490875,3.0,False,-2.787364312401818,A320,A320,,,,False,
21148.0,VLG6FZ,VLG6FZ,16.134114949890154,8.249530202573096,16.106411902902366,8.038706871729605,0.21263568759818188,TMA,2.289282567006832,TMA,2.289282567006832,TMA,2.289282567006832,3.0,False,-2.787364312401818,A320,A320,,,,False,
21152.0,VLG9VG,VLG6FZ,17.675979361994784,10.241994348521064,16.071826946365082,7.811809325254513,2.911890145572057,TMA,0.4972393919856001,TMA,2.5055289970948564,TMA,2.5055289970948564,3.0,True,-0.08810985442794284,A321,A320,,,,False,
21156.0,VLG9VG,VLG6FZ,17.505583326404558,10.160628903887382,16.041260204997855,7.580241422072148,2.9669246300159084,TMA,0.3084824751468643,TMA,2.726409922603805,TMA,2.726409922603805,3.0,False,-0.03307536998409155,A321,A320,,,,False,
21160.0,VLG9VG,VLG6FZ,17.33977846576291,10.085228596254083,16.01398339017071,7.345317577519784,3.0438207853035886,TMA,0.1263923682659783,TMA,2.9509583148231355,TMA,2.9509583148231355,3.0,False,0.04382078530358857,A321,A320,,,,False,
21164.0,VLG9VG,VLG6FZ,17.175645940227522,10.006054067183356,15.982722925706662,7.097290564535508,3.1438782471510747,TMA,0.0565926524077148,TMA,3.1908627975047112,TMA,3.1908627975047112,3.0,False,0.14387824715107467,A321,A320,,,,False,
21168.0,VLG9VG,VLG6FZ,17.01140910496832,9.923311684794134,15.953454965067433,6.847256999607277,3.2529032245662397,TMA,0.2401905470864261,TMA,3.43333375520372,TMA,3.43333375520372,3.0,False,0.2529032245662397,A321,A320,,,,False,
21180.0,VLG9VG,VLG6FZ,16.674922204249263,9.501561962168408,15.86585899222412,6.084939447007722,3.5111098946281034,TMA,0.7663066470198548,TMA,4.178832979523368,TMA,4.178832979523368,3.0,False,0.5111098946281034,A321,A320,,,,False,
21184.0,VLG9VG,VLG6FZ,16.59144461437286,9.340879590503874,15.835962239500551,5.830636231498945,3.5906214027910153,TMA,0.9400323433549812,TMA,4.429396370341627,TMA,4.429396370341627,3.0,False,0.5906214027910153,A321,A320,,,,False,
21188.0,VLG9VG,VLG6FZ,16.5476780710147,9.164348794369474,15.80197334448466,5.571426847539209,3.6694909258892876,TMA,1.1035812828095048,TMA,4.686469443664049,TMA,4.686469443664049,3.0,False,0.6694909258892876,A321,A320,,,,False,
21188.0,VLG9VG,VLG6FZ,16.5476780710147,9.164348794369474,15.80197334448466,5.571426847539209,3.6694909258892876,TMA,1.2766191856603928,TMA,4.686469443664049,TMA,4.686469443664049,3.0,False,0.6694909258892876,A321,A320,,,,False,
21188.0,VLG6FZ,VLG9VG,15.80197334448466,5.571426847539209,16.523492181373353,8.969283866003703,3.473617962573552,TMA,4.686469443664049,TMA,1.1035812828095048,TMA,1.1035812828095048,3.0,False,0.47361796257355193,A320,A321,,,,False,
21188.0,VLG6FZ,VLG9VG,15.80197334448466,5.571426847539209,16.523492181373353,8.969283866003703,3.473617962573552,TMA,4.686469443664049,TMA,1.2766191856603928,TMA,1.2766191856603928,3.0,False,0.47361796257355193,A320,A321,,,,False,
21192.0,VLG6FZ,VLG9VG,15.771080009915044,5.3159149657493865,16.507584139446184,8.777630159767732,3.5391962953916374,TMA,4.939554943587009,TMA,1.4485774042649902,TMA,1.4485774042649902,3.0,False,0.5391962953916374,A320,A321,,,,False,
21196.0,VLG6FZ,VLG9VG,15.734980228146537,5.059971377933671,16.489917050250426,8.577470032974087,3.5976000880558496,TMA,5.194964348451689,TMA,1.633494417372193,TMA,1.633494417372193,3.0,False,0.5976000880558496,A320,A321,,,,False,
21200.0,VLG6FZ,VLG9VG,15.68454265581385,4.806949835133745,16.475949557137298,8.373865866654386,3.6536577370330328,TMA,5.45188562161966,TMA,1.8234281338247056,TMA,1.8234281338247056,3.0,False,0.6536577370330328,A320,A321,,,,False,
21204.0,VLG6FZ,VLG9VG,15.56819626640035,4.574360657723077,16.465878178327056,8.162265171162884,3.698498561925113,TMA,5.708037431400657,TMA,2.022074746491775,TMA,2.022074746491775,3.0,False,0.698498561925113,A320,A321,,,,False,
21208.0,VLG6FZ,VLG9VG,15.452104970497697,4.346433121801502,16.461037767461015,7.946688382370272,3.7389548446111682,TMA,5.960000946898619,TMA,2.225094873166744,TMA,2.225094873166744,3.0,False,0.7389548446111682,A320,A321,,,,False,
21212.0,VLG6FZ,VLG9VG,15.28901035632935,4.143718958168032,16.46350657702447,7.726375905560435,3.7702615526149077,TMA,6.202752470054297,TMA,2.4324912507607688,TMA,2.4324912507607688,3.0,False,0.7702615526149077,A320,A321,,,,False,
21216.0,VLG6FZ,VLG9VG,15.079739406950496,3.9851220750855374,16.48226936940704,7.491515228463038,3.7764908634393604,TMA,6.420426649932128,TMA,2.6513263018503266,TMA,2.6513263018503266,3.0,False,0.7764908634393604,A320,A321,,,,False,
21220.0,VLG94PH,VLG6FZ,18.20382211649584,10.490597304110146,14.88041375631146,3.828087795831473,7.44540637416435,TWR,0.3532747585716312,TMA,6.63637060620595,TMA,6.63637060620595,3.0,False,4.44540637416435,A320,A320,,,,False,
21220.0,VLG6FZ,VLG9VG,14.88041375631146,3.828087795831473,16.4783725541411,7.263964433355749,3.7892902485618953,TMA,6.63637060620595,TMA,2.871532133124965,TMA,2.871532133124965,3.0,False,0.7892902485618953,A320,A321,,,,False,
21224.0,VLG9VG,VLG6FZ,16.488915949695354,7.027617999584435,14.64502975979719,3.721731148550629,3.7853406918182917,TMA,3.0978887536422697,TMA,6.821410943686567,TMA,6.821410943686567,3.0,False,0.7853406918182917,A321,A320,,,,False,
21228.0,VLG9VG,VLG6FZ,16.497565363519094,6.782249544252392,14.39750329294882,3.6389441607331134,3.780294887215703,TMA,3.3348869749120262,TMA,6.994398402248554,TMA,6.994398402248554,3.0,False,0.7802948872157032,A321,A320,,,,False,
21232.0,VLG9VG,VLG6FZ,16.50493717288962,6.53161782408523,14.137144656833565,3.595547147773938,3.7718632551281748,TMA,3.578448881329189,TMA,7.14267525996679,TMA,7.14267525996679,3.0,False,0.7718632551281748,A321,A320,,,,False,
21232.0,VLG6FZ,VLG94PH,14.137144656833565,3.595547147773938,17.79182865462031,10.297568020297184,7.633727719758923,TMA,7.14267525996679,TMA,0.6257015400950608,TMA,0.6257015400950608,3.0,False,4.633727719758923,A320,A320,,,,False,
21236.0,VLG9VG,VLG6FZ,16.509220197488908,6.27617019095435,13.87116768338821,3.5975624077606936,3.7595559210282596,TMA,3.828245703149799,TMA,7.259754137084802,TMA,7.259754137084802,3.0,False,0.7595559210282596,A321,A320,,,,False,
21236.0,VLG6FZ,VLG94PH,13.87116768338821,3.5975624077606936,17.623211873562436,10.2158693742851,7.6078789887961324,TMA,7.259754137084802,TMA,0.4384008559171927,TMA,0.4384008559171927,3.0,False,4.6078789887961324,A320,A320,,,,False,
21240.0,VLG9VG,VLG6FZ,16.510081628577073,6.012121454662351,13.601096520984852,3.6239190820460023,3.7637355019665875,TMA,4.087812568341775,TMA,7.365362876730145,TMA,7.365362876730145,3.0,False,0.7637355019665875,A321,A320,,,,False,
21240.0,VLG6FZ,VLG94PH,13.601096520984852,3.6239190820460023,17.461557176963503,10.132937140950794,7.567725719627252,TMA,7.365362876730145,TMA,0.2571752801664912,TMA,0.2571752801664912,3.0,False,4.567725719627252,A320,A320,,,,False,
21244.0,VLG9VG,VLG94PH,16.510277037523313,5.745903744732635,17.2860142503177,10.063533421307357,4.3867635276309045,TMA,4.350168146341487,TMA,0.068417359619349,TMA,0.068417359619349,3.0,False,1.3867635276309045,A321,A320,,,,False,
21264.0,VLG9VG,VLG94PH,16.484771972032345,4.387860122937333,16.69877343042225,9.393157266230444,5.009869870251241,TMA,5.697464521908231,TMA,0.8304020724703609,TMA,0.8304020724703609,3.0,False,2.009869870251241,A321,A320,,,,False,
21268.0,VLG9VG,VLG94PH,16.477247339092962,4.111482063683048,16.65533479382536,9.20750326855626,5.099132010651469,TMA,5.972555872957232,TMA,1.0053019631006643,TMA,1.0053019631006643,3.0,False,2.099132010651469,A321,A320,,,,False,
21272.0,VLG9VG,VLG94PH,16.469541516284195,3.8395557102964,16.619939575627278,9.01934551122615,5.181972786311216,TMA,6.243372495379743,TMA,1.183103235921502,TMA,1.183103235921502,3.0,False,2.181972786311216,A321,A320,,,,False,
21276.0,VLG9VG,VLG94PH,16.46175731781997,3.5638134682622287,16.598147170257253,8.819363039182006,5.257319039609725,TMA,6.518089620807182,TMA,1.3688065506137177,TMA,1.3688065506137177,3.0,False,2.257319039609725,A321,A320,,,,False,
21280.0,VLG9VG,VLG94PH,16.454980988739457,3.2927631906389943,16.587404126400532,8.616016937406952,5.3249005943648475,TMA,6.788122864586591,TMA,1.5568723476453836,TMA,1.5568723476453836,3.0,False,2.3249005943648475,A321,A320,,,,False,
21284.0,VLG9VG,VLG94PH,16.449956948262656,3.0217628824405267,16.577624045283475,8.402219714346373,5.381971256673898,TMA,7.057998819550416,TMA,1.7577901587127576,TMA,1.7577901587127576,3.0,False,2.381971256673898,A321,A320,,,,False,
21288.0,VLG9VG,VLG94PH,16.442214945305242,2.7438139022134256,16.574529845736773,8.189094193079768,5.446887613947404,TMA,7.335159401711649,TMA,1.9586255286616971,TMA,1.9586255286616971,3.0,False,2.4468876139474043,A321,A320,,,,False,
21292.0,VLG9VG,VLG94PH,16.43502156785785,2.4742090949000524,16.569958630892874,7.966973560055339,5.494421669352759,TMA,7.604029232711347,TMA,2.1708425235397737,TMA,2.1708425235397737,3.0,False,2.494421669352759,A321,A320,,,,False,
21296.0,VLG44WK,VLG94PH,18.22099192946555,10.500710345886464,16.568595210869702,7.742691887103942,3.2151330819441126,TWR,0.3334576588484783,TMA,2.386068499370896,TMA,2.386068499370896,3.0,False,0.21513308194411263,A321,A320,,,,False,
21300.0,VLG44WK,VLG94PH,18.10927019019684,10.44812066165896,16.567499703091755,7.512818510473786,3.3155776199118843,TWR,0.4569269959903462,TMA,2.6081692445004907,TMA,2.6081692445004907,3.0,False,0.31557761991188427,A321,A320,,,,False,
21304.0,VLG9VG,VLG94PH,16.409982484503054,1.6469164719614169,16.565924563428815,7.277488328242636,5.632730897240327,TMA,8.429683429132426,TMA,2.836930827771914,TMA,2.836930827771914,3.0,False,2.632730897240327,A321,A320,,,,False,
21308.0,VLG9VG,VLG94PH,16.402913918293113,1.366105605050215,16.566367063603987,7.038882869143641,5.675131612458633,TMA,8.709890425197013,TMA,3.069454258417469,TMA,3.069454258417469,3.0,False,2.6751316124586326,A321,A320,,,,False,
21308.0,VLG94PH,VLG44WK,16.566367063603987,7.038882869143641,17.830672136352685,10.316619570026344,3.5131218591576805,TMA,3.069454258417469,TMA,0.6689508056450255,TMA,0.6689508056450255,3.0,False,0.5131218591576805,A320,A321,,,,False,
21312.0,VLG9VG,VLG94PH,16.396648866536445,1.0894084102282866,16.567226050957128,6.790765094462053,5.703907837325383,TMA,8.98597052903712,TMA,3.312086296931646,TMA,3.312086296931646,3.0,False,2.7039078373253833,A321,A320,,,,False,
21312.0,VLG94PH,VLG44WK,16.567226050957128,6.790765094462053,17.67338964498861,10.244282731986209,3.626345539169023,TMA,3.312086296931646,TMA,0.4958312079492229,TMA,0.4958312079492229,3.0,False,0.6263455391690229,A320,A321,,,,False,
21316.0,VLG9VG,VLG94PH,16.399917641178106,0.8106453520256723,16.56785666843086,6.540796496153234,5.7326115908389434,TMA,9.263297404842389,TMA,3.557337028119485,TMA,3.557337028119485,3.0,False,2.7326115908389434,A321,A320,,,,False,
21316.0,VLG94PH,VLG44WK,16.56785666843086,6.540796496153234,17.50135340612945,10.164803181875598,3.7423041855859744,TMA,3.557337028119485,TMA,0.3063234590730639,TMA,0.3063234590730639,3.0,False,0.7423041855859744,A320,A321,,,,False,
21320.0,VLG94PH,VLG44WK,16.56689265247371,6.289952073328009,17.33781649326803,10.087460552924927,3.8749702219392037,TMA,3.8043396147190847,TMA,0.1254542867284928,TMA,0.1254542867284928,3.0,False,0.8749702219392037,A320,A321,,,,False,
21324.0,VLG94PH,VLG44WK,16.562336382518474,6.037982121217056,17.17205872430125,10.010384568660765,4.018923057054693,TMA,4.05350892330994,TMA,0.057462977259148,TMA,0.057462977259148,3.0,False,1.0189230570546934,A320,A321,,,,False,
21328.0,VLG94PH,VLG44WK,16.551500146801683,5.781331639040574,17.0104280848686,9.931522659951725,4.175488038827305,TMA,4.308607597602408,TMA,0.2372813635255228,TMA,0.2372813635255228,3.0,False,1.1754880388273046,A320,A321,,,,False,
21332.0,VLG94PH,VLG44WK,16.539528705598553,5.526547321838042,16.86405666967823,9.835304393527014,4.320961224345739,TMA,4.5622306981999525,TMA,0.4117278066607527,TMA,0.4117278066607527,3.0,False,1.320961224345739,A320,A321,,,,False,
21336.0,VLG94PH,VLG44WK,16.52870905722575,5.276451425300452,16.751989051791995,9.685533175803716,4.414731683646745,TMA,4.81120058130734,TMA,0.5877358975468168,TMA,0.5877358975468168,3.0,False,1.4147316836467452,A320,A321,,,,False,
21340.0,VLG94PH,VLG44WK,16.517045368454333,5.023718272206919,16.64913502587987,9.549417915050084,4.527626854636935,TMA,5.063033794737829,TMA,0.7531002987346753,TMA,0.7531002987346753,3.0,False,1.5276268546369351,A320,A321,,,,False,
21344.0,VLG94PH,VLG44WK,16.506164988824484,4.771088102750613,16.588311069310574,9.373970314668808,4.603615170203974,TMA,5.314770318563585,TMA,0.9179494003489224,TMA,0.9179494003489224,3.0,False,1.603615170203974,A320,A321,,,,False,
21348.0,VLG94PH,VLG44WK,16.493791439843907,4.51956873233842,16.54266678002931,9.198054063262116,4.678740620139831,TMA,5.5657031967692765,TMA,1.080264798430462,TMA,1.080264798430462,3.0,False,1.6787406201398314,A320,A321,,,,False,
21352.0,VLG94PH,VLG44WK,16.48338332698488,4.263952759104042,16.5059646689749,9.012639074082747,4.74874000499839,TMA,5.820526257846924,TMA,1.2505392893941731,TMA,1.2505392893941731,3.0,False,1.7487400049983899,A320,A321,,,,False,
21356.0,VLG94PH,VLG44WK,16.474970021796068,4.012408676649232,16.471770837039266,8.819138016594538,4.806730404575873,TMA,6.071146986275318,TMA,1.4310967010346114,TMA,1.4310967010346114,3.0,False,1.8067304045758732,A320,A321,,,,False,
21360.0,VLG94PH,VLG44WK,16.46637464750851,3.761429875779395,16.439716648583573,8.623080312213583,4.861723523092135,TMA,6.321312819785589,TMA,1.6165766191589703,TMA,1.6165766191589703,3.0,False,1.8617235230921354,A320,A321,,,,False,
21364.0,VLG94PH,VLG44WK,16.45863226433039,3.5106863649088527,16.406985398548844,8.421423622796281,4.911008838797665,TMA,6.5712189513683485,TMA,1.8101663005474435,TMA,1.8101663005474435,3.0,False,1.911008838797665,A320,A321,,,,False,
21368.0,VLG2GP,VLG44WK,18.168590389505034,10.475967394117385,16.375259033514023,8.217108858323027,2.8841773934887556,TWR,0.3914000264922721,TMA,2.00786519827596,TMA,2.00786519827596,3.0,True,-0.11582260651124443,A320,A321,,,,False,
21372.0,VLG2GP,VLG44WK,18.04347084922038,10.417546424933835,16.337381737706657,8.001343602099583,2.9578330137953857,TWR,0.529481430602487,TMA,2.220179015026706,TMA,2.220179015026706,3.0,False,-0.04216698620461434,A320,A321,,,,False,
21376.0,VLG94PH,VLG44WK,16.48260862408303,2.7567111284488286,16.30322367462109,7.789973399645411,5.036457887319663,TMA,7.318139558206679,TMA,2.428212882071781,TMA,2.428212882071781,3.0,False,2.0364578873196626,A320,A321,,,,False,
21376.0,VLG44WK,VLG2GP,16.30322367462109,7.789973399645411,17.90513853235898,10.353761980369878,3.023101569265343,TMA,2.428212882071781,TMA,0.6818105390741944,TMA,0.6818105390741944,3.0,False,0.023101569265342903,A321,A320,,,,False,
21380.0,VLG94PH,VLG44WK,16.58162477419573,2.5073240837477906,16.264234693224193,7.565345675311797,5.0679698977230325,TMA,7.557245402096733,TMA,2.651327230147461,TMA,2.651327230147461,3.0,False,2.0679698977230325,A320,A321,,,,False,
21380.0,VLG44WK,VLG2GP,16.264234693224193,7.565345675311797,17.748524307642423,10.277497903892233,3.0917447130162024,TMA,2.651327230147461,TMA,0.5779729988748393,TMA,0.5779729988748393,3.0,False,0.09174471301620235,A321,A320,,,,False,
21384.0,VLG94PH,VLG44WK,16.664570307172422,2.2878913666605056,16.22163211034293,7.336118980361674,5.067622350367632,TMA,7.769509326039166,TMA,2.880773666978341,TMA,2.880773666978341,3.0,False,2.067622350367632,A320,A321,,,,False,
21384.0,VLG44WK,VLG2GP,16.22163211034293,7.336118980361674,17.581767610102247,10.20103680171849,3.171391287878776,TMA,2.880773666978341,TMA,0.3945227208924769,TMA,0.3945227208924769,3.0,False,0.17139128787877622,A321,A320,,,,False,
21388.0,VLG94PH,VLG44WK,16.80814830514272,2.0744202441964914,16.17752199726807,7.1045331277120525,5.069489635169683,TMA,7.973688841254252,TMA,3.113499490589561,TMA,3.113499490589561,3.0,False,2.069489635169683,A320,A321,,,,False,
21388.0,VLG44WK,VLG2GP,16.17752199726807,7.1045331277120525,17.41025464752586,10.129749444855785,3.2667359171693513,TMA,3.113499490589561,TMA,0.2089875427799709,TMA,0.2089875427799709,3.0,False,0.2667359171693513,A321,A320,,,,False,
21392.0,VLG44WK,VLG2GP,16.131234119727687,6.866628770241144,17.255735031049905,10.050650223135316,3.376758047603472,TMA,3.353331844749674,TMA,0.0355139227886786,TMA,0.0355139227886786,3.0,False,0.376758047603472,A321,A320,,,,False,
21396.0,VLG44WK,VLG2GP,16.0839338266841,6.62165508363766,17.091365082777205,9.967797642089016,3.4945082282393782,TMA,3.6005305031277697,TMA,0.1487049294775249,TMA,0.1487049294775249,3.0,False,0.49450822823937823,A321,A320,,,,False,
21404.0,VLG44WK,VLG2GP,15.980652315868472,6.114480394391286,16.793515153127668,9.77545331636555,3.7501291614590886,TMA,4.114807585869908,TMA,0.5028666001752033,TMA,0.5028666001752033,3.0,False,0.7501291614590886,A321,A320,,,,False,
21408.0,VLG44WK,VLG2GP,15.92884923565629,5.857639714244952,16.676850366142638,9.63039434800901,3.8461907412135754,TMA,4.375394548457113,TMA,0.6809322291623529,TMA,0.6809322291623529,3.0,False,0.8461907412135754,A321,A320,,,,False,
21412.0,VLG44WK,VLG2GP,15.876990088557172,5.597980322994342,16.55614642262841,9.496418754092556,3.9571549789176292,TMA,4.638855917348061,TMA,0.8585013425649058,TMA,0.8585013425649058,3.0,False,0.9571549789176292,A321,A320,,,,False,
21416.0,VLG44WK,VLG2GP,15.821658736635332,5.327701830516747,16.47218474054386,9.321452863696765,4.046384978815987,TMA,4.913628490660919,TMA,1.0372633446531574,TMA,1.0372633446531574,3.0,False,1.0463849788159871,A321,A320,,,,False,
21420.0,VLG44WK,VLG2GP,15.76219394690624,5.05992973113178,16.419275081879025,9.139631448090908,4.132278030009159,TMA,5.187275831391956,TMA,1.204792487846002,TMA,1.204792487846002,3.0,False,1.132278030009159,A321,A320,,,,False,
21424.0,VLG44WK,VLG2GP,15.678472320579912,4.794769392689311,16.38672803190685,8.937067502779382,4.202411187102352,TMA,5.46528445449982,TMA,1.3818830370937287,TMA,1.3818830370937287,3.0,False,1.202411187102352,A321,A320,,,,False,
21428.0,VLG44WK,VLG2GP,15.545603138719924,4.552195833379418,16.369378881463305,8.732199342680094,4.260403245245498,TMA,5.735819928386784,TMA,1.5593898631042329,TMA,1.5593898631042329,3.0,False,1.2604032452454978,A321,A320,,,,False,
21432.0,VLG44WK,VLG2GP,15.393637172430852,4.3222899266424815,16.357583959995125,8.518273093830585,4.30528374774316,TMA,6.000622001886212,TMA,1.748179530676201,TMA,1.748179530676201,3.0,False,1.30528374774316,A321,A320,,,,False,
21436.0,VLG44WK,VLG2GP,15.208778819673316,4.112257765685535,16.351535053975216,8.301332517633641,4.342146829443351,TMA,6.258011603688846,TMA,1.9423656889008216,TMA,1.9423656889008216,3.0,False,1.342146829443351,A321,A320,,,,False,
21440.0,VLG44WK,VLG2GP,15.004550975346788,3.921159197826304,16.34543343004346,8.075073935624774,4.364971180456144,TMA,6.506006783644953,TMA,2.1494676042843515,TMA,2.1494676042843515,3.0,False,1.364971180456144,A321,A320,,,,False,
21444.0,VLG44WK,VLG2GP,14.791244053986045,3.736048398792371,16.343164876067775,7.841515253745868,4.38899946857283,TMA,6.7541519201275015,TMA,2.3654482654500844,TMA,2.3654482654500844,3.0,False,1.3889994685728304,A321,A320,,,,False,
21448.0,VLG44WK,VLG2GP,14.568110443081908,3.558042881132777,16.34171794093347,7.598368496243313,4.412472621167593,TMA,7.002035169402788,TMA,2.5932255682053635,TMA,2.5932255682053635,3.0,False,1.412472621167593,A321,A320,,,,False,
21452.0,VLG44WK,VLG2GP,14.345168080960716,3.381786073339347,16.34546560390263,7.348640353694476,4.442648203702309,TMA,7.250999450420757,TMA,2.828204776182333,TMA,2.828204776182333,3.0,False,1.4426482037023094,A321,A320,,,,False,
21456.0,VLG73LA,VLG2GP,18.265289181063324,10.509902897787573,16.353805525143848,7.096519663098884,3.9121547609598855,TWR,0.289471265150538,TMA,3.066510358856336,TMA,3.066510358856336,3.0,False,0.9121547609598855,A20N,A320,,,,False,
21456.0,VLG2GP,VLG44WK,16.353805525143848,7.096519663098884,14.122904448898806,3.206876941706486,4.483998228375224,TMA,3.066510358856336,TMA,7.50096049381711,TMA,7.50096049381711,3.0,False,1.4839982283752242,A320,A321,,,,False,
21460.0,VLG73LA,VLG2GP,18.149992515615494,10.462920689778135,16.36355787767984,6.843864087019758,4.0359533458137635,TWR,0.4137512727539023,TMA,3.30703565032608,TMA,3.30703565032608,3.0,False,1.0359533458137635,A20N,A320,,,,False,
21460.0,VLG2GP,VLG44WK,16.36355787767984,6.843864087019758,13.898322338200057,3.0303649159619472,4.54094287486341,TMA,3.30703565032608,TMA,7.755622650350578,TMA,7.755622650350578,3.0,False,1.5409428748634104,A320,A321,,,,False,
21464.0,VLG2GP,VLG44WK,16.37246098708219,6.586718963300452,13.67424022852465,2.854632243007572,4.605308518405395,TMA,3.553836013887359,TMA,8.011454247625952,TMA,8.011454247625952,3.0,False,1.605308518405395,A320,A321,,,,False,
21468.0,VLG2GP,VLG44WK,16.380949887003077,6.332349961262058,13.445013786686973,2.6746531397913977,4.690252319751668,TMA,3.799413170995752,TMA,8.275304182842826,TMA,8.275304182842826,3.0,False,1.690252319751668,A320,A321,,,,False,
21468.0,VLG44WK,VLG73LA,13.445013786686973,2.6746531397913977,17.866670736885204,10.33348454412301,8.843571035798405,TMA,8.275304182842826,TMA,0.7087030975061197,TMA,0.7087030975061197,3.0,False,5.843571035798405,A321,A20N,,,,False,
21472.0,VLG2GP,VLG44WK,16.387983176967236,6.0729966945681095,13.221754728340288,2.5011142613536324,4.773190411622061,TMA,4.051271858154361,TMA,8.532461274406383,TMA,8.532461274406383,3.0,False,1.7731904116220614,A320,A321,,,,False,
21472.0,VLG44WK,VLG73LA,13.221754728340288,2.5011142613536324,17.713902999962897,10.26063723961298,8.966024366706618,TMA,8.532461274406383,TMA,0.539476866625233,TMA,0.539476866625233,3.0,False,5.966024366706618,A321,A20N,,,,False,
21476.0,VLG2GP,VLG44WK,16.396296806111938,5.8149518699114005,12.995557084768736,2.3218079780955985,4.875149731162263,TMA,4.302502156765076,TMA,8.797661710318637,TMA,8.797661710318637,3.0,False,1.8751497311622627,A320,A321,,,,False,
21476.0,VLG44WK,VLG73LA,12.995557084768736,2.3218079780955985,17.556904035105518,10.187466675739838,9.092550398495085,TMA,8.797661710318637,TMA,0.3662753780468993,TMA,0.3662753780468993,3.0,False,6.092550398495085,A321,A20N,,,,False,
21480.0,VLG2GP,VLG44WK,16.40368277360404,5.55542966136544,12.765703377287808,2.140835551122596,4.989423516372059,TMA,4.556129728847052,TMA,9.067542565475309,TMA,9.067542565475309,3.0,False,1.9894235163720593,A320,A321,,,,False,
21480.0,VLG44WK,VLG73LA,12.765703377287808,2.140835551122596,17.400380303460782,10.113330387914557,9.221762528534047,TMA,9.067542565475309,TMA,0.1931476778747504,TMA,0.1931476778747504,3.0,False,6.221762528534047,A321,A20N,,,,False,
21484.0,VLG2GP,VLG73LA,16.412202711629625,5.301389815292074,17.25252701502199,10.033253698561804,4.805900617435233,TMA,4.804802402449115,TMA,0.0299858679002585,TMA,0.0299858679002585,3.0,False,1.805900617435233,A320,A20N,,,,False,
21488.0,VLG2GP,VLG73LA,16.419960673027322,5.049106656750692,17.123735898139234,9.921818376268696,4.9232732068218015,TMA,5.052409939909229,TMA,0.1521767277499534,TMA,0.1521767277499534,3.0,False,1.9232732068218015,A320,A20N,,,,False,
21492.0,VLG2GP,VLG73LA,16.425994245683253,4.790422776993416,17.018043554966738,9.785454027658698,5.029995982080485,TMA,5.307056830432469,TMA,0.3246055350304591,TMA,0.3246055350304591,3.0,False,2.029995982080485,A320,A20N,,,,False,
21496.0,VLG2GP,VLG73LA,16.43195845762204,4.53659260135874,16.93511810479788,9.6310052773658,5.119200146898685,TMA,5.557288372458146,TMA,0.4978578255600179,TMA,0.4978578255600179,3.0,False,2.1192001468986854,A320,A20N,,,,False,
21500.0,VLG2GP,VLG73LA,16.43528354823305,4.272693532842502,16.891466473565295,9.456983516006082,5.204321808929086,TMA,5.818171690378985,TMA,0.6682691003176963,TMA,0.6682691003176963,3.0,False,2.2043218089290857,A320,A20N,,,,False,
21504.0,VLG2GP,VLG73LA,16.440718374175447,4.021363489802984,16.852579717952494,9.272794587704732,5.267557151328061,TMA,6.066581018011875,TMA,0.8494554673639281,TMA,0.8494554673639281,3.0,False,2.2675571513280612,A320,A20N,,,,False,
21508.0,VLG2GP,VLG73LA,16.4306359957826,3.75835256836833,16.826053818734927,9.082974963482869,5.339284493756035,TMA,6.328742110722089,TMA,1.0335352598360643,TMA,1.0335352598360643,3.0,False,2.3392844937560353,A320,A20N,,,,False,
21512.0,VLG2GP,VLG73LA,16.39419873866844,3.5066107428360214,16.800373932285094,8.882399613943177,5.391111599162929,TMA,6.5830665608906935,TMA,1.229755550427656,TMA,1.229755550427656,3.0,False,2.3911115991629286,A320,A20N,,,,False,
21516.0,VLG2GP,VLG73LA,16.287634912650883,3.2660641738187484,16.782606650512964,8.685330562760782,5.441823703097983,TMA,6.835529580752872,TMA,1.4218508556451968,TMA,1.4218508556451968,3.0,False,2.441823703097983,A320,A20N,,,,False,
21520.0,VLG2GP,VLG73LA,16.19923019885351,3.016038612088665,16.76405297766643,8.473424407939003,5.486536657693538,TMA,7.095499686129108,TMA,1.629795353797071,TMA,1.629795353797071,3.0,False,2.486536657693538,A320,A20N,,,,False,
21524.0,VLG2GP,VLG73LA,16.07851780322856,2.7752794221464496,16.74926724371455,8.258692398697923,5.524284811930441,TMA,7.351642503042811,TMA,1.8405880384535367,TMA,1.8405880384535367,3.0,False,2.524284811930441,A320,A20N,,,,False,
21528.0,VLG2GP,VLG73LA,15.95392324950016,2.523221786358238,16.73807373237972,8.040252015581329,5.572478311304732,TMA,7.6204827113050655,TMA,2.055055993540504,TMA,2.055055993540504,3.0,False,2.5724783113047316,A320,A20N,,,,False,
21532.0,VLG2GP,VLG73LA,15.828905952144074,2.280694382133216,16.72443914064904,7.80834495025633,5.5997232516425,TMA,7.880877006351091,TMA,2.284011509065638,TMA,2.284011509065638,3.0,False,2.5997232516424997,A320,A20N,,,,False,
21536.0,EJU86XG,VLG73LA,18.131288430681074,10.458970558503998,16.71416401205839,7.573108429388887,3.2150337239471507,TWR,0.4323918254132169,TMA,2.516160680474775,TMA,2.516160680474775,3.0,False,0.2150337239471507,A319,A20N,,,,False,
21544.0,VLG73LA,EJU86XG,16.691806906622393,7.081673579412648,17.868614415274266,10.33204145918147,3.456843540898589,TMA,3.002967693662022,TMA,0.7098690322384947,TMA,0.7098690322384947,3.0,False,0.45684354089858914,A20N,A319,,,,False,
21548.0,VLG73LA,EJU86XG,16.678097575149728,6.82921553111441,17.717755355505105,10.262595754749324,3.587337182409928,TMA,3.254020703707861,TMA,0.5437944248351755,TMA,0.5437944248351755,3.0,False,0.5873371824099278,A20N,A319,,,,False,
21552.0,VLG73LA,EJU86XG,16.66246558830113,6.56649464628226,17.560451288840287,10.189000513380089,3.7321477831847694,TMA,3.515767235724748,TMA,0.3701396585890325,TMA,0.3701396585890325,3.0,False,0.7321477831847694,A20N,A319,,,,False,
21556.0,VLG73LA,EJU86XG,16.648426198242877,6.304242174303164,17.398805924304558,10.113591104465453,3.8825518676526363,TMA,3.777008269569352,TMA,0.191804864770976,TMA,0.191804864770976,3.0,False,0.8825518676526363,A20N,A319,,,,False,
21560.0,VLG73LA,EJU86XG,16.630703593396767,6.032498522423007,17.24637906079616,10.037705521890146,4.05225115087133,TMA,4.0483564170568345,TMA,0.0235641723626433,TMA,0.0235641723626433,3.0,False,1.0522511508713297,A20N,A319,,,,False,
21564.0,VLG73LA,EJU86XG,16.612539443479328,5.757867863258654,17.090610467697047,9.96210245577129,4.231328445426622,TMA,4.322747426517148,TMA,0.1521066467794337,TMA,0.1521066467794337,3.0,False,1.2313284454266222,A20N,A319,,,,False,
21576.0,VLG73LA,EJU86XG,16.554182194253446,4.886758446239702,16.69947378513931,9.61455589741829,4.7300294275778985,TMA,5.193780116825518,TMA,0.6727690458658534,TMA,0.6727690458658534,3.0,False,1.7300294275778985,A20N,A319,,,,False,
21580.0,VLG73LA,EJU86XG,16.53287167832905,4.584361497743832,16.602141130425874,9.472608443991472,4.888737716884919,TMA,5.4964330003156485,TMA,0.8391294829343582,TMA,0.8391294829343582,3.0,False,1.8887377168849193,A20N,A319,,,,False,
21584.0,VLG73LA,EJU86XG,16.510694049987507,4.287323428241868,16.540332606283236,9.299845238628588,5.012609434578147,TMA,5.793925621341876,TMA,1.0048156555966048,TMA,1.0048156555966048,3.0,False,2.012609434578147,A20N,A319,,,,False,
21588.0,VLG73LA,EJU86XG,16.47540751169491,3.9822692808004967,16.497787283812244,9.116333600809895,5.134113097331768,TMA,6.101004367253649,TMA,1.1721281633597191,TMA,1.1721281633597191,3.0,False,2.1341130973317677,A20N,A319,,,,False,
21592.0,VLG73LA,EJU86XG,16.38960406572852,3.68747074110931,16.478388511143287,8.927335717304432,5.240617105504266,TMA,6.404281642529647,TMA,1.3365025574142035,TMA,1.3365025574142035,3.0,False,2.240617105504266,A20N,A319,,,,False,
21596.0,VLG73LA,EJU86XG,16.287656691194687,3.401704834072848,16.46319676094531,8.73010436820046,5.331290267034744,TMA,6.701187003009456,TMA,1.5118980152059962,TMA,1.5118980152059962,3.0,False,2.3312902670347437,A20N,A319,,,,False,
21600.0,BAW47C,EJU86XG,18.13791534795915,10.447087374812272,16.456847977057713,8.530874214595737,2.549090108430165,TWR,0.4314919784808533,TMA,1.68999621592536,TMA,1.68999621592536,3.0,True,-0.4509098915698351,A319,A319,,,,False,
21604.0,BAW47C,EJU86XG,18.01316770913581,10.394692936132966,16.447031517808334,8.319908460940574,2.599521722987731,TWR,0.5666066409890944,TMA,1.8845012686963536,TMA,1.8845012686963536,3.0,False,-0.4004782770122688,A319,A319,,,,False,
21608.0,VLG73LA,EJU86XG,15.895801297820656,2.5625344384634627,16.44111318697139,8.110905589396854,5.575104257765864,TMA,7.591665395313725,TMA,2.0789739323055567,TMA,2.0789739323055567,3.0,False,2.5751042577658643,A20N,A319,,,,False,
21608.0,EJU86XG,BAW47C,16.44111318697139,8.110905589396854,17.873294043268793,10.328597693889153,2.639943233380643,TMA,2.0789739323055567,TMA,0.7127145764967627,TMA,0.7127145764967627,3.0,True,-0.36005676661935704,A319,A319,,,,False,
21612.0,VLG73LA,EJU86XG,15.755791261029142,2.292539264192471,16.43536812927389,7.891915807892288,5.640464732447944,TMA,7.882498762266301,TMA,2.285352028263598,TMA,2.285352028263598,3.0,False,2.6404647324479438,A20N,A319,,,,False,
21612.0,EJU86XG,BAW47C,16.43536812927389,7.891915807892288,17.721986854296123,10.258999129807645,2.6941550060209374,TMA,2.285352028263598,TMA,0.5461789100277971,TMA,0.5461789100277971,3.0,False,-0.3058449939790626,A319,A319,,,,False,
21616.0,VLG73LA,EJU86XG,15.613234139732226,2.011348026605038,16.432196899715688,7.666061902561111,5.7137106175558,TMA,8.185778926220724,TMA,2.4995887378535544,TMA,2.4995887378535544,3.0,False,2.7137106175558,A20N,A319,,,,False,
21616.0,EJU86XG,BAW47C,16.432196899715688,7.666061902561111,17.56401704965294,10.185594010254988,2.762075106419869,TMA,2.4995887378535544,TMA,0.3720243540825611,TMA,0.3720243540825611,3.0,False,-0.2379248935801308,A319,A319,,,,False,
21620.0,VLG73LA,EJU86XG,15.47221262843868,1.734092954729633,16.42979829271857,7.433955157204883,5.7797404294345585,TMA,8.485763873358225,TMA,2.7214675536274107,TMA,2.7214675536274107,3.0,False,2.7797404294345585,A20N,A319,,,,False,
21620.0,EJU86XG,BAW47C,16.42979829271857,7.433955157204883,17.3974252221178,10.115031515988356,2.850345999370292,TMA,2.7214675536274107,TMA,0.1911199595008233,TMA,0.1911199595008233,3.0,False,-0.1496540006297078,A319,A319,,,,False,
21624.0,VLG73LA,EJU86XG,15.331621509376587,1.4528436900501809,16.430289323986816,7.199920607133961,5.851150661001443,TMA,8.790326918469313,TMA,2.946002989469863,TMA,2.946002989469863,3.0,False,2.8511506610014434,A20N,A319,,,,False,
21624.0,EJU86XG,BAW47C,16.430289323986816,7.199920607133961,17.243595975598435,10.034962881188696,2.9493952609362384,TMA,2.946002989469863,TMA,0.0209111263964767,TMA,0.0209111263964767,3.0,False,-0.05060473906376162,A319,A319,,,,False,
21628.0,EJU86XG,BAW47C,16.432389510460695,6.959299988011143,17.093350311465628,9.959173306672197,3.0718250452263014,TMA,3.177889345534544,TMA,0.1512240245591415,TMA,0.1512240245591415,3.0,False,0.0718250452263014,A319,A319,,,,False,
21632.0,EJU86XG,BAW47C,16.43102176344298,6.710838012712729,16.938733163370507,9.877921847191812,3.2075209867177956,TMA,3.419418033531701,TMA,0.3257480613043942,TMA,0.3257480613043942,3.0,False,0.20752098671779562,A319,A319,,,,False,
21636.0,EJU86XG,BAW47C,16.432026771949108,6.463720868107554,16.801954530247116,9.770038237975015,3.3269477147449544,TMA,3.66004879942662,TMA,0.49856325194316,TMA,0.49856325194316,3.0,False,0.32694771474495443,A319,A319,,,,False,
21640.0,EJU86XG,BAW47C,16.43433512148904,6.2143487624702445,16.6970204275874,9.636359884066104,3.432078624735416,TMA,3.903435630111971,TMA,0.6612349538440285,TMA,0.6612349538440285,3.0,False,0.43207862473541603,A319,A319,,,,False,
21644.0,EJU86XG,BAW47C,16.435578073844773,5.96312714161609,16.630516501047392,9.477926502510028,3.5202010649593114,TMA,4.149552894662861,TMA,0.814703335867056,TMA,0.814703335867056,3.0,False,0.5202010649593114,A319,A319,,,,False,
21652.0,EJU86XG,BAW47C,16.434060861328554,5.450716165187634,16.554647444281688,9.158237927965368,3.709482274584801,TMA,4.653930275466604,TMA,1.1041902783764623,TMA,1.1041902783764623,3.0,False,0.7094822745848011,A319,A319,,,,False,
21656.0,EJU86XG,BAW47C,16.43523161156776,5.200269772427441,16.519823253821013,8.99565951814186,3.7963323178843638,TMA,4.900749061426237,TMA,1.2566849113782812,TMA,1.2566849113782812,3.0,False,0.7963323178843638,A319,A319,,,,False,
21660.0,EJU86XG,BAW47C,16.43510863462933,4.947285058114193,16.49169041411889,8.83520972559302,3.8883363689064434,TMA,5.150624775974016,TMA,1.4069880093153984,TMA,1.4069880093153984,3.0,False,0.8883363689064434,A319,A319,,,,False,
21664.0,EJU86XG,BAW47C,16.435034046471884,4.691645188282329,16.465293024640903,8.676316607833582,3.984786308893921,TMA,5.40340968879539,TMA,1.557617645322066,TMA,1.557617645322066,3.0,False,0.9847863088939208,A319,A319,,,,False,
21668.0,EJU86XG,BAW47C,16.436715920716246,4.4405359278739045,16.442996770123184,8.520670051949894,4.08013895835897,TMA,5.651720236819236,TMA,1.7053874732255647,TMA,1.7053874732255647,3.0,False,1.0801389583589698,A319,A319,,,,False,
21672.0,EJU86XG,BAW47C,16.437579798275888,4.1900684962908485,16.41562000200837,8.356387437090198,4.166376813145389,TMA,5.899740848501592,TMA,1.8646986106050103,TMA,1.8646986106050103,3.0,False,1.1663768131453889,A319,A319,,,,False,
21676.0,EJU86XG,BAW47C,16.437057668579328,3.932569713634856,16.387340145296776,8.189945278529917,4.257665854982855,TMA,6.155110717071431,TMA,2.0275143464547853,TMA,2.0275143464547853,3.0,False,1.2576658549828554,A319,A319,,,,False,
21680.0,EJU86XG,BAW47C,16.438543136081172,3.675682552274779,16.358947591050427,8.024829967152645,4.349875709388438,TMA,6.409797995632107,TMA,2.1900652578720496,TMA,2.1900652578720496,3.0,False,1.3498757093884377,A319,A319,,,,False,
21684.0,EJU86XG,BAW47C,16.440912935242242,3.4223301876879093,16.329177125885735,7.857953513405171,4.437030446000976,TMA,6.661040286780138,TMA,2.3554680449639376,TMA,2.3554680449639376,3.0,False,1.4370304460009757,A319,A319,,,,False,
21688.0,UAE81W,EJU86XG,40.724592704102506,12.994841137921776,16.442715718942008,3.165646645316399,26.195851089360144,TWR,22.324464043747696,TMA,6.915811297429643,TMA,6.915811297429643,3.0,False,23.195851089360144,B77L,A319,,,,False,
21688.0,EJU86XG,BAW47C,16.442715718942008,3.165646645316399,16.296587930480428,7.689533853126346,4.52624665694957,TMA,6.915811297429643,TMA,2.5238857235809053,TMA,2.5238857235809053,3.0,False,1.5262466569495698,A319,A319,,,,False,
21692.0,UAE81W,EJU86XG,40.433312452571386,13.068606571610363,16.444887601637486,2.900342501039139,26.05452208423276,TMA,22.042845107870324,TMA,7.179248904897287,TMA,7.179248904897287,3.0,False,23.05452208423276,B77L,A319,,,,False,
21692.0,EJU86XG,BAW47C,16.444887601637486,2.900342501039139,16.26363751894541,7.517840597065331,4.621054020381216,TMA,7.179248904897287,TMA,2.695885877058067,TMA,2.695885877058067,3.0,False,1.6210540203812158,A319,A319,,,,False,
21696.0,UAE81W,EJU86XG,40.14163101172095,13.141915149677658,16.44545109715699,2.6359469786056957,25.920731273537825,TMA,21.76127946707305,TMA,7.442083907862541,TMA,7.442083907862541,3.0,False,22.920731273537825,B77L,A319,,,,False,
21696.0,EJU86XG,BAW47C,16.44545109715699,2.6359469786056957,16.23319179779106,7.350753280689173,4.719581811594476,TMA,7.442083907862541,TMA,2.863039915961355,TMA,2.863039915961355,3.0,False,1.7195818115944759,A319,A319,,,,False,
21700.0,VLG5RP,BAW47C,18.170257123873974,10.475221834765708,16.201205138584335,7.180927670565115,3.8379082533405033,TWR,0.3901937651683633,TMA,3.0335897178014184,TMA,3.0335897178014184,3.0,False,0.8379082533405033,A21N,A319,,,,False,
21704.0,UAE81W,BAW47C,39.54475363333872,13.2937727949748,16.166744540015973,7.0082909413119046,24.20823395665629,TMA,21.186977226248608,TMA,3.207850461049619,TMA,3.207850461049619,3.0,False,21.20823395665629,B77L,A319,,,,False,
21708.0,UAE81W,BAW47C,39.25076586955707,13.37503590956767,16.13461260460763,6.839557731772553,24.022260859067135,TMA,20.905824725738427,TMA,3.3778500102756834,TMA,3.3778500102756834,3.0,False,21.022260859067135,B77L,A319,,,,False,
21708.0,BAW47C,VLG5RP,16.13461260460763,6.839557731772553,17.907307127756606,10.352152479104875,3.934560678320898,TMA,3.3778500102756834,TMA,0.6805143673725014,TMA,0.6805143673725014,3.0,False,0.934560678320898,A319,A21N,,,,False,
21712.0,UAE81W,BAW47C,38.95308558865212,13.448867930638094,16.09945907719732,6.664661379205893,23.839331015310925,TMA,20.620678167613704,TMA,3.5548217136620868,TMA,3.5548217136620868,3.0,False,20.839331015310925,B77L,A319,,,,False,
21712.0,BAW47C,VLG5RP,16.09945907719732,6.664661379205893,17.75010340881935,10.276184559631774,3.970859654063514,TMA,3.5548217136620868,TMA,0.5788664944857259,TMA,0.5788664944857259,3.0,False,0.9708596540635139,A319,A21N,,,,False,
21716.0,UAE81W,BAW47C,38.660654181922006,13.506573126938497,16.068161699115272,6.497189648202848,23.654855174734234,TMA,20.339073919070827,TMA,3.7236742409184216,TMA,3.7236742409184216,3.0,False,20.654855174734234,B77L,A319,,,,False,
21716.0,BAW47C,VLG5RP,16.068161699115272,6.497189648202848,17.591241924187987,10.202846926823485,4.006453448949788,TMA,3.7236742409184216,TMA,0.4039003790443176,TMA,0.4039003790443176,3.0,False,1.006453448949788,A319,A21N,,,,False,
21720.0,UAE81W,BAW47C,38.36332577517143,13.568924479165128,16.032922180249976,6.3229328308395125,23.47661218488915,TMA,20.05377948947192,TMA,3.900323020658104,TMA,3.900323020658104,3.0,False,20.47661218488915,B77L,A319,,,,False,
21720.0,BAW47C,VLG5RP,16.032922180249976,6.3229328308395125,17.4165611640081,10.128808078402246,4.049585563657831,TMA,3.900323020658104,TMA,0.2142581951702678,TMA,0.2142581951702678,3.0,False,1.049585563657831,A319,A21N,,,,False,
21724.0,UAE81W,BAW47C,38.07580468119426,13.643147837090323,15.998545028814492,6.153096884145088,23.31322064915767,TMA,19.780530861863244,TMA,4.072594858054604,TMA,4.072594858054604,3.0,False,20.31322064915767,B77L,A319,,,,False,
21724.0,BAW47C,VLG5RP,15.998545028814492,6.153096884145088,17.26455057998797,10.052526884054584,4.099795650980209,TMA,4.072594858054604,TMA,0.0444170222688789,TMA,0.0444170222688789,3.0,False,1.0997956509802087,A319,A21N,,,,False,
21728.0,UAE81W,BAW47C,37.779368071311154,13.720697594105978,15.96219613949396,5.975392784620436,23.151214605162984,TMA,19.49969683034982,TMA,4.253047768347464,TMA,4.253047768347464,3.0,False,20.151214605162984,B77L,A319,,,,False,
21728.0,BAW47C,VLG5RP,15.96219613949396,5.975392784620436,17.105744158072575,9.974443533990687,4.159339967691249,TMA,4.253047768347464,TMA,0.1328896890485964,TMA,0.1328896890485964,3.0,False,1.159339967691249,A319,A21N,,,,False,
21732.0,UAE81W,BAW47C,37.49053261187108,13.79407689898368,15.926351259900848,5.7934895588882975,23.00050684587527,TMA,19.22645704549,TMA,4.437444956614,TMA,4.437444956614,3.0,False,20.00050684587527,B77L,A319,,,,False,
21732.0,BAW47C,VLG5RP,15.926351259900848,5.7934895588882975,16.957526094090042,9.885180467985831,4.219627475768035,TMA,4.437444956614,TMA,0.3058203286479418,TMA,0.3058203286479418,3.0,False,1.2196274757680348,A319,A21N,,,,False,
21736.0,UAE81W,BAW47C,37.198017515557694,13.860020797692078,15.89112432916207,5.611694227176719,22.84772611159242,TMA,18.949072312060192,TMA,4.621641073932024,TMA,4.621641073932024,3.0,False,19.84772611159242,B77L,A319,,,,False,
21736.0,BAW47C,VLG5RP,15.89112432916207,5.611694227176719,16.831155019414727,9.752162155327916,4.245837062660972,TMA,4.621641073932024,TMA,0.4844735053877068,TMA,0.4844735053877068,3.0,False,1.2458370626609723,A319,A21N,,,,False,
21740.0,UAE81W,BAW47C,36.9117459212556,13.93281791462412,15.85088721675296,5.415284106706243,22.718013811511973,TMA,18.67973584442962,TMA,4.821348809000731,TMA,4.821348809000731,3.0,False,19.718013811511973,B77L,A319,,,,False,
21740.0,BAW47C,VLG5RP,15.85088721675296,5.415284106706243,16.738818870526117,9.60395316950361,4.281748607684494,TMA,4.821348809000731,TMA,0.6496625934851605,TMA,0.6496625934851605,3.0,False,1.2817486076844942,A319,A21N,,,,False,
21744.0,UAE81W,BAW47C,36.62874413775207,14.006368062876716,15.813879144619742,5.222088990047536,22.592524505058538,TMA,18.41455068039245,TMA,5.017125931154594,TMA,5.017125931154594,3.0,False,19.592524505058538,B77L,A319,,,,False,
21744.0,BAW47C,VLG5RP,15.813879144619742,5.222088990047536,16.657978100593905,9.433129656655284,4.2948069273601694,TMA,5.017125931154594,TMA,0.8270969712290575,TMA,0.8270969712290575,3.0,False,1.2948069273601694,A319,A21N,,,,False,
21748.0,UAE81W,BAW47C,36.34456509435097,14.081625093055976,15.773427608797586,5.022185595281544,22.477658718455864,TMA,18.149369584318325,TMA,5.220373510946809,TMA,5.220373510946809,3.0,False,19.477658718455864,B77L,A319,,,,False,
21748.0,BAW47C,VLG5RP,15.773427608797586,5.022185595281544,16.60613725057246,9.247079224677536,4.306173652700931,TMA,5.220373510946809,TMA,1.0023845187412492,TMA,1.0023845187412492,3.0,False,1.3061736527009309,A319,A21N,,,,False,
21752.0,UAE81W,BAW47C,36.06403212055072,14.153941471614171,15.729307207212813,4.820364079882132,22.374465451236524,TMA,17.88808530862225,TMA,5.426527186662346,TMA,5.426527186662346,3.0,False,19.374465451236524,B77L,A319,,,,False,
21752.0,BAW47C,VLG5RP,15.729307207212813,4.820364079882132,16.545895734803622,9.05729494416607,4.314904398954254,TMA,5.426527186662346,TMA,1.1910800686939542,TMA,1.1910800686939542,3.0,False,1.314904398954254,A319,A21N,,,,False,
21756.0,UAE81W,BAW47C,35.783035066067825,14.224379142149608,15.6658559041718,4.613856958598058,22.294910497069957,TMA,17.626852663270228,TMA,5.642523888225368,TMA,5.642523888225368,3.0,False,19.294910497069957,B77L,A319,,,,False,
21756.0,BAW47C,VLG5RP,15.6658559041718,4.613856958598058,16.48982907852692,8.86200054822698,4.327315074057141,TMA,5.642523888225368,TMA,1.3851524123771388,TMA,1.3851524123771388,3.0,False,1.3273150740571413,A319,A21N,,,,False,
21760.0,UAE81W,BAW47C,35.50955546196939,14.292633010998914,15.565285818066236,4.414906432010404,22.256310880241877,TMA,17.373412290881586,TMA,5.861649983550822,TMA,5.861649983550822,3.0,False,19.256310880241877,B77L,A319,,,,False,
21760.0,BAW47C,VLG5RP,15.565285818066236,4.414906432010404,16.436444020552727,8.662202175262387,4.335716520300411,TMA,5.861649983550822,TMA,1.584086948491515,TMA,1.584086948491515,3.0,False,1.3357165203004113,A319,A21N,,,,False,
21764.0,UAE81W,BAW47C,35.23502294251481,14.362232524256884,15.427184785287777,4.236796599236536,22.24578398561381,TMA,17.120125736701375,TMA,6.072097119301212,TMA,6.072097119301212,3.0,False,19.24578398561381,B77L,A319,,,,False,
21764.0,BAW47C,VLG5RP,15.427184785287777,4.236796599236536,16.384675986488368,8.45409047566762,4.32462218471853,TMA,6.072097119301212,TMA,1.791394960411798,TMA,1.791394960411798,3.0,False,1.32462218471853,A319,A21N,,,,False,
21768.0,UAE81W,BAW47C,34.96831530050266,14.428112394595807,15.23520682466857,4.088050602192521,22.278071011417335,TMA,16.87457984197328,TMA,6.272511255549565,TMA,6.272511255549565,3.0,False,19.278071011417335,B77L,A319,,,,False,
21768.0,BAW47C,VLG5RP,15.23520682466857,4.088050602192521,16.336124479594613,8.236605450743307,4.292147133354365,TMA,6.272511255549565,TMA,2.0071861317720194,TMA,2.0071861317720194,3.0,False,1.2921471333543648,A319,A21N,,,,False,
21772.0,UAE81W,BAW47C,34.69448183399285,14.505330341347548,15.058624963901272,3.9511702717036927,22.292536190357243,TMA,16.625649003794898,TMA,6.45948471335532,TMA,6.45948471335532,3.0,False,19.292536190357243,B77L,A319,,,,False,
21772.0,BAW47C,VLG5RP,15.058624963901272,3.9511702717036927,16.289847118891057,8.010684817200518,4.242118143102333,TMA,6.45948471335532,TMA,2.231072037605841,TMA,2.231072037605841,3.0,False,1.2421181431023331,A319,A21N,,,,False,
21776.0,VLG6LC,BAW47C,18.18551571656754,10.481356594449696,14.834128379382436,3.861055811963205,7.420254681238099,TWR,0.3737678569153877,TMA,6.6220895558882855,TMA,6.6220895558882855,3.0,False,4.420254681238099,A321,A319,,,,False,
21776.0,BAW47C,VLG5RP,14.834128379382436,3.861055811963205,16.245307127555055,7.777153377916886,4.162600822245917,TMA,6.6220895558882855,TMA,2.462494262106506,TMA,2.462494262106506,3.0,False,1.162600822245917,A319,A21N,,,,False,
21780.0,UAE81W,BAW47C,34.17015551322656,14.63069014156085,14.593177796468618,3.793000374032847,22.376630131000923,TMA,16.14670782922201,TMA,6.775435616624657,TMA,6.775435616624657,3.0,False,19.376630131000923,B77L,A319,,,,False,
21780.0,VLG6LC,VLG5RP,18.06117719863005,10.42530475539417,16.205409836769693,7.538183852734891,3.4321042536493946,TWR,0.5101526415329419,TMA,2.698295367327328,TMA,2.698295367327328,3.0,False,0.43210425364939464,A321,A21N,,,,False,
21784.0,UAE81W,BAW47C,33.91266593895928,14.69381361673136,14.33677629987801,3.774622419771405,22.41526693031464,TMA,15.913313337225684,TMA,6.895695054472778,TMA,6.895695054472778,3.0,False,19.41526693031464,B77L,A319,,,,False,
21784.0,BAW47C,VLG5RP,14.33677629987801,3.774622419771405,16.164452815980148,7.28821979902454,3.96052622652669,TMA,6.895695054472778,TMA,2.945791151983096,TMA,2.945791151983096,3.0,False,0.9605262265266901,A319,A21N,,,,False,
21784.0,VLG5RP,VLG6LC,16.164452815980148,7.28821979902454,17.92609266598337,10.362814196095943,3.543516003579247,TMA,2.945791151983096,TMA,0.6589905258915514,TMA,0.6589905258915514,3.0,False,0.543516003579247,A21N,A321,,,,False,
21788.0,UAE81W,VLG5RP,33.64840762143987,14.764065119126029,16.12386342655099,7.03095726441804,19.15491076280858,TMA,15.676270942632394,TMA,3.200924003149103,TMA,3.200924003149103,3.0,False,16.15491076280858,B77L,A21N,,,,False,
21788.0,VLG5RP,BAW47C,16.12386342655099,7.03095726441804,14.073749284604716,3.7899468826450704,3.8349858265407293,TMA,3.200924003149103,TMA,6.996163040992129,TMA,6.996163040992129,3.0,False,0.8349858265407293,A21N,A319,,,,False,
21788.0,BAW47C,VLG6LC,14.073749284604716,3.7899468826450704,17.77415512563118,10.291780392110162,7.481099008374766,TMA,6.996163040992129,TMA,0.6072256352707679,TMA,0.6072256352707679,3.0,False,4.481099008374766,A319,A321,,,,False,
21792.0,UAE81W,VLG5RP,33.39821511317161,14.821540505923307,16.08575290624273,6.766370070245374,19.09468822511016,TMA,15.450504380110717,TMA,3.462950558535696,TMA,3.462950558535696,3.0,False,16.09468822511016,B77L,A21N,,,,False,
21792.0,VLG5RP,BAW47C,16.08575290624273,6.766370070245374,13.810997496323251,3.822985484234085,3.7199495959121243,TMA,3.462950558535696,TMA,7.08932051367934,TMA,7.08932051367934,3.0,False,0.7199495959121243,A21N,A319,,,,False,
21792.0,BAW47C,VLG6LC,13.810997496323251,3.822985484234085,17.609975673224938,10.212130576382783,7.433263764800968,TMA,7.08932051367934,TMA,0.4247940392357135,TMA,0.4247940392357135,3.0,False,4.433263764800968,A319,A321,,,,False,
21796.0,UAE81W,VLG5RP,33.1404693251894,14.890124064113635,16.04353435621144,6.493247609786063,19.047643411264875,TMA,15.221563508165174,TMA,3.735124467659883,TMA,3.735124467659883,3.0,False,16.047643411264875,B77L,A21N,,,,False,
21796.0,VLG5RP,BAW47C,16.04353435621144,6.493247609786063,13.55378737164328,3.865084360452433,3.62023232849967,TMA,3.735124467659883,TMA,7.180408856263684,TMA,7.180408856263684,3.0,False,0.6202323284996698,A21N,A319,,,,False,
21800.0,UAE81W,VLG5RP,32.8869886347301,14.952786013511746,15.995156396956292,6.216479464166081,19.017282888815494,TMA,14.996250726057646,TMA,4.013224494869565,TMA,4.013224494869565,3.0,False,16.017282888815494,B77L,A21N,,,,False,
21800.0,VLG5RP,BAW47C,15.995156396956292,6.216479464166081,13.295052221691266,3.906562840806603,3.553347346398333,TMA,4.013224494869565,TMA,7.281038403518,TMA,7.281038403518,3.0,False,0.5533473463983332,A21N,A319,,,,False,
21800.0,BAW47C,VLG6LC,13.295052221691266,3.906562840806603,17.275112295266755,10.057948358905602,7.326692431209858,TMA,7.281038403518,TMA,0.0562160330794866,TMA,0.0562160330794866,3.0,False,4.326692431209858,A319,A321,,,,False,
21804.0,UAE81W,VLG5RP,32.63253943183479,15.015642865650427,15.947134606783452,5.945567364796802,18.991287575281245,TMA,14.771249527324288,TMA,4.286000799576894,TMA,4.286000799576894,3.0,False,15.991287575281245,B77L,A21N,,,,False,
21804.0,VLG5RP,BAW47C,15.947134606783452,5.945567364796802,13.033756596521847,3.9435986197407313,3.5349187100776795,TMA,4.286000799576894,TMA,7.3947054474441,TMA,7.3947054474441,3.0,False,0.5349187100776795,A21N,A319,,,,False,
21804.0,BAW47C,VLG6LC,13.033756596521847,3.9435986197407313,17.110641125084022,9.98047190263146,7.284560830476297,TMA,7.3947054474441,TMA,0.1257588937123069,TMA,0.1257588937123069,3.0,False,4.284560830476297,A319,A321,,,,False,
21808.0,UAE81W,VLG5RP,32.38468301422322,15.07917571944961,15.894346853377128,5.66936851616241,18.986196520123347,TMA,14.55397505898014,TMA,4.565504410830946,TMA,4.565504410830946,3.0,False,15.986196520123347,B77L,A21N,,,,False,
21808.0,VLG5RP,VLG6LC,15.894346853377128,5.66936851616241,16.953180223262564,9.89725914613603,4.358461573101417,TMA,4.565504410830946,TMA,0.3038444167586493,TMA,0.3038444167586493,3.0,False,1.3584615731014171,A21N,A321,,,,False,
21812.0,UAE81W,VLG5RP,32.139570770888994,15.143752095417009,15.842480385997291,5.398322237060561,18.988642872450757,TMA,14.340907333744903,TMA,4.840002749830352,TMA,4.840002749830352,3.0,False,15.988642872450757,B77L,A21N,,,,False,
21812.0,VLG5RP,VLG6LC,15.842480385997291,5.398322237060561,16.81073951635645,9.777033027117632,4.484488145428204,TMA,4.840002749830352,TMA,0.4873989211234311,TMA,0.4873989211234311,3.0,False,1.4844881454282044,A21N,A321,,,,False,
21816.0,UAE81W,VLG5RP,31.894676649955457,15.202878440720433,15.785977386910778,5.125860777674839,19.00095989492502,TMA,14.127618395416883,TMA,5.117317339811872,TMA,5.117317339811872,3.0,False,16.00095989492502,B77L,A21N,,,,False,
21816.0,VLG5RP,VLG6LC,15.785977386910778,5.125860777674839,16.695997535727816,9.64193518476166,4.606849761127182,TMA,5.117317339811872,TMA,0.6586869689877696,TMA,0.6586869689877696,3.0,False,1.6068497611271821,A21N,A321,,,,False,
21820.0,UAE81W,VLG5RP,31.651590863659848,15.26544882513654,15.688056974081656,4.85911927592974,19.055868097003767,TMA,13.918471620042348,TMA,5.400856223260836,TMA,5.400856223260836,3.0,False,16.055868097003767,B77L,A21N,,,,False,
21820.0,VLG5RP,VLG6LC,15.688056974081656,4.85911927592974,16.60655082839603,9.472694926997711,4.70411641528359,TMA,5.400856223260836,TMA,0.835814615043153,TMA,0.835814615043153,3.0,False,1.7041164152835897,A21N,A321,,,,False,
21824.0,UAE81W,VLG5RP,31.408536209973,15.323797317210714,15.569757157051251,4.6100894565880655,19.12198886125709,TMA,13.709315545817407,TMA,5.67339713286195,TMA,5.67339713286195,3.0,False,16.12198886125709,B77L,A21N,,,,False,
21824.0,VLG5RP,VLG6LC,15.569757157051251,4.6100894565880655,16.558947407962414,9.284393627049669,4.777825533701751,TMA,5.67339713286195,TMA,1.0038034820414652,TMA,1.0038034820414652,3.0,False,1.7778255337017512,A21N,A321,,,,False,
21828.0,UAE81W,VLG5RP,31.167809583309904,15.384104925187994,15.434097043471766,4.368889813089559,19.206370668402233,TMA,13.504415084244282,TMA,5.943956314392658,TMA,5.943956314392658,3.0,False,16.206370668402233,B77L,A21N,,,,False,
21828.0,VLG5RP,VLG6LC,15.434097043471766,4.368889813089559,16.520658798963904,9.103386412230876,4.85757907766604,TMA,5.943956314392658,TMA,1.1684427311994143,TMA,1.1684427311994143,3.0,False,1.8575790776660401,A21N,A321,,,,False,
21832.0,UAE81W,VLG5RP,30.926186010835945,15.442435744531853,15.261513729137098,4.149038742721493,19.311208494900658,TMA,13.2994378572891,TMA,6.206332538536836,TMA,6.206332538536836,3.0,False,16.311208494900658,B77L,A21N,,,,False,
21832.0,VLG5RP,VLG6LC,15.261513729137098,4.149038742721493,16.504428011674843,8.90201137741407,4.9127980601560255,TMA,6.206332538536836,TMA,1.3435060566544763,TMA,1.3435060566544763,3.0,False,1.9127980601560255,A21N,A321,,,,False,
21836.0,UAE81W,VLG5RP,30.682606193992115,15.502235447924336,15.062036200125794,3.951257159449851,19.427488421154337,TMA,13.09469945825044,TMA,6.458260728313315,TMA,6.458260728313315,3.0,False,16.427488421154337,B77L,A21N,,,,False,
21836.0,VLG5RP,VLG6LC,15.062036200125794,3.951257159449851,16.490545647129775,8.69453725803453,4.9537203528064735,TMA,6.458260728313315,TMA,1.5294726927527502,TMA,1.5294726927527502,3.0,False,1.9537203528064735,A21N,A321,,,,False,
21840.0,UAE81W,VLG5RP,30.438900371223923,15.558612837663466,14.849339174887346,3.770039731445504,19.544944977537504,TMA,12.890166042244084,TMA,6.701656231603441,TMA,6.701656231603441,3.0,False,16.544944977537504,B77L,A21N,,,,False,
21840.0,VLG5RP,VLG6LC,14.849339174887346,3.770039731445504,16.481092761467472,8.489417263880291,4.9935101943389855,TMA,6.701656231603441,TMA,1.7164374110126217,TMA,1.7164374110126217,3.0,False,1.9935101943389855,A21N,A321,,,,False,
21844.0,UAE81W,VLG5RP,30.19844986004399,15.612778311603387,14.625566269104876,3.5918022307121014,19.67278753187512,TMA,12.689394317019472,TMA,6.949130033394184,TMA,6.949130033394184,3.0,False,16.67278753187512,B77L,A21N,,,,False,
21844.0,VLG5RP,VLG6LC,14.625566269104876,3.5918022307121014,16.472874623054985,8.269589294871281,5.029337925829683,TMA,6.949130033394184,TMA,1.920230408368404,TMA,1.920230408368404,3.0,False,2.029337925829683,A21N,A321,,,,False,
21848.0,UAE81W,VLG5RP,29.9584017943657,15.672588828136126,14.401832191193838,3.4154510087189225,19.805158048915395,TMA,12.492901517080815,TMA,7.197715056260913,TMA,7.197715056260913,3.0,False,16.805158048915395,B77L,A21N,,,,False,
21848.0,VLG5RP,VLG6LC,14.401832191193838,3.4154510087189225,16.468225301460908,8.04721699337534,5.071808023060361,TMA,7.197715056260913,TMA,2.1283603434787115,TMA,2.1283603434787115,3.0,False,2.0718080230603606,A21N,A321,,,,False,
21852.0,VLG91MM,VLG5RP,18.14018329486372,10.458918047299935,14.17898855142245,3.2448611241388865,8.230047453452174,TWR,0.4243330907643049,TMA,7.443277991987057,TMA,7.443277991987057,3.0,False,5.230047453452174,A320,A21N,,,,False,
21852.0,VLG5RP,VLG6LC,14.17898855142245,3.2448611241388865,16.468516654120705,7.821603837881842,5.117471328775991,TMA,7.443277991987057,TMA,2.340590948516902,TMA,2.340590948516902,3.0,False,2.1174713287759914,A21N,A321,,,,False,
21856.0,UAE81W,VLG5RP,29.479170226801507,15.787557367902254,13.951803366549136,3.0694116271507115,20.07113232221491,TMA,12.104317950581663,TMA,7.697485018278431,TMA,7.697485018278431,3.0,False,17.07113232221491,B77L,A21N,,,,False,
21856.0,VLG5RP,VLG6LC,13.951803366549136,3.0694116271507115,16.466890104938134,7.587619189982457,5.171059938005959,TMA,7.697485018278431,TMA,2.5636805789032877,TMA,2.5636805789032877,3.0,False,2.1710599380059588,A21N,A321,,,,False,
21860.0,UAE81W,VLG6LC,29.235112999778007,15.84401322326347,16.465646416430637,7.34814115200169,15.337506938041498,TMA,11.90847469169205,TMA,2.7937409434144373,TMA,2.7937409434144373,3.0,False,12.337506938041498,B77L,A321,,,,False,
21860.0,VLG6LC,VLG5RP,16.465646416430637,7.34814115200169,13.726293396540507,2.890066598193719,5.232445288284563,TMA,2.7937409434144373,TMA,7.956689454632307,TMA,7.956689454632307,3.0,False,2.2324452882845627,A321,A21N,,,,False,
21860.0,VLG5RP,VLG91MM,13.726293396540507,2.890066598193719,17.86556913269402,10.329375206777865,8.513337547264491,TMA,7.956689454632307,TMA,0.7059926018570107,TMA,0.7059926018570107,3.0,False,5.513337547264491,A21N,A320,,,,False,
21864.0,UAE81W,VLG6LC,28.99184680135605,15.894082497522108,16.461859495345468,7.100005104788541,15.308049486403352,TMA,11.71255348199538,TMA,3.0342829647877774,TMA,3.0342829647877774,3.0,False,12.308049486403352,B77L,A321,,,,False,
21864.0,VLG6LC,VLG5RP,16.461859495345468,7.100005104788541,13.50092968755905,2.7120309841326704,5.29352644370308,TMA,3.0342829647877774,TMA,8.216587075323453,TMA,8.216587075323453,3.0,False,2.2935264437030796,A321,A21N,,,,False,
21864.0,VLG5RP,VLG91MM,13.50092968755905,2.7120309841326704,17.709820004343566,10.259114648808518,8.641367342055277,TMA,8.216587075323453,TMA,0.5351299281096484,TMA,0.5351299281096484,3.0,False,5.641367342055277,A21N,A320,,,,False,
21868.0,UAE81W,VLG6LC,28.727830495688444,15.901386563710489,16.460459649329017,6.848910396111152,15.245842457767402,TMA,11.480572881450229,TMA,3.278283425762324,TMA,3.278283425762324,3.0,False,12.245842457767402,B77L,A321,,,,False,
21868.0,VLG6LC,VLG5RP,16.460459649329017,6.848910396111152,13.277281290924307,2.5388495243831506,5.358101266252519,TMA,3.278283425762324,TMA,8.473152341196291,TMA,8.473152341196291,3.0,False,2.358101266252519,A321,A21N,,,,False,
21868.0,VLG5RP,VLG91MM,13.277281290924307,2.5388495243831506,17.541471361877502,10.180151762454871,8.750589514699891,TMA,8.473152341196291,TMA,0.3492005433936511,TMA,0.3492005433936511,3.0,False,5.750589514699891,A21N,A320,,,,False,
21872.0,UAE81W,VLG6LC,28.484524059743627,15.861353697669788,16.460468762183257,6.592447841059496,15.18191429225887,TMA,11.24624614461827,TMA,3.52821717009819,TMA,3.52821717009819,3.0,False,12.18191429225887,B77L,A321,,,,False,
21872.0,VLG6LC,VLG5RP,16.460468762183257,6.592447841059496,13.04836033084745,2.3563276404943654,5.439411576708355,TMA,3.52821717009819,TMA,8.742066772727345,TMA,8.742066772727345,3.0,False,2.4394115767083546,A321,A21N,,,,False,
21872.0,VLG5RP,VLG91MM,13.04836033084745,2.3563276404943654,17.372706976570978,10.101277142250296,8.870412431061466,TMA,8.742066772727345,TMA,0.1629640580608469,TMA,0.1629640580608469,3.0,False,5.870412431061466,A21N,A320,,,,False,
21876.0,UAE81W,VLG6LC,28.236805698245448,15.811464455531272,16.457612081162733,6.331055099249872,15.120435305618356,TMA,11.003924546097052,TMA,3.78443326529144,TMA,3.78443326529144,3.0,False,12.120435305618356,B77L,A321,,,,False,
21876.0,VLG6LC,VLG91MM,16.457612081162733,6.331055099249872,17.205292505701795,10.019241781848583,3.763209670339589,TMA,3.78443326529144,TMA,0.0251782554469355,TMA,0.0251782554469355,3.0,False,0.763209670339589,A321,A320,,,,False,
21880.0,UAE81W,VLG6LC,27.997869753546556,15.751488730359924,16.453753712385897,6.068184647213156,15.067614049293594,TMA,10.765009187673703,TMA,4.042955667746015,TMA,4.042955667746015,3.0,False,12.067614049293594,B77L,A321,,,,False,
21880.0,VLG6LC,VLG91MM,16.453753712385897,6.068184647213156,17.041665897336156,9.935845958561329,3.9120895639686535,TMA,4.042955667746015,TMA,0.2076366048911944,TMA,0.2076366048911944,3.0,False,0.9120895639686535,A321,A320,,,,False,
21884.0,UAE81W,VLG6LC,27.767438460242083,15.664435605077628,16.450659717267996,5.802572014541704,15.010857223881928,TMA,10.520934457166886,TMA,4.304568943815974,TMA,4.304568943815974,3.0,False,12.010857223881928,B77L,A321,,,,False,
21884.0,VLG6LC,VLG91MM,16.450659717267996,5.802572014541704,16.885221367716117,9.832987929196818,4.053775557815875,TMA,4.304568943815974,TMA,0.3946173660776816,TMA,0.3946173660776816,3.0,False,1.0537755578158752,A321,A320,,,,False,
21888.0,UAE81W,VLG6LC,27.541642989252736,15.567696521774456,16.449690138689146,5.541928510957909,14.951503009591983,TMA,10.27638268941426,TMA,4.561388592051354,TMA,4.561388592051354,3.0,False,11.951503009591983,B77L,A321,,,,False,
21888.0,VLG6LC,VLG91MM,16.449690138689146,5.541928510957909,16.752883862293842,9.701838396079465,4.170944339878598,TMA,4.561388592051354,TMA,0.5773955640682991,TMA,0.5773955640682991,3.0,False,1.1709443398785977,A321,A320,,,,False,
21892.0,UAE81W,VLG6LC,27.309070965679368,15.467016967729087,16.448238416658164,5.278688257673672,14.891599160668335,TMA,10.024047724409806,TMA,4.821259568282315,TMA,4.821259568282315,3.0,False,11.891599160668335,B77L,A321,,,,False,
21892.0,VLG6LC,VLG91MM,16.448238416658164,5.278688257673672,16.63607518547491,9.56452110330058,4.289947066383681,TMA,4.821259568282315,TMA,0.7535286376117076,TMA,0.7535286376117076,3.0,False,1.2899470663836814,A321,A320,,,,False,
21896.0,UAE81W,VLG6LC,27.083589288610664,15.36916091476383,16.46033585025605,5.016324023504152,14.83356819219639,TMA,9.779340658519288,TMA,5.0785601833403335,TMA,5.0785601833403335,3.0,False,11.83356819219639,B77L,A321,,,,False,
21896.0,VLG6LC,VLG91MM,16.46033585025605,5.016324023504152,16.536742435567113,9.40082082814398,4.385162505104657,TMA,5.0785601833403335,TMA,0.935857983752845,TMA,0.935857983752845,3.0,False,1.385162505104657,A321,A320,,,,False,
21900.0,UAE81W,VLG6LC,26.864948120750785,15.275037169352178,16.524835891982658,4.746993873835037,14.75661263758738,TMA,9.542482063237376,TMA,5.336171203942872,TMA,5.336171203942872,3.0,False,11.75661263758738,B77L,A321,,,,False,
21900.0,VLG6LC,VLG91MM,16.524835891982658,4.746993873835037,16.461661298356553,9.219267384015945,4.472719684838933,TMA,5.336171203942872,TMA,1.1173937003823209,TMA,1.1173937003823209,3.0,False,1.4727196848389328,A321,A320,,,,False,
21904.0,UAE81W,VLG6LC,26.64655077170436,15.18037159906615,16.600607078481893,4.494205138319715,14.66680395703775,TMA,9.305632075455405,TMA,5.577926322175784,TMA,5.577926322175784,3.0,False,11.66680395703775,B77L,A321,,,,False,
21904.0,VLG6LC,VLG91MM,16.600607078481893,4.494205138319715,16.398502693784692,9.028653285007552,4.538949898083763,TMA,5.577926322175784,TMA,1.3026523377721628,TMA,1.3026523377721628,3.0,False,1.5389498980837626,A321,A320,,,,False,
21908.0,UAE81W,VLG6LC,26.42414910285217,15.084966221611108,16.719755175666638,4.249437842000814,14.545925091218347,TMA,9.064991556316023,TMA,5.809702662090237,TMA,5.809702662090237,3.0,False,11.545925091218347,B77L,A321,,,,False,
21908.0,VLG6LC,VLG91MM,16.719755175666638,4.249437842000814,16.339300740184385,8.827277370272562,4.593621700149612,TMA,5.809702662090237,TMA,1.4982671724536043,TMA,1.4982671724536043,3.0,False,1.5936217001496118,A321,A320,,,,False,
21912.0,UAE81W,VLG6LC,26.210876838344983,14.997029013921942,16.864597872891753,4.019772840427329,14.417110792339743,TMA,8.836050650938917,TMA,6.028199409574894,TMA,6.028199409574894,3.0,False,11.417110792339743,B77L,A321,,,,False,
21912.0,VLG6LC,VLG91MM,16.864597872891753,4.019772840427329,16.28899140843007,8.626536512773693,4.642584876421781,TMA,6.028199409574894,TMA,1.691845298926052,TMA,1.691845298926052,3.0,False,1.6425848764217807,A321,A320,,,,False,
21916.0,UAE81W,VLG6LC,25.999908732592964,14.9047815327747,17.035744210270796,3.8184852538720735,14.257005673242528,TMA,8.607066135927019,TMA,6.221647256288229,TMA,6.221647256288229,3.0,False,11.257005673242528,B77L,A321,,,,False,
21916.0,DLH98Y,VLG91MM,18.22159110147076,10.487937987348662,16.235685357076903,8.411782022550302,2.873020225439482,TWR,0.3383779662423335,TMA,1.9017893356361837,TMA,1.9017893356361837,3.0,True,-0.1269797745605179,A320,A320,,,,False,
21920.0,UAE81W,VLG6LC,25.79303591973181,14.813012479432569,17.24223054373816,3.644681159268077,14.06584149829256,TMA,8.381940491560469,TMA,6.392667701277365,TMA,6.392667701277365,3.0,False,11.06584149829256,B77L,A321,,,,False,
21920.0,DLH98Y,VLG91MM,18.1019913620262,10.438764407599477,16.188918900381953,8.1951525730472,2.9484979748415325,TWR,0.4674674647312096,TMA,2.112469176615739,TMA,2.112469176615739,3.0,False,-0.05150202515846747,A320,A320,,,,False,
21924.0,UAE81W,VLG6LC,25.594155816690364,14.71433977761055,17.462606501783025,3.4881541254367834,13.861794204136855,TMA,8.160349944919542,TMA,6.553553548023175,TMA,6.553553548023175,3.0,False,10.861794204136855,B77L,A321,,,,False,
21924.0,DLH98Y,VLG91MM,17.972925185152842,10.378463205085248,16.14151880819094,7.96703592010685,3.0280407639784186,TWR,0.6099250326881251,TMA,2.335654444348461,TMA,2.335654444348461,3.0,False,0.028040763978418592,A320,A320,,,,False,
21928.0,UAE81W,VLG6LC,25.393128971623767,14.61121563315553,17.69621204257323,3.369418472638394,13.624262681367968,TMA,7.934695255907902,TMA,6.684684319881236,TMA,6.684684319881236,3.0,False,10.624262681367968,B77L,A321,,,,False,
21928.0,VLG6LC,VLG91MM,17.69621204257323,3.369418472638394,16.09686805840415,7.729953675343892,4.644584850525577,TMA,6.684684319881236,TMA,2.567430604763572,TMA,2.567430604763572,3.0,False,1.6445848505255771,A321,A320,,,,False,
21928.0,VLG91MM,DLH98Y,16.09686805840415,7.729953675343892,17.823974716839416,10.307053402994306,3.102312108068314,TMA,2.567430604763572,TMA,0.6588973936174363,TMA,0.6588973936174363,3.0,False,0.10231210806831381,A320,A320,,,,False,
21932.0,UAE81W,VLG6LC,25.189969338064024,14.512824653090442,17.941889617137843,3.2620045631999908,13.38340809868637,TMA,7.709590287896961,TMA,6.813365897949748,TMA,6.813365897949748,3.0,False,10.38340809868637,B77L,A321,,,,False,
21932.0,VLG6LC,VLG91MM,17.941889617137843,3.2620045631999908,16.057355776054646,7.488318723653122,4.627439808472331,TMA,6.813365897949748,TMA,2.8028033631832088,TMA,2.8028033631832088,3.0,False,1.6274398084723307,A321,A320,,,,False,
21932.0,VLG91MM,DLH98Y,16.057355776054646,7.488318723653122,17.666264448775127,10.234950198223702,3.1831700511058063,TMA,2.8028033631832088,TMA,0.4854921673303936,TMA,0.4854921673303936,3.0,False,0.1831700511058063,A320,A320,,,,False,
21936.0,UAE81W,VLG6LC,24.99243670222289,14.42019865706421,18.18605935743213,3.1624234110343084,13.155389619840399,TMA,7.492290374895666,TMA,6.942047858834712,TMA,6.942047858834712,3.0,False,10.155389619840399,B77L,A321,,,,False,
21936.0,VLG6LC,VLG91MM,18.18605935743213,3.1624234110343084,16.020200918866625,7.239381359588713,4.616549457136395,TMA,6.942047858834712,TMA,3.0454466286245654,TMA,3.0454466286245654,3.0,False,1.6165494571363954,A321,A320,,,,False,
21936.0,VLG91MM,DLH98Y,16.020200918866625,7.239381359588713,17.493530299867523,10.15609088321664,3.2677046852710445,TMA,3.0454466286245654,TMA,0.2956210235502587,TMA,0.2956210235502587,3.0,False,0.2677046852710445,A320,A320,,,,False,
21940.0,UAE81W,VLG6LC,24.79143409294548,14.32621443701104,18.43282912468469,3.062313090114311,12.934733499187862,TMA,7.271363204674853,TMA,7.079183541813573,TMA,7.079183541813573,3.0,False,9.934733499187862,B77L,A321,,,,False,
21940.0,VLG6LC,VLG91MM,18.43282912468469,3.062313090114311,15.98482719948966,6.9881534045948746,4.626546833282835,TMA,7.079183541813573,TMA,3.2909017810006658,TMA,3.2909017810006658,3.0,False,1.626546833282835,A321,A320,,,,False,
21940.0,VLG91MM,DLH98Y,15.98482719948966,6.9881534045948746,17.3256517257278,10.077491151674376,3.3677615897940254,TMA,3.2909017810006658,TMA,0.1104016990668322,TMA,0.1104016990668322,3.0,False,0.3677615897940254,A320,A320,,,,False,
21944.0,UAE81W,VLG6LC,24.590007625886926,14.23306209682086,18.678594068549728,2.965904143475904,12.723743890518016,TMA,7.050555992971914,TMA,7.219708951013475,TMA,7.219708951013475,3.0,False,9.723743890518016,B77L,A321,,,,False,
21944.0,VLG6LC,VLG91MM,18.678594068549728,2.965904143475904,15.951278209971566,6.7386426506945005,4.655298877226031,TMA,7.219708951013475,TMA,3.5352626172501207,TMA,3.5352626172501207,3.0,False,1.6552988772260306,A321,A320,,,,False,
21944.0,VLG91MM,DLH98Y,15.951278209971566,6.7386426506945005,17.15857619025916,10.001661985125915,3.479204447870194,TMA,3.5352626172501207,TMA,0.073474261234104,TMA,0.073474261234104,3.0,False,0.479204447870194,A320,A320,,,,False,
21948.0,UAE81W,VLG6LC,24.39169327071245,14.14238734763869,18.926608664985675,2.869072904961538,12.52815901364702,TMA,6.833763401080776,TMA,7.367948158093814,TMA,7.367948158093814,3.0,False,9.52815901364702,B77L,A321,,,,False,
21948.0,VLG6LC,VLG91MM,18.926608664985675,2.869072904961538,15.914631817717128,6.483575457052009,4.704958366186709,TMA,7.367948158093814,TMA,3.7868782836255273,TMA,3.7868782836255273,3.0,False,1.704958366186709,A321,A320,,,,False,
21948.0,VLG91MM,DLH98Y,15.914631817717128,6.483575457052009,16.9918473454311,9.922730536792583,3.6039118962113226,TMA,3.7868782836255273,TMA,0.257833418625668,TMA,0.257833418625668,3.0,False,0.6039118962113226,A320,A320,,,,False,
21952.0,UAE81W,VLG6LC,24.19371840123224,14.05058199339332,19.176443642631924,2.771218081858136,12.344921881167583,TMA,6.616761789069572,TMA,7.524153181901651,TMA,7.524153181901651,3.0,False,9.344921881167583,B77L,A321,,,,False,
21952.0,VLG6LC,VLG91MM,19.176443642631924,2.771218081858136,15.87972063509672,6.22937097935627,4.777782336072531,TMA,7.524153181901651,TMA,4.037868464638577,TMA,4.037868464638577,3.0,False,1.7777823360725309,A321,A320,,,,False,
21952.0,VLG91MM,DLH98Y,15.87972063509672,6.22937097935627,16.837963538025512,9.829544252454331,3.7255170187965865,TMA,4.037868464638577,TMA,0.4373596954577155,TMA,0.4373596954577155,3.0,False,0.7255170187965865,A320,A320,,,,False,
21956.0,UAE81W,VLG91MM,23.998804915205607,13.961776047248566,15.84901688997606,5.979428574976234,11.407756835779216,TMA,6.4040168255329455,TMA,4.284134389303857,TMA,4.284134389303857,3.0,False,8.407756835779216,B77L,A320,,,,False,
21956.0,VLG91MM,DLH98Y,15.84901688997606,5.979428574976234,16.707089845346037,9.695872026319469,3.814215662986216,TMA,4.284134389303857,TMA,0.6185158710613353,TMA,0.6185158710613353,3.0,False,0.8142156629862161,A320,A320,,,,False,
21960.0,UAE81W,VLG91MM,23.80389649640676,13.872927103999556,15.813530346766711,5.720189019661842,11.415475876069474,TMA,6.191353427721548,TMA,4.541333112050018,TMA,4.541333112050018,3.0,False,8.415475876069474,B77L,A320,,,,False,
21960.0,VLG91MM,DLH98Y,15.813530346766711,5.720189019661842,16.609747724042325,9.541149825200778,3.903037738651832,TMA,4.541333112050018,TMA,0.7886947826954783,TMA,0.7886947826954783,3.0,False,0.903037738651832,A320,A320,,,,False,
21964.0,UAE81W,VLG91MM,23.616298933915733,13.786462117964527,15.77945082116448,5.461558100261221,11.433294155505033,TMA,5.986271596116717,TMA,4.798010035995211,TMA,4.798010035995211,3.0,False,8.433294155505033,B77L,A320,,,,False,
21964.0,VLG91MM,DLH98Y,15.77945082116448,5.461558100261221,16.54839922302975,9.365656220840648,3.9791033889361276,TMA,4.798010035995211,TMA,0.9518257006456728,TMA,0.9518257006456728,3.0,False,0.9791033889361276,A320,A320,,,,False,
21968.0,UAE81W,VLG91MM,23.42871563925203,13.699937861138531,15.746409649142375,5.207482541263805,11.451620963241108,TMA,5.781276071636268,TMA,5.05045599100427,TMA,5.05045599100427,3.0,False,8.451620963241108,B77L,A320,,,,False,
21968.0,VLG91MM,DLH98Y,15.746409649142375,5.207482541263805,16.512478090934653,9.184869738141876,4.050490065584613,TMA,5.05045599100427,TMA,1.1096185211363456,TMA,1.1096185211363456,3.0,False,1.0504900655846132,A320,A320,,,,False,
21972.0,UAE81W,VLG91MM,23.24810660555758,13.61688416749468,15.711589244301337,4.955639009222397,11.481126322282664,TMA,5.584147608935648,TMA,5.301630688674424,TMA,5.301630688674424,3.0,False,8.481126322282664,B77L,A320,,,,False,
21972.0,VLG91MM,DLH98Y,15.711589244301337,4.955639009222397,16.49728745147599,8.989126169936467,4.109299252719705,TMA,5.301630688674424,TMA,1.2747955406354974,TMA,1.2747955406354974,3.0,False,1.1092992527197048,A320,A320,,,,False,
21976.0,UAE81W,VLG91MM,23.067722418577095,13.53377717859908,15.65751710850524,4.700202441420748,11.53009910515657,TMA,5.387302224888344,TMA,5.561922718076981,TMA,5.561922718076981,3.0,False,8.53009910515657,B77L,A320,,,,False,
21976.0,VLG91MM,DLH98Y,15.65751710850524,4.700202441420748,16.497382071433496,8.787014933067677,4.172218773966181,TMA,5.561922718076981,TMA,1.4455167196301668,TMA,1.4455167196301668,3.0,False,1.172218773966181,A320,A320,,,,False,
21980.0,UAE81W,VLG91MM,22.890489266123865,13.452618318331226,15.553903842152192,4.462482151988764,11.603793947352406,TMA,5.194295104922216,TMA,5.81928559391341,TMA,5.81928559391341,3.0,False,8.603793947352406,B77L,A320,,,,False,
21980.0,VLG91MM,DLH98Y,15.553903842152192,4.462482151988764,16.502174346033595,8.583250641327789,4.228468977213965,TMA,5.81928559391341,TMA,1.622850351962961,TMA,1.622850351962961,3.0,False,1.2284689772139652,A320,A320,,,,False,
21984.0,UAE81W,VLG91MM,22.71315789806564,13.371603832713827,15.430563391565116,4.237306834336311,11.682104450854737,TMA,5.001433925434862,TMA,6.070611366678398,TMA,6.070611366678398,3.0,False,8.682104450854737,B77L,A320,,,,False,
21984.0,VLG91MM,DLH98Y,15.430563391565116,4.237306834336311,16.50315671378012,8.364789561351001,4.264571502116577,TMA,6.070611366678398,TMA,1.8207878667282944,TMA,1.8207878667282944,3.0,False,1.2645715021165769,A320,A320,,,,False,
21988.0,UAE81W,VLG91MM,22.5396023677879,13.29214675014387,15.28080890437419,4.024535929401516,11.771945160815113,TMA,4.812750656154716,TMA,6.318620452545919,TMA,6.318620452545919,3.0,False,8.771945160815113,B77L,A320,,,,False,
21988.0,VLG91MM,DLH98Y,15.28080890437419,4.024535929401516,16.508723843060746,8.148594396328075,4.302979588062004,TMA,6.318620452545919,TMA,2.019210891729065,TMA,2.019210891729065,3.0,False,1.302979588062004,A320,A320,,,,False,
21992.0,UAE81W,VLG91MM,22.36950065773909,13.214046049435176,15.08864258813347,3.852911342286492,11.859246908430777,TMA,4.627871871072778,TMA,6.542293768983894,TMA,6.542293768983894,3.0,False,8.859246908430777,B77L,A320,,,,False,
21992.0,VLG91MM,DLH98Y,15.08864258813347,3.852911342286492,16.51537067366646,7.927525201848294,4.317178608140016,TMA,6.542293768983894,TMA,2.225244546534732,TMA,2.225244546534732,3.0,False,1.3171786081400159,A320,A320,,,,False,
21996.0,UAE81W,VLG91MM,22.1957656009964,13.13441303785174,14.866206463160978,3.70566823973137,11.942515045965346,TMA,4.439319150567847,TMA,6.755991741908926,TMA,6.755991741908926,3.0,False,8.942515045965346,B77L,A320,,,,False,
21996.0,VLG91MM,DLH98Y,14.866206463160978,3.70566823973137,16.519916292990285,7.698206767360479,4.321471982539848,TMA,6.755991741908926,TMA,2.4424411404681248,TMA,2.4424411404681248,3.0,False,1.3214719825398484,A320,A320,,,,False,
22000.0,UAE81W,VLG91MM,22.025706055959407,13.056508304320454,14.628743424626467,3.6034102502550622,12.003171205523598,TMA,4.255001699113323,TMA,6.937175933877437,TMA,6.937175933877437,3.0,False,9.003171205523598,B77L,A320,,,,False,
22000.0,VLG91MM,DLH98Y,14.628743424626467,3.6034102502550622,16.522395075976114,7.46096635393677,4.297284685672016,TMA,6.937175933877437,TMA,2.669866530404946,TMA,2.669866530404946,3.0,False,1.2972846856720164,A320,A320,,,,False,
22004.0,DLH97F,DLH98Y,18.159984504203365,10.466992028227937,16.523886918997455,7.218559913143004,3.6371866208144694,TWR,0.4029754688864873,TMA,2.9041194351078805,TMA,2.9041194351078805,3.0,False,0.6371866208144694,A321,A320,,,,False,
22004.0,DLH98Y,VLG91MM,16.523886918997455,7.218559913143004,14.373027436719378,3.5330471203033715,4.267224045991739,TMA,2.9041194351078805,TMA,7.101187524320401,TMA,7.101187524320401,3.0,False,1.267224045991739,A320,A320,,,,False,
22008.0,UAE81W,DLH98Y,21.685476305158023,12.899891647828278,16.524417826210534,6.971306872145914,7.860320735540533,TMA,3.886591559572956,TMA,3.144550144172868,TMA,3.144550144172868,3.0,False,4.860320735540533,B77L,A320,,,,False,
22008.0,DLH98Y,VLG91MM,16.524417826210534,6.971306872145914,14.106757947422436,3.4968223756166443,4.23286212935455,TMA,3.144550144172868,TMA,7.2448555345612,TMA,7.2448555345612,3.0,False,1.23286212935455,A320,A320,,,,False,
22012.0,UAE81W,DLH98Y,21.521942402533966,12.82606241310694,16.522768234247835,6.715466333670564,7.895006447805001,TMA,3.710804495035409,TMA,3.3948162611814103,TMA,3.3948162611814103,3.0,False,4.895006447805001,B77L,A320,,,,False,
22012.0,DLH98Y,DLH97F,16.522768234247835,6.715466333670564,17.885752468278753,10.334027666465472,3.8667443853214953,TMA,3.3948162611814103,TMA,0.7077268494213349,TMA,0.7077268494213349,3.0,False,0.8667443853214953,A320,A321,,,,False,
22016.0,UAE81W,DLH98Y,21.3587057713468,12.750826344926708,16.52323418355619,6.465647115784451,7.930022914139118,TMA,3.5347803506065056,TMA,3.639541233897959,TMA,3.639541233897959,3.0,False,4.930022914139118,B77L,A320,,,,False,
22016.0,DLH98Y,DLH97F,16.52323418355619,6.465647115784451,17.725511882213624,10.261131438776264,3.9813531507222057,TMA,3.639541233897959,TMA,0.5502662279844016,TMA,0.5502662279844016,3.0,False,0.9813531507222057,A320,A321,,,,False,
22020.0,UAE81W,DLH98Y,21.202765840476182,12.678785396939832,16.51856998621293,6.206865470592161,7.989207616162761,TMA,3.3668894773479288,TMA,3.894655637474268,TMA,3.894655637474268,3.0,False,4.989207616162761,B77L,A320,,,,False,
22020.0,DLH98Y,DLH97F,16.51856998621293,6.206865470592161,17.562116671475795,10.187449191805085,4.115098594919499,TMA,3.894655637474268,TMA,0.3710289902486983,TMA,0.3710289902486983,3.0,False,1.1150985949194991,A320,A321,,,,False,
22024.0,UAE81W,DLH98Y,21.05043078253802,12.608177000255129,16.513728738759667,5.95016227110255,8.056725486674804,TMA,3.203134403616683,TMA,4.148211775469511,TMA,4.148211775469511,3.0,False,5.056725486674804,B77L,A320,,,,False,
22024.0,DLH98Y,DLH97F,16.513728738759667,5.95016227110255,17.39143362943057,10.110248794221045,4.251668584795826,TMA,4.148211775469511,TMA,0.1837114897144228,TMA,0.1837114897144228,3.0,False,1.2516685847958264,A320,A321,,,,False,
22028.0,UAE81W,DLH98Y,20.898357583044625,12.536981147242086,16.50609695276404,5.692078277892762,8.132936046418871,TMA,3.0396693465483144,TMA,4.403953839411252,TMA,4.403953839411252,3.0,False,5.132936046418871,B77L,A320,,,,False,
22028.0,DLH98Y,DLH97F,16.50609695276404,5.692078277892762,17.230019078400694,10.033198003793432,4.401066202477555,TMA,4.403953839411252,TMA,0.0082970214386609,TMA,0.0082970214386609,3.0,False,1.4010662024775549,A320,A321,,,,False,
22032.0,UAE81W,DLH98Y,20.745608981945423,12.466824862289126,16.496420319381915,5.427604204189638,8.222300880135247,TMA,2.876856065266794,TMA,4.666597017228738,TMA,4.666597017228738,3.0,False,5.222300880135247,B77L,A320,,,,False,
22032.0,DLH98Y,DLH97F,16.496420319381915,5.427604204189638,17.06721575315987,9.948268155413013,4.556556812672514,TMA,4.666597017228738,TMA,0.1792824507220654,TMA,0.1792824507220654,3.0,False,1.5565568126725138,A320,A321,,,,False,
22036.0,UAE81W,DLH98Y,20.596528979573225,12.398272451946646,16.4872391060926,5.168154896522194,8.316301048515937,TMA,2.718519926038173,TMA,4.924412575013536,TMA,4.924412575013536,3.0,False,5.316301048515937,B77L,A320,,,,False,
22036.0,DLH98Y,DLH97F,16.4872391060926,5.168154896522194,16.92718912326785,9.825836454839257,4.678413568326273,TMA,4.924412575013536,TMA,0.3634852043365614,TMA,0.3634852043365614,3.0,False,1.678413568326273,A320,A321,,,,False,
22040.0,UAE81W,DLH98Y,20.440978271344687,12.3247731560238,16.476986570426632,4.9103211372707385,8.407575687636632,TMA,2.5527821778176265,TMA,5.18096281003185,TMA,5.18096281003185,3.0,False,5.407575687636632,B77L,A320,,,,False,
22040.0,DLH98Y,DLH97F,16.476986570426632,4.9103211372707385,16.812835458355625,9.6859128538998,4.787386627321764,TMA,5.18096281003185,TMA,0.5399743308649907,TMA,0.5399743308649907,3.0,False,1.787386627321764,A320,A321,,,,False,
22044.0,UAE81W,DLH98Y,20.294720546928183,12.258295611898143,16.46706091733994,4.652797910354251,8.514374523602367,TMA,2.39953179529443,TMA,5.4373008345769165,TMA,5.4373008345769165,3.0,False,5.514374523602367,B77L,A320,,,,False,
22044.0,DLH98Y,DLH97F,16.46706091733994,4.652797910354251,16.728545810305082,9.52009572046399,4.874316600462885,TMA,5.4373008345769165,TMA,0.7154197153875985,TMA,0.7154197153875985,3.0,False,1.874316600462885,A320,A321,,,,False,
22048.0,UAE81W,DLH98Y,20.14510278033554,12.189500232884097,16.456521198828828,4.392055584374629,8.625878339624292,TMA,2.2432862028700096,TMA,5.69703556723916,TMA,5.69703556723916,3.0,False,5.6258783396242915,B77L,A320,,,,False,
22048.0,DLH98Y,DLH97F,16.456521198828828,4.392055584374629,16.675075442401543,9.341492736243069,4.954260194789856,TMA,5.69703556723916,TMA,0.8855488088646276,TMA,0.8855488088646276,3.0,False,1.954260194789856,A320,A321,,,,False,
22052.0,UAE81W,DLH98Y,19.99238714640858,12.117897759940089,16.447390627569575,4.131529278726084,8.737796165870954,TMA,2.084162040720446,TMA,5.956479201579892,TMA,5.956479201579892,3.0,False,5.737796165870954,B77L,A320,,,,False,
22052.0,DLH98Y,DLH97F,16.447390627569575,4.131529278726084,16.634039369476334,9.155066510483396,5.027003488332516,TMA,5.956479201579892,TMA,1.060674536921154,TMA,1.060674536921154,3.0,False,2.0270034883325163,A320,A321,,,,False,
22056.0,UAE81W,DLH98Y,19.842435813004236,12.048437073235958,16.44079646106145,3.871255503824193,8.856491895768505,TMA,1.9301143972447488,TMA,6.215456665824342,TMA,6.215456665824342,3.0,False,5.856491895768505,B77L,A320,,,,False,
22056.0,DLH98Y,DLH97F,16.44079646106145,3.871255503824193,16.61095928159608,8.963348929372179,5.094935803324839,TMA,6.215456665824342,TMA,1.2360354754034464,TMA,1.2360354754034464,3.0,False,2.094935803324839,A320,A321,,,,False,
22060.0,UAE81W,DLH98Y,19.69875113433744,11.983283654511013,16.43662765306878,3.614577001474168,8.982020966999995,TMA,1.7854455835985268,TMA,6.470681191202539,TMA,6.470681191202539,3.0,False,5.982020966999995,B77L,A320,,,,False,
22060.0,DLH98Y,DLH97F,16.43662765306878,3.614577001474168,16.5939790360289,8.766441378337008,5.154266777661766,TMA,6.470681191202539,TMA,1.4179454919328227,TMA,1.4179454919328227,3.0,False,2.154266777661766,A320,A321,,,,False,
22064.0,UAE81W,DLH98Y,19.545424792270197,11.910878161048696,16.434452558173145,3.358298188381385,9.100811635793415,TMA,1.6314973131100132,TMA,6.725388041352962,TMA,6.725388041352962,3.0,False,6.100811635793415,B77L,A320,,,,False,
22064.0,DLH98Y,DLH97F,16.434452558173145,3.358298188381385,16.580650306544868,8.566366378606222,5.210119773638681,TMA,6.725388041352962,TMA,1.605017807652059,TMA,1.605017807652059,3.0,False,2.210119773638681,A320,A321,,,,False,
22068.0,UAE81W,DLH98Y,19.404063492246813,11.847155340589785,16.431850594200473,3.093762787098097,9.244237702852343,TMA,1.495015765562902,TMA,6.988462474534504,TMA,6.988462474534504,3.0,False,6.2442377028523435,B77L,A320,,,,False,
22068.0,DLH98Y,DLH97F,16.431850594200473,3.093762787098097,16.568091855962184,8.355887477075537,5.263888100470658,TMA,6.988462474534504,TMA,1.804405623918908,TMA,1.804405623918908,3.0,False,2.263888100470658,A320,A321,,,,False,
22072.0,UAE81W,DLH98Y,19.258507092308477,11.78084508540554,16.431593174053873,2.832398544304675,9.38435601414192,TMA,1.3580700676765705,TMA,7.248235725950743,TMA,7.248235725950743,3.0,False,6.38435601414192,B77L,A320,,,,False,
22072.0,DLH98Y,DLH97F,16.431593174053873,2.832398544304675,16.5642426272668,8.149057498012484,5.318313483377892,TMA,7.248235725950743,TMA,1.9998136280846783,TMA,1.9998136280846783,3.0,False,2.3183134833778922,A320,A321,,,,False,
22076.0,UAE81W,DLH98Y,19.111330902794776,11.708050558798217,16.430031928233127,2.5637470050567366,9.529304889337649,TMA,1.220238524967505,TMA,7.51550357377677,TMA,7.51550357377677,3.0,False,6.529304889337649,B77L,A320,,,,False,
22076.0,DLH98Y,DLH97F,16.430031928233127,2.5637470050567366,16.558923910665797,7.92821280177483,5.366014016688152,TMA,7.51550357377677,TMA,2.2111277696639524,TMA,2.2111277696639524,3.0,False,2.366014016688152,A320,A321,,,,False,
22080.0,UAE81W,DLH98Y,18.97157228466873,11.64682539059971,16.423773496273114,2.2853001007916696,9.7020324890131,TMA,1.103318116664278,TMA,7.793091504424705,TMA,7.793091504424705,3.0,False,6.702032489013099,B77L,A320,,,,False,
22080.0,DLH98Y,DLH97F,16.423773496273114,2.2853001007916696,16.559278838535555,7.708222157217127,5.424614763082017,TMA,7.793091504424705,TMA,2.4217717043642506,TMA,2.4217717043642506,3.0,False,2.424614763082017,A320,A321,,,,False,
22084.0,UAE81W,DLH98Y,18.8272899888932,11.5836868087461,16.418269874850864,2.014710839567944,9.867556891580081,TMA,0.9928859533662884,TMA,8.062849722929375,TMA,8.062849722929375,3.0,False,6.867556891580081,B77L,A320,,,,False,
22084.0,DLH98Y,DLH97F,16.418269874850864,2.014710839567944,16.558107553087055,7.478628773038902,5.4657070686197615,TMA,8.062849722929375,TMA,2.643622079499474,TMA,2.643622079499474,3.0,False,2.4657070686197615,A320,A321,,,,False,
22088.0,UAE81W,DLH98Y,18.684770255515563,11.51739219274059,16.408975267686454,1.733604958345355,10.044985588568222,TMA,0.8938352569021264,TMA,8.343501265617762,TMA,8.343501265617762,3.0,False,7.044985588568222,B77L,A320,,,,False,
22088.0,THY1852,DLH97F,18.20927640809025,10.484295071229626,16.561201358808866,7.254718265479131,3.625785116675478,TWR,0.3510380689814086,TMA,2.8601758063966347,TMA,2.8601758063966347,3.0,False,0.6257851166754782,B738,A321,,,,False,
22092.0,UAE81W,DLH98Y,18.54856727396436,11.452698656212124,16.400723080237537,1.456568741953558,10.22427738000398,TMA,0.8150703535113965,TMA,8.620041864949998,TMA,8.620041864949998,3.0,False,7.224277380003979,B77L,A320,,,,False,
22092.0,DLH98Y,DLH97F,16.400723080237537,1.456568741953558,16.560725990383972,7.017370602709047,5.5631032945503565,TMA,8.620041864949998,TMA,3.091675363048393,TMA,3.091675363048393,3.0,False,2.5631032945503565,A320,A321,,,,False,
22096.0,UAE81W,DLH98Y,18.41549357131025,11.39116975294544,16.392724020623056,1.1764934989282807,10.41303066496826,TMA,0.7611002777061661,TMA,8.899623109849095,TMA,8.899623109849095,3.0,False,7.413030664968259,B77L,A320,,,,False,
22096.0,UAE81W,DLH98Y,18.41549357131025,11.39116975294544,16.392724020623056,1.1764934989282807,10.41303066496826,TMA,0.7350929393975877,TMA,8.899623109849095,TMA,8.899623109849095,3.0,False,7.413030664968259,B77L,A320,,,,False,
22096.0,DLH98Y,DLH97F,16.392724020623056,1.1764934989282807,16.56078904116432,6.7782875898929,5.604314667173468,TMA,8.899623109849095,TMA,3.3255932790721943,TMA,3.3255932790721943,3.0,False,2.604314667173468,A320,A321,,,,False,
22096.0,THY1852,UAE81W,17.95866284857781,10.369121448323092,18.28369079182398,11.33236793532763,1.0166056062295832,TWR,0.6268112515176619,TMA,0.7611002777061661,TMA,0.7611002777061661,3.0,True,-1.9833943937704168,B738,B77L,,,,False,
22096.0,THY1852,UAE81W,17.95866284857781,10.369121448323092,18.28369079182398,11.33236793532763,1.0166056062295832,TWR,0.6268112515176619,TMA,0.7350929393975877,TMA,0.7350929393975877,3.0,False,-1.9833943937704168,B738,B77L,,,,False,
22100.0,DLH98Y,DLH97F,16.382761424049907,0.8930686954706251,16.56066791970633,6.537128256630172,5.646862761845134,TMA,9.18275643936414,TMA,3.562271850695809,TMA,3.562271850695809,3.0,False,2.646862761845134,A320,A321,,,,False,
22100.0,DLH97F,THY1852,16.56066791970633,6.537128256630172,17.808307510681065,10.29945366219546,3.963798305455213,TMA,3.562271850695809,TMA,0.6414922327678455,TMA,0.6414922327678455,3.0,False,0.9637983054552128,A321,B738,,,,False,
22100.0,THY1852,UAE81W,17.808307510681065,10.29945366219546,18.148592688621324,11.272450916974767,1.0307849727920468,TMA,0.6414922327678455,TMA,0.7376731443037118,TMA,0.7376731443037118,3.0,False,-1.9692150272079532,B738,B77L,,,,False,
22104.0,DLH97F,THY1852,16.559857505714046,6.29386406464201,17.645228609004125,10.22232228970022,4.0756366935590105,TMA,3.801706778177069,TMA,0.4611472138486907,TMA,0.4611472138486907,3.0,False,1.0756366935590105,A321,B738,,,,False,
22104.0,THY1852,UAE81W,17.645228609004125,10.22232228970022,18.024220417880983,11.210673160157402,1.0585236106621443,TMA,0.4611472138486907,TMA,0.7606936540518607,TMA,0.7606936540518607,3.0,False,-1.9414763893378557,B738,B77L,,,,False,
22108.0,DLH97F,THY1852,16.555286404146177,6.04145109871824,17.469376600536794,10.14159113699086,4.200798640804345,TMA,4.051242015524185,TMA,0.2677007952716388,TMA,0.2677007952716388,3.0,False,1.2007986408043454,A321,B738,,,,False,
22108.0,THY1852,UAE81W,17.469376600536794,10.14159113699086,17.906812200078527,11.15889906958443,1.1073686529174647,TMA,0.2677007952716388,TMA,0.80832113610072,TMA,0.80832113610072,3.0,False,-1.8926313470825353,B738,B77L,,,,False,
22112.0,DLH97F,THY1852,16.55049794422698,5.794686513593333,17.293476821680372,10.054518567504337,4.324140000031168,TMA,4.295573071821582,TMA,0.0727218917157754,TMA,0.0727218917157754,3.0,False,1.3241400000311678,A321,B738,,,,False,
22112.0,THY1852,UAE81W,17.293476821680372,10.054518567504337,17.81023817398211,11.111291991057117,1.1763555431756954,TMA,0.0727218917157754,TMA,0.8571794904077581,TMA,0.8571794904077581,3.0,False,-1.8236444568243046,B738,B77L,,,,False,
22116.0,DLH97F,THY1852,16.542942725123133,5.541738247859428,17.12213786656886,9.971827250609836,4.467790906495563,TMA,4.5466999271533135,TMA,0.1201071170784872,TMA,0.1201071170784872,3.0,False,1.467790906495563,A321,B738,,,,False,
22120.0,DLH97F,THY1852,16.533901512202153,5.290294522156291,16.94770403890003,9.883644079896593,4.611951072018715,TMA,4.796754220771765,TMA,0.3151250863140867,TMA,0.3151250863140867,3.0,False,1.611951072018715,A321,B738,,,,False,
22124.0,DLH97F,THY1852,16.523065715761497,5.03656126197536,16.77462454553901,9.79517620277877,4.765259489227891,TMA,5.049478700288138,TMA,0.5094219671408684,TMA,0.5094219671408684,3.0,False,1.7652594892278914,A321,B738,,,,False,
22128.0,DLH97F,THY1852,16.51068935279115,4.783631883103705,16.611509151695792,9.682054300971942,4.899459849383938,TMA,5.301731760451552,TMA,0.7070444487283071,TMA,0.7070444487283071,3.0,False,1.8994598493839376,A321,B738,,,,False,
22132.0,DLH97F,THY1852,16.49763170892302,4.527839062400866,16.473841601304482,9.5313635506206,5.003581044955209,TMA,5.55700176944605,TMA,0.9038567537566068,TMA,0.9038567537566068,3.0,False,2.003581044955209,A321,B738,,,,False,
22136.0,DLH97F,THY1852,16.481405332585673,4.269440080693358,16.370124885819724,9.365078403490225,5.09685326987039,TMA,5.815335286831704,TMA,1.0858147053970733,TMA,1.0858147053970733,3.0,False,2.0968532698703903,A321,B738,,,,False,
22140.0,DLH97F,THY1852,16.467583573775993,4.014907670803396,16.310507161924164,9.175431243316751,5.1629135710009955,TMA,6.069581697404932,TMA,1.2550547122825195,TMA,1.2550547122825195,3.0,False,2.1629135710009955,A321,B738,,,,False,
22144.0,DLH97F,THY1852,16.45546901008427,3.760344060351716,16.284916518228872,8.984028173347419,5.226467627838307,TMA,6.323704909926125,TMA,1.4103480654724974,TMA,1.4103480654724974,3.0,False,2.226467627838307,A321,B738,,,,False,
22148.0,DLH97F,THY1852,16.445202870647005,3.5012247658611573,16.293350934340232,8.787653106060123,5.288608853622937,TMA,6.582189472389258,TMA,1.5574257394781277,TMA,1.5574257394781277,3.0,False,2.2886088536229368,A321,B738,,,,False,
22152.0,DLH97F,THY1852,16.435521833131926,3.241956106427937,16.31582769654257,8.592499628479658,5.351882161231085,TMA,6.840818476922864,TMA,1.7059119662053226,TMA,1.7059119662053226,3.0,False,2.351882161231085,A321,B738,,,,False,
22156.0,DLH97F,THY1852,16.424849358179582,2.9707683943643928,16.338808748405626,8.389879837277567,5.4197944441872306,TMA,7.111462363688765,TMA,1.8696335243114155,TMA,1.8696335243114155,3.0,False,2.4197944441872306,A321,B738,,,,False,
22160.0,DLH97F,THY1852,16.416459382205236,2.7042683619189405,16.357986366366468,8.187531237008928,5.483574641684145,TMA,7.3772523084437,TMA,2.041972095838687,TMA,2.041972095838687,3.0,False,2.483574641684145,A321,B738,,,,False,
22164.0,DLH97F,THY1852,16.40626439661361,2.422821978803831,16.371265878969478,7.981371948266172,5.558660149644614,TMA,7.658154518712284,TMA,2.2253226663895487,TMA,2.2253226663895487,3.0,False,2.5586601496446137,A321,B738,,,,False,
22168.0,DLH97F,THY1852,16.398717590888854,2.149172717731472,16.38560112737753,7.783599188011789,5.634441737262935,TMA,7.9310780746451055,TMA,2.404201927667005,TMA,2.404201927667005,3.0,False,2.634441737262935,A321,B738,,,,False,
22172.0,DLH97F,THY1852,16.391735021590577,1.875725107772136,16.391974977270323,7.580841431086362,5.705116328360462,TMA,8.20379912977386,TMA,2.5931803170977137,TMA,2.5931803170977137,3.0,False,2.705116328360462,A321,B738,,,,False,
22176.0,DLH97F,THY1852,16.386234963076383,1.5946320968031935,16.397077271005855,7.3820212303468145,5.787399289724187,TMA,8.48403441315038,TMA,2.7807294244266103,TMA,2.7807294244266103,3.0,False,2.7873992897241866,A321,B738,,,,False,
22216.0,THY1852,VLG700D,16.409521812490183,5.188392067950399,17.794259310815683,10.300623972252332,5.296452867970348,TMA,4.916660137399741,TMA,0.6291855188637124,TMA,0.6291855188637124,3.0,False,2.2964528679703484,B738,A320,,,,False,
22220.0,THY1852,VLG700D,16.411767667069086,4.936302577534423,17.62878111530577,10.221298795398212,5.423311419789896,TMA,5.165091984153126,TMA,0.4457066654842674,TMA,0.4457066654842674,3.0,False,2.423311419789896,B738,A320,,,,False,
22224.0,THY1852,VLG700D,16.41553744036001,4.681531077893839,17.46429475088411,10.14149708530471,5.559777036757856,TMA,5.416287509414781,TMA,0.262990473245532,TMA,0.262990473245532,3.0,False,2.559777036757856,B738,A320,,,,False,
22228.0,THY1852,VLG700D,16.419002964737054,4.423757823769299,17.300924288463186,10.065199933457976,5.70996097168899,TMA,5.6708193503918105,TMA,0.0829331601910447,TMA,0.0829331601910447,3.0,False,2.7099609716889903,B738,A320,,,,False,
22232.0,THY1852,VLG700D,16.42206958744371,4.1642170709085615,17.13951524963349,9.984308500345174,5.864144654184141,TMA,5.927438646175951,TMA,0.0987396116607015,TMA,0.0987396116607015,3.0,False,2.864144654184141,B738,A320,,,,False,
22236.0,THY1852,VLG700D,16.42417267327942,3.905365560272812,16.992617351263284,9.876789336710145,5.998419064197606,TMA,6.183744186074287,TMA,0.2806461462799873,TMA,0.2806461462799873,3.0,False,2.9984190641976056,B738,A320,,,,False,
22240.0,THY1852,VLG700D,16.4287849488615,3.651078403930773,16.877297215093954,9.738756340386091,6.104177742412638,TMA,6.435414706667594,TMA,0.4566448740811213,TMA,0.4566448740811213,3.0,False,3.104177742412638,B738,A320,,,,False,
22244.0,THY1852,VLG700D,16.431003666569612,3.393614504317689,16.782596224110765,9.58364260756078,6.200005261728217,TMA,6.690723770457487,TMA,0.6321533651787298,TMA,0.6321533651787298,3.0,False,3.200005261728217,B738,A320,,,,False,
22248.0,THY1852,VLG700D,16.42847639403244,3.1384176319517225,16.721708421828506,9.400563211766055,6.269007280655653,TMA,6.944481555749615,TMA,0.810289631474725,TMA,0.810289631474725,3.0,False,3.2690072806556527,B738,A320,,,,False,
22252.0,THY1852,VLG700D,16.422068348417387,2.8756580165972463,16.681590856974367,9.21343331801753,6.343086606987224,TMA,7.206288479806226,TMA,0.9857561207372904,TMA,0.9857561207372904,3.0,False,3.3430866069872236,B738,A320,,,,False,
22256.0,THY1852,VLG700D,16.415311771898303,2.6178751927117068,16.64935995797769,9.01349199880618,6.39989788073256,TMA,7.463257902952423,TMA,1.1734891154991105,TMA,1.1734891154991105,3.0,False,3.39989788073256,B738,A320,,,,False,
22260.0,THY1852,VLG700D,16.408168779256197,2.3596226123853503,16.627887943540706,8.8145887069396,6.4587044980397454,TMA,7.720795372321931,TMA,1.35978386046957,TMA,1.35978386046957,3.0,False,3.4587044980397454,B738,A320,,,,False,
22264.0,THY1852,VLG700D,16.40043909348756,2.0933018662678973,16.610823592121296,8.603036556331205,6.513133452669229,TMA,7.986471154469755,TMA,1.5593923348601162,TMA,1.5593923348601162,3.0,False,3.513133452669229,B738,A320,,,,False,
22304.0,VLG6ZP,VLG700D,18.22897184562598,10.497700690636014,16.59711872783659,6.1618552138688765,4.63276381833145,TWR,0.3274795116798737,TMA,3.925649270111613,TMA,3.925649270111613,3.0,False,1.6327638183314503,A20N,A320,,,,False,
22316.0,VLG700D,VLG6ZP,16.58508555821492,5.384339499276345,17.8182287652288,10.316485602864914,5.083965711543339,TMA,4.696480017804348,TMA,0.6576075530186677,TMA,0.6576075530186677,3.0,False,2.083965711543339,A320,A20N,,,,False,
22320.0,VLG700D,VLG6ZP,16.58073241516606,5.1303386945034495,17.6544151477752,10.234943673839732,5.216300087741099,TMA,4.948811318827415,TMA,0.4746908594239719,TMA,0.4746908594239719,3.0,False,2.216300087741099,A320,A20N,,,,False,
22324.0,VLG700D,VLG6ZP,16.57382531034948,4.873896856600613,17.49423480302166,10.16135316861228,5.366968221038119,TMA,5.20404878851892,TMA,0.2984148653052527,TMA,0.2984148653052527,3.0,False,2.3669682210381193,A320,A20N,,,,False,
22328.0,VLG700D,VLG6ZP,16.564389360261295,4.610751347231395,17.341314698892976,10.090538344686678,5.53458928189689,TMA,5.466367076843974,TMA,0.1298988561599344,TMA,0.1298988561599344,3.0,False,2.5345892818968903,A320,A20N,,,,False,
22332.0,VLG700D,VLG6ZP,16.55518065089516,4.352293955809124,17.178523695696143,10.010574929661418,5.692512637716374,TMA,5.72409415003288,TMA,0.0517422067802013,TMA,0.0517422067802013,3.0,False,2.6925126377163737,A320,A20N,,,,False,
22336.0,VLG700D,VLG6ZP,16.543468381559304,4.094058961392638,17.0337854252821,9.9236962714719,5.8502206770713565,TMA,5.981961254175694,TMA,0.2205528195079777,TMA,0.2205528195079777,3.0,False,2.8502206770713565,A320,A20N,,,,False,
22340.0,VLG700D,VLG6ZP,16.531154413134143,3.831855244414223,16.91407203493795,9.802383269329354,5.9827945645312655,TMA,6.243891719009792,TMA,0.3879678879236298,TMA,0.3879678879236298,3.0,False,2.9827945645312655,A320,A20N,,,,False,
22344.0,VLG700D,VLG6ZP,16.519672546939457,3.569344169292145,16.819256798618678,9.646525660663336,6.084561249828846,TMA,6.506083076780667,TMA,0.5617663402736317,TMA,0.5617663402736317,3.0,False,3.0845612498288464,A320,A20N,,,,False,
22348.0,VLG700D,VLG6ZP,16.507244110587383,3.3069618263127456,16.75450089328245,9.48929087279064,6.187271479053831,TMA,6.7682906958449855,TMA,0.7208718419157979,TMA,0.7208718419157979,3.0,False,3.1872714790538312,A320,A20N,,,,False,
22352.0,VLG700D,VLG6ZP,16.494942861134657,3.040852113796682,16.704701848277832,9.314247460520187,6.276901146981643,TMA,7.03422750420659,TMA,0.8895377507101488,TMA,0.8895377507101488,3.0,False,3.2769011469816434,A320,A20N,,,,False,
22376.0,NSZ3DA,VLG6ZP,18.169495996017226,10.46700906306472,16.442417817712602,8.127282059075034,2.908113045803854,TWR,0.394375846406691,TMA,2.063314594380796,TMA,2.063314594380796,3.0,True,-0.09188695419614579,B738,A20N,,,,False,
22380.0,NSZ3DA,VLG6ZP,18.04683761117107,10.411073506547634,16.39972657058421,7.903649957395179,3.000024605710331,TWR,0.5291651719031623,TMA,2.2869247509931827,TMA,2.2869247509931827,3.0,False,2.4605710331027097e-05,B738,A20N,,,,False,
22384.0,VLG6ZP,NSZ3DA,16.354513524662483,7.674985826872326,17.914112823992895,10.347427990008107,3.094236107632668,TMA,2.5168576829130846,TMA,0.676360114692795,TMA,0.676360114692795,3.0,False,0.0942361076326681,A20N,B738,,,,False,
22388.0,VLG6ZP,NSZ3DA,16.305491566166655,7.436327199193458,17.764237727740127,10.279717221812115,3.195748298072404,TMA,2.7580152712774777,TMA,0.593204834626668,TMA,0.593204834626668,3.0,False,0.19574829807240413,A20N,B738,,,,False,
22392.0,VLG6ZP,NSZ3DA,16.25786831323132,7.198942095470028,17.602447960658928,10.203197901933482,3.2914202677485487,TMA,2.997918217830874,TMA,0.4142880029781721,TMA,0.4142880029781721,3.0,False,0.2914202677485487,A20N,B738,,,,False,
22396.0,VLG6ZP,NSZ3DA,16.207715930471966,6.955405742196647,17.432080913426685,10.12382974153635,3.3967602581102927,TMA,3.244784125938578,TMA,0.2264398080785004,TMA,0.2264398080785004,3.0,False,0.3967602581102927,A20N,B738,,,,False,
22400.0,VLG6ZP,NSZ3DA,16.155161034798454,6.705491279000293,17.255549067233932,10.043911918165026,3.5150968956670723,TMA,3.498709767873977,TMA,0.0333883335631814,TMA,0.0333883335631814,3.0,False,0.5150968956670723,A20N,B738,,,,False,
22404.0,VLG6ZP,NSZ3DA,16.09751442957436,6.446453189442626,17.077434408321363,9.95770908462906,3.6454301702582392,TMA,3.763061025675478,TMA,0.1657534433883639,TMA,0.1657534433883639,3.0,False,0.6454301702582392,A20N,B738,,,,False,
22408.0,VLG6ZP,NSZ3DA,16.040704658918532,6.188329964471248,16.904268570996216,9.868199084552522,3.779838537711716,TMA,4.026426658933339,TMA,0.3606597404025292,TMA,0.3606597404025292,3.0,False,0.7798385377117159,A20N,B738,,,,False,
22412.0,VLG6ZP,NSZ3DA,15.983879082183982,5.931438014370849,16.743791590007323,9.764043098133191,3.907214960509251,TMA,4.28873310050162,TMA,0.5514945883646932,TMA,0.5514945883646932,3.0,False,0.907214960509251,A20N,B738,,,,False,
22416.0,VLG6ZP,NSZ3DA,15.921499983143834,5.660505732682753,16.600468420790754,9.62594875980758,4.023150076829549,TMA,4.566171971203211,TMA,0.7460193400857548,TMA,0.7460193400857548,3.0,False,1.0231500768295492,A20N,B738,,,,False,
22420.0,VLG6ZP,NSZ3DA,15.864730062036372,5.400572156909237,16.477464363022925,9.470031415336532,4.115330117937698,TMA,4.831545079295071,TMA,0.9366791145067443,TMA,0.9366791145067443,3.0,False,1.115330117937698,A20N,B738,,,,False,
22424.0,VLG6ZP,NSZ3DA,15.803034458232004,5.134793338124712,16.39517752249089,9.286474876374385,4.193696818272998,TMA,5.103973657985989,TMA,1.1174776614754864,TMA,1.1174776614754864,3.0,False,1.193696818272998,A20N,B738,,,,False,
22428.0,VLG6ZP,NSZ3DA,15.728129686319628,4.867129029572504,16.324252760274735,9.111190387509671,4.2857227545931105,TMA,5.381910592929022,TMA,1.290400908812382,TMA,1.290400908812382,3.0,False,1.2857227545931105,A20N,B738,,,,False,
22432.0,VLG6ZP,NSZ3DA,15.59368192576623,4.625382996916053,16.27758505015265,8.914291185118268,4.343093014243824,TMA,5.651826253109246,TMA,1.4678752562129709,TMA,1.4678752562129709,3.0,False,1.3430930142438244,A20N,B738,,,,False,
22436.0,VLG6ZP,NSZ3DA,15.459202806997832,4.379912399614493,16.262723872256778,8.703214373858346,4.397338520379762,TMA,5.925925458526105,TMA,1.6436596415715476,TMA,1.6436596415715476,3.0,False,1.397338520379762,A20N,B738,,,,False,
22440.0,VLG6ZP,NSZ3DA,15.289192611514576,4.1636517199676994,16.256756315139487,8.496188135598748,4.439262474031187,TMA,6.183759309116567,TMA,1.8188899939813263,TMA,1.8188899939813263,3.0,False,1.439262474031187,A20N,B738,,,,False,
22444.0,VLG6ZP,NSZ3DA,15.092793181294402,3.9647947337977936,16.260688011017912,8.277915773289843,4.46844396122452,TMA,6.435259248814886,TMA,2.005291821123106,TMA,2.005291821123106,3.0,False,1.4684439612245201,A20N,B738,,,,False,
22448.0,VLG6ZP,NSZ3DA,14.8790696718343,3.784402447750341,16.2668877666545,8.054715414165386,4.490168359365028,TMA,6.677733650293465,TMA,2.201027309945378,TMA,2.201027309945378,3.0,False,1.4901683593650281,A20N,B738,,,,False,
22452.0,VLG6ZP,NSZ3DA,14.65759239624242,3.6102268657661143,16.272988310546214,7.822594196695516,4.5114900521480354,TMA,6.920108447614734,TMA,2.4098099927794854,TMA,2.4098099927794854,3.0,False,1.5114900521480354,A20N,B738,,,,False,
22456.0,VLG6ZP,NSZ3DA,14.433805586620618,3.438701763229901,16.282465628522168,7.589644291257847,4.543992497959748,TMA,7.163821959107105,TMA,2.622093829180834,TMA,2.622093829180834,3.0,False,1.5439924979597484,A20N,B738,,,,False,
22460.0,VLG8VX,VLG6ZP,18.15991942279518,10.467021738070065,14.211637550921656,3.263693091048845,8.214430798099261,TWR,0.4030217996419943,TMA,7.412774190004866,TMA,7.412774190004866,3.0,False,5.2144307980992615,A320,A20N,,,,False,
22460.0,VLG6ZP,NSZ3DA,14.211637550921656,3.263693091048845,16.292525940137736,7.347499667189143,4.583401863212633,TMA,7.412774190004866,TMA,2.8461506517073683,TMA,2.8461506517073683,3.0,False,1.5834018632126332,A20N,B738,,,,False,
22468.0,NSZ3DA,VLG8VX,16.314693837138506,6.853739755379479,17.89575965200445,10.346070549879224,3.8335549414543326,TMA,3.310569264179761,TMA,0.6935487174864974,TMA,0.6935487174864974,3.0,False,0.8335549414543326,B738,A320,,,,False,
22472.0,NSZ3DA,VLG8VX,16.326136218175755,6.605511154391087,17.73779412738069,10.271204061057302,3.9281143744300326,TMA,3.5470193188517283,TMA,0.565599150631731,TMA,0.565599150631731,3.0,False,0.9281143744300326,B738,A320,,,,False,
22476.0,NSZ3DA,VLG8VX,16.33636824364279,6.356820795072242,17.573700844268902,10.192604753340325,4.0304131970654,TMA,3.785744727139286,TMA,0.3837085861048277,TMA,0.3837085861048277,3.0,False,1.0304131970653998,B738,A320,,,,False,
22480.0,NSZ3DA,VLG8VX,16.34827921636455,6.105728172511391,17.396372977872282,10.110244283202803,4.139402108239607,TMA,4.027682664183566,TMA,0.1882534271674136,TMA,0.1882534271674136,3.0,False,1.139402108239607,B738,A320,,,,False,
22484.0,NSZ3DA,VLG8VX,16.358121126609635,5.85358860008582,17.229741062265187,10.0325179323105,4.268860699994788,TMA,4.272154498608422,TMA,0.008425082831073,TMA,0.008425082831073,3.0,False,1.2688606999947876,B738,A320,,,,False,
22488.0,NSZ3DA,VLG8VX,16.37108204285614,5.606128156951252,17.063709830966324,9.95155352343174,4.400278953488572,TMA,4.51230649842306,TMA,0.1807517890661841,TMA,0.1807517890661841,3.0,False,1.4002789534885718,B738,A320,,,,False,
22492.0,NSZ3DA,VLG8VX,16.38013013980146,5.345217337580708,16.8982709587398,9.866054469125393,4.550432757244444,TMA,4.767173643578213,TMA,0.3669638778363162,TMA,0.3669638778363162,3.0,False,1.5504327572444438,B738,A320,,,,False,
22496.0,NSZ3DA,VLG8VX,16.3916954156561,5.093677466107151,16.759841935922513,9.747864240170191,4.668724278456333,TMA,5.013019077012379,TMA,0.5460138878089222,TMA,0.5460138878089222,3.0,False,1.6687242784563328,B738,A320,,,,False,
22500.0,NSZ3DA,VLG8VX,16.403110898675788,4.839490039049878,16.65958467992401,9.596308896426534,4.7637279983603085,TMA,5.262067059131283,TMA,0.7153475263774982,TMA,0.7153475263774982,3.0,False,1.7637279983603085,B738,A320,,,,False,
22504.0,NSZ3DA,VLG8VX,16.416254898918726,4.586053536269285,16.56787061048424,9.441846353126929,4.8581592403131255,TMA,5.510611897217805,TMA,0.8851803681540578,TMA,0.8851803681540578,3.0,False,1.8581592403131255,B738,A320,,,,False,
22508.0,NSZ3DA,VLG8VX,16.43047728231638,4.333154578766633,16.515917878090082,9.252239761837703,4.919827144698837,TMA,5.758932196217771,TMA,1.0564364023520776,TMA,1.0564364023520776,3.0,False,1.9198271446988366,B738,A320,,,,False,
22512.0,NSZ3DA,VLG8VX,16.463658068061655,4.0840623460782615,16.483245722186993,9.070898236120552,4.986874358795098,TMA,6.001465926061044,TMA,1.2169375784909608,TMA,1.2169375784909608,3.0,False,1.9868743587950979,B738,A320,,,,False,
22516.0,NSZ3DA,VLG8VX,16.566240118131645,3.825998250888348,16.462606314657165,8.872719661289022,5.047785351955762,TMA,6.2459270587784665,TMA,1.3907603691053916,TMA,1.3907603691053916,3.0,False,2.0477853519557616,B738,A320,,,,False,
22520.0,NSZ3DA,VLG8VX,16.669367979963248,3.591320022102787,16.4547815130487,8.67014368329846,5.083354909240933,TMA,6.469715200705539,TMA,1.5681356851345765,TMA,1.5681356851345765,3.0,False,2.083354909240933,B738,A320,,,,False,
22524.0,IBE04GZ,VLG8VX,18.21222603229043,10.495735205715723,16.450332537364933,8.46062293121495,2.6918303544771356,TWR,0.3434956353960158,TMA,1.7557635320578373,TMA,1.7557635320578373,3.0,True,-0.3081696455228644,A320,A320,,,,False,
22528.0,IBE04GZ,VLG8VX,18.10290861391322,10.442692295859082,16.45381913285673,8.250991997869358,2.742817221897844,TWR,0.4649745808992975,TMA,1.9448200108892773,TMA,1.9448200108892773,3.0,False,-0.25718277810215584,A320,A320,,,,False,
22532.0,NSZ3DA,VLG8VX,17.062806348591636,2.883804628030691,16.45586527833978,8.028708403642051,5.180580307558073,TMA,7.155304125866737,TMA,2.150054565556115,TMA,2.150054565556115,3.0,False,2.180580307558073,B738,A320,,,,False,
22536.0,NSZ3DA,VLG8VX,17.197238267442213,2.6457548320203514,16.465066323534597,7.806459019458188,5.212383664474813,TMA,7.391608815184987,TMA,2.3560402492863144,TMA,2.3560402492863144,3.0,False,2.212383664474813,B738,A320,,,,False,
22536.0,VLG8VX,IBE04GZ,16.465066323534597,7.806459019458188,17.819332261057482,10.310658255368663,2.846936957972436,TMA,2.3560402492863144,TMA,0.6561580136155384,TMA,0.6561580136155384,3.0,True,-0.15306304202756404,A320,A320,,,,False,
22540.0,NSZ3DA,VLG8VX,17.32851903248626,2.4078577019958827,16.470790071057262,7.572972765593234,5.235848793794024,TMA,7.630193856018335,TMA,2.576538443095296,TMA,2.576538443095296,3.0,False,2.235848793794024,B738,A320,,,,False,
22540.0,VLG8VX,IBE04GZ,16.470790071057262,7.572972765593234,17.665287163197974,10.241041052625883,2.923253613253894,TMA,2.576538443095296,TMA,0.4871154191847783,TMA,0.4871154191847783,3.0,False,-0.07674638674610579,A320,A320,,,,False,
22544.0,NSZ3DA,VLG8VX,17.461831973083125,2.1687794164147727,16.476603814355776,7.334512886679471,5.258847479302119,TMA,7.872169262830299,TMA,2.8039255803614447,TMA,2.8039255803614447,3.0,False,2.258847479302119,B738,A320,,,,False,
22544.0,VLG8VX,IBE04GZ,16.476603814355776,7.334512886679471,17.493909779032165,10.161213668251664,3.0041885317514616,TMA,2.8039255803614447,TMA,0.2980612646939983,TMA,0.2980612646939983,3.0,False,0.0041885317514616105,A320,A320,,,,False,
22548.0,NSZ3DA,VLG8VX,17.604509556742332,1.9434846486233464,16.484370233624784,7.0948949955978575,5.271787236422796,TMA,8.10282970052672,TMA,3.033672110252455,TMA,3.033672110252455,3.0,False,2.271787236422796,B738,A320,,,,False,
22548.0,VLG8VX,IBE04GZ,16.484370233624784,7.0948949955978575,17.321575286347954,10.075939585642304,3.096375162692414,TMA,3.033672110252455,TMA,0.1060401391251467,TMA,0.1060401391251467,3.0,False,0.09637516269241386,A320,A320,,,,False,
22552.0,NSZ3DA,VLG8VX,17.77742920183181,1.7424392425077335,16.489403133158035,6.846697515818032,5.264262880426837,TMA,8.313400634948035,TMA,3.273830380508668,TMA,3.273830380508668,3.0,False,2.2642628804268368,B738,A320,,,,False,
22552.0,VLG8VX,IBE04GZ,16.489403133158035,6.846697515818032,17.16511469783108,10.000305874838867,3.2251870954595767,TMA,3.273830380508668,TMA,0.0685541910610884,TMA,0.0685541910610884,3.0,False,0.2251870954595767,A320,A320,,,,False,
22556.0,NSZ3DA,VLG8VX,17.976186090929453,1.5559490911172191,16.49208068132818,6.598330510660433,5.25625144441953,TMA,8.51476397062643,TMA,3.5157675674220035,TMA,3.5157675674220035,3.0,False,2.2562514444195303,B738,A320,,,,False,
22556.0,VLG8VX,IBE04GZ,16.49208068132818,6.598330510660433,17.006394485348466,9.917422783350142,3.3587039470061004,TMA,3.5157675674220035,TMA,0.2474153504126536,TMA,0.2474153504126536,3.0,False,0.3587039470061004,A320,A320,,,,False,
22560.0,NSZ3DA,VLG8VX,18.180026801272987,1.373511382668287,16.493649258620756,6.353052401311046,5.2573470470102635,TMA,8.716525552219686,TMA,3.755730334048661,TMA,3.755730334048661,3.0,False,2.2573470470102635,B738,A320,,,,False,
22560.0,VLG8VX,IBE04GZ,16.493649258620756,6.353052401311046,16.855948997025997,9.825572383676512,3.4913688044055107,TMA,3.755730334048661,TMA,0.4235914265412111,TMA,0.4235914265412111,3.0,False,0.4913688044055107,A320,A320,,,,False,
22564.0,NSZ3DA,VLG8VX,18.383976505228237,1.1955994589224566,16.494401500170152,6.110368633228706,5.265496152923406,TMA,8.917639834415109,TMA,3.993937015767053,TMA,3.993937015767053,3.0,False,2.265496152923406,B738,A320,,,,False,
22564.0,VLG8VX,IBE04GZ,16.494401500170152,6.110368633228706,16.72987772038052,9.692398402862109,3.589761318085715,TMA,3.993937015767053,TMA,0.6016316608277925,TMA,0.6016316608277925,3.0,False,0.5897613180857149,A320,A320,,,,False,
22568.0,NSZ3DA,VLG8VX,18.591454532976798,1.018096952411782,16.493384651310247,5.86541102567438,5.2818889569173955,TMA,9.122474396637523,TMA,4.235196860961432,TMA,4.235196860961432,3.0,False,2.2818889569173955,B738,A320,,,,False,
22568.0,VLG8VX,IBE04GZ,16.493384651310247,5.86541102567438,16.635013559049057,9.54136668818152,3.678683022526622,TMA,4.235196860961432,TMA,0.7690794500916921,TMA,0.7690794500916921,3.0,False,0.6786830225266218,A320,A320,,,,False,
22572.0,NSZ3DA,VLG8VX,18.794797088194617,0.8325017045120113,16.492597984591626,5.6213775384993765,5.313516017288232,TMA,9.338082599394545,TMA,4.475909264642421,TMA,4.475909264642421,3.0,False,2.313516017288232,B738,A320,,,,False,
22572.0,VLG8VX,IBE04GZ,16.492597984591626,5.6213775384993765,16.553227635979518,9.38308058121506,3.762191613435425,TMA,4.475909264642421,TMA,0.9361515577232477,TMA,0.9361515577232477,3.0,False,0.7621916134354252,A320,A320,,,,False,
22576.0,VLG8VX,IBE04GZ,16.49140731288931,5.379072205347362,16.501040393990966,9.212730088041054,3.8336699855087937,TMA,4.7153184901088645,TMA,1.0958606197702745,TMA,1.0958606197702745,3.0,False,0.8336699855087937,A320,A320,,,,False,
22580.0,VLG8VX,IBE04GZ,16.50358438775907,5.136773761724641,16.462546224600906,9.026569111647795,3.8900118245474764,TMA,4.953043960742608,TMA,1.2647645506628291,TMA,1.2647645506628291,3.0,False,0.8900118245474764,A320,A320,,,,False,
22584.0,VLG8VX,IBE04GZ,16.55450798762687,4.896374138703522,16.441104325140103,8.84032027813933,3.9455761989139213,TMA,5.1842025785390735,TMA,1.4296444365159182,TMA,1.4296444365159182,3.0,False,0.9455761989139213,A320,A320,,,,False,
22588.0,VLG8VX,IBE04GZ,16.66020920793071,4.658966054244065,16.430884866282252,8.64416749162325,3.9917941016742864,TMA,5.407699443377583,TMA,1.6025075261039794,TMA,1.6025075261039794,3.0,False,0.9917941016742864,A320,A320,,,,False,
22592.0,VLG8VX,IBE04GZ,16.78160002512172,4.450539049292745,16.4136407944139,8.43400924975792,4.000428581221912,TMA,5.6041759318315565,TMA,1.7959318547301033,TMA,1.7959318547301033,3.0,False,1.0004285812219118,A320,A320,,,,False,
22596.0,VLG8VX,IBE04GZ,16.930238567966878,4.256317673344987,16.400587874929524,8.220702455166663,3.999609550315411,TMA,5.788400776814965,TMA,1.9940309769468785,TMA,1.9940309769468785,3.0,False,0.999609550315411,A320,A320,,,,False,
22600.0,VLG8VX,IBE04GZ,17.100045807226078,4.079487339252247,16.393704231991986,8.002849003974795,3.9864376544878586,TMA,5.959096887779767,TMA,2.196929553101726,TMA,2.196929553101726,3.0,False,0.9864376544878586,A320,A320,,,,False,
22604.0,NSZ5528,IBE04GZ,18.20391739916474,10.48221323449715,16.386280138522782,7.770993197547725,3.2641261158279486,TWR,0.356767960208015,TMA,2.415787671225469,TMA,2.415787671225469,3.0,False,0.26412611582794865,B738,A320,,,,False,
22608.0,NSZ5528,IBE04GZ,18.086026113695443,10.429519364567406,16.38508531133311,7.534896447683189,3.3573861029217817,TWR,0.4858527343836435,TMA,2.638923399069719,TMA,2.638923399069719,3.0,False,0.35738610292178175,B738,A320,,,,False,
22612.0,VLG8VX,IBE04GZ,17.64508954602393,3.596421672830361,16.38632158611667,7.292002163264433,3.904076323301841,TMA,6.45472513451166,TMA,2.869929091440948,TMA,2.869929091440948,3.0,False,0.9040763233018412,A320,A320,,,,False,
22616.0,VLG8VX,IBE04GZ,17.825018595128803,3.4319895560694964,16.40911312086676,7.033206215789497,3.869567125957386,TMA,6.632723999383808,TMA,3.112364318846626,TMA,3.112364318846626,3.0,False,0.8695671259573858,A320,A320,,,,False,
22616.0,IBE04GZ,NSZ5528,16.40911312086676,7.033206215789497,17.80895521996838,10.298946413617523,3.553113696763314,TMA,3.112364318846626,TMA,0.641876530939951,TMA,0.641876530939951,3.0,False,0.5531136967633139,A320,B738,,,,False,
22620.0,VLG8VX,IBE04GZ,18.00768911219618,3.2753359647153992,16.402131809853937,6.775365185071194,3.8507166598503306,TMA,6.807381461789947,TMA,3.363609834048251,TMA,3.363609834048251,3.0,False,0.8507166598503306,A320,A320,,,,False,
22620.0,IBE04GZ,NSZ5528,16.402131809853937,6.775365185071194,17.650113824323732,10.223191779001866,3.66673796858402,TMA,3.363609834048251,TMA,0.4659723417942475,TMA,0.4659723417942475,3.0,False,0.66673796858402,A320,B738,,,,False,
22624.0,VLG8VX,IBE04GZ,18.19068567263009,3.1194317273741667,16.412557955151986,6.5041891542889525,3.8233912981434024,TMA,6.985265734649236,TMA,3.6248490530378623,TMA,3.6248490530378623,3.0,False,0.8233912981434024,A320,A320,,,,False,
22624.0,IBE04GZ,NSZ5528,16.412557955151986,6.5041891542889525,17.482031280233045,10.145544146666545,3.795159993145632,TMA,3.6248490530378623,TMA,0.2808987297640095,TMA,0.2808987297640095,3.0,False,0.7951599931456319,A320,B738,,,,False,
22628.0,VLG8VX,IBE04GZ,18.383154349313077,2.962629980391316,16.425101634018244,6.226700496655998,3.8063272023069508,TMA,7.169212683669816,TMA,3.8932207491620665,TMA,3.8932207491620665,3.0,False,0.8063272023069508,A320,A320,,,,False,
22628.0,IBE04GZ,NSZ5528,16.425101634018244,6.226700496655998,17.30137054209617,10.063115530996043,3.9352163237837905,TMA,3.8932207491620665,TMA,0.0826797118626349,TMA,0.0826797118626349,3.0,False,0.9352163237837905,A320,B738,,,,False,
22632.0,VLG8VX,IBE04GZ,18.58941438046896,2.810235655347685,16.43678085988167,5.944245654687676,3.8020849214502146,TMA,7.355156338895862,TMA,4.167866004988812,TMA,4.167866004988812,3.0,False,0.8020849214502146,A320,A320,,,,False,
22632.0,IBE04GZ,NSZ5528,16.43678085988167,5.944245654687676,17.127564444009266,9.982896810491791,4.0973021756246,TMA,4.167866004988812,TMA,0.1097044511363902,TMA,0.1097044511363902,3.0,False,1.0973021756246002,A320,B738,,,,False,
22636.0,VLG8VX,IBE04GZ,18.808870728335958,2.6638410568537143,16.44760073621598,5.651791199972271,3.808338487247226,TMA,7.542131380253818,TMA,4.453517638355665,TMA,4.453517638355665,3.0,False,0.8083384872472261,A320,A320,,,,False,
22636.0,IBE04GZ,NSZ5528,16.44760073621598,5.651791199972271,16.948734314041502,9.89334510345446,4.271055417454707,TMA,4.453517638355665,TMA,0.3095973022609063,TMA,0.3095973022609063,3.0,False,1.2710554174547068,A320,B738,,,,False,
22640.0,VLG8VX,IBE04GZ,19.04241693365749,2.512412818328798,16.45866639084171,5.354027069515692,3.8406429696144997,TMA,7.741780088361801,TMA,4.745224407835677,TMA,4.745224407835677,3.0,False,0.8406429696144997,A320,A320,,,,False,
22640.0,IBE04GZ,NSZ5528,16.45866639084171,5.354027069515692,16.783001095623238,9.783236413413078,4.441068386412625,TMA,4.745224407835677,TMA,0.5079341613371533,TMA,0.5079341613371533,3.0,False,1.441068386412625,A320,B738,,,,False,
22644.0,VLG8VX,IBE04GZ,19.28242974421963,2.3678286923564835,16.46852831034143,5.055134925889163,3.890971096315853,TMA,7.941227097659041,TMA,5.038959714721538,TMA,5.038959714721538,3.0,False,0.890971096315853,A320,A320,,,,False,
22644.0,IBE04GZ,NSZ5528,16.46852831034143,5.055134925889163,16.648884513817247,9.628451524542667,4.576871537595507,TMA,5.038959714721538,TMA,0.7046791004215395,TMA,0.7046791004215395,3.0,False,1.5768715375955074,A320,B738,,,,False,
22648.0,VLG8VX,IBE04GZ,19.52834840212699,2.217937967538131,16.476782059950335,4.758225205399605,3.970530996170071,TMA,8.1521896418358,TMA,5.331548092866454,TMA,5.331548092866454,3.0,False,0.970530996170071,A320,A320,,,,False,
22648.0,IBE04GZ,NSZ5528,16.476782059950335,4.758225205399605,16.508780522081757,9.487402567177948,4.7292856142059705,TMA,5.331548092866454,TMA,0.9012536279893318,TMA,0.9012536279893318,3.0,False,1.7292856142059705,A320,B738,,,,False,
22652.0,VLG8VX,IBE04GZ,19.779849527763417,2.0627587163545043,16.480509243318867,4.451580183706514,4.073341909960476,TMA,8.374486720709243,TMA,5.6348473626858,TMA,5.6348473626858,3.0,False,1.073341909960476,A320,A320,,,,False,
22652.0,IBE04GZ,NSZ5528,16.480509243318867,4.451580183706514,16.391965102845447,9.331924555170414,4.881147534022255,TMA,5.6348473626858,TMA,1.089907560614464,TMA,1.089907560614464,3.0,False,1.8811475340222552,A320,B738,,,,False,
22656.0,VLG8VX,IBE04GZ,20.035427942194342,1.914001896765021,16.48390779154577,4.150347183489885,4.196967431600984,TMA,8.596456329121132,TMA,5.933163581364987,TMA,5.933163581364987,3.0,False,1.1969674316009842,A320,A320,,,,False,
22656.0,IBE04GZ,NSZ5528,16.48390779154577,4.150347183489885,16.313891121401966,9.134097329813738,4.9866492947779895,TMA,5.933163581364987,TMA,1.281389186818204,TMA,1.281389186818204,3.0,False,1.9866492947779895,A320,B738,,,,False,
22660.0,VLG8VX,IBE04GZ,20.29723080131349,1.748956696957643,16.46585817078274,3.839809788984998,4.364754619267898,TMA,8.84019059812154,TMA,6.243565765153889,TMA,6.243565765153889,3.0,False,1.3647546192678979,A320,A320,,,,False,
22660.0,IBE04GZ,NSZ5528,16.46585817078274,3.839809788984998,16.24113410718624,8.945709977546956,5.110843143779348,TMA,6.243565765153889,TMA,1.4680989299836225,TMA,1.4680989299836225,3.0,False,2.1108431437793476,A320,B738,,,,False,
22664.0,IBE04GZ,NSZ5528,16.38003640622143,3.540760660438805,16.19501757463937,8.739473466430965,5.202004114495381,TMA,6.550996578685682,TMA,1.6555294779039962,TMA,1.6555294779039962,3.0,False,2.202004114495381,A320,B738,,,,False,
22668.0,IBE04GZ,NSZ5528,16.30438878020595,3.2473623036744432,16.15758817656228,8.520125470367125,5.274806330971895,TMA,6.851790240792595,TMA,1.85380475375976,TMA,1.85380475375976,3.0,False,2.274806330971895,A320,B738,,,,False,
22672.0,IBE04GZ,NSZ5528,16.17974461790244,2.9673292836647254,16.121569913299286,8.294869704254618,5.327858033888928,TMA,7.146520988052656,TMA,2.061280756278762,TMA,2.061280756278762,3.0,False,2.327858033888928,A320,B738,,,,False,
22676.0,IBE04GZ,NSZ5528,16.0307480907899,2.702758149244908,16.088359876513927,8.066708751237996,5.3642599842360665,TMA,7.430802064698267,TMA,2.2738297265745837,TMA,2.2738297265745837,3.0,False,2.3642599842360665,A320,B738,,,,False,
22680.0,IBE04GZ,NSZ5528,15.82771705536436,2.45923848956398,16.05384970519243,7.824528877026191,5.370053716408494,TMA,7.705427753236343,TMA,2.5025844305470453,TMA,2.5025844305470453,3.0,False,2.370053716408494,A320,B738,,,,False,
22684.0,IBE04GZ,NSZ5528,15.631084211991777,2.227469344766247,16.021917536041165,7.5790496591550545,5.365832884887611,TMA,7.970406155309731,TMA,2.735918876466643,TMA,2.735918876466643,3.0,False,2.3658328848876113,A320,B738,,,,False,
22688.0,IBE04GZ,NSZ5528,15.423503328737205,2.01781232828234,15.98843621923294,7.325032319777964,5.337202751338446,TMA,8.218882340000876,TMA,2.9799663820236173,TMA,2.9799663820236173,3.0,False,2.337202751338446,A320,B738,,,,False,
22692.0,IBE04GZ,NSZ5528,15.15950666299418,1.838031701306312,15.95793462840138,7.072653413481068,5.295163046169178,TMA,8.454914098978554,TMA,3.223224224764919,TMA,3.223224224764919,3.0,False,2.2951630461691783,A320,B738,,,,False,
22696.0,IBE04GZ,NSZ5528,14.882209501065171,1.6927269602342765,15.922607767960494,6.81260483358267,5.2245170103810805,TMA,8.66664128354881,TMA,3.4769714877136257,TMA,3.4769714877136257,3.0,False,2.2245170103810805,A320,B738,,,,False,
22700.0,IBE04GZ,NSZ5528,14.595086274790251,1.581101656943886,15.888116281370118,6.549630930021059,5.134024711212511,TMA,8.855088512892772,TMA,3.734353971096256,TMA,3.734353971096256,3.0,False,2.1340247112125112,A320,B738,,,,False,
22704.0,IBE04GZ,NSZ5528,14.295591872559276,1.484858234451422,15.857243239137262,6.287515287825042,5.050175221024937,TMA,9.039537867143522,TMA,3.9907173970397167,TMA,3.9907173970397167,3.0,False,2.0501752210249373,A320,B738,,,,False,
22708.0,IBE04GZ,NSZ5528,13.992177903462766,1.378304219291672,15.824565921058456,6.023896322403904,4.993913478978886,TMA,9.242054935129936,TMA,4.25002043616008,TMA,4.25002043616008,3.0,False,1.993913478978886,A320,B738,,,,False,
22712.0,IBE04GZ,NSZ5528,13.69450934564653,1.274924386648172,15.793796518728245,5.761007405791164,4.952973600748193,TMA,9.446085350529623,TMA,4.508763321931158,TMA,4.508763321931158,3.0,False,1.9529736007481926,A320,B738,,,,False,
22716.0,NSZ5528,IBE04GZ,15.763010825739643,5.49964446622282,13.392823323666857,1.169926293301222,4.936015422576147,TMA,4.766710691225811,TMA,9.659167659646412,TMA,9.659167659646412,3.0,False,1.9360154225761468,B738,A320,,,,False,
22880.0,VLG45PN,VLG5WG,18.22847083960417,10.502057180375418,16.235922717850585,7.13273471182953,3.9144069684374805,TWR,0.3260926077700957,TMA,3.067665974161083,TMA,3.067665974161083,3.0,False,0.9144069684374805,A320,A20N,,,,False,
22884.0,VLG45PN,VLG5WG,18.113578084093373,10.445986952650015,16.183855660169524,6.891673279457509,4.044375640421862,TWR,0.4539104394868377,TMA,3.3127831619614776,TMA,3.3127831619614776,3.0,False,1.0443756404218618,A320,A20N,,,,False,
22892.0,VLG5WG,VLG45PN,16.079913075996952,6.412669189912068,17.84466814723258,10.32562352155305,4.292501841928526,TMA,3.800568487332023,TMA,0.6854318457909314,TMA,0.6854318457909314,3.0,False,1.2925018419285257,A20N,A320,,,,False,
22896.0,VLG5WG,VLG45PN,16.02610825942672,6.17056573828938,17.681891874215207,10.247190105529349,4.400055182674043,TMA,4.04770281744484,TMA,0.504771723594651,TMA,0.504771723594651,3.0,False,1.400055182674043,A20N,A320,,,,False,
22900.0,VLG5WG,VLG45PN,15.971509495110842,5.926059580022383,17.513129756114264,10.16967971734627,4.514964551249219,TMA,4.297467893459516,TMA,0.3190613463294207,TMA,0.3190613463294207,3.0,False,1.5149645512492187,A20N,A320,,,,False,
22904.0,VLG5WG,VLG45PN,15.912922582451012,5.674952487727342,17.34305156964551,10.087089345574244,4.638126838755608,TMA,4.554785515774679,TMA,0.1301274282432904,TMA,0.1301274282432904,3.0,False,1.6381268387556078,A20N,A320,,,,False,
22908.0,VLG5WG,VLG45PN,15.856547391780609,5.427682252430696,17.174813942774076,10.006422562340418,4.764733940637231,TMA,4.807852953083675,TMA,0.0570877240080429,TMA,0.0570877240080429,3.0,False,1.7647339406372309,A20N,A320,,,,False,
22912.0,VLG5WG,VLG45PN,15.79821047256886,5.1779242983712885,17.00628220899434,9.922825488460118,4.896276608205103,TMA,5.063914234192554,TMA,0.2449420828970742,TMA,0.2449420828970742,3.0,False,1.8962766082051026,A20N,A320,,,,False,
22916.0,VLG5WG,VLG45PN,15.736893179024165,4.929447014560005,16.846649388761545,9.842983271698188,5.037300606005381,TMA,5.319617739007542,TMA,0.4234021595248997,TMA,0.4234021595248997,3.0,False,2.037300606005381,A20N,A320,,,,False,
22920.0,VLG5WG,VLG45PN,15.6328971291838,4.687611530399678,16.697026280986073,9.73876779197119,5.162029681290928,TMA,5.5809696898596135,TMA,0.6046404228788584,TMA,0.6046404228788584,3.0,False,2.162029681290928,A20N,A320,,,,False,
22924.0,VLG5WG,VLG45PN,15.506474054404771,4.46387942473097,16.56965633821986,9.612626281478295,5.2573710886225005,TMA,5.83172956488604,TMA,0.7790920726161634,TMA,0.7790920726161634,3.0,False,2.2573710886225005,A20N,A320,,,,False,
22928.0,VLG5WG,VLG45PN,15.37231155022746,4.24853089046678,16.456125528246577,9.462910291937638,5.325824375759419,TMA,6.077371681665367,TMA,0.957999599976198,TMA,0.957999599976198,3.0,False,2.325824375759419,A20N,A320,,,,False,
22932.0,VLG5WG,VLG45PN,15.19160095497229,4.059186100278712,16.36884856792892,9.289927883445383,5.3615829327147155,TMA,6.31378812402807,TMA,1.1348382871637377,TMA,1.1348382871637377,3.0,False,2.3615829327147155,A20N,A320,,,,False,
22936.0,VLG5WG,VLG45PN,14.99340210931266,3.883641467859214,16.319395512657177,9.107751933823383,5.38976703265638,TMA,6.545078102190836,TMA,1.2962514929079811,TMA,1.2962514929079811,3.0,False,2.38976703265638,A20N,A320,,,,False,
22940.0,VLG5WG,VLG45PN,14.789256900632624,3.7213415912801415,16.295957224003093,8.909974403736676,5.402967363120499,TMA,6.768588876490545,TMA,1.4594443132708104,TMA,1.4594443132708104,3.0,False,2.4029673631204993,A20N,A320,,,,False,
22944.0,VLG5WG,VLG45PN,14.579669952461307,3.559125880707304,16.280057701320917,8.700360148434052,5.415127726297843,TMA,6.996657985516014,TMA,1.6359269793128703,TMA,1.6359269793128703,3.0,False,2.4151277262978432,A20N,A320,,,,False,
22964.0,VLG65MT,VLG45PN,18.242927752249297,10.509273642450886,16.262300857232354,7.586682088425984,3.5304991557741734,TWR,0.3099439392371237,TMA,2.63215053615575,TMA,2.63215053615575,3.0,False,0.5304991557741734,A320,A320,,,,False,
22968.0,VLG65MT,VLG45PN,18.13346149475238,10.462256018483703,16.269478477107302,7.345300363827596,3.631782653623689,TWR,0.4290586956263439,TMA,2.85584011455962,TMA,2.85584011455962,3.0,False,0.6317826536236888,A320,A320,,,,False,
22976.0,VLG45PN,VLG65MT,16.29794758565606,6.836819076267928,17.86744775815791,10.33290706789303,3.8322267726047436,TMA,3.331454278678444,TMA,0.7091681996833092,TMA,0.7091681996833092,3.0,False,0.8322267726047436,A320,A320,,,,False,
22980.0,VLG45PN,VLG65MT,16.315359395564364,6.567904033431237,17.711846859529373,10.262519856071377,3.94972952414647,TMA,3.586129403747735,TMA,0.538390588775796,TMA,0.538390588775796,3.0,False,0.9497295241464698,A320,A320,,,,False,
22984.0,VLG45PN,VLG65MT,16.335786802869773,6.3019654923991055,17.542883524126868,10.178844191085366,4.060452060891361,TMA,3.8392308013254928,TMA,0.3499588215022143,TMA,0.3499588215022143,3.0,False,1.060452060891361,A320,A320,,,,False,
22988.0,VLG45PN,VLG65MT,16.35637282728867,6.03075238662854,17.37243482324884,10.101418789901604,4.195558001788395,TMA,4.09918363167314,TMA,0.1627695049626827,TMA,0.1627695049626827,3.0,False,1.1955580017883953,A320,A320,,,,False,
22992.0,VLG45PN,VLG65MT,16.37487174229984,5.755210911244213,17.204474932917623,10.019818010613424,4.344550053328132,TMA,4.365256685675423,TMA,0.0253528728447518,TMA,0.0253528728447518,3.0,False,1.344550053328132,A320,A320,,,,False,
22996.0,VLG45PN,VLG65MT,16.39219504443933,5.4826651198594485,17.041481050182643,9.941329977941669,4.5056924699707865,TMA,4.629774299327522,TMA,0.2051757168041111,TMA,0.2051757168041111,3.0,False,1.5056924699707865,A320,A320,,,,False,
23000.0,VLG45PN,VLG65MT,16.406798895318975,5.20077644048308,16.878427123009228,9.852648950065298,4.675719306220276,TMA,4.904899073954152,TMA,0.3907790706106165,TMA,0.3907790706106165,3.0,False,1.6757193062202758,A320,A320,,,,False,
23004.0,VLG45PN,VLG65MT,16.421178171481156,4.920876609212519,16.732709345515705,9.74334822403988,4.83252357968494,TMA,5.1788621514557605,TMA,0.5715116695467166,TMA,0.5715116695467166,3.0,False,1.8325235796849402,A320,A320,,,,False,
23008.0,VLG45PN,VLG65MT,16.43408881309812,4.643099074050408,16.607209036600338,9.609339162119385,4.969256606790277,TMA,5.451578357097887,TMA,0.7497609833015277,TMA,0.7497609833015277,3.0,False,1.9692566067902773,A320,A320,,,,False,
23012.0,VLG45PN,VLG65MT,16.44473362365351,4.359575810300342,16.495858196021686,9.458175104777702,5.098855605677107,TMA,5.730810369074344,TMA,0.9294507683991802,TMA,0.9294507683991802,3.0,False,2.098855605677107,A320,A320,,,,False,
23016.0,VLG45PN,VLG65MT,16.45411120094394,4.073588178976659,16.42156420262925,9.289507069120768,5.216020434743469,TMA,6.013069110659404,TMA,1.0960068396527325,TMA,1.0960068396527325,3.0,False,2.216020434743469,A320,A320,,,,False,
23020.0,VLG45PN,VLG65MT,16.463542428425068,3.7927548853272106,16.36438137870124,9.10589848885015,5.314068861563524,TMA,6.290555243579717,TMA,1.2666721792968263,TMA,1.2666721792968263,3.0,False,2.3140688615635243,A320,A320,,,,False,
23024.0,VLG45PN,VLG65MT,16.468676312339447,3.510322048385927,16.329268568546762,8.915795125139473,5.407270448436699,TMA,6.570420382704651,TMA,1.4339621149409951,TMA,1.4339621149409951,3.0,False,2.407270448436699,A320,A320,,,,False,
23028.0,VLG45PN,VLG65MT,16.464828316175655,3.230598234386442,16.291210202206997,8.717055323379777,5.489203461237637,TMA,6.848795607405651,TMA,1.6158559282195135,TMA,1.6158559282195135,3.0,False,2.4892034612376372,A320,A320,,,,False,
23032.0,VLG45PN,VLG65MT,16.450200851057442,2.942341058202376,16.253900371435353,8.516932522363124,5.578046599894423,TMA,7.136921942093312,TMA,1.802880386121255,TMA,1.802880386121255,3.0,False,2.5780465998944226,A320,A320,,,,False,
23036.0,VLG45PN,VLG65MT,16.436218933948947,2.662004753130089,16.21357210309555,8.30833934997769,5.65072260784824,TMA,7.41714258340857,TMA,2.0019863511228144,TMA,2.0019863511228144,3.0,False,2.65072260784824,A320,A320,,,,False,
23040.0,VLG45PN,VLG65MT,16.420515430817918,2.378369735087653,16.174753087326884,8.096654518037571,5.723563574242431,TMA,7.700857046282624,TMA,2.2055884247887603,TMA,2.2055884247887603,3.0,False,2.723563574242431,A320,A320,,,,False,
23044.0,VLG45PN,VLG65MT,16.407082407808705,2.0945011776635694,16.136852615517853,7.877292874872425,5.789102171662652,TMA,7.984596779289706,TMA,2.417650813817187,TMA,2.417650813817187,3.0,False,2.789102171662652,A320,A320,,,,False,
23048.0,VLG45PN,VLG65MT,16.39312844647442,1.815056535539502,16.099396804838943,7.651334649165369,5.84366498842004,TMA,8.264017861753777,TMA,2.637233107334168,TMA,2.637233107334168,3.0,False,2.8436649884200396,A320,A320,,,,False,
23052.0,VLG45PN,VLG65MT,16.379202743734336,1.531441156525752,16.064681580378675,7.4215268217509855,5.898477151425644,TMA,8.547610849742401,TMA,2.860708098602505,TMA,2.860708098602505,3.0,False,2.898477151425644,A320,A320,,,,False,
23056.0,VLG45PN,VLG65MT,16.36799266731062,1.2474758009281055,16.027726691240403,7.181716549885811,5.943988072082676,TMA,8.831312285489112,TMA,3.0955954059603457,TMA,3.0955954059603457,3.0,False,2.943988072082676,A320,A320,,,,False,
23060.0,VLG45PN,VLG65MT,16.35481320701373,0.9601482891785535,15.993101049465388,6.938205598600054,5.988990305522802,TMA,9.118578152717893,TMA,3.334173086790122,TMA,3.334173086790122,3.0,False,2.988990305522802,A320,A320,,,,False,
23116.0,VLG65MT,IBE2601,14.6069243136491,3.5533436453375606,17.84846771581949,10.317843319005966,7.501070554475163,TMA,6.991769550978663,TMA,0.6856611251382156,TMA,0.6856611251382156,3.0,False,4.501070554475163,A320,A332,,,,False,
23120.0,VLG65MT,IBE2601,14.37264784996486,3.3905997204275136,17.69396476293434,10.247015254089554,7.618502477955838,TMA,7.232036538313799,TMA,0.5157049351040499,TMA,0.5157049351040499,3.0,False,4.618502477955838,A320,A332,,,,False,
23128.0,VLG65MT,IBE2601,13.911171205982056,3.0550006105282037,17.3534275443761,10.087347104787549,7.829624889771902,TMA,7.727857420619371,TMA,0.1398628330831557,TMA,0.1398628330831557,3.0,False,4.829624889771902,A320,A332,,,,False,
23132.0,VLG65MT,IBE2601,13.682595906961325,2.881870914830445,17.17814956435694,10.001866478940093,7.931786192571816,TMA,7.983333618121494,TMA,0.0570279091302225,TMA,0.0570279091302225,3.0,False,4.931786192571816,A320,A332,,,,False,
23136.0,VLG65MT,IBE2601,13.44744764447796,2.72292787256793,17.00441729408683,9.917675310146468,8.025984287224938,TMA,8.23126630138315,TMA,0.2490252919608296,TMA,0.2490252919608296,3.0,False,5.025984287224938,A320,A332,,,,False,
23140.0,VLG65MT,IBE2601,13.191243513086556,2.591773599846146,16.837005811359205,9.834193656466237,8.108281631273005,TMA,8.466979704426354,TMA,0.4360173702901447,TMA,0.4360173702901447,3.0,False,5.108281631273005,A320,A332,,,,False,
23144.0,VLG65MT,IBE2601,12.877716317961932,2.5237289144876267,16.68953552838014,9.720232915568378,8.143686851204714,TMA,8.679513284255894,TMA,0.6204305601273121,TMA,0.6204305601273121,3.0,False,5.1436868512047145,A320,A332,,,,False,
23148.0,VLG65MT,IBE2601,12.602931488364668,2.468490479431176,16.57335335220632,9.574000285149294,8.139565060617683,TMA,8.86738534613075,TMA,0.7977900636776025,TMA,0.7977900636776025,3.0,False,5.139565060617683,A320,A332,,,,False,
23152.0,VLG65MT,IBE2601,12.282169844739052,2.479938130971652,16.492151162822275,9.41250314532629,8.110758310840218,TMA,9.02906507568829,TMA,0.961389326822196,TMA,0.961389326822196,3.0,False,5.110758310840218,A320,A332,,,,False,
23156.0,VLG65MT,IBE2601,11.975207166082772,2.538574982659217,16.434953623295897,9.245057368149098,8.053958309397379,TMA,9.15251810356819,TMA,1.1173224525929415,TMA,1.1173224525929415,3.0,False,5.053958309397379,A320,A332,,,,False,
23160.0,VLG65MT,IBE2601,11.67626536801214,2.635785527492984,16.39761531781577,9.072375633139488,7.982533278140293,TMA,9.249159428546438,TMA,1.2696755486100555,TMA,1.2696755486100555,3.0,False,4.982533278140293,A320,A332,,,,False,
23164.0,VLG65MT,IBE2601,11.378754599475958,2.747405195434101,16.375772989885384,8.894487169432704,7.921919564672982,TMA,9.343228914193338,TMA,1.4225156633364715,TMA,1.4225156633364715,3.0,False,4.921919564672982,A320,A332,,,,False,
23256.0,IBE2601,VLG93DX,16.404730469489373,4.562451625359414,17.83300410765815,10.314884723696686,5.927094746697915,TMA,5.535652110326676,TMA,0.6703503105983594,TMA,0.6703503105983594,3.0,False,2.9270947466979154,A332,A320,,,,False,
23260.0,IBE2601,VLG93DX,16.415250608790966,4.36730711225597,17.671763112619608,10.24050901118536,6.006107243287079,TMA,5.7272335692742224,TMA,0.4927856440918266,TMA,0.4927856440918266,3.0,False,3.0061072432870786,A332,A320,,,,False,
23264.0,IBE2601,VLG93DX,16.42593349222375,4.172465217518397,17.5002173339083,10.160437502124203,6.083576074457506,TMA,5.918744750056916,TMA,0.3034937099630254,TMA,0.3034937099630254,3.0,False,3.083576074457506,A332,A320,,,,False,
23268.0,IBE2601,VLG93DX,16.43339473901015,3.974778054524138,17.334850557510002,10.084678624480178,6.1760430347801485,TMA,6.113721989098315,TMA,0.121631326987467,TMA,0.121631326987467,3.0,False,3.1760430347801485,A332,A320,,,,False,
23272.0,IBE2601,VLG93DX,16.43317486458818,3.767560337669007,17.167605614814523,10.009122622406826,6.2846231614265955,TMA,6.319289112271446,TMA,0.0619957314790191,TMA,0.0619957314790191,3.0,False,3.2846231614265955,A332,A320,,,,False,
23276.0,IBE2601,VLG93DX,16.38418160087126,3.5700512253660075,16.9963455169892,9.929556528588078,6.3889007162348745,TMA,6.521416146478541,TMA,0.2508039925061676,TMA,0.2508039925061676,3.0,False,3.3889007162348745,A332,A320,,,,False,
23280.0,IBE2601,VLG93DX,16.325359802816873,3.379346270343534,16.836961685036627,9.855934674129154,6.496763335534176,TMA,6.718187055642486,TMA,0.4263631665695752,TMA,0.4263631665695752,3.0,False,3.496763335534176,A332,A320,,,,False,
23284.0,IBE2601,VLG93DX,16.266653262122638,3.184279121373311,16.69027128808821,9.74864389848235,6.578019242817153,TMA,6.919422806180909,TMA,0.6057553904616056,TMA,0.6057553904616056,3.0,False,3.5780192428171533,A332,A320,,,,False,
23288.0,IBE2601,VLG93DX,16.174033345209843,2.994980711935445,16.571753561798943,9.617627173329616,6.634578172220177,TMA,7.120005853795411,TMA,0.774613790230429,TMA,0.774613790230429,3.0,False,3.634578172220177,A332,A320,,,,False,
23292.0,IBE2601,VLG93DX,16.079074067711456,2.7983943313673985,16.47366628180631,9.468138580039046,6.681406390731879,TMA,7.328723370737777,TMA,0.9408481093579052,TMA,0.9408481093579052,3.0,False,3.681406390731879,A332,A320,,,,False,
23296.0,IBE2601,VLG93DX,15.980714369108574,2.6029819347360514,16.425303460759,9.287177655475883,6.698964986740207,TMA,7.537386476418146,TMA,1.094870832230776,TMA,1.094870832230776,3.0,False,3.698964986740207,A332,A320,,,,False,
23300.0,IBE2601,VLG93DX,15.87912922017185,2.400556899237986,16.390671214349815,9.10260013708307,6.72153693538558,TMA,7.754072539802891,TMA,1.2514665132469445,TMA,1.2514665132469445,3.0,False,3.72153693538558,A332,A320,,,,False,
23304.0,IBE2601,VLG93DX,15.781079275058453,2.201346096214332,16.389514501192327,8.907994258997673,6.734190597522894,TMA,7.967501998472147,TMA,1.4034849661560036,TMA,1.4034849661560036,3.0,False,3.734190597522894,A332,A320,,,,False,
23308.0,IBE2601,VLG93DX,15.676221004493032,1.9921002416107445,16.391143108154594,8.71331779546489,6.759133008052215,TMA,8.192527906882372,TMA,1.563541948207038,TMA,1.563541948207038,3.0,False,3.759133008052215,A332,A320,,,,False,
23312.0,IBE2601,VLG93DX,15.568035891187415,1.788172240492547,16.39625248767649,8.507404752533319,6.770083328997191,TMA,8.413485165160761,TMA,1.7389219124330886,TMA,1.7389219124330886,3.0,False,3.770083328997191,A332,A320,,,,False,
23316.0,IBE2601,VLG93DX,15.458358873787049,1.5767128919727862,16.40848522861361,8.297812730597634,6.787924802979108,TMA,8.642637238407964,TMA,1.9206825221834205,TMA,1.9206825221834205,3.0,False,3.7879248029791084,A332,A320,,,,False,
23320.0,IBE2601,VLG93DX,15.345737851991654,1.362520813337389,16.422916065251705,8.08808169196337,6.811276094479388,TMA,8.875559720369845,TMA,2.106981436964019,TMA,2.106981436964019,3.0,False,3.811276094479388,A332,A320,,,,False,
23324.0,IBE2601,VLG93DX,15.229988390817567,1.1451753946576262,16.433450595806992,7.863011983454511,6.824782026747534,TMA,9.112716105395394,TMA,2.313160967372366,TMA,2.313160967372366,3.0,False,3.824782026747534,A332,A320,,,,False,
23328.0,SWT7TN,VLG93DX,18.208116913572425,10.48895462028933,16.441614905215136,7.630621107155211,3.3601487791221354,TWR,0.3500722060265216,TMA,2.530311237992933,TMA,2.530311237992933,3.0,False,0.3601487791221354,AT72,A320,,,,False,
23332.0,SWT7TN,VLG93DX,18.093159321217907,10.434573721576896,16.452706445509115,7.396106936484273,3.453022739793694,TWR,0.4772432541029905,TMA,2.7511952109866105,TMA,2.7511952109866105,3.0,False,0.4530227397936941,AT72,A320,,,,False,
23336.0,IBE2601,VLG93DX,14.86569411416076,0.4674651869173743,16.462368562532458,7.153019273615563,6.8735727784209795,TMA,9.855868436935738,TMA,2.982862813340521,TMA,2.982862813340521,3.0,False,3.8735727784209795,A332,A320,,,,False,
23340.0,IBE2601,VLG93DX,14.743233013260708,0.2285732844064631,16.467492556652,6.903211162733267,6.893755274142743,TMA,10.117304089823996,TMA,3.223841025515726,TMA,3.223841025515726,3.0,False,3.893755274142743,A332,A320,,,,False,
23340.0,VLG93DX,SWT7TN,16.467492556652,6.903211162733267,17.83001872157782,10.312130538795424,3.6711318231029875,TMA,3.223841025515726,TMA,0.6664936777990448,TMA,0.6664936777990448,3.0,False,0.6711318231029875,A320,AT72,,,,False,
23344.0,IBE2601,VLG93DX,14.617811962589917,-0.0132907761341229,16.469446218585418,6.645523899250498,6.911466002165793,TMA,10.382717435869678,TMA,3.4744561793023,TMA,3.4744561793023,3.0,False,3.9114660021657928,A332,A320,,,,False,
23344.0,VLG93DX,SWT7TN,16.469446218585418,6.645523899250498,17.70109463419635,10.246096066149194,3.8054011284912526,TMA,3.4744561793023,TMA,0.5218584013104528,TMA,0.5218584013104528,3.0,False,0.8054011284912526,A320,AT72,,,,False,
23348.0,IBE2601,VLG93DX,14.496130914243087,-0.2563218214852319,16.470970350006752,6.391236299989272,6.93469680486674,TMA,10.648655880046556,TMA,3.7227942241697054,TMA,3.7227942241697054,3.0,False,3.93469680486674,A332,A320,,,,False,
23348.0,VLG93DX,SWT7TN,16.470970350006752,6.391236299989272,17.573906922186005,10.177108545740785,3.943259786445996,TMA,3.7227942241697054,TMA,0.3778946993150656,TMA,0.3778946993150656,3.0,False,0.9432597864459962,A320,AT72,,,,False,
23352.0,IBE2601,VLG93DX,14.3658170356225,-0.5084059654997984,16.471123681484244,6.13578214694776,6.96975980552408,TMA,10.92587653201335,TMA,3.973290481786116,TMA,3.973290481786116,3.0,False,3.96975980552408,A332,A320,,,,False,
23352.0,VLG93DX,SWT7TN,16.471123681484244,6.13578214694776,17.44518942533536,10.101309465057303,4.083406786497924,TMA,3.973290481786116,TMA,0.2313952414571556,TMA,0.2313952414571556,3.0,False,1.0834067864979238,A320,AT72,,,,False,
23356.0,IBE2601,VLG93DX,14.234716901708731,-0.7644601778039819,16.47184859040164,5.881593869437747,7.012474070640985,TMA,11.207461363988072,TMA,4.223033234463867,TMA,4.223033234463867,3.0,False,4.012474070640985,A332,A320,,,,False,
23356.0,VLG93DX,SWT7TN,16.47184859040164,5.881593869437747,17.322367472657557,10.027073037272444,4.231829379833893,TMA,4.223033234463867,TMA,0.1000753452930976,TMA,0.1000753452930976,3.0,False,1.2318293798338926,A320,AT72,,,,False,
23360.0,IBE2601,VLG93DX,14.0995311643664,-1.0230736676295933,16.472278713451416,5.62456413241678,7.0584006157411,TMA,11.492920232869055,TMA,4.476127592541455,TMA,4.476127592541455,3.0,False,4.0584006157411,A332,A320,,,,False,
23360.0,VLG93DX,SWT7TN,16.472278713451416,5.62456413241678,17.208582445264064,9.932449176904257,4.370356592087206,TMA,4.476127592541455,TMA,0.1058320046306471,TMA,0.1058320046306471,3.0,False,1.370356592087206,A320,AT72,,,,False,
23364.0,VLG93DX,IBE2601,16.474293516827558,5.368778104908046,13.963716794422014,-1.285486419622478,7.112118660533582,TMA,4.728167369165285,TMA,11.78251553424739,TMA,11.78251553424739,3.0,False,4.112118660533582,A320,A332,,,,False,
23364.0,IBE2601,SWT7TN,13.963716794422014,-1.285486419622478,17.105844178881892,9.820415164420428,11.541837570102059,TMA,11.78251553424739,TMA,0.2464352415773708,TMA,0.2464352415773708,3.0,False,8.541837570102059,A332,AT72,,,,False,
23368.0,VLG93DX,IBE2601,16.474498969392506,5.110362149634179,13.818845372233351,-1.5525532174165697,7.172652035097295,TMA,4.9834615535835365,TMA,12.07941128382388,TMA,12.07941128382388,3.0,False,4.172652035097295,A320,A332,,,,False,
23368.0,IBE2601,SWT7TN,13.818845372233351,-1.5525532174165697,17.021305555618298,9.695547233879866,11.695106454779324,TMA,12.07941128382388,TMA,0.396756209923141,TMA,0.396756209923141,3.0,False,8.695106454779324,A332,AT72,,,,False,
23372.0,VLG93DX,IBE2601,16.475347492364023,4.849121268523922,13.661118616127329,-1.810490232027273,7.229820848825937,TMA,5.241766108977444,TMA,12.37159228281588,TMA,12.37159228281588,3.0,False,4.229820848825937,A320,A332,,,,False,
23372.0,IBE2601,SWT7TN,13.661118616127329,-1.810490232027273,16.972508807098524,9.542038186046913,11.825616536994689,TMA,12.37159228281588,TMA,0.5549398030474287,TMA,0.5549398030474287,3.0,False,8.825616536994689,A332,AT72,,,,False,
23376.0,VLG93DX,IBE2601,16.476171256969447,4.588919277844665,13.428242338361152,-2.0310834801328674,7.287956312198837,TMA,5.49932224664488,TMA,12.650895327271504,TMA,12.650895327271504,3.0,False,4.287956312198837,A320,A332,,,,False,
23376.0,IBE2601,SWT7TN,13.428242338361152,-2.0310834801328674,16.93824135834857,9.383859721575403,11.942404339936683,TMA,12.650895327271504,TMA,0.7127365764632797,TMA,0.7127365764632797,3.0,False,8.942404339936683,A332,AT72,,,,False,
23380.0,VLG93DX,IBE2601,16.4763526345333,4.3302229609016445,13.187175510942934,-2.234092486854428,7.342269638742451,TMA,5.755706752611663,TMA,12.91797043146642,TMA,12.91797043146642,3.0,False,4.342269638742451,A320,A332,,,,False,
23380.0,IBE2601,SWT7TN,13.187175510942934,-2.234092486854428,16.919233896344604,9.211588728349245,12.038765645701105,TMA,12.91797043146642,TMA,0.8797695483999122,TMA,0.8797695483999122,3.0,False,9.038765645701105,A332,AT72,,,,False,
23384.0,VLG93DX,IBE2601,16.47494425951469,4.072375910510079,12.960615240825652,-2.415518230351986,7.378568887977679,TMA,6.011644190430904,TMA,13.162049137527722,TMA,13.162049137527722,3.0,False,4.378568887977679,A320,A332,,,,False,
23384.0,IBE2601,SWT7TN,12.960615240825652,-2.415518230351986,16.903524993366016,9.031445152010935,12.10700243635209,TMA,13.162049137527722,TMA,1.055334559058706,TMA,1.055334559058706,3.0,False,9.10700243635209,A332,AT72,,,,False,
23388.0,VLG93DX,IBE2601,16.45491543216729,3.808118622217338,12.664647766638112,-2.5362708171925408,7.390359012609036,TMA,6.2763537652033445,TMA,13.374306970613675,TMA,13.374306970613675,3.0,False,4.390359012609036,A320,A332,,,,False,
23388.0,IBE2601,SWT7TN,12.664647766638112,-2.5362708171925408,16.89720639422779,8.853709343265441,12.150975293844123,TMA,13.374306970613675,TMA,1.2275812333563385,TMA,1.2275812333563385,3.0,False,9.150975293844123,A332,AT72,,,,False,
23392.0,VLG93DX,IBE2601,16.367244874538063,3.562354337333637,12.363789673392978,-2.6294059119327398,7.37329970447227,TMA,6.531246270069014,TMA,13.566727186525004,TMA,13.566727186525004,3.0,False,4.37329970447227,A320,A332,,,,False,
23392.0,IBE2601,SWT7TN,12.363789673392978,-2.6294059119327398,16.888317797635555,8.663220415744831,12.165309865499468,TMA,13.566727186525004,TMA,1.4142271386417165,TMA,1.4142271386417165,3.0,False,9.165309865499468,A332,AT72,,,,False,
23396.0,VLG93DX,IBE2601,16.294908359989044,3.3127607444171145,12.058137382835628,-2.703188301082064,7.358116010969927,TMA,6.788277050722793,TMA,13.7475256877527,TMA,13.7475256877527,3.0,False,4.358116010969927,A320,A332,,,,False,
23396.0,IBE2601,SWT7TN,12.058137382835628,-2.703188301082064,16.884522097513067,8.473263615565422,12.174032481442017,TMA,13.7475256877527,TMA,1.6002232985393452,TMA,1.6002232985393452,3.0,False,9.174032481442017,A332,AT72,,,,False,
23400.0,VLG93DX,IBE2601,16.18097213674576,3.07000482856511,11.752944008691038,-2.7816818796382625,7.338233468199809,TMA,7.044779276178462,TMA,13.937227683246924,TMA,13.937227683246924,3.0,False,4.338233468199809,A320,A332,,,,False,
23400.0,IBE2601,SWT7TN,11.752944008691038,-2.7816818796382625,16.878837725374435,8.278939311959737,12.190657387473452,TMA,13.937227683246924,TMA,1.791709504666983,TMA,1.791709504666983,3.0,False,9.190657387473452,A332,AT72,,,,False,
23404.0,VLG93DX,IBE2601,16.06229170628255,2.832957838149673,11.446574156462036,-2.868226891790978,7.335417903884519,TMA,7.297235552446939,TMA,14.13924037088574,TMA,14.13924037088574,3.0,False,4.335417903884519,A320,A332,,,,False,
23404.0,IBE2601,SWT7TN,11.446574156462036,-2.868226891790978,16.87281555163095,8.08756246675016,12.225932117731062,TMA,14.13924037088574,TMA,1.9809224602559397,TMA,1.9809224602559397,3.0,False,9.225932117731062,A332,AT72,,,,False,
23408.0,VLG93DX,SWT7TN,15.937369547714358,2.585340402232901,16.865208942495386,7.895171072204702,5.390286419688735,TMA,7.562034688380606,TMA,2.171792732400823,TMA,2.171792732400823,3.0,False,2.390286419688735,A320,AT72,,,,False,
23408.0,SWT7TN,IBE2601,16.865208942495386,7.895171072204702,11.142211457683109,-2.956488402362181,12.268301168585847,TMA,2.171792732400823,TMA,14.346177797332192,TMA,14.346177797332192,3.0,False,9.268301168585847,AT72,A332,,,,False,
23412.0,VLG93DX,SWT7TN,15.810490666756582,2.339033062465116,16.854532765739656,7.697153272556413,5.458889638950194,TMA,7.826766954418521,TMA,2.3689684441735195,TMA,2.3689684441735195,3.0,False,2.458889638950194,A320,AT72,,,,False,
23412.0,SWT7TN,IBE2601,16.854532765739656,7.697153272556413,10.847337857130483,-3.0460915850772623,12.308683956503732,TMA,2.3689684441735195,TMA,14.554119360179795,TMA,14.554119360179795,3.0,False,9.308683956503732,AT72,A332,,,,False,
23416.0,VLG93DX,SWT7TN,15.683470287067648,2.093483235266988,16.846832373991084,7.507986533162684,5.53807342929057,TMA,8.091608265826434,TMA,2.557125321393028,TMA,2.557125321393028,3.0,False,2.53807342929057,A320,AT72,,,,False,
23416.0,SWT7TN,IBE2601,16.846832373991084,7.507986533162684,10.541255513384428,-3.153217488385012,12.386346141380148,TMA,2.557125321393028,TMA,14.786261900466544,TMA,14.786261900466544,3.0,False,9.386346141380148,AT72,A332,,,,False,
23420.0,VLG93DX,SWT7TN,15.553058930418477,1.8406195599112891,16.834000396254336,7.30958504531217,5.616973786604653,TMA,8.365045341153394,TMA,2.755306480499054,TMA,2.755306480499054,3.0,False,2.616973786604653,A320,AT72,,,,False,
23420.0,SWT7TN,IBE2601,16.834000396254336,7.30958504531217,10.243217435946304,-3.252353660984629,12.449617233692658,TMA,2.755306480499054,TMA,15.011003778987506,TMA,15.011003778987506,3.0,False,9.449617233692658,AT72,A332,,,,False,
23424.0,VLG93DX,SWT7TN,15.42386414358434,1.5884745428240652,16.823212145634777,7.119633873327122,5.70542709797028,TMA,8.638241391918712,TMA,2.9449233657012024,TMA,2.9449233657012024,3.0,False,2.70542709797028,A320,AT72,,,,False,
23468.0,SWT7TN,EJU37TW,16.583733288644012,4.928208109710832,17.832604146318847,10.320123446353673,5.534657118257079,TMA,5.148926816895375,TMA,0.6721735022220882,TMA,0.6721735022220882,3.0,False,2.534657118257079,AT72,A319,,,,False,
23472.0,SWT7TN,EJU37TW,16.559953959796964,4.723793665334733,17.674252284104828,10.243519534459535,5.631077554592982,TMA,5.354712353272302,TMA,0.4962976596015825,TMA,0.4962976596015825,3.0,False,2.6310775545929816,AT72,A319,,,,False,
23476.0,SWT7TN,EJU37TW,16.534548121918935,4.52005440112165,17.511032577771125,10.166216679330304,5.729979961953383,TMA,5.5600295329522895,TMA,0.3157247613897357,TMA,0.3157247613897357,3.0,False,2.729979961953383,AT72,A319,,,,False,
23480.0,SWT7TN,EJU37TW,16.510121617054082,4.319954969345275,17.348754115995447,10.086777233374107,5.827481745417935,TMA,5.761613669658741,TMA,0.1352995595591634,TMA,0.1352995595591634,3.0,False,2.827481745417935,AT72,A319,,,,False,
23484.0,SWT7TN,EJU37TW,16.4847758896255,4.1124361477677445,17.184205725478236,10.007245174409697,5.93615831627328,TMA,5.970673966748612,TMA,0.0489425170306649,TMA,0.0489425170306649,3.0,False,2.9361583162732803,AT72,A319,,,,False,
23488.0,SWT7TN,EJU37TW,16.458844352383053,3.909297267839953,17.019220033833765,9.924889327477503,6.04163626282944,TMA,6.175460378898662,TMA,0.2325783118566651,TMA,0.2325783118566651,3.0,False,3.0416362628294404,AT72,A319,,,,False,
23492.0,SWT7TN,EJU37TW,16.42694029587633,3.711673666285288,16.859608832278006,9.843979481636003,6.147550461393235,TMA,6.375516855199084,TMA,0.4114623385770641,TMA,0.4114623385770641,3.0,False,3.1475504613932346,AT72,A319,,,,False,
23496.0,SWT7TN,EJU37TW,16.374907620543087,3.507771655622658,16.709819006296343,9.739280217445934,6.240501950354951,TMA,6.584371318497979,TMA,0.5932919745724488,TMA,0.5932919745724488,3.0,False,3.2405019503549513,AT72,A319,,,,False,
23500.0,SWT7TN,EJU37TW,16.312044802028787,3.310613342219781,16.578582932195452,9.612336264137536,6.307357161240862,TMA,6.788083831909655,TMA,0.7717833528183935,TMA,0.7717833528183935,3.0,False,3.307357161240862,AT72,A319,,,,False,
23504.0,SWT7TN,EJU37TW,16.253945356116496,3.108391298009338,16.467860067987992,9.46587058633174,6.361077141915775,TMA,6.996338953055388,TMA,0.9468449125872728,TMA,0.9468449125872728,3.0,False,3.361077141915775,AT72,A319,,,,False,
23508.0,SWT7TN,EJU37TW,16.22716336999389,2.9097264266886773,16.382363197172566,9.303312768635468,6.395469748054856,TMA,7.196798568529923,TMA,1.1158539678349364,TMA,1.1158539678349364,3.0,False,3.3954697480548557,AT72,A319,,,,False,
23512.0,SWT7TN,EJU37TW,16.267305955593994,2.7014119973829005,16.324382918002968,9.118729095955253,6.417570920782015,TMA,7.3978740579414275,TMA,1.2849100400786369,TMA,1.2849100400786369,3.0,False,3.4175709207820146,AT72,A319,,,,False,
23516.0,SWT7TN,EJU37TW,16.281355792718173,2.5087871013301157,16.276810807939825,8.928441767800287,6.419656275348306,TMA,7.587170061575215,TMA,1.4575799388070392,TMA,1.4575799388070392,3.0,False,3.4196562753483057,AT72,A319,,,,False,
23520.0,SWT7TN,EJU37TW,16.345392218648332,2.312421866169541,16.234111080846994,8.73266998933687,6.4212124598602065,TMA,7.774568655626343,TMA,1.6369641178081256,TMA,1.6369641178081256,3.0,False,3.4212124598602065,AT72,A319,,,,False,
23524.0,SWT7TN,EJU37TW,16.426751137700727,2.125165583651773,16.193347235438374,8.528583451911597,6.407670230055577,TMA,7.952100371601041,TMA,1.826497818461291,TMA,1.826497818461291,3.0,False,3.407670230055577,AT72,A319,,,,False,
23528.0,SWT7TN,EJU37TW,16.51710691590172,1.9419347270349343,16.155647024387033,8.320881657287252,6.389179696342033,TMA,8.126086449208353,TMA,2.0211413801398863,TMA,2.0211413801398863,3.0,False,3.3891796963420333,AT72,A319,,,,False,
23532.0,SWT7TN,EJU37TW,16.613124863496306,1.7553247314023743,16.11472036913934,8.104454832871586,6.368662346629601,TMA,8.304406134004918,TMA,2.2279689978080737,TMA,2.2279689978080737,3.0,False,3.368662346629601,AT72,A319,,,,False,
23536.0,SWT7TN,EJU37TW,16.714438758542833,1.577529111733737,16.07648387653891,7.88402762518581,6.338683611890236,TMA,8.47505168043321,TMA,2.43941539074677,TMA,2.43941539074677,3.0,False,3.338683611890236,AT72,A319,,,,False,
23540.0,SWT7TN,EJU37TW,16.816795138248025,1.397079114456076,16.038163715166167,7.657476451932287,6.308632317395722,TMA,8.649774942259894,TMA,2.6583939301952646,TMA,2.6583939301952646,3.0,False,3.3086323173957224,AT72,A319,,,,False,
23544.0,SWT7TN,EJU37TW,16.92240268868689,1.2218585930697283,16.001428632074553,7.428266581285756,6.274367962523772,TMA,8.820578120354154,TMA,2.8807895883375547,TMA,2.8807895883375547,3.0,False,3.2743679625237716,AT72,A319,,,,False,
23548.0,SWT7TN,EJU37TW,17.02841945378286,1.0407286403395246,15.96492486376737,7.192473031381787,6.242994457446855,TMA,8.998690785596137,TMA,3.1105379042308297,TMA,3.1105379042308297,3.0,False,3.242994457446855,AT72,A319,,,,False,
23552.0,SWT7TN,EJU37TW,17.133971240966016,0.8613562947610185,15.926934462006074,6.9507058578335,6.207826985914879,TMA,9.17639321314796,TMA,3.347610692752803,TMA,3.347610692752803,3.0,False,3.2078269859148794,AT72,A319,,,,False,
23556.0,SWT7TN,EJU37TW,17.238211462174373,0.6873601434219021,15.892128068905045,6.70537887241471,6.166724407993573,TMA,9.349971913833008,TMA,3.587835477863984,TMA,3.587835477863984,3.0,False,3.1667244079935726,AT72,A319,,,,False,
23560.0,SWT7TN,EJU37TW,17.337085342071354,0.5039093998828235,15.856674826280113,6.457906248306405,6.13528269652697,TMA,9.534094764125005,TMA,3.831259025750492,TMA,3.831259025750492,3.0,False,3.1352826965269696,AT72,A319,,,,False,
23564.0,SWT7TN,EJU37TW,17.43433395614745,0.3176622535583359,15.821845944782153,6.211425065834762,6.110364774231514,TMA,9.721958328654113,TMA,4.074333097953267,TMA,4.074333097953267,3.0,False,3.110364774231514,AT72,A319,,,,False,
23568.0,SWT7TN,EJU37TW,17.52525383593107,0.1371129870485495,15.7871691838362,5.962364506387846,6.079020769944163,TMA,9.904824790940204,TMA,4.320456566407925,TMA,4.320456566407925,3.0,False,3.0790207699441634,AT72,A319,,,,False,
23572.0,VLG92CD,EJU37TW,18.16036771636244,10.4711131307708,15.751895480640922,5.71058951576151,5.335102960515619,TWR,0.4008957880481288,TMA,4.569923913973725,TMA,4.569923913973725,3.0,False,2.335102960515619,A320,A319,,,,False,
23576.0,SWT7TN,EJU37TW,17.68833254228216,-0.2471793987456939,15.716213166891825,5.4606763334850354,6.038946256653488,TMA,10.295028848319692,TMA,4.818248634971731,TMA,4.818248634971731,3.0,False,3.038946256653488,AT72,A319,,,,False,
23580.0,SWT7TN,EJU37TW,17.764938875779038,-0.4437125972032089,15.671013753207887,5.207225695185927,6.0264107064922525,TMA,10.495042944836763,TMA,5.073253555867134,TMA,5.073253555867134,3.0,False,3.0264107064922525,AT72,A319,,,,False,
23580.0,EJU37TW,VLG92CD,15.671013753207887,5.207225695185927,17.89840917819003,10.34897510925008,5.603470122723993,TMA,5.073253555867134,TMA,0.6899244892817571,TMA,0.6899244892817571,3.0,False,2.6034701227239934,A319,A320,,,,False,
23584.0,SWT7TN,EJU37TW,17.83738428716313,-0.6468740316008058,15.57630002862699,4.964671803783232,6.0499544367553595,TMA,10.701854074663824,TMA,5.333176829331385,TMA,5.333176829331385,3.0,False,3.0499544367553595,AT72,A319,,,,False,
23584.0,EJU37TW,VLG92CD,15.57630002862699,4.964671803783232,17.74387250470734,10.276296824005623,5.736874653895936,TMA,5.333176829331385,TMA,0.5732433674404973,TMA,0.5732433674404973,3.0,False,2.736874653895936,A319,A320,,,,False,
23588.0,SWT7TN,EJU37TW,17.9071438869107,-0.845713999628484,15.455241528657938,4.739373170534522,6.099592107077724,TMA,10.904527386097666,TMA,5.585030068499945,TMA,5.585030068499945,3.0,False,3.099592107077724,AT72,A319,,,,False,
23588.0,EJU37TW,VLG92CD,15.455241528657938,4.739373170534522,17.57747963512534,10.19973791391381,5.858282829574029,TMA,5.585030068499945,TMA,0.3900828329805752,TMA,0.3900828329805752,3.0,False,2.858282829574029,A319,A320,,,,False,
23592.0,SWT7TN,EJU37TW,17.977375899931143,-1.039802883957598,15.3086397155526,4.534604153571721,6.180304736974363,TMA,11.102792230895025,TMA,5.82614397617544,TMA,5.82614397617544,3.0,False,3.180304736974363,AT72,A319,,,,False,
23592.0,EJU37TW,VLG92CD,15.3086397155526,4.534604153571721,17.402799822068623,10.12610903670097,5.970798389644507,TMA,5.82614397617544,TMA,0.2006914037691845,TMA,0.2006914037691845,3.0,False,2.970798389644507,A319,A320,,,,False,
23596.0,SWT7TN,EJU37TW,18.04628081957961,-1.2415110515119423,15.12295380674752,4.354230147453884,6.313331956246028,TMA,11.30885082404593,TMA,6.058624690472541,TMA,6.058624690472541,3.0,False,3.313331956246028,AT72,A319,,,,False,
23596.0,EJU37TW,VLG92CD,15.12295380674752,4.354230147453884,17.245810644056387,10.037830270258826,6.067110639147548,TMA,6.058624690472541,TMA,0.0229982667914517,TMA,0.0229982667914517,3.0,False,3.067110639147548,A319,A320,,,,False,
23600.0,SWT7TN,EJU37TW,18.11418293369265,-1.4384797295836236,14.90962337720243,4.2063777797036455,6.491041384188647,TMA,11.510364750352949,TMA,6.273017584692142,TMA,6.273017584692142,3.0,False,3.491041384188647,AT72,A319,,,,False,
23600.0,EJU37TW,VLG92CD,14.90962337720243,4.2063777797036455,17.07807075225584,9.952239036196572,6.141423743501379,TMA,6.273017584692142,TMA,0.167900109480835,TMA,0.167900109480835,3.0,False,3.141423743501379,A319,A320,,,,False,
23604.0,SWT7TN,EJU37TW,18.183000596348737,-1.6432021305493238,14.675333845550815,4.090359208217014,6.721417384752214,TMA,11.719920367028765,TMA,6.469622178818324,TMA,6.469622178818324,3.0,False,3.721417384752214,AT72,A319,,,,False,
23604.0,EJU37TW,VLG92CD,14.675333845550815,4.090359208217014,16.91296246779364,9.865572168339874,6.193550402301685,TMA,6.469622178818324,TMA,0.3542705039480641,TMA,0.3542705039480641,3.0,False,3.1935504023016854,A319,A320,,,,False,
23608.0,EJU37TW,VLG92CD,14.425205747490931,4.004746800541565,16.764707794674823,9.75893569450141,6.211598800320933,TMA,6.649704249341791,TMA,0.5360620185542418,TMA,0.5360620185542418,3.0,False,3.2115988003209326,A319,A320,,,,False,
23612.0,EJU37TW,VLG92CD,14.168821605431653,3.931898049974628,16.642506626838358,9.6144891437722,6.197657551401125,TMA,6.826643683739682,TMA,0.7180158522618908,TMA,0.7180158522618908,3.0,False,3.197657551401125,A319,A320,,,,False,
23616.0,EJU37TW,VLG92CD,13.91766923178747,3.8698086538985175,16.54115187666743,9.45225371018571,6.1681726625031885,TMA,6.9972992899536965,TMA,0.8983154344509313,TMA,0.8983154344509313,3.0,False,3.1681726625031885,A319,A320,,,,False,
23644.0,VLG2974,VLG92CD,18.22276752905837,10.495849586866717,16.243184504171065,8.042849977480175,3.152135155108755,TWR,0.3338801990218675,TMA,2.222068880371233,TMA,2.222068880371233,3.0,False,0.15213515510875508,A20N,A320,,,,False,
23648.0,VLG2974,VLG92CD,18.10290861391322,10.442692295859082,16.213536723916103,7.820510416173724,3.2319597690660546,TWR,0.4649745808992975,TMA,2.4357526162100087,TMA,2.4357526162100087,3.0,False,0.23195976906605464,A20N,A320,,,,False,
23656.0,VLG92CD,VLG2974,16.147349013091578,7.351766141857772,17.823715482782603,10.312193128957508,3.4021070657245303,TMA,2.892892994910326,TMA,0.6607823367818785,TMA,0.6607823367818785,3.0,False,0.40210706572453025,A320,A20N,,,,False,
23660.0,VLG92CD,VLG2974,16.110723852126313,7.104705166117755,17.666963185095423,10.239435203076615,3.4997733163866824,TMA,3.136395968489738,TMA,0.4879710058529332,TMA,0.4879710058529332,3.0,False,0.49977331638668243,A320,A20N,,,,False,
23664.0,VLG92CD,VLG2974,16.06963414171328,6.849106200426878,17.507549110709625,10.16453011475639,3.613811725833512,TMA,3.390359338860396,TMA,0.3118562892864118,TMA,0.3118562892864118,3.0,False,0.6138117258335121,A320,A20N,,,,False,
23668.0,VLG92CD,VLG2974,16.021865291748846,6.581429871433641,17.35396038820223,10.093938095129364,3.7566196729939576,TMA,3.658614473829521,TMA,0.1428425374450229,TMA,0.1428425374450229,3.0,False,0.7566196729939576,A320,A20N,,,,False,
23672.0,VLG92CD,VLG2974,15.9744865719204,6.315645264115845,17.197926073264757,10.01746884252393,3.8987564708644955,TMA,3.9254540823209103,TMA,0.031837944163105,TMA,0.031837944163105,3.0,False,0.8987564708644955,A320,A20N,,,,False,
23676.0,VLG92CD,VLG2974,15.924929333207688,6.048458752863834,17.055235427442636,9.927882962442556,4.040733109787153,TMA,4.1947019292891685,TMA,0.2001506105788172,TMA,0.2001506105788172,3.0,False,1.040733109787153,A320,A20N,,,,False,
23680.0,VLG92CD,VLG2974,15.871700382815698,5.775489995018897,16.9297642959536,9.806389595958027,4.167451359900428,TMA,4.470873372432133,TMA,0.3731073196070729,TMA,0.3731073196070729,3.0,False,1.1674513599004284,A320,A20N,,,,False,
23684.0,VLG92CD,VLG2974,15.820192614571088,5.507302495438264,16.83873540064444,9.663971791696843,4.2796412285985905,TMA,4.742194760328694,TMA,0.535637852761756,TMA,0.535637852761756,3.0,False,1.2796412285985905,A320,A20N,,,,False,
23688.0,VLG92CD,VLG2974,15.767159120940988,5.236360011920311,16.758918055208735,9.504948489159592,4.382286317861928,TMA,5.016787202324613,TMA,0.7061317007887477,TMA,0.7061317007887477,3.0,False,1.3822863178619276,A320,A20N,,,,False,
23692.0,VLG92CD,VLG2974,15.705881626275229,4.969866603345364,16.707903048218288,9.336080313518403,4.479717523788281,TMA,5.2896288926811295,TMA,0.869984883700105,TMA,0.869984883700105,3.0,False,1.4797175237882811,A320,A20N,,,,False,
23696.0,VLG92CD,VLG2974,15.59383971718844,4.717597034924792,16.65179535432349,9.153752892393426,4.560564539823891,TMA,5.563543502652995,TMA,1.0520250328738852,TMA,1.0520250328738852,3.0,False,1.5605645398238908,A320,A20N,,,,False,
23700.0,VLG92CD,VLG2974,15.45792270827941,4.471842853625303,16.605344022779384,8.972413710247542,4.644535898068426,TMA,5.8386115305571655,TMA,1.2309745224201334,TMA,1.2309745224201334,3.0,False,1.6445358980684261,A320,A20N,,,,False,
23704.0,VLG92CD,VLG2974,15.307004577686111,4.241361657726499,16.555600758219544,8.781276440824982,4.708483690089499,TMA,6.104380988628431,TMA,1.422259750187886,TMA,1.422259750187886,3.0,False,1.7084836900894986,A320,A20N,,,,False,
23708.0,VLG92CD,VLG2974,15.122831214748995,4.03579167928202,16.516685609424222,8.589520946878883,4.7622767996121045,TMA,6.358323641430961,TMA,1.6108207058692634,TMA,1.6108207058692634,3.0,False,1.7622767996121045,A320,A20N,,,,False,
23712.0,VLG92CD,VLG2974,14.910129589415476,3.853443688064646,16.47573202632191,8.387530169854209,4.796775084866313,TMA,6.602184984578002,TMA,1.811061011414095,TMA,1.811061011414095,3.0,False,1.7967750848663133,A320,A20N,,,,False,
23716.0,VLG92CD,VLG2974,14.6725157587085,3.712315317233858,16.43247578629779,8.174989158778134,4.797178036587306,TMA,6.8198033883148215,TMA,2.023095344188491,TMA,2.023095344188491,3.0,False,1.7971780365873062,A320,A20N,,,,False,
23720.0,VLG92CD,VLG2974,14.41789248957226,3.59223427794006,16.393906471631915,7.962189734870131,4.795950578649467,TMA,7.028992065667005,TMA,2.2345597947847424,TMA,2.2345597947847424,3.0,False,1.7959505786494674,A320,A20N,,,,False,
23724.0,VLG92CD,VLG2974,14.143203820809006,3.509883708413327,16.353019329348573,7.743348270063788,4.775511153429789,TMA,7.217440012667549,TMA,2.453335137721661,TMA,2.453335137721661,3.0,False,1.7755111534297887,A320,A20N,,,,False,
23728.0,VLG2974,VLG92CD,16.310820147103048,7.518490026039114,13.864403353371424,3.4444298023165123,4.7521491806519265,TMA,2.67885078388873,TMA,7.398996036574465,TMA,7.398996036574465,3.0,False,1.7521491806519265,A20N,A320,,,,False,
23732.0,VLG2974,VLG92CD,16.26669506166044,7.286969070746092,13.581568167642128,3.3918048083596863,4.730984154269875,TMA,2.911803226245606,TMA,7.577701809967415,TMA,7.577701809967415,3.0,False,1.7309841542698754,A20N,A320,,,,False,
23736.0,VLG2974,VLG92CD,16.218738992549284,7.045637257948085,13.297685755650694,3.346196375457524,4.71364135842326,TMA,3.1556832401127144,TMA,7.75743454275039,TMA,7.75743454275039,3.0,False,1.71364135842326,A20N,A320,,,,False,
23740.0,VLG2974,VLG92CD,16.16850579973932,6.798380951216291,13.013469094987697,3.301492075372626,4.7098289160360345,TMA,3.4062143955532784,TMA,7.942920634104359,TMA,7.942920634104359,3.0,False,1.7098289160360345,A20N,A320,,,,False,
23744.0,VLG2974,VLG92CD,16.1157642117678,6.549582097699603,12.72640465929616,3.2552481709230405,4.726562619604425,TMA,3.6592184406175785,TMA,8.137212259971765,TMA,8.137212259971765,3.0,False,1.726562619604425,A20N,A320,,,,False,
23748.0,VLG2974,VLG92CD,16.06295332460965,6.297396693093536,12.44021944209114,3.213796140366437,4.757393525064594,TMA,3.9156491075471234,TMA,8.33268977862281,TMA,8.33268977862281,3.0,False,1.757393525064594,A20N,A320,,,,False,
23752.0,VLG2974,VLG92CD,16.006034075226328,6.039766942497138,12.15507868050848,3.1718207864109944,4.801559393188404,TMA,4.178634798980879,TMA,8.533290886760655,TMA,8.533290886760655,3.0,False,1.8015593931884037,A20N,A320,,,,False,
23756.0,VLG2974,VLG92CD,15.948086412280055,5.783771309100205,11.865910865420704,3.122439520545683,4.873073371512813,TMA,4.440451778170711,TMA,8.747114847721218,TMA,8.747114847721218,3.0,False,1.8730733715128132,A20N,A320,,,,False,
23760.0,VLG2974,VLG92CD,15.88783457479187,5.524710366977596,11.580875545936811,3.079874132799402,4.952486273397104,TMA,4.705934661821456,TMA,8.957542056453185,TMA,8.957542056453185,3.0,False,1.9524862733971036,A20N,A320,,,,False,
24284.0,TVF32PR,TVF32PR,16.319621153039588,8.77817431552413,16.313582002542848,8.576866564148071,0.20139831703072178,TMA,1.549584120572287,TMA,1.549584120572287,TMA,1.549584120572287,3.0,True,-2.798601682969278,B738,B738,,,,False,
24284.0,TVF32PR,TVF32PR,16.319621153039588,8.77817431552413,16.313582002542848,8.576866564148071,0.20139831703072178,TMA,1.549584120572287,TMA,1.7203582877728711,TMA,1.7203582877728711,3.0,False,-2.798601682969278,B738,B738,,,,False,
24284.0,TVF32PR,TVF32PR,16.319621153039588,8.77817431552413,16.313582002542848,8.576866564148071,0.20139831703072178,TMA,1.7203582877728711,TMA,1.549584120572287,TMA,1.549584120572287,3.0,False,-2.798601682969278,B738,B738,,,,False,
24284.0,TVF32PR,TVF32PR,16.319621153039588,8.77817431552413,16.313582002542848,8.576866564148071,0.20139831703072178,TMA,1.7203582877728711,TMA,1.7203582877728711,TMA,1.7203582877728711,3.0,False,-2.798601682969278,B738,B738,,,,False,
24344.0,VLG21PG,TVF32PR,18.22630771598872,10.498692483708306,15.731035124208296,4.989820604993829,6.047648690473164,TWR,0.3294683473518692,TMA,5.263331667875841,TMA,5.263331667875841,3.0,False,3.0476486904731637,A20N,B738,,,,False,
24356.0,TVF32PR,VLG21PG,15.394317053207978,4.297576788729949,17.83141593472173,10.316107359901991,6.493239653239979,TMA,6.02395725279488,TMA,0.669413263206395,TMA,0.669413263206395,3.0,False,3.4932396532399794,B738,A20N,,,,False,
24360.0,TVF32PR,VLG21PG,15.229346275094914,4.096639238632643,17.671330657287275,10.240892405749408,6.611742183758817,TMA,6.26622775971693,TMA,0.4925500291922668,TMA,0.4925500291922668,3.0,False,3.6117421837588166,B738,A20N,,,,False,
24364.0,TVF32PR,VLG21PG,15.018672816185424,3.925832970786256,17.507624452309667,10.169680354693602,6.721644917763222,TMA,6.49680863362683,TMA,0.3140606813287371,TMA,0.3140606813287371,3.0,False,3.7216449177632223,B738,A20N,,,,False,
24368.0,TVF32PR,VLG21PG,14.817618628718368,3.7555052849350177,17.347412670375956,10.094642608857464,6.825285335042989,TMA,6.7265275338918205,TMA,0.13714871763153,TMA,0.13714871763153,3.0,False,3.825285335042989,B738,A20N,,,,False,
24372.0,TVF32PR,VLG21PG,14.565074056681665,3.638924174368806,17.1873876374388,10.022746626999847,6.901428665322819,TMA,6.9284243827227225,TMA,0.0383103066896632,TMA,0.0383103066896632,3.0,False,3.901428665322819,B738,A20N,,,,False,
24376.0,TVF32PR,VLG21PG,14.292185149039083,3.5559762125309478,17.027966264517172,9.947089246157216,6.952037407867861,TMA,7.113115951717386,TMA,0.2147293582938711,TMA,0.2147293582938711,3.0,False,3.952037407867861,B738,A20N,,,,False,
24380.0,TVF32PR,VLG21PG,14.0025359445638,3.5206069888305973,16.888598858890123,9.841924151790174,6.948986244063019,TMA,7.268958475426516,TMA,0.3871456660340566,TMA,0.3871456660340566,3.0,False,3.9489862440630192,B738,A20N,,,,False,
24504.0,VLG21PG,AEA38LZ,15.774366766174188,2.323082566294368,17.872944271473738,10.333697990170062,8.280941191373385,TMA,7.849042032915548,TMA,0.7144958907840739,TMA,0.7144958907840739,3.0,False,5.280941191373385,A20N,B738,,,,False,
24508.0,VLG21PG,AEA38LZ,15.631797204762414,2.0463238042012053,17.72331467248195,10.26299060342635,8.47868259856829,TMA,8.14784374673318,TMA,0.5490212794133557,TMA,0.5490212794133557,3.0,False,5.478682598568289,A20N,B738,,,,False,
24512.0,DICMD,VLG21PG,30.50016828610792,8.251284684849653,15.489384627134296,1.769450317875919,16.350467969369912,TWR,12.210798600896544,TMA,8.447629866568194,TMA,8.447629866568194,3.0,False,13.350467969369912,C25A,A20N,,,,False,
24512.0,VLG21PG,AEA38LZ,15.489384627134296,1.769450317875919,17.565618279084696,10.189506823557185,8.67226024380938,TMA,8.447629866568194,TMA,0.3750640101020877,TMA,0.3750640101020877,3.0,False,5.672260243809379,A20N,B738,,,,False,
24516.0,DICMD,VLG21PG,30.67082220980199,8.452570194060543,15.347281351497616,1.4886452928832083,16.831730584386186,TMA,12.340975924254804,TMA,8.751997866867267,TMA,8.751997866867267,3.0,False,13.831730584386186,C25A,A20N,,,,False,
24516.0,VLG21PG,AEA38LZ,15.347281351497616,1.4886452928832083,17.393343245554018,10.11901689584022,8.869593185678612,TMA,8.751997866867267,TMA,0.1890854956674788,TMA,0.1890854956674788,3.0,False,5.869593185678612,A20N,B738,,,,False,
24520.0,DICMD,VLG21PG,30.836943613337656,8.653331355020551,15.204492030650098,1.2124561600509631,17.313005693760527,TMA,12.470986307509396,TMA,9.052726157434671,TMA,9.052726157434671,3.0,False,14.313005693760527,C25A,A20N,,,,False,
24520.0,VLG21PG,AEA38LZ,15.204492030650098,1.2124561600509631,17.241394602888505,10.030814078824797,9.05054741285811,TMA,9.052726157434671,TMA,0.0196826636090379,TMA,0.0196826636090379,3.0,False,6.05054741285811,A20N,B738,,,,False,
24524.0,DICMD,AEA38LZ,31.01033858361273,8.853637424591252,17.07833061124642,9.945491878733854,13.974726912934985,TMA,12.612308012301252,TMA,0.1711984570020101,TMA,0.1711984570020101,3.0,False,10.974726912934985,C25A,B738,,,,False,
24528.0,DICMD,AEA38LZ,31.1797105373228,9.05452268366263,16.913946520763073,9.857346177927395,14.288336101139063,TMA,12.753502739045231,TMA,0.3574800393823413,TMA,0.3574800393823413,3.0,False,11.288336101139063,C25A,B738,,,,False,
24532.0,DICMD,AEA38LZ,31.348658147094845,9.252696603625475,16.755463818575098,9.769081959738791,14.602327709853288,TMA,12.898374134742738,TMA,0.5388611106191898,TMA,0.5388611106191898,3.0,False,11.602327709853288,C25A,B738,,,,False,
24536.0,DICMD,AEA38LZ,31.510326368032672,9.454047692432583,16.613803460420105,9.647728985412376,14.89778195505211,TMA,13.039297246276371,TMA,0.7229657344659187,TMA,0.7229657344659187,3.0,False,11.89778195505211,C25A,B738,,,,False,
24540.0,DICMD,AEA38LZ,31.65001243338109,9.667601748938363,16.499362659608302,9.499753313170208,15.151579510562957,TMA,13.160945855958747,TMA,0.9013129243838228,TMA,0.9013129243838228,3.0,False,12.151579510562957,C25A,B738,,,,False,
24544.0,DICMD,AEA38LZ,31.75982857542302,9.897026666670971,16.422080483623127,9.33388112844207,15.3480829234383,TMA,13.255664365073036,TMA,1.0658358390435485,TMA,1.0658358390435485,3.0,False,12.3480829234383,C25A,B738,,,,False,
24548.0,DICMD,AEA38LZ,31.846865316511742,10.140423046086136,16.38022986963021,9.161694461895689,15.49757147711356,TMA,13.331264758715948,TMA,1.2151846990872108,TMA,1.2151846990872108,3.0,False,12.49757147711356,C25A,B738,,,,False,
24552.0,DICMD,AEA38LZ,31.91754332439868,10.383415883512487,16.350731620191105,8.976831442828784,15.630230530066644,TMA,13.395073747580966,TMA,1.3730147203086371,TMA,1.3730147203086371,3.0,False,12.630230530066644,C25A,B738,,,,False,
24556.0,DICMD,AEA38LZ,31.987575630060885,10.624617943981212,16.354656510893236,8.793349042664344,15.739812768116643,TMA,13.462693696678464,TMA,1.516959681887671,TMA,1.516959681887671,3.0,False,12.739812768116643,C25A,B738,,,,False,
24560.0,DICMD,AEA38LZ,32.0496095870756,10.864259619445342,16.365732175153113,8.609608354755327,15.845108488034429,TMA,13.526613947560854,TMA,1.6652192014355425,TMA,1.6652192014355425,3.0,False,12.845108488034429,C25A,B738,,,,False,
24564.0,DICMD,AEA38LZ,32.11549621378129,11.101981956283453,16.377471611999354,8.421114927498138,15.964725691107935,TMA,13.598526443157194,TMA,1.8239318668704565,TMA,1.8239318668704565,3.0,False,12.964725691107935,C25A,B738,,,,False,
24568.0,DICMD,AEA38LZ,32.173338420201375,11.340551898451189,16.386835910142562,8.229777987492806,16.090076936584005,TMA,13.66652120085878,TMA,1.9914999493812355,TMA,1.9914999493812355,3.0,False,13.090076936584005,C25A,B738,,,,False,
24572.0,DICMD,AEA38LZ,32.23941164653674,11.577533809801524,16.397410314431742,8.032526758349043,16.23379441785759,TMA,13.746669391773873,TMA,2.1680616717615475,TMA,2.1680616717615475,3.0,False,13.233794417857592,C25A,B738,,,,False,
24576.0,DICMD,AEA38LZ,32.30117286730571,11.820828444856907,16.410883428579893,7.833664080912037,16.38288064143767,TMA,13.8269721200873,TMA,2.348474938266236,TMA,2.348474938266236,3.0,False,13.38288064143767,C25A,B738,,,,False,
24580.0,DICMD,AEA38LZ,32.36666826710718,12.062903504466576,16.418842160169305,7.62390420851102,16.55408929197324,TMA,13.914930629428143,TMA,2.54380621368146,TMA,2.54380621368146,3.0,False,13.554089291973241,C25A,B738,,,,False,
24584.0,DICMD,AEA38LZ,32.431794780197265,12.30773848191922,16.428568883233908,7.412252659184951,16.73526278699653,TMA,14.006789772588572,TMA,2.742591304108454,TMA,2.742591304108454,3.0,False,13.735262786996529,C25A,B738,,,,False,
24588.0,DICMD,AEA38LZ,32.496995422842105,12.552781184523887,16.436386692858814,7.1959816624892845,16.930400287556274,TMA,14.102704111423815,TMA,2.9481645714931783,TMA,2.9481645714931783,3.0,False,13.930400287556274,C25A,B738,,,,False,
24592.0,DICMD,AEA38LZ,32.55856026492754,12.792190402690975,16.44263121584359,6.970218227625059,17.135300672073125,TMA,14.198049061364037,TMA,3.164775033679608,TMA,3.164775033679608,3.0,False,14.135300672073125,C25A,B738,,,,False,
24596.0,DICMD,AEA38LZ,32.62043008214953,13.030409971077718,16.448886979833578,6.743092961066285,17.35076832576707,TMA,14.29713428613434,TMA,3.3839174106121144,TMA,3.3839174106121144,3.0,False,14.35076832576707,C25A,B738,,,,False,
24600.0,DICMD,AEA38LZ,32.686412813827545,13.270852863436769,16.45148961246205,6.510927976198988,17.58605458411102,TMA,14.404194848237491,TMA,3.609762310079183,TMA,3.609762310079183,3.0,False,14.586054584111022,C25A,B738,,,,False,
24604.0,DICMD,AEA38LZ,32.749186619267576,13.506960409013091,16.4516535817345,6.268286761387675,17.832778226802148,TMA,14.510745949517323,TMA,3.8471160060439593,TMA,3.8471160060439593,3.0,False,14.832778226802148,C25A,B738,,,,False,
24608.0,DICMD,AEA38LZ,32.81360570308546,13.73654077844584,16.452022310595478,6.023830754587156,18.08831962957129,TMA,14.620826384438114,TMA,4.086834602436447,TMA,4.086834602436447,3.0,False,15.088319629571291,C25A,B738,,,,False,
24612.0,DICMD,AEA38LZ,32.86505703196961,13.975350374544416,16.452776233370297,5.772433632937733,18.34804632874582,TMA,14.72340056372368,TMA,4.33384527725538,TMA,4.33384527725538,3.0,False,15.34804632874582,C25A,B738,,,,False,
24616.0,DICMD,AEA38LZ,32.881429728620816,14.212633198939308,16.455058749639715,5.514641581278911,18.58711170999957,TMA,14.794880019833636,TMA,4.587381482894321,TMA,4.587381482894321,3.0,False,15.587111709999569,C25A,B738,,,,False,
24620.0,DICMD,AEA38LZ,32.85482070503941,14.447979070081148,16.458912600158083,5.262213684652413,18.79372470533326,TMA,14.827781586990694,TMA,4.835823197364607,TMA,4.835823197364607,3.0,False,15.793724705333261,C25A,B738,,,,False,
24624.0,DICMD,AEA38LZ,32.788400668195045,14.681692019783425,16.459989563346404,5.003353026112429,18.98123428245268,TMA,14.825634783848397,TMA,5.091436399799432,TMA,5.091436399799432,3.0,False,15.981234282452679,C25A,B738,,,,False,
24628.0,DICMD,AEA38LZ,32.68157417088859,14.90003293129846,16.45787481962588,4.742830217965684,19.140981887037476,TMA,14.78434672927259,TMA,5.349462935347637,TMA,5.349462935347637,3.0,False,16.140981887037476,C25A,B738,,,,False,
24632.0,DICMD,AEA38LZ,32.54144685353593,15.09278604200592,16.456523684825502,4.482995473005717,19.2689493554102,TMA,14.707456332201373,TMA,5.606935097265077,TMA,5.606935097265077,3.0,False,16.2689493554102,C25A,B738,,,,False,
24632.0,AEA38LZ,RYR2889,16.456523684825502,4.482995473005717,17.825543674168383,10.315717537822202,5.991232128420452,TMA,5.606935097265077,TMA,0.6639154360845229,TMA,0.6639154360845229,3.0,False,2.991232128420452,B738,B738,,,,False,
24636.0,DICMD,AEA38LZ,32.37496632348493,15.266344348874975,16.456909857217205,4.219398632900381,19.37574595505879,TMA,14.602961403777956,TMA,5.868118714660398,TMA,5.868118714660398,3.0,False,16.37574595505879,C25A,B738,,,,False,
24636.0,AEA38LZ,RYR2889,16.456909857217205,4.219398632900381,17.672700428936576,10.24489485475372,6.146930244752301,TMA,5.868118714660398,TMA,0.49546112672296,TMA,0.49546112672296,3.0,False,3.1469302447523013,B738,B738,,,,False,
24640.0,DICMD,AEA38LZ,32.18028396641737,15.401666361740746,16.457638004020733,3.960948918745799,19.444577950403453,TMA,14.462455002353812,TMA,6.124359440640119,TMA,6.124359440640119,3.0,False,16.444577950403453,C25A,B738,,,,False,
24640.0,AEA38LZ,RYR2889,16.457638004020733,3.960948918745799,17.505409193050706,10.166297222502722,6.293184570271255,TMA,6.124359440640119,TMA,0.310633280855,TMA,0.310633280855,3.0,False,3.293184570271255,B738,B738,,,,False,
24644.0,DICMD,AEA38LZ,31.965811986847694,15.50079321181263,16.451531532255697,3.701007892131525,19.491737521685874,TMA,14.293545734234645,TMA,6.38308124965793,TMA,6.38308124965793,3.0,False,16.491737521685874,C25A,B738,,,,False,
24644.0,AEA38LZ,RYR2889,16.451531532255697,3.701007892131525,17.34082732612816,10.089471997464107,6.450063614734516,TMA,6.38308124965793,TMA,0.1290197023931071,TMA,0.1290197023931071,3.0,False,3.450063614734516,B738,B738,,,,False,
24648.0,DICMD,AEA38LZ,31.736916312475657,15.588156113491417,16.444370414863876,3.4415090466739477,19.529541597190352,TMA,14.108933233386283,TMA,6.641588270349372,TMA,6.641588270349372,3.0,False,16.529541597190352,C25A,B738,,,,False,
24648.0,AEA38LZ,RYR2889,16.444370414863876,3.4415090466739477,17.17291772360674,10.008277949754971,6.607059482670669,TMA,6.641588270349372,TMA,0.057736018333589,TMA,0.057736018333589,3.0,False,3.6070594826706692,B738,B738,,,,False,
24652.0,DICMD,AEA38LZ,31.51923646942567,15.673601540544164,16.45820145484458,3.185205317816,19.565142880293227,TMA,13.935947735941289,TMA,6.89464326420225,TMA,6.89464326420225,3.0,False,16.565142880293227,C25A,B738,,,,False,
24652.0,AEA38LZ,RYR2889,16.45820145484458,3.185205317816,17.012967696202455,9.926287137059395,6.763870909197202,TMA,6.89464326420225,TMA,0.2374138416860608,TMA,0.2374138416860608,3.0,False,3.763870909197202,B738,B738,,,,False,
24656.0,DICMD,AEA38LZ,31.29876293972065,15.74975561418219,16.54152652284735,2.9286961601731445,19.548800274869205,TMA,13.758713427306787,TMA,7.14119614005994,TMA,7.14119614005994,3.0,False,16.548800274869205,C25A,B738,,,,False,
24656.0,AEA38LZ,RYR2889,16.54152652284735,2.9286961601731445,16.867661951782903,9.81529111332182,6.894313190357672,TMA,7.14119614005994,TMA,0.4188465226355242,TMA,0.4188465226355242,3.0,False,3.894313190357672,B738,B738,,,,False,
24660.0,DICMD,AEA38LZ,31.08206862877036,15.834240791034771,16.613823803744058,2.697474401139398,19.5423831581408,TMA,13.5898483199801,TMA,7.36506608200836,TMA,7.36506608200836,3.0,False,16.5423831581408,C25A,B738,,,,False,
24660.0,AEA38LZ,RYR2889,16.613823803744058,2.697474401139398,16.729721668833534,9.689430245410554,6.99291633321677,TMA,7.36506608200836,TMA,0.6034657383768932,TMA,0.6034657383768932,3.0,False,3.99291633321677,B738,B738,,,,False,
24664.0,DICMD,AEA38LZ,30.85949804204549,15.91770590594295,16.753221690117698,2.4736143505455885,19.48667827688608,TMA,13.417085297068956,TMA,7.578268575497622,TMA,7.578268575497622,3.0,False,16.48667827688608,C25A,B738,,,,False,
24664.0,AEA38LZ,RYR2889,16.753221690117698,2.4736143505455885,16.62062219794629,9.54217362762066,7.06980288825991,TMA,7.578268575497622,TMA,0.7796211700808864,TMA,0.7796211700808864,3.0,False,4.06980288825991,B738,B738,,,,False,
24668.0,DICMD,AEA38LZ,30.642291681003087,16.004236980137264,16.91432884514817,2.25725426898091,19.42772496417029,TMA,13.252481082934205,TMA,7.786178704054914,TMA,7.786178704054914,3.0,False,16.42772496417029,C25A,B738,,,,False,
24668.0,AEA38LZ,RYR2889,16.91432884514817,2.25725426898091,16.538691422287513,9.377877204951144,7.130524137096708,TMA,7.786178704054914,TMA,0.9502069436447768,TMA,0.9502069436447768,3.0,False,4.130524137096708,B738,B738,,,,False,
24672.0,DICMD,AEA38LZ,30.420756032386727,16.08586695103501,17.094228803396476,2.045566701760385,19.357850063341218,TMA,13.084006224536484,TMA,7.992787133179946,TMA,7.992787133179946,3.0,False,16.357850063341218,C25A,B738,,,,False,
24672.0,AEA38LZ,RYR2889,17.094228803396476,2.045566701760385,16.479073997281787,9.203463424341344,7.184281517773453,TMA,7.992787133179946,TMA,1.1173499826764774,TMA,1.1173499826764774,3.0,False,4.184281517773453,B738,B738,,,,False,
24676.0,DICMD,AEA38LZ,30.206553854583102,16.16467637492112,17.285940547730398,1.8454969073226557,19.286812822509393,TMA,12.923070912748752,TMA,8.19206567153795,TMA,8.19206567153795,3.0,False,16.286812822509393,C25A,B738,,,,False,
24676.0,AEA38LZ,RYR2889,17.285940547730398,1.8454969073226557,16.4314945595541,9.014705888134923,7.219947046708157,TMA,8.19206567153795,TMA,1.2930317999578704,TMA,1.2930317999578704,3.0,False,4.219947046708157,B738,B738,,,,False,
24680.0,DICMD,AEA38LZ,29.99449262013194,16.243998822734543,17.485966891395243,1.6377351842741767,19.230344598646102,TMA,12.766336612140371,TMA,8.403705258304026,TMA,8.403705258304026,3.0,False,16.230344598646102,C25A,B738,,,,False,
24680.0,AEA38LZ,RYR2889,17.485966891395243,1.6377351842741767,16.41267125272718,8.82012332005409,7.262139000389345,TMA,8.403705258304026,TMA,1.462157344206154,TMA,1.462157344206154,3.0,False,4.262139000389345,B738,B738,,,,False,
24684.0,DICMD,AEA38LZ,29.793429591223724,16.32260665265896,17.68708902081297,1.4275148830971076,19.194458596960807,TMA,12.62121565126525,TMA,8.622312978853566,TMA,8.622312978853566,3.0,False,16.194458596960807,C25A,B738,,,,False,
24684.0,AEA38LZ,RYR2889,17.68708902081297,1.4275148830971076,16.40687018520941,8.61019061816159,7.295874929171843,TMA,8.622312978853566,TMA,1.6439183194682645,TMA,1.6439183194682645,3.0,False,4.295874929171843,B738,B738,,,,False,
24688.0,DICMD,AEA38LZ,29.570848855948675,16.377830262480558,17.891391962410125,1.2188106967214558,19.136498831371753,TMA,12.448261248271804,TMA,8.843816289979431,TMA,8.843816289979431,3.0,False,16.136498831371753,C25A,B738,,,,False,
24688.0,AEA38LZ,RYR2889,17.891391962410125,1.2188106967214558,16.408087346976416,8.396688949701074,7.329538102552212,TMA,8.843816289979431,TMA,1.831789930604509,TMA,1.831789930604509,3.0,False,4.329538102552212,B738,B738,,,,False,
24692.0,DICMD,AEA38LZ,29.351238187408534,16.396325115454065,18.09637689431002,1.00266293425504,19.06926160279323,TMA,12.262482343148813,TMA,9.076790305284094,TMA,9.076790305284094,3.0,False,16.06926160279323,C25A,B738,,,,False,
24692.0,AEA38LZ,RYR2889,18.09637689431002,1.00266293425504,16.407298066233967,8.176203153228366,7.369712786851509,TMA,9.076790305284094,TMA,2.0319513967088207,TMA,2.0319513967088207,3.0,False,4.369712786851509,B738,B738,,,,False,
24696.0,DICMD,AEA38LZ,29.132257201094603,16.375617774631596,18.301394433179112,0.787839707917443,18.981212114998158,TMA,12.05971993431326,TMA,9.31215342007884,TMA,9.31215342007884,3.0,False,15.981212114998158,C25A,B738,,,,False,
24696.0,AEA38LZ,RYR2889,18.301394433179112,0.787839707917443,16.407592151200536,7.950519793089469,7.408810504105716,TMA,9.31215342007884,TMA,2.240385192258376,TMA,2.240385192258376,3.0,False,4.408810504105716,B738,B738,,,,False,
24700.0,DICMD,AEA38LZ,28.92030990306329,16.304142077139318,18.507030931412142,0.5694045516798902,18.868448371197168,TMA,11.83935237495866,TMA,9.554612185907528,TMA,9.554612185907528,3.0,False,15.868448371197168,C25A,B738,,,,False,
24700.0,AEA38LZ,RYR2889,18.507030931412142,0.5694045516798902,16.411535409683516,7.722358383835669,7.453579677345428,TMA,9.554612185907528,TMA,2.453003050653222,TMA,2.453003050653222,3.0,False,4.453579677345428,B738,B738,,,,False,
24704.0,DICMD,RYR2889,28.717076499508103,16.23207202475021,16.41362855121451,7.4862987674930865,15.095144294895748,TMA,11.62646320003912,TMA,2.676283587988668,TMA,2.676283587988668,3.0,False,12.095144294895748,C25A,B738,,,,False,
24708.0,DICMD,RYR2889,28.52168246304163,16.153205400734436,16.417414812580244,7.244851467139092,15.02904072654704,TMA,11.417253799173343,TMA,2.906295142427856,TMA,2.906295142427856,3.0,False,12.02904072654704,C25A,B738,,,,False,
24712.0,DICMD,RYR2889,28.32685375003385,16.072760286106785,16.421348525065167,6.998329941869439,14.969513710677852,TMA,11.207829489348171,TMA,3.142898382537924,TMA,3.142898382537924,3.0,False,11.969513710677852,C25A,B738,,,,False,
24716.0,DICMD,RYR2889,28.13194610745137,15.992804593988447,16.424119435698817,6.755757223168882,14.912955760229597,TMA,10.998626434279132,TMA,3.377361352724883,TMA,3.377361352724883,3.0,False,11.912955760229597,C25A,B738,,,,False,
24720.0,DICMD,RYR2889,27.94350083609253,15.90857711757829,16.425752958161837,6.507654742126428,14.867274722989698,TMA,10.793031649032292,TMA,3.6185418693934426,TMA,3.6185418693934426,3.0,False,11.867274722989698,C25A,B738,,,,False,
24724.0,DICMD,RYR2889,27.757438980166047,15.81955639975927,16.43002228721943,6.2649436682314015,14.818940359726133,TMA,10.587199859883537,TMA,3.854781923669089,TMA,3.854781923669089,3.0,False,11.818940359726133,C25A,B738,,,,False,
24728.0,DICMD,RYR2889,27.57653355745766,15.728566557093073,16.43214725642471,6.020843139196434,14.779622457459112,TMA,10.38491342682064,TMA,4.093561010459025,TMA,4.093561010459025,3.0,False,11.779622457459112,C25A,B738,,,,False,
24732.0,VLG200Z,RYR2889,18.24180525962317,10.513824713611552,16.433995838396505,5.773969054198373,5.072909084100269,TWR,0.3091096599230243,TMA,4.335711767915267,TMA,4.335711767915267,3.0,False,2.072909084100269,A320,B738,,,,False,
24736.0,ICC03,DICMD,18.201388356392105,11.285192261355798,27.212236112728824,15.534811108688908,9.962662176119759,TWR,0.7235648066992211,TMA,9.972413833102664,TMA,9.972413833102664,3.0,False,6.962662176119759,C200,C25A,,,,False,
24736.0,DICMD,RYR2889,27.212236112728824,15.534811108688908,16.43644227819177,5.528732482269409,14.705078790762595,TMA,9.972413833102664,TMA,4.576651912049872,TMA,4.576651912049872,3.0,False,11.705078790762595,C25A,B738,,,,False,
24740.0,ICC03,DICMD,18.13020588527301,11.255620244546227,27.03329324556325,15.4398729532166,9.837323582914978,TMA,0.7329825150515754,TMA,9.769912999521244,TMA,9.769912999521244,3.0,False,6.837323582914978,C200,C25A,,,,False,
24740.0,DICMD,RYR2889,27.03329324556325,15.4398729532166,16.437761907593153,5.281065124391841,14.678782675579662,TMA,9.769912999521244,TMA,4.820608649199506,TMA,4.820608649199506,3.0,False,11.678782675579662,C25A,B738,,,,False,
24744.0,ICC03,DICMD,18.052754167567485,11.216658987242818,26.853974041866643,15.34496330903514,9.721335702931343,TMA,0.7468528221690672,TMA,9.56710139843718,TMA,9.56710139843718,3.0,False,6.721335702931343,C200,C25A,,,,False,
24744.0,ICC03,DICMD,18.052754167567485,11.216658987242818,26.853974041866643,15.34496330903514,9.721335702931343,TMA,0.7844888155897747,TMA,9.56710139843718,TMA,9.56710139843718,3.0,False,6.721335702931343,C200,C25A,,,,False,
24744.0,DICMD,RYR2889,26.853974041866643,15.34496330903514,16.43768957756662,5.026389797149792,14.661921475761625,TMA,9.56710139843718,TMA,5.072064871768894,TMA,5.072064871768894,3.0,False,11.661921475761625,C25A,B738,,,,False,
24744.0,RYR2889,VLG200Z,16.43768957756662,5.026389797149792,17.86146918446932,10.332495699820708,5.493806350736358,TMA,5.072064871768894,TMA,0.7035654375701443,TMA,0.7035654375701443,3.0,False,2.4938063507363584,B738,A320,,,,False,
24744.0,VLG200Z,ICC03,17.86146918446932,10.332495699820708,17.954279125128124,11.1763286893813,0.8489215507665344,TMA,0.7035654375701443,TMA,0.7468528221690672,TMA,0.7468528221690672,3.0,True,-2.1510784492334656,A320,C200,,,,False,
24744.0,VLG200Z,ICC03,17.86146918446932,10.332495699820708,17.954279125128124,11.1763286893813,0.8489215507665344,TMA,0.7035654375701443,TMA,0.7844888155897747,TMA,0.7844888155897747,3.0,False,-2.1510784492334656,A320,C200,,,,False,
24748.0,DICMD,RYR2889,26.680156187068544,15.248091079476367,16.440176871365896,4.776069575202971,14.646515311567544,TMA,9.368115342894498,TMA,5.31914248603468,TMA,5.31914248603468,3.0,False,11.646515311567544,C25A,B738,,,,False,
24748.0,RYR2889,VLG200Z,16.440176871365896,4.776069575202971,17.701683530633044,10.255822921919531,5.623085966995943,TMA,5.31914248603468,TMA,0.5263610373192587,TMA,0.5263610373192587,3.0,False,2.6230859669959434,B738,A320,,,,False,
24748.0,VLG200Z,ICC03,17.701683530633044,10.255822921919531,17.848519202349955,11.128280067205583,0.8847271810277133,TMA,0.5263610373192587,TMA,0.8353904408351547,TMA,0.8353904408351547,3.0,False,-2.1152728189722865,A320,C200,,,,False,
24752.0,DICMD,RYR2889,26.510694893510312,15.15960605507277,16.44224144378659,4.522745899874706,14.64638347273803,TMA,9.177051512439574,TMA,5.5695440183662575,TMA,5.5695440183662575,3.0,False,11.64638347273803,C25A,B738,,,,False,
24752.0,RYR2889,VLG200Z,16.44224144378659,4.522745899874706,17.530330016168975,10.174695163345817,5.755733421398247,TMA,5.5695440183662575,TMA,0.3368021855040461,TMA,0.3368021855040461,3.0,False,2.755733421398247,B738,A320,,,,False,
24752.0,VLG200Z,ICC03,17.530330016168975,10.174695163345817,17.742293997176517,11.078352316079563,0.928183698914944,TMA,0.3368021855040461,TMA,0.8979915277704887,TMA,0.8979915277704887,3.0,False,-2.071816301085056,A320,C200,,,,False,
24756.0,DICMD,RYR2889,26.3419110993455,15.069733263831177,16.442240166544323,4.262355616990166,14.65615557297299,TMA,8.985897087920698,TMA,5.827478731478966,TMA,5.827478731478966,3.0,False,11.65615557297299,C25A,B738,,,,False,
24756.0,RYR2889,VLG200Z,16.442240166544323,4.262355616990166,17.364183872464075,10.098786304191984,5.908798808843988,TMA,5.827478731478966,TMA,0.1541508260062844,TMA,0.1541508260062844,3.0,False,2.9087988088439882,B738,A320,,,,False,
24756.0,VLG200Z,ICC03,17.364183872464075,10.098786304191984,17.630073172853162,11.031240157312032,0.969622250291227,TMA,0.1541508260062844,TMA,0.977422202360718,TMA,0.977422202360718,3.0,False,-2.030377749708773,A320,C200,,,,False,
24760.0,DICMD,RYR2889,26.17927363037245,14.985013336007064,16.435743751834444,4.003871508460677,14.680662462254613,TMA,8.802634630070429,TMA,6.084568944635224,TMA,6.084568944635224,3.0,False,11.680662462254613,C25A,B738,,,,False,
24760.0,RYR2889,VLG200Z,16.435743751834444,4.003871508460677,17.19398600822851,10.020075741955273,6.063797877444453,TMA,6.084568944635224,TMA,0.0335950892143095,TMA,0.0335950892143095,3.0,False,3.063797877444453,B738,A320,,,,False,
24760.0,VLG200Z,ICC03,17.19398600822851,10.020075741955273,17.516534311524335,11.000984982480656,1.03257946236941,TMA,0.0335950892143095,TMA,1.0074326892130276,TMA,1.0074326892130276,3.0,False,-1.96742053763059,A320,C200,,,,False,
24764.0,DICMD,RYR2889,26.02211634706213,14.906798797706976,16.406232180388045,3.727970239425253,14.745556491443393,TMA,8.627357881607267,TMA,6.361972896516833,TMA,6.361972896516833,3.0,False,11.745556491443393,C25A,B738,,,,False,
24764.0,RYR2889,VLG200Z,16.406232180388045,3.727970239425253,17.033003814290502,9.945913670660111,6.249453031674171,TMA,6.361972896516833,TMA,0.2106761726479746,TMA,0.2106761726479746,3.0,False,3.2494530316741708,B738,A320,,,,False,
24764.0,VLG200Z,ICC03,17.033003814290502,9.945913670660111,17.397340319793884,10.983330085509738,1.0995334951886953,TMA,0.2106761726479746,TMA,0.96197415036303,TMA,0.96197415036303,3.0,False,-1.9004665048113047,A320,C200,,,,False,
24768.0,DICMD,RYR2889,25.863735105785544,14.83063535850576,16.318029320648584,3.464603434226893,14.842748419350224,TMA,8.452046616401404,TMA,6.634699513007326,TMA,6.634699513007326,3.0,False,11.842748419350224,C25A,B738,,,,False,
24768.0,RYR2889,VLG200Z,16.318029320648584,3.464603434226893,16.86640747342024,9.862417481109125,6.4212727069422035,TMA,6.634699513007326,TMA,0.3970128171992961,TMA,0.3970128171992961,3.0,False,3.4212727069422035,B738,A320,,,,False,
24768.0,VLG200Z,ICC03,16.86640747342024,9.862417481109125,17.27934145281522,10.985368960002994,1.1964675069925228,TMA,0.3970128171992961,TMA,0.9497330625600552,TMA,0.9497330625600552,3.0,False,-1.8035324930074772,A320,C200,,,,False,
24772.0,DICMD,RYR2889,25.709388496970437,14.75550067418454,16.247846235337384,3.1961859941989537,14.937822392825488,TMA,8.280765611944581,TMA,6.910258759585148,TMA,6.910258759585148,3.0,False,11.937822392825488,C25A,B738,,,,False,
24772.0,RYR2889,ICC03,16.247846235337384,3.1961859941989537,17.16276890226802,11.01269056120487,7.8698683046470235,TMA,6.910258759585148,TMA,0.9772179032433856,TMA,0.9772179032433856,3.0,False,4.8698683046470235,B738,C200,,,,False,
24776.0,DICMD,RYR2889,25.55056028120893,14.680608199273095,16.123475113671603,2.9268734374451397,15.067190036878314,TMA,8.105736734807905,TMA,7.194928525011847,TMA,7.194928525011847,3.0,False,12.067190036878314,C25A,B738,,,,False,
24776.0,RYR2889,VLG200Z,16.123475113671603,2.9268734374451397,16.59549786927331,9.630843543247757,6.720566989570223,TMA,7.194928525011847,TMA,0.747497974997732,TMA,0.747497974997732,3.0,False,3.720566989570223,B738,A320,,,,False,
24776.0,VLG200Z,ICC03,16.59549786927331,9.630843543247757,17.04609458398263,11.056338200179834,1.4950158581930604,TMA,0.747497974997732,TMA,1.0342294370825729,TMA,1.0342294370825729,3.0,False,-1.5049841418069396,A320,C200,,,,False,
24780.0,DICMD,RYR2889,25.391467315582684,14.606225915435235,15.983289561806272,2.6662296631956472,15.201227554054599,TMA,7.930759133339306,TMA,7.474583237628836,TMA,7.474583237628836,3.0,False,12.201227554054599,C25A,B738,,,,False,
24780.0,RYR2889,VLG200Z,15.983289561806272,2.6662296631956472,16.478491426954466,9.485851540141612,6.837577599688815,TMA,7.474583237628836,TMA,0.9263578736092148,TMA,0.9263578736092148,3.0,False,3.8375775996888146,B738,A320,,,,False,
24780.0,VLG200Z,ICC03,16.478491426954466,9.485851540141612,16.93474418214622,11.116188848772143,1.6929755806073254,TMA,0.9263578736092148,TMA,1.1166673063361907,TMA,1.1166673063361907,3.0,False,-1.3070244193926746,A320,C200,,,,False,
24784.0,DICMD,RYR2889,25.22565318311928,14.52825467686634,15.8368946361816,2.3963238568622445,15.340551896006238,TMA,7.748196136947817,TMA,7.76566780047768,TMA,7.76566780047768,3.0,False,12.340551896006238,C25A,B738,,,,False,
24784.0,RYR2889,VLG200Z,15.8368946361816,2.3963238568622445,16.40238501835611,9.317837100379762,6.944575217572366,TMA,7.76566780047768,TMA,1.09122184829855,TMA,1.09122184829855,3.0,False,3.944575217572366,B738,A320,,,,False,
24784.0,VLG200Z,ICC03,16.40238501835611,9.317837100379762,16.834285309946697,11.192462216364351,1.9237352175796616,TMA,1.09122184829855,TMA,1.2187340362664214,TMA,1.2187340362664214,3.0,False,-1.0762647824203384,A320,C200,,,,False,
24788.0,DICMD,RYR2889,25.0599279334369,14.450091823820468,15.69192344464202,2.127108759541988,15.4795161327664,TMA,7.565645692806465,TMA,8.056988919582558,TMA,8.056988919582558,3.0,False,12.4795161327664,C25A,B738,,,,False,
24788.0,RYR2889,VLG200Z,15.69192344464202,2.127108759541988,16.36438934672192,9.117621426105009,7.022782762611853,TMA,8.056988919582558,TMA,1.2580716114673918,TMA,1.2580716114673918,3.0,False,4.022782762611853,B738,A320,,,,False,
24792.0,DICMD,RYR2889,24.89672553206136,14.37605228843395,15.549558200407224,1.857465268947247,15.62320575587492,TMA,7.387391168302747,TMA,8.349240199184251,TMA,8.349240199184251,3.0,False,12.62320575587492,C25A,B738,,,,False,
24792.0,RYR2889,VLG200Z,15.549558200407224,1.857465268947247,16.331399262382728,8.94056847857968,7.126122825526954,TMA,8.349240199184251,TMA,1.4133258688040362,TMA,1.4133258688040362,3.0,False,4.126122825526954,B738,A320,,,,False,
24792.0,VLG200Z,ICC03,16.331399262382728,8.94056847857968,16.668776048368336,11.399839912826517,2.4823051953828066,TMA,1.4133258688040362,TMA,1.470858500679361,TMA,1.470858500679361,3.0,False,-0.5176948046171934,A320,C200,,,,False,
24796.0,DICMD,RYR2889,24.733670856871058,14.301701830883776,15.4082431073713,1.5836962653274538,15.770582369610251,TMA,7.209153318020406,TMA,8.646179855430121,TMA,8.646179855430121,3.0,False,12.770582369610251,C25A,B738,,,,False,
24796.0,RYR2889,VLG200Z,15.4082431073713,1.5836962653274538,16.318871594357223,8.73913347521927,7.213149513632354,TMA,8.646179855430121,TMA,1.581899445965712,TMA,1.581899445965712,3.0,False,4.213149513632354,B738,A320,,,,False,
24800.0,ICC03,DICMD,16.605747274457624,11.51615765798008,24.56698592019765,14.225869687656283,8.40974791882589,TMA,1.602416606408465,TMA,7.027086740184189,TMA,7.027086740184189,3.0,False,5.4097479188258895,C200,C25A,,,,False,
24800.0,DICMD,RYR2889,24.56698592019765,14.225869687656283,15.265680694850138,1.3068341060288409,15.9190376359387,TMA,7.027086740184189,TMA,8.947164905985053,TMA,8.947164905985053,3.0,False,12.9190376359387,C25A,B738,,,,False,
24800.0,RYR2889,VLG200Z,15.265680694850138,1.3068341060288409,16.311324875826667,8.529663072563725,7.298125103958239,TMA,8.947164905985053,TMA,1.7617739268844803,TMA,1.7617739268844803,3.0,False,4.298125103958239,B738,A320,,,,False,
24804.0,ICC03,DICMD,16.544842333141517,11.633611973702918,24.399893176331805,14.150829072288198,8.248527484982672,TMA,1.7343013297448568,TMA,6.845132710649714,TMA,6.845132710649714,3.0,False,5.248527484982672,C200,C25A,,,,False,
24804.0,DICMD,RYR2889,24.399893176331805,14.150829072288198,15.121365662802418,1.0311643451267989,16.069121798419626,TMA,6.845132710649714,TMA,9.24807713855166,TMA,9.24807713855166,3.0,False,13.069121798419626,C25A,B738,,,,False,
24804.0,VLG57RJ,VLG200Z,18.228594176177705,10.50201093614588,16.309833634690484,8.316651948542033,2.9081671066617267,TWR,0.3259997829502373,TMA,1.947880123685692,TMA,1.947880123685692,3.0,True,-0.09183289333827327,A320,A320,,,,False,
24808.0,ICC03,DICMD,16.47657714440141,11.750135945960372,24.23647520632241,14.077143103964811,8.101294973324276,TMA,1.8683190471128817,TMA,6.667092148860164,TMA,6.667092148860164,3.0,False,5.101294973324276,C200,C25A,,,,False,
24808.0,DICMD,RYR2889,24.23647520632241,14.077143103964811,14.982276463779028,0.757425571125635,16.218972517428927,TMA,6.667092148860164,TMA,9.546541563316334,TMA,9.546541563316334,3.0,False,13.218972517428927,C25A,B738,,,,False,
24808.0,VLG57RJ,VLG200Z,18.11833922847349,10.447956663186824,16.31081033281267,8.097933396844619,2.9647546375709593,TWR,0.4487630856350331,TMA,2.143122976950317,TMA,2.143122976950317,3.0,False,-0.03524536242904075,A320,A320,,,,False,
24812.0,ICC03,DICMD,16.41177845186076,11.86514143046316,24.07288155833269,14.004221632745333,7.954128797032985,TMA,1.9996796395652203,TMA,6.489365205168155,TMA,6.489365205168155,3.0,False,4.954128797032985,C200,C25A,,,,False,
24812.0,DICMD,RYR2889,24.07288155833269,14.004221632745333,14.841711321869642,0.480598151695882,16.373847928686565,TMA,6.489365205168155,TMA,9.848887754799971,TMA,9.848887754799971,3.0,False,13.373847928686565,C25A,B738,,,,False,
24812.0,VLG57RJ,VLG200Z,17.98477486589464,10.389410951649026,16.313290685080773,7.869336683869118,3.024009537325807,TWR,0.5945633305450738,TMA,2.3510399884563977,TMA,2.3510399884563977,3.0,False,0.024009537325806907,A320,A320,,,,False,
24816.0,ICC03,DICMD,16.34754336002166,11.982008001079512,23.909596722466844,13.930219523280924,7.8089806755880025,TMA,2.132585191223539,TMA,6.311416137656249,TMA,6.311416137656249,3.0,False,4.8089806755880025,C200,C25A,,,,False,
24816.0,DICMD,RYR2889,23.909596722466844,13.930219523280924,14.69968588682462,0.2003149714868189,16.53277764327146,TMA,6.311416137656249,TMA,10.155434592877524,TMA,10.155434592877524,3.0,False,13.532777643271459,C25A,B738,,,,False,
24816.0,RYR2889,VLG200Z,14.69968588682462,0.2003149714868189,16.32310096457431,7.640770446561804,7.615500915319908,TMA,10.155434592877524,TMA,2.5598706326286096,TMA,2.5598706326286096,3.0,False,4.615500915319908,B738,A320,,,,False,
24816.0,VLG200Z,VLG57RJ,16.32310096457431,7.640770446561804,17.838765083193486,10.320307515057587,3.0784990859041397,TMA,2.5598706326286096,TMA,0.6778443966954836,TMA,0.6778443966954836,3.0,False,0.07849908590413968,A320,A320,,,,False,
24820.0,ICC03,DICMD,16.286784803242714,12.099597708377235,23.74669543163183,13.855871873831155,7.6638610065549715,TMA,2.264762708017868,TMA,6.133689310901804,TMA,6.133689310901804,3.0,False,4.6638610065549715,C200,C25A,,,,False,
24820.0,DICMD,RYR2889,23.74669543163183,13.855871873831155,14.556540494536376,-0.0794004953038117,16.692835701875115,TMA,6.133689310901804,TMA,10.462172679050166,TMA,10.462172679050166,3.0,False,13.692835701875115,C25A,B738,,,,False,
24820.0,RYR2889,VLG200Z,14.556540494536376,-0.0794004953038117,16.327663429883422,7.397241748956154,7.683557489910845,TMA,10.462172679050166,TMA,2.787707252606717,TMA,2.787707252606717,3.0,False,4.683557489910845,B738,A320,,,,False,
24820.0,VLG200Z,VLG57RJ,16.327663429883422,7.397241748956154,17.680431976749038,10.248476404156513,3.1558710050324326,TMA,2.787707252606717,TMA,0.5039819344227262,TMA,0.5039819344227262,3.0,False,0.15587100503243256,A320,A320,,,,False,
24824.0,ICC03,DICMD,16.224925066519223,12.216509132871224,23.58382724609629,13.781000658614124,7.523368595430206,TMA,2.3968016950421718,TMA,5.955794471420389,TMA,5.955794471420389,3.0,False,4.523368595430206,C200,C25A,,,,False,
24824.0,DICMD,VLG200Z,23.58382724609629,13.781000658614124,16.33453752755301,7.147699476647414,9.826132809709945,TMA,5.955794471420389,TMA,3.023068889325539,TMA,3.023068889325539,3.0,False,6.826132809709945,C25A,A320,,,,False,
24824.0,VLG200Z,VLG57RJ,16.33453752755301,7.147699476647414,17.509815759516748,10.167414092915244,3.2403634497119884,TMA,3.023068889325539,TMA,0.3151068338676405,TMA,0.3151068338676405,3.0,False,0.24036344971198842,A320,A320,,,,False,
24828.0,ICC03,DICMD,16.16161602729134,12.333662230206926,23.420680334377423,13.706649010962517,7.387767410695922,TMA,2.529691719858039,TMA,5.778023342786754,TMA,5.778023342786754,3.0,False,4.387767410695922,C200,C25A,,,,False,
24828.0,DICMD,VLG200Z,23.420680334377423,13.706649010962517,16.344911092559716,6.896767273152463,9.820437854108766,TMA,5.778023342786754,TMA,3.260948972578314,TMA,3.260948972578314,3.0,False,6.820437854108766,C25A,A320,,,,False,
24828.0,VLG200Z,VLG57RJ,16.344911092559716,6.896767273152463,17.349454892326246,10.091909226513614,3.349334314125404,TMA,3.260948972578314,TMA,0.137901921498421,TMA,0.137901921498421,3.0,False,0.34933431412540417,A320,A320,,,,False,
24832.0,ICC03,DICMD,16.098071536944573,12.445181690035795,23.263986811233224,13.636778843730088,7.264313146814069,TMA,2.657603356517029,TMA,5.608198714291602,TMA,5.608198714291602,3.0,False,4.264313146814069,C200,C25A,,,,False,
24832.0,DICMD,VLG200Z,23.263986811233224,13.636778843730088,16.354338572990027,6.637404682050186,9.835368698297463,TMA,5.608198714291602,TMA,3.5090848662082204,TMA,3.5090848662082204,3.0,False,6.835368698297463,C25A,A320,,,,False,
24832.0,VLG200Z,VLG57RJ,16.354338572990027,6.637404682050186,17.182818251467932,10.009314663531883,3.472197503147935,TMA,3.5090848662082204,TMA,0.0488287675091073,TMA,0.0488287675091073,3.0,False,0.47219750314793485,A320,A320,,,,False,
24836.0,ICC03,DICMD,16.019154656411974,12.54275558873513,23.104565700932547,13.563648066764422,7.158580244818864,TMA,2.779571214812591,TMA,5.4344292531101965,TMA,5.4344292531101965,3.0,False,4.158580244818864,C200,C25A,,,,False,
24836.0,DICMD,VLG200Z,23.104565700932547,13.563648066764422,16.364180441331396,6.3813450590871215,9.84978527390008,TMA,5.4344292531101965,TMA,3.755450282456101,TMA,3.755450282456101,3.0,False,6.84978527390008,C25A,A320,,,,False,
24836.0,VLG200Z,VLG57RJ,16.364180441331396,6.3813450590871215,17.02438917338718,9.931855712975931,3.611371134799171,TMA,3.755450282456101,TMA,0.2247144994899284,TMA,0.2247144994899284,3.0,False,0.611371134799171,A320,A320,,,,False,
24840.0,ICC03,DICMD,15.93024818659715,12.620372706253065,22.94885177972962,13.491811436776649,7.072496154724197,TMA,2.888408093516188,TMA,5.264584341613045,TMA,5.264584341613045,3.0,False,4.072496154724197,C200,C25A,,,,False,
24840.0,DICMD,VLG200Z,22.94885177972962,13.491811436776649,16.373574300550363,6.124278835547741,9.874958762363148,TMA,5.264584341613045,TMA,4.004135524329992,TMA,4.004135524329992,3.0,False,6.874958762363148,C25A,A320,,,,False,
24840.0,VLG200Z,VLG57RJ,16.373574300550363,6.124278835547741,16.870631973038332,9.838123687614532,3.7469600898598006,TMA,4.004135524329992,TMA,0.4046158185425025,TMA,0.4046158185425025,3.0,False,0.7469600898598006,A320,A320,,,,False,
24844.0,ICC03,DICMD,15.836542711355948,12.682238235829589,22.783236977993287,13.413612049005556,6.985089039427603,TMA,2.9861940735389902,TMA,5.083080480332224,TMA,5.083080480332224,3.0,False,3.985089039427603,C200,C25A,,,,False,
24844.0,DICMD,VLG200Z,22.783236977993287,13.413612049005556,16.382650825204568,5.869716638096183,9.893324065753138,TMA,5.083080480332224,TMA,4.25144606357676,TMA,4.25144606357676,3.0,False,6.893324065753138,C25A,A320,,,,False,
24844.0,VLG200Z,VLG57RJ,16.382650825204568,5.869716638096183,16.75124377096954,9.702988019929712,3.8509518623908603,TMA,4.25144606357676,TMA,0.5780655369615232,TMA,0.5780655369615232,3.0,False,0.8509518623908603,A320,A320,,,,False,
24848.0,ICC03,DICMD,15.73747455939472,12.735488687976323,22.628017877847903,13.340767776354168,6.917076694551486,TMA,3.079993973343901,TMA,4.913326112978014,TMA,4.913326112978014,3.0,False,3.9170766945514863,C200,C25A,,,,False,
24848.0,DICMD,VLG200Z,22.628017877847903,13.340767776354168,16.391991877723324,5.616711942958153,9.92718785918997,TMA,4.913326112978014,TMA,4.498004256931174,TMA,4.498004256931174,3.0,False,6.927187859189971,C25A,A320,,,,False,
24848.0,VLG200Z,VLG57RJ,16.391991877723324,5.616711942958153,16.645612680405648,9.56327527495511,3.9547042424201777,TMA,4.498004256931174,TMA,0.7469162338343255,TMA,0.7469162338343255,3.0,False,0.9547042424201777,A320,A320,,,,False,
24852.0,ICC03,DICMD,15.637899242939962,12.779276525417645,22.466149030108166,13.26376980146925,6.845416633814325,TMA,3.167064348651256,TMA,4.7358575275052575,TMA,4.7358575275052575,3.0,False,3.8454166338143247,C200,C25A,,,,False,
24852.0,DICMD,VLG200Z,22.466149030108166,13.26376980146925,16.40104440210835,5.356475827075392,9.965480025872823,TMA,4.7358575275052575,TMA,4.7524318356662425,TMA,4.7524318356662425,3.0,False,6.965480025872823,C25A,A320,,,,False,
24852.0,VLG200Z,VLG57RJ,16.40104440210835,5.356475827075392,16.566630411836496,9.394418883792303,4.041336765960739,TMA,4.7524318356662425,TMA,0.9186420820720576,TMA,0.9186420820720576,3.0,False,1.0413367659607387,A320,A320,,,,False,
24856.0,ICC03,DICMD,15.538673065249,12.817081663743432,22.30376189385544,13.187725188862665,6.775234570230648,TMA,3.2501419445990125,TMA,4.558631744152121,TMA,4.558631744152121,3.0,False,3.775234570230648,C200,C25A,,,,False,
24856.0,DICMD,VLG200Z,22.30376189385544,13.187725188862665,16.409822296459705,5.093787896386553,10.012509419335641,TMA,4.558631744152121,TMA,5.009936694713599,TMA,5.009936694713599,3.0,False,7.012509419335641,C25A,A320,,,,False,
24856.0,VLG200Z,VLG57RJ,16.409822296459705,5.093787896386553,16.52321291542054,9.208695655124272,4.116469761262458,TMA,5.009936694713599,TMA,1.0844651375373002,TMA,1.0844651375373002,3.0,False,1.116469761262458,A320,A320,,,,False,
24860.0,ICC03,DICMD,15.435088468669138,12.854220894116317,22.145138220030592,13.112873080020606,6.71503303186358,TMA,3.33630202057922,TMA,4.3853553317158696,TMA,4.3853553317158696,3.0,False,3.7150330318635802,C200,C25A,,,,False,
24860.0,DICMD,VLG200Z,22.145138220030592,13.112873080020606,16.41860885915192,4.823525857000066,10.075039250782293,TMA,4.3853553317158696,TMA,5.275452149953578,TMA,5.275452149953578,3.0,False,7.075039250782293,C25A,A320,,,,False,
24860.0,VLG200Z,VLG57RJ,16.41860885915192,4.823525857000066,16.499255014580257,9.015201415608296,4.192451286660226,TMA,5.275452149953578,TMA,1.2523053199828478,TMA,1.2523053199828478,3.0,False,1.1924512866602264,A320,A320,,,,False,
24864.0,ICC03,DICMD,15.330870948259374,12.890746348798114,21.979053293290825,13.035384203620117,6.649755529478914,TMA,3.4236689790999515,TMA,4.2046210003062034,TMA,4.2046210003062034,3.0,False,3.649755529478914,C200,C25A,,,,False,
24864.0,DICMD,VLG200Z,21.979053293290825,13.035384203620117,16.432109752468172,4.5572425894643125,10.131508667259508,TMA,4.2046210003062034,TMA,5.536827729689483,TMA,5.536827729689483,3.0,False,7.131508667259508,C25A,A320,,,,False,
24864.0,VLG200Z,VLG57RJ,16.432109752468172,4.5572425894643125,16.483489399042554,8.810243323017426,4.2533110758191,TMA,5.536827729689483,TMA,1.4325929363430767,TMA,1.4325929363430767,3.0,False,1.2533110758191004,A320,A320,,,,False,
24868.0,ICC03,DICMD,15.22583854820917,12.92557217329167,21.823148198739688,12.964031018562256,6.597421746998038,TMA,3.5114001915237014,TMA,4.035971472247319,TMA,4.035971472247319,3.0,False,3.5974217469980383,C200,C25A,,,,False,
24868.0,DICMD,VLG200Z,21.823148198739688,12.964031018562256,16.441778616958487,4.272921153842143,10.222256563809932,TMA,4.035971472247319,TMA,5.817070532080738,TMA,5.817070532080738,3.0,False,7.222256563809932,C25A,A320,,,,False,
24868.0,VLG200Z,VLG57RJ,16.441778616958487,4.272921153842143,16.473484996164913,8.601817410365747,4.329012369377853,TMA,5.817070532080738,TMA,1.6193103316949051,TMA,1.6193103316949051,3.0,False,1.3290123693778533,A320,A320,,,,False,
24872.0,ICC03,DICMD,15.12131828694446,12.952093929648138,21.66392066085975,12.890141163143795,6.542895686807142,TMA,3.593356634971653,TMA,3.86339061429956,TMA,3.86339061429956,3.0,False,3.5428956868071424,C200,C25A,,,,False,
24872.0,DICMD,VLG200Z,21.66392066085975,12.890141163143795,16.44718222426938,3.9869151005432752,10.319001610503241,TMA,3.86339061429956,TMA,6.099918274187663,TMA,6.099918274187663,3.0,False,7.319001610503241,C25A,A320,,,,False,
24872.0,VLG200Z,VLG57RJ,16.44718222426938,3.9869151005432752,16.471008563647597,8.38934102287854,4.402490397047752,TMA,6.099918274187663,TMA,1.8113669401000936,TMA,1.8113669401000936,3.0,False,1.4024903970477522,A320,A320,,,,False,
24876.0,ICC03,DICMD,15.014847254296848,12.966083195798983,21.51120290440736,12.820539573904016,6.497985817051085,TMA,3.6678048612831855,TMA,3.698874584404999,TMA,3.698874584404999,3.0,False,3.4979858170510854,C200,C25A,,,,False,
24876.0,DICMD,VLG200Z,21.51120290440736,12.820539573904016,16.432054335279968,3.6912395429851617,10.447098604005028,TMA,3.698874584404999,TMA,6.39515727926018,TMA,6.39515727926018,3.0,False,7.447098604005028,C25A,A320,,,,False,
24876.0,VLG200Z,VLG57RJ,16.432054335279968,3.6912395429851617,16.470830280564577,8.17088169564164,4.4798099725088205,TMA,6.39515727926018,TMA,2.0122314130947654,TMA,2.0122314130947654,3.0,False,1.4798099725088205,A320,A320,,,,False,
24880.0,ICC03,DICMD,14.908158952198216,12.97104721465498,21.35915631047753,12.749622943479933,6.454796327103753,TMA,3.73689787448847,TMA,3.534422448732962,TMA,3.534422448732962,3.0,False,3.454796327103753,C200,C25A,,,,False,
24880.0,DICMD,VLG200Z,21.35915631047753,12.749622943479933,16.367042364169706,3.397740910408797,10.600891434846401,TMA,3.534422448732962,TMA,6.694501800594749,TMA,6.694501800594749,3.0,False,7.600891434846401,C25A,A320,,,,False,
24880.0,VLG200Z,VLG57RJ,16.367042364169706,3.397740910408797,16.47500534332501,7.949961137665723,4.553500302219732,TMA,6.694501800594749,TMA,2.217270462410775,TMA,2.217270462410775,3.0,False,1.5535003022197316,A320,A320,,,,False,
24884.0,ICC03,DICMD,14.79568134663414,12.97202722017314,21.210879776362955,12.679868896953296,6.421847660807727,TMA,3.808346447214615,TMA,3.3740021419341417,TMA,3.3740021419341417,3.0,False,3.4218476608077273,C200,C25A,,,,False,
24884.0,DICMD,VLG200Z,21.210879776362955,12.679868896953296,16.250714127407132,3.11465324456884,10.774812933025888,TMA,3.3740021419341417,TMA,6.9905859942209405,TMA,6.9905859942209405,3.0,False,7.774812933025888,C25A,A320,,,,False,
24884.0,VLG200Z,VLG57RJ,16.250714127407132,3.11465324456884,16.480576852972664,7.7232909462103985,4.614366515308077,TMA,6.9905859942209405,TMA,2.430154237262769,TMA,2.430154237262769,3.0,False,1.6143665153080766,A320,A320,,,,False,
24888.0,ICC03,DICMD,14.680005860551416,12.974024848081378,21.065399175549476,12.613023229197385,6.395589883353902,TMA,3.88460201508546,TMA,3.217921734509156,TMA,3.217921734509156,3.0,False,3.395589883353902,C200,C25A,,,,False,
24888.0,DICMD,VLG200Z,21.065399175549476,12.613023229197385,16.115261840779606,2.837880115354375,10.9570654159403,TMA,3.217921734509156,TMA,7.284133892875509,TMA,7.284133892875509,3.0,False,7.957065415940299,C25A,A320,,,,False,
24888.0,VLG200Z,VLG57RJ,16.115261840779606,2.837880115354375,16.48509966093819,7.487549447978276,4.664354715924041,TMA,7.284133892875509,TMA,2.6543464657814337,TMA,2.6543464657814337,3.0,False,1.6643547159240413,A320,A320,,,,False,
24892.0,ICC03,DICMD,14.5611417440372,12.977973156745437,20.92325220503485,12.548087316125567,6.3766175480344724,TMA,3.9663541661667514,TMA,3.0660540568308496,TMA,3.0660540568308496,3.0,False,3.3766175480344724,C200,C25A,,,,False,
24892.0,DICMD,VLG200Z,20.92325220503485,12.548087316125567,15.973886371622177,2.567301809315924,11.140570070058988,TMA,3.0660540568308496,TMA,7.573704043252387,TMA,7.573704043252387,3.0,False,8.140570070058988,C25A,A320,,,,False,
24892.0,VLG200Z,VLG57RJ,15.973886371622177,2.567301809315924,16.490830400685287,7.246076136464116,4.707245514477125,TMA,7.573704043252387,TMA,2.8856272799285043,TMA,2.8856272799285043,3.0,False,1.7072455144771252,A320,A320,,,,False,
24896.0,ICC03,DICMD,14.4431122118409,12.981662248260037,20.791144101803663,12.48903624236958,6.36711781402416,TMA,4.049187505184788,TMA,2.926149659882068,TMA,2.926149659882068,3.0,False,3.3671178140241604,C200,C25A,,,,False,
24896.0,DICMD,VLG200Z,20.791144101803663,12.48903624236958,15.82930051872837,2.2943983638355894,11.338012754329814,TMA,2.926149659882068,TMA,7.867319560531143,TMA,7.867319560531143,3.0,False,8.338012754329814,C25A,A320,,,,False,
24896.0,RYR63PB,VLG57RJ,18.169966500393443,10.471074150017849,16.49734050142116,6.999511451629514,3.853495205820207,TWR,0.3922048775801114,TMA,3.1232346567748874,TMA,3.1232346567748874,3.0,False,0.8534952058202072,B738,A320,,,,False,
24900.0,ICC03,DICMD,14.325108605466788,12.984247583371788,20.655379969777957,12.42834137458821,6.354633526709634,TMA,4.13292945026531,TMA,2.782878905869965,TMA,2.782878905869965,3.0,False,3.354633526709634,C200,C25A,,,,False,
24900.0,DICMD,VLG200Z,20.655379969777957,12.42834137458821,15.685264236141318,2.021763054894566,11.532515888983646,TMA,2.782878905869965,TMA,8.161691922036656,TMA,8.161691922036656,3.0,False,8.532515888983646,C25A,A320,,,,False,
24900.0,VLG200Z,VLG57RJ,15.685264236141318,2.021763054894566,16.50342027353562,6.748185838063508,4.796712585384202,TMA,8.161691922036656,TMA,3.3668876812912547,TMA,3.3668876812912547,3.0,False,1.7967125853842019,A320,A320,,,,False,
24904.0,ICC03,DICMD,14.20681526913954,12.985000550057691,20.524255473470536,12.367252380412149,6.347571467608543,TMA,4.217238081390292,TMA,2.643459397724748,TMA,2.643459397724748,3.0,False,3.3475714676085433,C200,C25A,,,,False,
24904.0,DICMD,VLG200Z,20.524255473470536,12.367252380412149,15.54027777526175,1.7494391163992955,11.729364526933665,TMA,2.643459397724748,TMA,8.45694395999429,TMA,8.45694395999429,3.0,False,8.729364526933665,C25A,A320,,,,False,
24904.0,VLG200Z,VLG57RJ,15.54027777526175,1.7494391163992955,16.50972998897629,6.499759675507354,4.848235040606089,TMA,8.45694395999429,TMA,3.608714908300141,TMA,3.608714908300141,3.0,False,1.848235040606089,A320,A320,,,,False,
24904.0,VLG57RJ,RYR63PB,16.50972998897629,6.499759675507354,17.915985308698325,10.355650584752404,4.104320738958536,TMA,3.608714908300141,TMA,0.6711696722724809,TMA,0.6711696722724809,3.0,False,1.1043207389585357,A320,B738,,,,False,
24908.0,ICC03,DICMD,14.084307058124086,12.984615924349155,20.400025191951062,12.309666389150856,6.351681070473808,TMA,4.305439367556072,TMA,2.5121103586776594,TMA,2.5121103586776594,3.0,False,3.3516810704738083,C200,C25A,,,,False,
24908.0,ICC03,DICMD,14.084307058124086,12.984615924349155,20.400025191951062,12.309666389150856,6.351681070473808,TMA,4.39500205087719,TMA,2.5121103586776594,TMA,2.5121103586776594,3.0,False,3.3516810704738083,C200,C25A,,,,False,
24908.0,DICMD,VLG200Z,20.400025191951062,12.309666389150856,15.394271672785864,1.469948860222411,11.939725474297695,TMA,2.5121103586776594,TMA,8.76033216169601,TMA,8.76033216169601,3.0,False,8.939725474297695,C25A,A320,,,,False,
24908.0,VLG200Z,VLG57RJ,15.394271672785864,1.469948860222411,16.512662140514315,6.246869309971178,4.906094803561568,TMA,8.76033216169601,TMA,3.8564015864267542,TMA,3.8564015864267542,3.0,False,1.906094803561568,A320,A320,,,,False,
24908.0,VLG57RJ,RYR63PB,16.512662140514315,6.246869309971178,17.763894272150274,10.285046840156577,4.227583188126818,TMA,3.8564015864267542,TMA,0.5950902177803727,TMA,0.5950902177803727,3.0,False,1.2275831881268182,A320,B738,,,,False,
24908.0,RYR63PB,ICC03,17.763894272150274,10.285046840156577,13.962422583926964,12.984498446531662,4.662427047313922,TMA,0.5950902177803727,TMA,4.305439367556072,TMA,4.305439367556072,3.0,False,1.6624270473139218,B738,C200,,,,False,
24908.0,RYR63PB,ICC03,17.763894272150274,10.285046840156577,13.962422583926964,12.984498446531662,4.662427047313922,TMA,0.5950902177803727,TMA,4.39500205087719,TMA,4.39500205087719,3.0,False,1.6624270473139218,B738,C200,,,,False,
24912.0,DICMD,VLG200Z,20.27573407270675,12.251989217753597,15.247823966156243,1.1905386751403446,12.150537771894367,TMA,2.3812833850495982,TMA,9.06455352355798,TMA,9.06455352355798,3.0,False,9.150537771894367,C25A,A320,,,,False,
24912.0,VLG200Z,VLG57RJ,15.247823966156243,1.1905386751403446,16.51372862947698,5.992096034589528,4.9656286301633346,TMA,9.06455352355798,TMA,4.106901480446124,TMA,4.106901480446124,3.0,False,1.9656286301633346,A320,A320,,,,False,
24912.0,VLG57RJ,RYR63PB,16.51372862947698,5.992096034589528,17.595710349018596,10.209465206110034,4.353950754236179,TMA,4.106901480446124,TMA,0.4107101756479816,TMA,0.4107101756479816,3.0,False,1.3539507542361786,A320,B738,,,,False,
24912.0,RYR63PB,ICC03,17.595710349018596,10.209465206110034,13.840315383580704,12.982624731225364,4.668340722159657,TMA,0.4107101756479816,TMA,4.485102884295255,TMA,4.485102884295255,3.0,False,1.6683407221596571,B738,C200,,,,False,
24916.0,DICMD,VLG200Z,20.151193420072943,12.194181487321307,15.101293061820948,0.9114506697464768,12.361290722660252,TMA,2.25092302714278,TMA,9.369223452692632,TMA,9.369223452692632,3.0,False,9.361290722660252,C25A,A320,,,,False,
24916.0,VLG200Z,VLG57RJ,15.101293061820948,0.9114506697464768,16.5147804687314,5.738971517914679,5.0301992196127845,TMA,9.369223452692632,TMA,4.356272674248656,TMA,4.356272674248656,3.0,False,2.0301992196127845,A320,A320,,,,False,
24916.0,VLG57RJ,RYR63PB,16.5147804687314,5.738971517914679,17.423687791554652,10.1324092412749,4.486469385889797,TMA,4.356272674248656,TMA,0.2222402590696184,TMA,0.2222402590696184,3.0,False,1.486469385889797,A320,B738,,,,False,
24916.0,RYR63PB,ICC03,17.423687791554652,10.1324092412749,13.714541592686334,12.98088784020216,4.6767078006997505,TMA,0.2222402590696184,TMA,4.579585020924695,TMA,4.579585020924695,3.0,False,1.6767078006997505,B738,C200,,,,False,
24920.0,DICMD,VLG57RJ,20.030165791748733,12.138160358810277,16.51287711446283,5.48414558274918,7.526435562695199,TMA,2.125187920973384,TMA,4.608189212181295,TMA,4.608189212181295,3.0,False,4.526435562695199,C25A,A320,,,,False,
24920.0,VLG57RJ,RYR63PB,16.51287711446283,5.48414558274918,17.25646130101787,10.043042007804168,4.619139969396236,TMA,4.608189212181295,TMA,0.0341264792080929,TMA,0.0341264792080929,3.0,False,1.6191399693962358,A320,B738,,,,False,
24920.0,RYR63PB,ICC03,17.25646130101787,10.043042007804168,13.588926916322135,12.97834524313006,4.697532708373637,TMA,0.0341264792080929,TMA,4.674911537418322,TMA,4.674911537418322,3.0,False,1.697532708373637,B738,C200,,,,False,
24924.0,DICMD,VLG57RJ,19.911924445670145,12.084702705299923,16.51169668852648,5.230634182273956,7.651130904564736,TMA,2.004219887788044,TMA,4.859003626158684,TMA,4.859003626158684,3.0,False,4.651130904564736,C25A,A320,,,,False,
24924.0,VLG57RJ,RYR63PB,16.51169668852648,5.230634182273956,17.084163049329966,9.962316265637732,4.766186428611175,TMA,4.859003626158684,TMA,0.1576409778219185,TMA,0.1576409778219185,3.0,False,1.7661864286111753,A320,B738,,,,False,
24924.0,RYR63PB,ICC03,17.084163049329966,9.962316265637732,13.460174213173117,12.977404479306037,4.7142392833617395,TMA,0.1576409778219185,TMA,4.7751009432533,TMA,4.7751009432533,3.0,False,1.7142392833617395,B738,C200,,,,False,
24928.0,DICMD,VLG57RJ,19.79043439516981,12.02839798120346,16.508469908311753,4.974360997161043,7.780149655709439,TMA,1.8801302567737337,TMA,5.113104821444009,TMA,5.113104821444009,3.0,False,4.780149655709439,C25A,A320,,,,False,
24928.0,VLG57RJ,RYR63PB,16.508469908311753,4.974360997161043,16.912131440214996,9.871888914905076,4.914134953114401,TMA,5.113104821444009,TMA,0.3519849593991266,TMA,0.3519849593991266,3.0,False,1.9141349531144014,A320,B738,,,,False,
24928.0,RYR63PB,ICC03,16.912131440214996,9.871888914905076,13.335291032769875,12.9745370048999,4.734998676946035,TMA,0.3519849593991266,TMA,4.872382750834305,TMA,4.872382750834305,3.0,False,1.7349986769460353,B738,C200,,,,False,
24932.0,DICMD,VLG57RJ,19.675798891789693,11.975686582956998,16.504319994178314,4.714809758578349,7.923295441720778,TMA,1.7646739196869905,TMA,5.370786552313289,TMA,5.370786552313289,3.0,False,4.923295441720778,C25A,A320,,,,False,
24932.0,VLG57RJ,RYR63PB,16.504319994178314,4.714809758578349,16.757362080300688,9.76736203001528,5.058884734104113,TMA,5.370786552313289,TMA,0.5380764219223214,TMA,0.5380764219223214,3.0,False,2.0588847341041134,A320,B738,,,,False,
24932.0,RYR63PB,ICC03,16.757362080300688,9.76736203001528,13.203425564523382,12.974290939697642,4.786946604040184,TMA,0.5380764219223214,TMA,4.97808375585605,TMA,4.97808375585605,3.0,False,1.7869466040401836,B738,C200,,,,False,
24936.0,DICMD,VLG57RJ,19.55848818797788,11.91919220277665,16.499399163857515,4.456670025436045,8.065188336597853,TMA,1.6461629871185224,TMA,5.627342371897801,TMA,5.627342371897801,3.0,False,5.065188336597853,C25A,A320,,,,False,
24936.0,VLG57RJ,RYR63PB,16.499399163857515,4.456670025436045,16.614305305474275,9.635741700449234,5.18034620815107,TMA,5.627342371897801,TMA,0.7290764023295474,TMA,0.7290764023295474,3.0,False,2.18034620815107,A320,B738,,,,False,
24936.0,RYR63PB,ICC03,16.614305305474275,9.635741700449234,13.06806758526162,12.974862963309352,4.87088624136754,TMA,0.7290764023295474,TMA,5.0883311325286575,TMA,5.0883311325286575,3.0,False,1.8708862413675398,B738,C200,,,,False,
24940.0,DICMD,VLG57RJ,19.44030303356953,11.86353253869164,16.49389489237648,4.195703835700711,8.214433513815802,TMA,1.52969981000457,TMA,5.886917801979027,TMA,5.886917801979027,3.0,False,5.214433513815802,C25A,A320,,,,False,
24940.0,VLG57RJ,RYR63PB,16.49389489237648,4.195703835700711,16.489526991712555,9.494423428363396,5.2987213929611,TMA,5.886917801979027,TMA,0.912387965803412,TMA,0.912387965803412,3.0,False,2.2987213929610997,A320,B738,,,,False,
24940.0,RYR63PB,ICC03,16.489526991712555,9.494423428363396,12.940521686864027,12.973132404820308,4.969593021236738,TMA,0.912387965803412,TMA,5.192018898774493,TMA,5.192018898774493,3.0,False,1.9695930212367383,B738,C200,,,,False,
24944.0,DICMD,VLG57RJ,19.321417491270417,11.807885018972248,16.48764841448007,3.935591673814468,8.36679446937647,TMA,1.415328252285653,TMA,6.145856772376012,TMA,6.145856772376012,3.0,False,5.366794469376471,C25A,A320,,,,False,
24944.0,VLG57RJ,RYR63PB,16.48764841448007,3.935591673814468,16.38455981694671,9.325449065035668,5.390843158230742,TMA,6.145856772376012,TMA,1.099743707738711,TMA,1.099743707738711,3.0,False,2.3908431582307417,A320,B738,,,,False,
24944.0,RYR63PB,ICC03,16.38455981694671,9.325449065035668,12.80513288447678,12.972678632957043,5.110242722807892,TMA,1.099743707738711,TMA,5.30398681682479,TMA,5.30398681682479,3.0,False,2.110242722807892,B738,C200,,,,False,
24948.0,DICMD,VLG57RJ,19.20193825030974,11.75154076468533,16.48150120496874,3.676020753075658,8.521431873551062,TMA,1.303238644216759,TMA,6.404347817051021,TMA,6.404347817051021,3.0,False,5.521431873551062,C25A,A320,,,,False,
24948.0,VLG57RJ,RYR63PB,16.48150120496874,3.676020753075658,16.303150374448528,9.149573797239004,5.476457974459137,TMA,6.404347817051021,TMA,1.2782334949693182,TMA,1.2782334949693182,3.0,False,2.4764579744591373,A320,B738,,,,False,
24948.0,RYR63PB,ICC03,16.303150374448528,9.149573797239004,12.674046745556597,12.97076031438827,5.269901284472027,TMA,1.2782334949693182,TMA,5.412614533084988,TMA,5.412614533084988,3.0,False,2.269901284472027,B738,C200,,,,False,
24952.0,DICMD,VLG57RJ,19.089795628813103,11.702876149638591,16.476491538426565,3.4166677002001187,8.688533175189962,TMA,1.2054626339719552,TMA,6.662584483984287,TMA,6.662584483984287,3.0,False,5.688533175189962,C25A,A320,,,,False,
24952.0,VLG57RJ,RYR63PB,16.476491538426565,3.4166677002001187,16.25822099859545,8.960928472412903,5.5485556263640055,TMA,6.662584483984287,TMA,1.445359773335539,TMA,1.445359773335539,3.0,False,2.5485556263640055,A320,B738,,,,False,
24952.0,RYR63PB,ICC03,16.25822099859545,8.960928472412903,12.53950946689319,12.969969748095822,5.468201478195981,TMA,1.445359773335539,TMA,5.525741348889937,TMA,5.525741348889937,3.0,False,2.468201478195981,B738,C200,,,,False,
24956.0,DICMD,VLG57RJ,18.97314148808032,11.650791461350725,16.47223559583795,3.1572049824898585,8.85412567991559,TMA,1.1075799290478288,TMA,6.920935502185957,TMA,6.920935502185957,3.0,False,5.85412567991559,C25A,A320,,,,False,
24956.0,VLG57RJ,RYR63PB,16.47223559583795,3.1572049824898585,16.232792160768717,8.75756526815409,5.605476651261952,TMA,6.920935502185957,TMA,1.6179993409883446,TMA,1.6179993409883446,3.0,False,2.6054766512619523,A320,B738,,,,False,
24956.0,RYR63PB,ICC03,16.232792160768717,8.75756526815409,12.405431716227415,12.96980408044432,5.691365722232546,TMA,1.6179993409883446,TMA,5.639740915727798,TMA,5.639740915727798,3.0,False,2.691365722232546,B738,C200,,,,False,
24960.0,DICMD,VLG57RJ,18.85917384577747,11.597462720894612,16.479390816853794,2.8946064884096825,9.022365203651143,TMA,1.016055352729796,TMA,7.181297347118643,TMA,7.181297347118643,3.0,False,6.022365203651143,C25A,A320,,,,False,
24960.0,VLG57RJ,RYR63PB,16.479390816853794,2.8946064884096825,16.226546925137136,8.55328514108323,5.664324684179195,TMA,7.181297347118643,TMA,1.7874321800220176,TMA,1.7874321800220176,3.0,False,2.6643246841791948,A320,B738,,,,False,
24960.0,RYR63PB,ICC03,16.226546925137136,8.55328514108323,12.27130488126626,12.968626077918772,5.927830565569467,TMA,1.7874321800220176,TMA,5.754132567766585,TMA,5.754132567766585,3.0,False,2.927830565569467,B738,C200,,,,False,
24964.0,DICMD,VLG57RJ,18.747084681259107,11.546860511810497,16.515224393432238,2.633572977605868,9.188465324078134,TMA,0.935654241231404,TMA,7.437482750342888,TMA,7.437482750342888,3.0,False,6.188465324078134,C25A,A320,,,,False,
24964.0,VLG57RJ,RYR63PB,16.515224393432238,2.633572977605868,16.232995040361743,8.339986378935368,5.713388426722579,TMA,7.437482750342888,TMA,1.9648635909350216,TMA,1.9648635909350216,3.0,False,2.713388426722579,A320,B738,,,,False,
24964.0,RYR63PB,ICC03,16.232995040361743,8.339986378935368,12.13032870187648,12.97107057686414,6.186987306698281,TMA,1.9648635909350216,TMA,5.877103354248505,TMA,5.877103354248505,3.0,False,3.1869873066982812,B738,C200,,,,False,
24968.0,DICMD,VLG57RJ,18.63303909691132,11.500694487927444,16.589301215597487,2.373661117412299,9.353053120452925,TMA,0.8694745969610439,TMA,7.689798543244462,TMA,7.689798543244462,3.0,False,6.353053120452925,C25A,A320,,,,False,
24968.0,VLG57RJ,RYR63PB,16.589301215597487,2.373661117412299,16.246719703053987,8.12303539030146,5.759571739504281,TMA,7.689798543244462,TMA,2.1487790027380504,TMA,2.1487790027380504,3.0,False,2.759571739504281,A320,B738,,,,False,
24968.0,RYR63PB,ICC03,16.246719703053987,8.12303539030146,11.992545136301638,12.969665716214758,6.448862439257406,TMA,2.1487790027380504,TMA,5.996199611304992,TMA,5.996199611304992,3.0,False,3.4488624392574057,B738,C200,,,,False,
24972.0,DICMD,VLG57RJ,18.51731390556524,11.44748685150276,16.698673280758612,2.120563794397241,9.5025758316029,TMA,0.8095499667650794,TMA,7.934087649764805,TMA,7.934087649764805,3.0,False,6.5025758316029005,C25A,A320,,,,False,
24972.0,VLG57RJ,RYR63PB,16.698673280758612,2.120563794397241,16.26914416070763,7.896552382276305,5.791937450653361,TMA,7.934087649764805,TMA,2.3435821416414893,TMA,2.3435821416414893,3.0,False,2.7919374506533607,A320,B738,,,,False,
24972.0,RYR63PB,ICC03,16.26914416070763,7.896552382276305,11.858681681097956,12.966938477271198,6.720193035647285,TMA,2.3435821416414893,TMA,6.112006792476187,TMA,6.112006792476187,3.0,False,3.720193035647285,B738,C200,,,,False,
24976.0,DICMD,VLG57RJ,18.405882074006943,11.396988205824275,16.825898783080177,1.8713516747418828,9.655780575484261,TMA,0.7682887834243484,TMA,8.17560845215002,TMA,8.17560845215002,3.0,False,6.655780575484261,C25A,A320,,,,False,
24976.0,VLG57RJ,RYR63PB,16.825898783080177,1.8713516747418828,16.296678493321618,7.669014508239778,5.821766780455481,TMA,8.17560845215002,TMA,2.542951528337553,TMA,2.542951528337553,3.0,False,2.821766780455481,A320,B738,,,,False,
24976.0,RYR63PB,ICC03,16.296678493321618,7.669014508239778,11.721081049402969,12.965797008173814,6.999428320970387,TMA,2.542951528337553,TMA,6.232583030744154,TMA,6.232583030744154,3.0,False,3.999428320970387,B738,C200,,,,False,
24980.0,DICMD,VLG57RJ,18.295590492066538,11.348699088317224,16.960828819907867,1.6243873493928525,9.815489163421562,TMA,0.7467999322178192,TMA,8.417010384071958,TMA,8.417010384071958,3.0,False,6.815489163421562,C25A,A320,,,,False,
24980.0,DICMD,VLG57RJ,18.295590492066538,11.348699088317224,16.960828819907867,1.6243873493928525,9.815489163421562,TMA,0.7366989597760272,TMA,8.417010384071958,TMA,8.417010384071958,3.0,False,6.815489163421562,C25A,A320,,,,False,
24980.0,VLG57RJ,RYR63PB,16.960828819907867,1.6243873493928525,16.321688518815176,7.430682179687458,5.841366276889913,TMA,8.417010384071958,TMA,2.758005068895843,TMA,2.758005068895843,3.0,False,2.8413662768899126,A320,B738,,,,False,
24980.0,RYR63PB,ICC03,16.321688518815176,7.430682179687458,11.583621418056518,12.963140438012896,7.28404930182415,TMA,2.758005068895843,TMA,6.35302821578684,TMA,6.35302821578684,3.0,False,4.28404930182415,B738,C200,,,,False,
24980.0,ICC03,DICMD,11.583621418056518,12.963140438012896,18.1939395149473,11.296150177220634,6.817269385293353,TMA,6.35302821578684,TMA,0.7467999322178192,TMA,0.7467999322178192,3.0,False,3.8172693852933532,C200,C25A,,,,False,
24980.0,ICC03,DICMD,11.583621418056518,12.963140438012896,18.1939395149473,11.296150177220634,6.817269385293353,TMA,6.35302821578684,TMA,0.7366989597760272,TMA,0.7366989597760272,3.0,False,3.8172693852933532,C200,C25A,,,,False,
24984.0,VLG57RJ,RYR63PB,17.097543847275034,1.3723676236098266,16.342564963893146,7.186509474248646,5.862954764766854,TMA,8.665857295498299,TMA,2.9836157009654314,TMA,2.9836157009654314,3.0,False,2.8629547647668536,A320,B738,,,,False,
24984.0,RYR63PB,ICC03,16.342564963893146,7.186509474248646,11.439301333237974,12.964388074444422,7.577986233182668,TMA,2.9836157009654314,TMA,6.482036466195016,TMA,6.482036466195016,3.0,False,4.577986233182668,B738,C200,,,,False,
24984.0,ICC03,DICMD,11.439301333237974,12.964388074444422,18.096118051050915,11.250455730902408,6.8739197618821,TMA,6.482036466195016,TMA,0.7476496992090097,TMA,0.7476496992090097,3.0,False,3.8739197618821004,C200,C25A,,,,False,
24988.0,VLG57RJ,RYR63PB,17.23408493478342,1.123362466163864,16.36203712638511,6.939119854887109,5.880773876338157,TMA,8.913964039983448,TMA,3.2155534726260364,TMA,3.2155534726260364,3.0,False,2.880773876338157,A320,B738,,,,False,
24988.0,RYR63PB,DICMD,16.36203712638511,6.939119854887109,18.00883445356306,11.213203836928114,4.580364103686511,TMA,3.2155534726260364,TMA,0.772789190656349,TMA,0.772789190656349,3.0,False,1.5803641036865113,B738,C25A,,,,False,
24988.0,DICMD,ICC03,18.00883445356306,11.213203836928114,11.30325135551834,12.965789117469829,6.930829665368679,TMA,0.772789190656349,TMA,6.60433227876536,TMA,6.60433227876536,3.0,False,3.9308296653686794,C25A,C200,,,,False,
24992.0,EWG81R,RYR63PB,18.17248596623987,10.469962804376992,16.378970682037856,6.68886330327063,4.184902688466364,TWR,0.3904033605235925,TMA,3.453148783418857,TMA,3.453148783418857,3.0,False,1.184902688466364,A320,B738,,,,False,
24992.0,RYR63PB,ICC03,16.378970682037856,6.68886330327063,11.166881888272338,12.96531829539549,8.158416320724578,TMA,3.453148783418857,TMA,6.726629203306737,TMA,6.726629203306737,3.0,False,5.158416320724578,B738,C200,,,,False,
24996.0,EWG81R,ICC03,18.045713879746,10.411721979310055,11.030201417250856,12.962933651215996,7.464991366792984,TWR,0.5299033768358508,TMA,6.848921055182389,TMA,6.848921055182389,3.0,False,4.464991366792984,A320,C200,,,,False,
25000.0,RYR63PB,EWG81R,16.400334192641367,6.181788241772689,17.908675287181026,10.34646861658818,4.429408028376974,TMA,3.9422836150342406,TMA,0.6816840940146794,TMA,0.6816840940146794,3.0,False,1.4294080283769741,B738,A320,,,,False,
25000.0,EWG81R,ICC03,17.908675287181026,10.34646861658818,10.889804761001647,12.962494750340388,7.4905364424548475,TMA,0.6816840940146794,TMA,6.975937805236171,TMA,6.975937805236171,3.0,False,4.4905364424548475,A320,C200,,,,False,
25004.0,RYR63PB,EWG81R,16.407195300695033,5.927467133645624,17.75260104355153,10.274117291885084,4.5501081537733095,TMA,4.190003103439175,TMA,0.580295843612316,TMA,0.580295843612316,3.0,False,1.5501081537733095,B738,A320,,,,False,
25004.0,EWG81R,ICC03,17.75260104355153,10.274117291885084,10.746129312850584,12.963179693603085,7.504778658524505,TMA,0.580295843612316,TMA,7.106909002509937,TMA,7.106909002509937,3.0,False,4.504778658524505,A320,C200,,,,False,
25008.0,RYR63PB,EWG81R,16.412013316545064,5.671654373667876,17.590034917937892,10.198633958708484,4.677742944703413,TMA,4.440319280973502,TMA,0.4010867958670336,TMA,0.4010867958670336,3.0,False,1.6777429447034127,B738,A320,,,,False,
25008.0,EWG81R,ICC03,17.590034917937892,10.198633958708484,10.609935414713023,12.960948493725892,7.506808287500654,TMA,0.4010867958670336,TMA,7.230340513468109,TMA,7.230340513468109,3.0,False,4.506808287500654,A320,C200,,,,False,
25012.0,RYR63PB,EWG81R,16.41698387716205,5.413265525212555,17.41811810456074,10.127191390614277,4.819062855553198,TMA,4.693745074318927,TMA,0.2149862499116571,TMA,0.2149862499116571,3.0,False,1.8190628555531978,B738,A320,,,,False,
25012.0,EWG81R,ICC03,17.41811810456074,10.127191390614277,10.473457933123024,12.956850995886422,7.499018494340592,TMA,0.2149862499116571,TMA,7.353742369850652,TMA,7.353742369850652,3.0,False,4.499018494340592,A320,C200,,,,False,
25016.0,RYR63PB,EWG81R,16.422124625617766,5.156301726530552,17.25909141451154,10.046924405796029,4.961723853325272,TMA,4.946255488027616,TMA,0.0375235021265558,TMA,0.0375235021265558,3.0,False,1.9617238533252719,B738,A320,,,,False,
25016.0,EWG81R,ICC03,17.25909141451154,10.046924405796029,10.340564558867683,12.931952208572753,7.495958862951422,TMA,0.0375235021265558,TMA,7.466211377134678,TMA,7.466211377134678,3.0,False,4.495958862951422,A320,C200,,,,False,
25020.0,RYR63PB,EWG81R,16.42637206175221,4.896421346634822,17.0986129207137,9.971044007143645,5.118955256593567,TMA,5.2022263372631405,TMA,0.140781179615447,TMA,0.140781179615447,3.0,False,2.1189552565935674,B738,A320,,,,False,
25020.0,EWG81R,ICC03,17.0986129207137,9.971044007143645,10.2071469716022,12.88393684365257,7.481794410751225,TMA,0.140781179615447,TMA,7.571186939009055,TMA,7.571186939009055,3.0,False,4.481794410751225,A320,C200,,,,False,
25024.0,RYR63PB,EWG81R,16.428326122386864,4.626854659076265,16.949907637188268,9.883505344072375,5.282463790756412,TMA,5.468486626565974,TMA,0.313271214955381,TMA,0.313271214955381,3.0,False,2.2824637907564123,B738,A320,,,,False,
25024.0,EWG81R,ICC03,16.949907637188268,9.883505344072375,10.076971422453877,12.828866827738787,7.477459894995968,TMA,0.313271214955381,TMA,7.671757372298569,TMA,7.671757372298569,3.0,False,4.477459894995968,A320,C200,,,,False,
25028.0,RYR63PB,EWG81R,16.434158483620582,4.369081699186843,16.824745545859493,9.75565376331239,5.400714476363861,TMA,5.722840412441605,TMA,0.487644587050832,TMA,0.487644587050832,3.0,False,2.400714476363861,B738,A320,,,,False,
25028.0,EWG81R,ICC03,16.824745545859493,9.75565376331239,9.943736775775417,12.774684710484935,7.514175241099952,TMA,0.487644587050832,TMA,7.776772669468133,TMA,7.776772669468133,3.0,False,4.514175241099952,A320,C200,,,,False,
25032.0,RYR63PB,EWG81R,16.433686442996997,4.10671353776189,16.73894544917195,9.606744736573742,5.508495824520034,TMA,5.982876767960375,TMA,0.6477092129989789,TMA,0.6477092129989789,3.0,False,2.5084958245200344,B738,A320,,,,False,
25032.0,EWG81R,ICC03,16.73894544917195,9.606744736573742,9.811247281287809,12.722424294198076,7.5960819513156554,TMA,0.6477092129989789,TMA,7.882967059704313,TMA,7.882967059704313,3.0,False,4.5960819513156554,A320,C200,,,,False,
25036.0,RYR63PB,EWG81R,16.418279987256682,3.844442085387319,16.66582898568402,9.43958235057962,5.600613814020615,TMA,6.244918794911505,TMA,0.8170228782432187,TMA,0.8170228782432187,3.0,False,2.6006138140206154,B738,A320,,,,False,
25036.0,EWG81R,ICC03,16.66582898568402,9.43958235057962,9.68006278355945,12.67216431252843,7.697435649062793,TMA,0.8170228782432187,TMA,7.989716192305389,TMA,7.989716192305389,3.0,False,4.697435649062793,A320,C200,,,,False,
25040.0,RYR63PB,EWG81R,16.351723781672188,3.5850351102542413,16.627110698207822,9.262714339423416,5.684353910792157,TMA,6.510820040494579,TMA,0.9771797324614416,TMA,0.9771797324614416,3.0,False,2.684353910792157,B738,A320,,,,False,
25040.0,EWG81R,ICC03,16.627110698207822,9.262714339423416,9.548987038247084,12.619002757860546,7.833550056866376,TMA,0.9771797324614416,TMA,8.096466603858147,TMA,8.096466603858147,3.0,False,4.833550056866376,A320,C200,,,,False,
25044.0,RYR63PB,EWG81R,16.283402411873244,3.3379637365435326,16.597621919026007,9.076414884478902,5.747047544254014,TMA,6.76489969323989,TMA,1.1463889678601542,TMA,1.1463889678601542,3.0,False,2.7470475442540137,B738,A320,,,,False,
25044.0,EWG81R,ICC03,16.597621919026007,9.076414884478902,9.415015118603671,12.56873468438854,7.986622442203843,TMA,1.1463889678601542,TMA,8.207913868148891,TMA,8.207913868148891,3.0,False,4.986622442203843,A320,C200,,,,False,
25048.0,RYR63PB,EWG81R,16.188273812579283,3.089923125082456,16.58215467186582,8.88327895858744,5.806730056143347,TMA,7.024001465420785,TMA,1.3199465423070476,TMA,1.3199465423070476,3.0,False,2.806730056143347,B738,A320,,,,False,
25048.0,EWG81R,ICC03,16.58215467186582,8.88327895858744,9.281291090464316,12.51646467197733,8.154915539857859,TMA,1.3199465423070476,TMA,8.319495888401752,TMA,8.319495888401752,3.0,False,5.154915539857859,A320,C200,,,,False,
25052.0,RYR63PB,EWG81R,16.092351902072963,2.8327931415983056,16.56763305787795,8.68528712409932,5.871761063963171,TMA,7.292677979934952,TMA,1.5024175895664742,TMA,1.5024175895664742,3.0,False,2.871761063963171,B738,A320,,,,False,
25052.0,EWG81R,ICC03,16.56763305787795,8.68528712409932,9.148089135994208,12.463988580003791,8.326356748399418,TMA,1.5024175895664742,TMA,8.431486847023319,TMA,8.431486847023319,3.0,False,5.326356748399418,A320,C200,,,,False,
25056.0,RYR63PB,EWG81R,15.963471329353482,2.5894772566672333,16.557255497980854,8.479002191068059,5.919382027867567,TMA,7.5535625070480785,TMA,1.6944987438519403,TMA,1.6944987438519403,3.0,False,2.9193820278675666,B738,A320,,,,False,
25056.0,EWG81R,ICC03,16.557255497980854,8.479002191068059,9.015763412290758,12.414112575788904,8.506420905319946,TMA,1.6944987438519403,TMA,8.54429000758338,TMA,8.54429000758338,3.0,False,5.5064209053199455,A320,C200,,,,False,
25060.0,RYR63PB,EWG81R,15.8279008694255,2.3358714558490723,16.552209847137387,8.269016615882807,5.9771929017914225,TMA,7.826755021309778,TMA,1.8911927587363584,TMA,1.8911927587363584,3.0,False,2.9771929017914225,B738,A320,,,,False,
25060.0,EWG81R,ICC03,16.552209847137387,8.269016615882807,8.879619847791169,12.363869872016313,8.696922472192952,TMA,1.8911927587363584,TMA,8.661512191658986,TMA,8.661512191658986,3.0,False,5.696922472192952,A320,C200,,,,False,
25064.0,RYR63PB,EWG81R,15.69239053615006,2.079321812775904,16.54844860189678,8.048681478344776,6.030430351877926,TMA,8.103822169395874,TMA,2.0998702060683136,TMA,2.0998702060683136,3.0,False,3.030430351877926,B738,A320,,,,False,
25064.0,EWG81R,ICC03,16.54844860189678,8.048681478344776,8.748123658008172,12.313144702822315,8.88992214944384,TMA,2.0998702060683136,TMA,8.774954470074189,TMA,8.774954470074189,3.0,False,5.889922149443841,A320,C200,,,,False,
25068.0,RYR63PB,EWG81R,15.553700515938184,1.8113908535546877,16.548478163309234,7.825670348852801,6.095993800462105,TMA,8.393560243812756,TMA,2.3121690570113183,TMA,2.3121690570113183,3.0,False,3.0959938004621046,B738,A320,,,,False,
25068.0,EWG81R,ICC03,16.548478163309234,7.825670348852801,8.613103800861493,12.262065688897694,9.091301880664007,TMA,2.3121690570113183,TMA,8.892506711058136,TMA,8.892506711058136,3.0,False,6.091301880664007,A320,C200,,,,False,
25072.0,RYR63PB,EWG81R,15.4149880874723,1.547905236865908,16.549762535621888,7.592314926071396,6.150008255208636,TMA,8.679769684302594,TMA,2.5359516036918524,TMA,2.5359516036918524,3.0,False,3.150008255208636,B738,A320,,,,False,
25072.0,EWG81R,ICC03,16.549762535621888,7.592314926071396,8.478436509940014,12.210181212242787,9.298978054055613,TMA,2.5359516036918524,TMA,9.010301719522593,TMA,9.010301719522593,3.0,False,6.298978054055613,A320,C200,,,,False,
25076.0,RYR63PB,EWG81R,15.269709520353317,1.2711157364347898,16.54869225726274,7.354872903658432,6.2167433686020335,TMA,8.98114465746786,TMA,2.7658569588263533,TMA,2.7658569588263533,3.0,False,3.2167433686020335,B738,A320,,,,False,
25076.0,EWG81R,ICC03,16.54869225726274,7.354872903658432,8.340335215277833,12.158892482363916,9.510821701687444,TMA,2.7658569588263533,TMA,9.13233670840716,TMA,9.13233670840716,3.0,False,6.510821701687444,A320,C200,,,,False,
25080.0,RYR63PB,EWG81R,15.12446256425384,0.994983089201532,16.551515176228698,7.118533700919946,6.287634789936613,TMA,9.282615011602164,TMA,2.994988718716323,TMA,2.994988718716323,3.0,False,3.2876347899366127,B738,A320,,,,False,
25080.0,EWG81R,ICC03,16.551515176228698,7.118533700919946,8.206372173353508,12.105502736662109,9.72169079439826,TMA,2.994988718716323,TMA,9.250604232288149,TMA,9.250604232288149,3.0,False,6.72169079439826,A320,C200,,,,False,
25084.0,RYR63PB,EWG81R,14.97714371186506,0.7156771017245074,16.544201872788523,6.859366260856152,6.3403933445606135,TMA,9.588329787515017,TMA,3.2496008959476708,TMA,3.2496008959476708,3.0,False,3.3403933445606135,B738,A320,,,,False,
25084.0,EWG81R,ICC03,16.544201872788523,6.859366260856152,8.07276665899529,12.05142747233146,9.93593046499433,TMA,3.2496008959476708,TMA,9.369101978633331,TMA,9.369101978633331,3.0,False,6.93593046499433,A320,C200,,,,False,
25088.0,RYR63PB,EWG81R,14.830505171091914,0.4409163655962999,16.54244467220514,6.6089872632364415,6.4012370252777755,TMA,9.890101710616255,TMA,3.4951922806056817,TMA,3.4951922806056817,3.0,False,3.4012370252777755,B738,A320,,,,False,
25088.0,EWG81R,ICC03,16.54244467220514,6.6089872632364415,7.939381394445034,11.998756321810394,10.151960808922855,TMA,3.4951922806056817,TMA,9.488384005511302,TMA,9.488384005511302,3.0,False,7.151960808922855,A320,C200,,,,False,
25092.0,EWG81R,ICC03,16.537421818745216,6.350294698716066,7.8065561351134845,11.94447746179275,10.369324778997061,TMA,3.75018920050082,TMA,9.607457542012966,TMA,9.607457542012966,3.0,False,7.369324778997061,A320,C200,,,,False,
25096.0,EWG81R,ICC03,16.53137835978043,6.094134399821344,7.674289312960135,11.8927743268872,10.586418251092592,TMA,4.003348183884086,TMA,9.727132883132317,TMA,9.727132883132317,3.0,False,7.586418251092592,A320,C200,,,,False,
25100.0,EWG81R,ICC03,16.52400504801654,5.836155277531638,7.542201964435248,11.838542507763933,10.80284402802735,TMA,4.258887117414622,TMA,9.846762542960098,TMA,9.846762542960098,3.0,False,7.80284402802735,A320,C200,,,,False,
25104.0,EWG81R,ICC03,16.515384765443,5.579564663774633,7.402709811403998,11.785387550909643,11.025111451793057,TMA,4.51353952196818,TMA,9.974480847368053,TMA,9.974480847368053,3.0,False,8.025111451793057,A320,C200,,,,False,
25108.0,EWG81R,ICC03,16.5083811864891,5.323517478036992,7.275282492724848,11.732241333573583,11.239299486414396,TMA,4.767635520893922,TMA,10.090898082915803,TMA,10.090898082915803,3.0,False,8.239299486414396,A320,C200,,,,False,
25112.0,EWG81R,ICC03,16.499297865691,5.064636363547755,7.143911173525443,11.677936669331803,11.456832070621957,TMA,5.025043074383484,TMA,10.21156153307506,TMA,10.21156153307506,3.0,False,8.456832070621957,A320,C200,,,,False,
25116.0,EWG81R,ICC03,16.491212421183207,4.806672412424405,7.0131903586566295,11.624424463464088,11.675386299698882,TMA,5.281563647131542,TMA,10.332250489226023,TMA,10.332250489226023,3.0,False,8.675386299698882,A320,C200,,,,False,
25120.0,EWG81R,ICC03,16.48219837718726,4.545273751426102,6.882762610838117,11.570683058864626,11.895610239466784,TMA,5.541758092185074,TMA,10.45313114277933,TMA,10.45313114277933,3.0,False,8.895610239466784,A320,C200,,,,False,
25124.0,EWG81R,ICC03,16.474954623848138,4.288922592758048,6.752586961754255,11.515623567552716,12.114026578145975,TMA,5.796840984270106,TMA,10.574077848445706,TMA,10.574077848445706,3.0,False,9.114026578145975,A320,C200,,,,False,
25128.0,EWG81R,ICC03,16.467784638222856,4.028708761819297,6.618951244967272,11.466190772187158,12.341622983329698,TMA,6.05586303395168,TMA,10.699703954234929,TMA,10.699703954234929,3.0,False,9.341622983329698,A320,C200,,,,False,
25132.0,EWG81R,ICC03,16.457714036831657,3.765804646386496,6.4893010483146725,11.409705820912732,12.5617866036467,TMA,6.318012446973738,TMA,10.820897920409076,TMA,10.820897920409076,3.0,False,9.5617866036467,A320,C200,,,,False,
25136.0,EWG81R,ICC03,16.45155349191619,3.510477891795215,6.355802256639108,11.356664154467866,12.786196927669765,TMA,6.572252955331887,TMA,10.94681245493654,TMA,10.94681245493654,3.0,False,9.786196927669765,A320,C200,,,,False,
25140.0,EWG81R,ICC03,16.442878434966175,3.2518052336648253,6.2267525876177885,11.303519465680765,13.007664256234008,TMA,6.830190928105085,TMA,11.06872704278476,TMA,11.06872704278476,3.0,False,10.007664256234008,A320,C200,,,,False,
25144.0,EWG81R,ICC03,16.44175388078054,2.992057948767467,6.101840536358762,11.249179041452727,13.232303529976154,TMA,7.088425068728356,TMA,11.18681119608644,TMA,11.18681119608644,3.0,False,10.232303529976154,A320,C200,,,,False,
25148.0,EWG81R,ICC03,16.498413034172106,2.730239247220592,5.969367725718304,11.194943930067613,13.509700976531098,TMA,7.342900161425421,TMA,11.312835137142104,TMA,11.312835137142104,3.0,False,10.509700976531098,A320,C200,,,,False,
25152.0,EWG81R,ICC03,16.537161545525304,2.486486458388748,5.832937171842229,11.140751231192022,13.76505423890275,TMA,7.581899678949909,TMA,11.443205333746167,TMA,11.443205333746167,3.0,False,10.76505423890275,A320,C200,,,,False,
25156.0,EWG81R,ICC03,16.651070032942705,2.251999320067356,5.704836572018362,11.086645022930124,14.06666242134826,TMA,7.806286205499956,TMA,11.56568120236295,TMA,11.56568120236295,3.0,False,11.06666242134826,A320,C200,,,,False,
25160.0,EWG81R,ICC03,16.793026928263565,2.03111167306045,5.572785728242917,11.030175554502298,14.383218114487176,TMA,8.017735487555704,TMA,11.692263105368262,TMA,11.692263105368262,3.0,False,11.383218114487176,A320,C200,,,,False,
25164.0,EWG81R,ICC03,16.972879434827064,1.8274936950160867,5.437307752752729,10.977528547620658,14.72387692953706,TMA,8.213629355167894,TMA,11.822954211641298,TMA,11.822954211641298,3.0,False,11.72387692953706,A320,C200,,,,False,
25512.0,VLG5FN,RYR4WX,18.224363600155797,10.4993448964571,16.052295681721596,6.766949889985275,4.318408448332197,TWR,0.3309574183054213,TMA,3.4735341165363565,TMA,3.4735341165363565,3.0,False,1.318408448332197,A320,B38M,,,,False,
25516.0,VLG5FN,RYR4WX,18.108269735327905,10.44863823686386,16.0187289400254,6.519352587556761,4.45033329640423,TWR,0.4576228122283585,TMA,3.718322334516072,TMA,3.718322334516072,3.0,False,1.4503332964042297,A320,B38M,,,,False,
25524.0,RYR4WX,VLG5FN,15.934978458514108,6.024517123354966,17.830147280946438,10.317087758734075,4.692315795557516,TMA,4.214393528877911,TMA,0.6686696751216918,TMA,0.6686696751216918,3.0,False,1.6923157955575157,B38M,A320,,,,False,
25528.0,RYR4WX,VLG5FN,15.8895007853023,5.778286911551498,17.66916928121866,10.242809983554071,4.806161276507531,TMA,4.4628569941887966,TMA,0.4913815272237035,TMA,0.4913815272237035,3.0,False,1.806161276507531,B38M,A320,,,,False,
25532.0,RYR4WX,VLG5FN,15.845060393891432,5.532385578702042,17.49493735677563,10.160174464654116,4.913097186663166,TMA,4.710907000886424,TMA,0.2985670548676764,TMA,0.2985670548676764,3.0,False,1.9130971866631663,B38M,A320,,,,False,
25536.0,RYR4WX,VLG5FN,15.799443128955843,5.287764538707126,17.32559647650514,10.077439288628891,5.0269402473347595,TMA,4.9582524559841445,TMA,0.1103313694187309,TMA,0.1103313694187309,3.0,False,2.0269402473347595,B38M,A320,,,,False,
25540.0,RYR4WX,VLG5FN,15.750768575588529,5.0405166762295215,17.162598739810498,10.003191537023142,5.1595936067252435,TMA,5.209123436773504,TMA,0.0692175964704286,TMA,0.0692175964704286,3.0,False,2.1595936067252435,B38M,A320,,,,False,
25544.0,RYR4WX,VLG5FN,15.6914030159309,4.794537069678733,16.99824095278071,9.927558800399783,5.296766700662244,TMA,5.461867668398769,TMA,0.2499645169773317,TMA,0.2499645169773317,3.0,False,2.2967667006622436,B38M,A320,,,,False,
25548.0,RYR4WX,VLG5FN,15.58155894638418,4.562064681773441,16.843900502299828,9.842054332380094,5.42879332027891,TMA,5.715955346741067,TMA,0.4262709828305012,TMA,0.4262709828305012,3.0,False,2.42879332027891,B38M,A320,,,,False,
25552.0,RYR4WX,VLG5FN,15.450454733190623,4.347974001848245,16.708750181283783,9.726195052211136,5.523456264084878,TMA,5.959020274509721,TMA,0.6008861181440464,TMA,0.6008861181440464,3.0,False,2.523456264084878,B38M,A320,,,,False,
25556.0,RYR4WX,VLG5FN,15.306095994954978,4.144026098890494,16.58786038286791,9.598196456530983,5.602757734927149,TMA,6.1971549286611225,TMA,0.7720104850259459,TMA,0.7720104850259459,3.0,False,2.602757734927149,B38M,A320,,,,False,
25560.0,RYR4WX,VLG5FN,15.126164382206271,3.969938346480233,16.487601704959857,9.439545573941109,5.636498452628077,TMA,6.419429046869458,TMA,0.9475635110825174,TMA,0.9475635110825174,3.0,False,2.636498452628077,B38M,A320,,,,False,
25564.0,RYR4WX,VLG5FN,14.9224234504453,3.8128867571207534,16.419815870025406,9.269928965488171,5.6587537251694835,TMA,6.635915677009913,TMA,1.110720739833808,TMA,1.110720739833808,3.0,False,2.6587537251694835,B38M,A320,,,,False,
25568.0,RYR4WX,VLG5FN,14.707855458952208,3.675962446740895,16.361007030827977,9.082129500204498,5.653278016297329,TMA,6.840460434154728,TMA,1.286509212645243,TMA,1.286509212645243,3.0,False,2.653278016297329,B38M,A320,,,,False,
25572.0,RYR4WX,VLG5FN,14.469809636176093,3.5711333740394555,16.31827926763575,8.888779726741506,5.629760448796557,TMA,7.02784582052948,TMA,1.4619622981831264,TMA,1.4619622981831264,3.0,False,2.6297604487965573,B38M,A320,,,,False,
25576.0,RYR4WX,VLG5FN,14.214057326734885,3.511107813041253,16.277563926446657,8.687627540165556,5.572648918814203,TMA,7.186381467424038,TMA,1.6477783347587358,TMA,1.6477783347587358,3.0,False,2.5726489188142034,B38M,A320,,,,False,
25580.0,RYR4WX,VLG5FN,13.936739775656244,3.500809279679089,16.24005280722305,8.482912361302759,5.488770539684597,TMA,7.316028622614248,TMA,1.8390238510118304,TMA,1.8390238510118304,3.0,False,2.488770539684597,B38M,A320,,,,False,
25584.0,RYR4WX,VLG5FN,13.67029071928881,3.532630649019972,16.20290659633229,8.27179113992028,5.373433291589574,TMA,7.411573787900159,TMA,2.038948102535321,TMA,2.038948102535321,3.0,False,2.373433291589574,B38M,A320,,,,False,
25588.0,RYR4WX,VLG5FN,13.40008779735422,3.58432682222414,16.164050202924845,8.050427122154423,5.2521938338607725,TMA,7.50029196944996,TMA,2.2513840689648696,TMA,2.2513840689648696,3.0,False,2.2521938338607725,B38M,A320,,,,False,
25592.0,VLG5FN,RYR4WX,16.125524522183895,7.822490685799869,13.126998454106278,3.651606896445692,5.13686968544448,TMA,2.4717441739237347,TMA,7.586373453571033,TMA,7.586373453571033,3.0,False,2.1368696854444797,A320,B38M,,,,False,
25596.0,VLG5FN,RYR4WX,16.092881313398692,7.593567404420837,12.846341236233856,3.718846343321198,5.055045575854542,TMA,2.6923374194411047,TMA,7.68613367757498,TMA,7.68613367757498,3.0,False,2.0550455758545416,A320,B38M,,,,False,
25600.0,VLG5FN,RYR4WX,16.055224541037727,7.35206854560443,12.56539302543941,3.786330513663321,4.989329786624101,TMA,2.9281131607201827,TMA,7.795285098052101,TMA,7.795285098052101,3.0,False,1.9893297866241006,A320,B38M,,,,False,
25604.0,VLG5FN,RYR4WX,16.020093130955292,7.106326039294077,12.277892778686486,3.848358881865843,4.961694617305843,TMA,3.1681649630843283,TMA,7.921838049369631,TMA,7.921838049369631,3.0,False,1.9616946173058434,A320,B38M,,,,False,
25608.0,VLG6VG,VLG5FN,18.281973179560307,10.529274184674838,15.978962882761902,6.844711896149625,4.345095589878505,TWR,0.2661262211800158,TMA,3.426356412480358,TMA,3.426356412480358,3.0,False,1.3450955898785049,A320,A320,,,,False,
25608.0,VLG5FN,RYR4WX,15.978962882761902,6.844711896149625,11.984472725307588,3.904121524845254,4.960143480768209,TMA,3.426356412480358,TMA,8.065753391100998,TMA,8.065753391100998,3.0,False,1.9601434807682088,A320,B38M,,,,False,
25612.0,VLG6VG,VLG5FN,18.174787225983817,10.481683811460194,15.94160281366794,6.587888281183874,4.4887365985330945,TWR,0.3834019306506165,TMA,3.679685779076929,TMA,3.679685779076929,3.0,False,1.4887365985330945,A320,A320,,,,False,
25612.0,VLG5FN,RYR4WX,15.94160281366794,6.587888281183874,11.687098357846857,3.9567407313252727,5.002373995787237,TMA,3.679685779076929,TMA,8.222993938248802,TMA,8.222993938248802,3.0,False,2.002373995787237,A320,B38M,,,,False,
25616.0,VLG6VG,RYR4WX,18.049531389924567,10.418539464103684,11.384190505506195,4.007868224611756,9.247890291647499,TWR,0.5235601353310082,TMA,8.393083636843668,TMA,8.393083636843668,3.0,False,6.247890291647499,A320,B38M,,,,False,
25620.0,VLG5FN,VLG6VG,15.858933985744995,6.049895905060665,17.910267629583444,10.354905409450012,4.7687604837343365,TMA,4.214228964023074,TMA,0.6766725657664147,TMA,0.6766725657664147,3.0,False,1.7687604837343365,A320,A320,,,,False,
25620.0,VLG6VG,RYR4WX,17.910267629583444,10.354905409450012,11.08216002448296,4.061490162846681,9.286017926593203,TMA,0.6766725657664147,TMA,8.568443027544099,TMA,8.568443027544099,3.0,False,6.286017926593203,A320,B38M,,,,False,
25624.0,VLG5FN,VLG6VG,15.816563578138618,5.77982759536491,17.754737540530957,10.282485654881787,4.902086077317279,TMA,4.4837247898520864,TMA,0.5857003000038861,TMA,0.5857003000038861,3.0,False,1.9020860773172794,A320,A320,,,,False,
25624.0,VLG6VG,RYR4WX,17.754737540530957,10.282485654881787,10.77615798097114,4.111431851541774,9.31571133692019,TMA,0.5857003000038861,TMA,8.75645871021889,TMA,8.75645871021889,3.0,False,6.31571133692019,A320,B38M,,,,False,
25628.0,VLG5FN,VLG6VG,15.77607605022003,5.514485677908398,17.589989488873112,10.204038153731492,5.028139256864785,TMA,4.748587913179303,TMA,0.4032493166690845,TMA,0.4032493166690845,3.0,False,2.028139256864785,A320,A320,,,,False,
25628.0,VLG6VG,RYR4WX,17.589989488873112,10.204038153731492,10.4631112625835,4.149822036300696,9.351252645978494,TMA,0.4032493166690845,TMA,8.964165377946681,TMA,8.964165377946681,3.0,False,6.351252645978494,A320,B38M,,,,False,
25632.0,VLG5FN,VLG6VG,15.733138646395426,5.242758899200845,17.41360664443932,10.13180627599028,5.169792737135727,TMA,5.020652845134753,TMA,0.2129038733760522,TMA,0.2129038733760522,3.0,False,2.169792737135727,A320,A320,,,,False,
25632.0,VLG6VG,RYR4WX,17.41360664443932,10.13180627599028,10.154827814934787,4.197830625619399,9.375603293381056,TMA,0.2129038733760522,TMA,9.168212201716091,TMA,9.168212201716091,3.0,False,6.375603293381056,A320,B38M,,,,False,
25636.0,VLG5FN,VLG6VG,15.687370122870762,4.977612352539054,17.258328545002442,10.053418448454693,5.313352791543285,TMA,5.287554785125337,TMA,0.0389894204654176,TMA,0.0389894204654176,3.0,False,2.313352791543285,A320,A320,,,,False,
25636.0,VLG6VG,RYR4WX,17.258328545002442,10.053418448454693,9.848822093557825,4.240339278324182,9.417678869668716,TMA,0.0389894204654176,TMA,9.379807821378764,TMA,9.379807821378764,3.0,False,6.417678869668716,A320,B38M,,,,False,
25640.0,VLG5FN,VLG6VG,15.619542915327632,4.714101338587083,17.096906712064698,9.972773612491324,5.46225574943526,TMA,5.55941917310172,TMA,0.1414914218528184,TMA,0.1414914218528184,3.0,False,2.4622557494352604,A320,A320,,,,False,
25644.0,VLG5FN,VLG6VG,15.491237674120397,4.469186531458421,16.937645782755173,9.891578186930538,5.611989636667023,TMA,5.831164042359955,TMA,0.3202557109234434,TMA,0.3202557109234434,3.0,False,2.6119896366670234,A320,A320,,,,False,
25648.0,VLG5FN,VLG6VG,15.363590604023337,4.232633038444168,16.79068716083533,9.79636971931486,5.743846310315996,TMA,6.0951710636204455,TMA,0.4947664592053283,TMA,0.4947664592053283,3.0,False,2.7438463103159956,A320,A320,,,,False,
25652.0,VLG5FN,VLG6VG,15.189249517805182,4.021915466182212,16.67512363452855,9.669233302075549,5.839522294704204,TMA,6.349841360208759,TMA,0.6598913094592466,TMA,0.6598913094592466,3.0,False,2.839522294704204,A320,A320,,,,False,
25660.0,VLG5FN,VLG6VG,14.772591561449484,3.662512841311097,16.47914271216953,9.37866448519434,5.9654594496897735,TMA,6.829477896244679,TMA,0.9934179833254976,TMA,0.9934179833254976,3.0,False,2.9654594496897735,A320,A320,,,,False,
25664.0,VLG5FN,VLG6VG,14.555110225951172,3.498574414857898,16.45165648369376,9.179308970473146,5.988959241731287,TMA,7.062000484349647,TMA,1.1536342737870182,TMA,1.1536342737870182,3.0,False,2.988959241731287,A320,A320,,,,False,
25668.0,VLG5FN,VLG6VG,14.335624638532405,3.3331492818764565,16.41203538579779,9.009966164119174,6.044644861848801,TMA,7.299437142000554,TMA,1.3087487055673568,TMA,1.3087487055673568,3.0,False,3.044644861848801,A320,A320,,,,False,
25672.0,VLG5FN,VLG6VG,14.110653236298583,3.1590959111128694,16.393154697061977,8.820136001469848,6.10386662886862,TMA,7.549538264613685,TMA,1.4730501261014848,TMA,1.4730501261014848,3.0,False,3.1038666288686203,A320,A320,,,,False,
25676.0,VLG5FN,VLG6VG,13.888679043284492,2.98951251013672,16.376788550927667,8.613088322574278,6.149414105445908,TMA,7.796670102502598,TMA,1.656562717951477,TMA,1.656562717951477,3.0,False,3.149414105445908,A320,A320,,,,False,
25680.0,VLG5FN,VLG6VG,13.669122741684212,2.820050979936631,16.36987090372687,8.40957340573504,6.207801670743043,TMA,8.044732040418662,TMA,1.8376821851716847,TMA,1.8376821851716847,3.0,False,3.2078016707430432,A320,A320,,,,False,
25684.0,VLG5FN,VLG6VG,13.445248391799892,2.645398784596886,16.366111021172703,8.19354748801774,6.270039276985206,TMA,8.301236215985787,TMA,2.0330867536865704,TMA,2.0330867536865704,3.0,False,3.270039276985206,A320,A320,,,,False,
25688.0,VLG5FN,VLG6VG,13.222401711087052,2.4760039814954555,16.361827890151776,7.969101926100391,6.32693620663429,TMA,8.554345185085145,TMA,2.240273983168721,TMA,2.240273983168721,3.0,False,3.32693620663429,A320,A320,,,,False,
25692.0,VLG5FN,VLG6VG,13.002251173015257,2.306174646158525,16.366741243117154,7.74804273330747,6.39794667918891,TMA,8.80816574361394,TMA,2.44410619543562,TMA,2.44410619543562,3.0,False,3.3979466791889097,A320,A320,,,,False,
25696.0,VLG6VG,VLG5FN,16.372485560227787,7.512236615766866,12.776544211826248,2.1312492601079067,6.471925455604806,TMA,2.6644151970453414,TMA,9.0705730742889,TMA,9.0705730742889,3.0,False,3.471925455604806,A320,A320,,,,False,
25700.0,VLG6VG,VLG5FN,16.37768826341164,7.267135055484047,12.551280783098166,1.956661856287096,6.5454197577228,TMA,2.896232998845678,TMA,9.33382486261596,TMA,9.33382486261596,3.0,False,3.5454197577228,A320,A320,,,,False,
25972.0,VLG8QR,IBE04YC,18.25630140946296,10.51705352749119,16.6335191815422,6.730007016826825,4.120090221486733,TWR,0.2945512020460456,TMA,3.3594029625085806,TMA,3.3594029625085806,3.0,False,1.1200902214867332,A320,A20N,,,,False,
25984.0,IBE04YC,VLG8QR,16.591410364369867,5.96671518988284,17.881722423375418,10.336948583103164,4.556736235600341,TMA,4.119283212833568,TMA,0.7101253175864873,TMA,0.7101253175864873,3.0,False,1.556736235600341,A20N,A320,,,,False,
25988.0,IBE04YC,VLG8QR,16.57683832961334,5.698185515964385,17.726586166286715,10.265334846856543,4.709646812511932,TMA,4.386954814192424,TMA,0.5529677776513648,TMA,0.5529677776513648,3.0,False,1.7096468125119317,A20N,A320,,,,False,
25992.0,IBE04YC,VLG8QR,16.560361965242883,5.423783156462673,17.56003868615537,10.18948424609164,4.869420953463056,TMA,4.660854493108299,TMA,0.3699620258692901,TMA,0.3699620258692901,3.0,False,1.869420953463056,A20N,A320,,,,False,
25996.0,IBE04YC,VLG8QR,16.545059537180908,5.145407583045956,17.389779795999697,10.111441306535257,5.037364713666451,TMA,4.938639254889156,TMA,0.1826753485902209,TMA,0.1826753485902209,3.0,False,2.0373647136664514,A20N,A320,,,,False,
26000.0,IBE04YC,VLG8QR,16.52843309637787,4.856318014880658,17.22073762861974,10.030889617320996,5.22067781366985,TMA,5.2273268189026885,TMA,0.0067579645227203,TMA,0.0067579645227203,3.0,False,2.22067781366985,A20N,A320,,,,False,
26004.0,IBE04YC,VLG8QR,16.510629308060725,4.564613252884147,17.06040457079942,9.955476001671723,5.418824043626527,TMA,5.518851803026122,TMA,0.1818693995888138,TMA,0.1818693995888138,3.0,False,2.418824043626527,A20N,A320,,,,False,
26008.0,IBE04YC,VLG8QR,16.493331625300524,4.273791251531726,16.898445537681074,9.871706302905174,5.612554695002773,TMA,5.809510048249835,TMA,0.3642049168831862,TMA,0.3642049168831862,3.0,False,2.612554695002773,A20N,A320,,,,False,
26012.0,IBE04YC,VLG8QR,16.465878659674473,3.97456157441772,16.757670284861685,9.769235435404944,5.802015814157867,TMA,6.1098272907318005,TMA,0.536871912125411,TMA,0.536871912125411,3.0,False,2.8020158141578673,A20N,A320,,,,False,
26016.0,IBE04YC,VLG8QR,16.395867945176757,3.6879019912474567,16.633161730610865,9.640245810725514,5.957071871807849,TMA,6.403042068334429,TMA,0.7108881780851741,TMA,0.7108881780851741,3.0,False,2.957071871807849,A20N,A320,,,,False,
26020.0,IBE04YC,VLG8QR,16.303226185734875,3.411692747221734,16.534214578702716,9.49199389445102,6.08468714714928,TMA,6.689138775193387,TMA,0.8783818277735655,TMA,0.8783818277735655,3.0,False,3.08468714714928,A20N,A320,,,,False,
26024.0,IBE04YC,VLG8QR,16.19325776818658,3.136776938668236,16.453176271288022,9.330855411077971,6.199529478163986,TMA,6.97692485570547,TMA,1.0447199713984023,TMA,1.0447199713984023,3.0,False,3.199529478163986,A20N,A320,,,,False,
26028.0,IBE04YC,VLG8QR,16.048998033744063,2.884703706892686,16.41748029990959,9.147099685705085,6.273227444938066,TMA,7.24829390166798,TMA,1.2004415895047738,TMA,1.2004415895047738,3.0,False,3.2732274449380663,A20N,A320,,,,False,
26032.0,IBE04YC,VLG8QR,15.89633539183932,2.6353845619490937,16.39552746941082,8.955269317166183,6.339569074435226,TMA,7.519853415051328,TMA,1.3620727071216243,TMA,1.3620727071216243,3.0,False,3.339569074435226,A20N,A320,,,,False,
26036.0,IBE04YC,VLG8QR,15.749889828793783,2.381103128098715,16.387219713240718,8.757361787405088,6.408031200921906,TMA,7.796612401234529,TMA,1.528566661225513,TMA,1.528566661225513,3.0,False,3.408031200921906,A20N,A320,,,,False,
26040.0,IBE04YC,VLG8QR,15.613496062297926,2.127404927201684,16.38540960938809,8.554976756898004,6.473757035144817,TMA,8.07196779036022,TMA,1.702525350638173,TMA,1.702525350638173,3.0,False,3.473757035144817,A20N,A320,,,,False,
26044.0,IBE04YC,VLG8QR,15.485699672982676,1.8716800303519296,16.38402531800823,8.343906533326587,6.534271563863729,TMA,8.348367885146253,TMA,1.8897672713403977,TMA,1.8897672713403977,3.0,False,3.5342715638637294,A20N,A320,,,,False,
26048.0,VLG9FC,VLG8QR,18.165841242724134,10.472918735362224,16.393338129600316,8.130857030898106,2.937178971998642,TWR,0.3951678887131385,TMA,2.079094911875286,TMA,2.079094911875286,3.0,True,-0.06282102800135814,A320,A320,,,,False,
26052.0,VLG9FC,VLG8QR,18.043122636097024,10.417750699614436,16.39975152888649,7.906426679998973,3.001235900010517,TWR,0.5297130972527825,TMA,2.284325332636162,TMA,2.284325332636162,3.0,False,0.0012359000105170992,A320,A320,,,,False,
26056.0,VLG8QR,VLG9FC,16.409133982024564,7.675587001143378,17.904835366352795,10.35397847736391,3.067719597840094,TMA,2.4979715015658344,TMA,0.681995940518291,TMA,0.681995940518291,3.0,False,0.06771959784009418,A320,A320,,,,False,
26060.0,VLG8QR,VLG9FC,16.421951294568544,7.44321674827664,17.751508692799806,10.28009296270264,3.132984125584978,TMA,2.714913637167729,TMA,0.5817669662016669,TMA,0.5817669662016669,3.0,False,0.13298412558497796,A320,A320,,,,False,
26064.0,VLG8QR,VLG9FC,16.430404656093497,7.199217631664683,17.58521025241143,10.20326404969589,3.2183646230614302,TMA,2.9466490386371884,TMA,0.3985796509557263,TMA,0.3985796509557263,3.0,False,0.21836462306143023,A320,A320,,,,False,
26068.0,VLG8QR,VLG9FC,16.438735744641107,6.94581498640644,17.41064116256001,10.129144936147782,3.3283914598947546,TMA,3.1893862287583348,TMA,0.2090680569444829,TMA,0.2090680569444829,3.0,False,0.3283914598947546,A320,A320,,,,False,
26072.0,VLG8QR,VLG9FC,16.445782019805957,6.687998376885577,17.245739201039328,10.049465851253316,3.455342974733343,TMA,3.438275180383436,TMA,0.0259406183717318,TMA,0.0259406183717318,3.0,False,0.45534297473334284,A320,A320,,,,False,
26076.0,VLG8QR,VLG9FC,16.450640133936847,6.421498853253363,17.081459853632236,9.972163131729738,3.6062654280023163,TMA,3.6973526827494574,TMA,0.1556517837457321,TMA,0.1556517837457321,3.0,False,0.6062654280023163,A320,A320,,,,False,
26080.0,VLG8QR,VLG9FC,16.452684956676915,6.146599498843545,16.916939762709358,9.89167072407746,3.773737008192182,TMA,3.966208040827204,TMA,0.3387846819460223,TMA,0.3387846819460223,3.0,False,0.7737370081921822,A320,A320,,,,False,
26084.0,VLG8QR,VLG9FC,16.455039900369385,5.873784825145694,16.76420594862389,9.797529558661887,3.935906042982908,TMA,4.233733969876227,TMA,0.5175173647892255,TMA,0.5175173647892255,3.0,False,0.935906042982908,A320,A320,,,,False,
26088.0,VLG8QR,VLG9FC,16.45426804052301,5.596306576401883,16.633027959131482,9.676912731588947,4.084519763968766,TMA,4.50702383986688,TMA,0.6911912256510536,TMA,0.6911912256510536,3.0,False,1.0845197639687658,A320,A320,,,,False,
26092.0,VLG8QR,VLG9FC,16.452853617449925,5.312049177042098,16.51172172857708,9.536404948526195,4.224765927075568,TMA,4.787590602374471,TMA,0.8698121952988477,TMA,0.8698121952988477,3.0,False,1.224765927075568,A320,A320,,,,False,
26096.0,VLG8QR,VLG9FC,16.4501010049326,5.034496655482807,16.419161929549514,9.374691112594824,4.340304730307706,TMA,5.062146472145487,TMA,1.0416042396599314,TMA,1.0416042396599314,3.0,False,1.3403047303077056,A320,A320,,,,False,
26100.0,VLG8QR,VLG9FC,16.446075063082755,4.754452119503242,16.34979173855067,9.194873174834733,4.441464806481549,TMA,5.33966442988144,TMA,1.213214969754923,TMA,1.213214969754923,3.0,False,1.441464806481549,A320,A320,,,,False,
26104.0,VLG8QR,VLG9FC,16.442388961044077,4.475364578485798,16.288835140799378,9.004409906755912,4.531647643102571,TMA,5.616441119086545,TMA,1.3925609756189248,TMA,1.3925609756189248,3.0,False,1.5316476431025707,A320,A320,,,,False,
26108.0,VLG8QR,VLG9FC,16.435737679426765,4.193638706861568,16.23783463576708,8.8082987244962,4.6189016760530235,TMA,5.896448031636624,TMA,1.5750187670849862,TMA,1.5750187670849862,3.0,False,1.6189016760530235,A320,A320,,,,False,
26112.0,VLG8QR,VLG9FC,16.4094210013365,3.906064471415998,16.189349640620236,8.603811752099357,4.702899203361199,TMA,6.184973854969431,TMA,1.767201486446978,TMA,1.767201486446978,3.0,False,1.7028992033611994,A320,A320,,,,False,
26116.0,VLG8QR,VLG9FC,16.32940268470192,3.6381716557524175,16.14580481011871,8.387961969320742,4.753337375194291,TMA,6.461213716398548,TMA,1.969857205732881,TMA,1.969857205732881,3.0,False,1.753337375194291,A320,A320,,,,False,
26120.0,VLG8QR,VLG9FC,16.234444352291746,3.3668150354071256,16.111004735652692,8.174486446950866,4.80925584059852,TMA,6.743330843017034,TMA,2.169395171228566,TMA,2.169395171228566,3.0,False,1.80925584059852,A320,A320,,,,False,
26124.0,VLG8QR,VLG9FC,16.115950157348298,3.11059010066652,16.074334112148023,7.946490302188848,4.8360792646835105,TMA,7.01460869366757,TMA,2.385493998617169,TMA,2.385493998617169,3.0,False,1.8360792646835105,A320,A320,,,,False,
26128.0,VLG8QR,VLG9FC,16.01741824974403,2.8445464342765474,16.03962129874673,7.710340754290613,4.8658449769866445,TMA,7.293076951123599,TMA,2.6105141464582826,TMA,2.6105141464582826,3.0,False,1.8658449769866445,A320,A320,,,,False,
26132.0,VLG8QR,VLG9FC,15.88934699110301,2.5915775764966416,16.007568858657965,7.4666642432477905,4.8765199085313915,TMA,7.564206247893449,TMA,2.843430756019167,TMA,2.843430756019167,3.0,False,1.8765199085313915,A320,A320,,,,False,
26136.0,VLG8QR,VLG9FC,15.757991076050155,2.3358262415145794,15.978510068983311,7.220596937029089,4.889745737152553,TMA,7.839560875496054,TMA,3.0793226057709906,TMA,3.0793226057709906,3.0,False,1.8897457371525528,A320,A320,,,,False,
26140.0,VLG8QR,VLG9FC,15.62733101756074,2.083865950284538,15.946477328832176,6.965843444003726,4.8923980436161205,TMA,8.111904858150746,TMA,3.32611035641178,TMA,3.32611035641178,3.0,False,1.8923980436161205,A320,A320,,,,False,
26144.0,VLG8QR,VLG9FC,15.495966819209684,1.824165122396655,15.917997232197076,6.716840948593551,4.910843757414583,TMA,8.392730076346595,TMA,3.56765110739532,TMA,3.56765110739532,3.0,False,1.9108437574145833,A320,A320,,,,False,
26148.0,WMT182,VLG9FC,18.22330554405805,10.504009114003091,15.886844551642556,6.462652804002859,4.668148540209264,TWR,0.3299976586635661,TMA,3.8161585875072808,TMA,3.8161585875072808,3.0,False,1.6681485402092644,A321,A320,,,,False,
26152.0,WMT182,VLG9FC,18.107233214649582,10.449250481017716,15.855367864542416,6.210628034798209,4.79966850903363,TWR,0.4583142133549702,TMA,4.063678962629481,TMA,4.063678962629481,3.0,False,1.79966850903363,A321,A320,,,,False,
26160.0,VLG9FC,WMT182,15.79112439440651,5.698163330309128,17.832367432474864,10.320306638561776,5.052809307948131,TMA,4.569247421989438,TMA,0.6720358859929929,TMA,0.6720358859929929,3.0,False,2.052809307948131,A320,A321,,,,False,
26164.0,VLG9FC,WMT182,15.760090107654776,5.446027791371403,17.67278647054352,10.244817813709108,5.165926156566289,TMA,4.818664913072506,TMA,0.4955069878168774,TMA,0.4955069878168774,3.0,False,2.1659261565662886,A320,A321,,,,False,
26168.0,VLG9FC,WMT182,15.727724727823796,5.195280922042247,17.497822127930622,10.16291353770266,5.273577401540444,TMA,5.06760698285891,TMA,0.3023262022873669,TMA,0.3023262022873669,3.0,False,2.273577401540444,A320,A321,,,,False,
26172.0,VLG9FC,WMT182,15.690666102540268,4.939019423927811,17.32117266743939,10.08193042100743,5.39519093101084,TMA,5.323546947069587,TMA,0.1079989572897889,TMA,0.1079989572897889,3.0,False,2.3951909310108404,A320,A321,,,,False,
26176.0,VLG9FC,WMT182,15.631894663837771,4.680284875505359,17.154090206152063,10.006162036383888,5.539137730893594,TMA,5.588278444358315,TMA,0.0754605676021481,TMA,0.0754605676021481,3.0,False,2.539137730893594,A320,A321,,,,False,
26180.0,VLG9FC,WMT182,15.512821355740613,4.448823963421424,16.97992131046596,9.923878748991704,5.66821022741316,TMA,5.84425955852411,TMA,0.268081340803157,TMA,0.268081340803157,3.0,False,2.6682102274131596,A320,A321,,,,False,
26184.0,VLG9FC,WMT182,15.390467531397192,4.227073258497956,16.811021100677195,9.843650363301553,5.7934368743776,TMA,6.092328659098075,TMA,0.4550652916499006,TMA,0.4550652916499006,3.0,False,2.7934368743776004,A320,A321,,,,False,
26188.0,VLG9FC,WMT182,15.223869172206802,4.02553957824732,16.659146388280163,9.74927031026355,5.900941804458534,TMA,6.335399993599228,TMA,0.6330071206263204,TMA,0.6330071206263204,3.0,False,2.900941804458534,A320,A321,,,,False,
26192.0,VLG9FC,WMT182,15.026304939675637,3.8523119885256154,16.523298837537176,9.62811457415811,5.966647822557796,TMA,6.563458414390918,TMA,0.8104169974263936,TMA,0.8104169974263936,3.0,False,2.966647822557796,A320,A321,,,,False,
26196.0,VLG9FC,WMT182,14.809501135337133,3.703227547786285,16.40725001145584,9.494360672887186,6.007497344467122,TMA,6.778260687909831,TMA,0.979773133531688,TMA,0.979773133531688,3.0,False,3.0074973444671222,A320,A321,,,,False,
26200.0,VLG9FC,WMT182,14.576911791541612,3.5733900368174023,16.307536532818492,9.340966272655708,6.021627490249329,TMA,6.984497302493644,TMA,1.150064310415804,TMA,1.150064310415804,3.0,False,3.0216274902493288,A320,A321,,,,False,
26204.0,VLG9FC,WMT182,14.340028236090326,3.480474896048334,16.24450776469454,9.176857345156533,6.006314617249121,TMA,7.162589391164878,TMA,1.302876027181287,TMA,1.302876027181287,3.0,False,3.006314617249121,A320,A321,,,,False,
26208.0,VLG9FC,WMT182,14.056747404857582,3.426267305747233,16.196365585919853,8.99385352223192,5.964560523519104,TMA,7.330075917000835,TMA,1.4637027273744718,TMA,1.4637027273744718,3.0,False,2.964560523519104,A320,A321,,,,False,
26212.0,VLG9FC,WMT182,13.817534845862664,3.392991982055528,16.180569560251495,8.811352066329112,5.91122314451552,TMA,7.466126195253542,TMA,1.6091232977960983,TMA,1.6091232977960983,3.0,False,2.91122314451552,A320,A321,,,,False,
26216.0,VLG9FC,WMT182,13.549262743641512,3.401488358442363,16.173857457949826,8.625682936618876,5.8464268066079494,TMA,7.584804679667925,TMA,1.7587028723024614,TMA,1.7587028723024614,3.0,False,2.8464268066079494,A320,A321,,,,False,
26220.0,VLG9FC,WMT182,13.284222089752644,3.4385674298922284,16.16801118844105,8.43919750053579,5.772567944090284,TMA,7.684794436491646,TMA,1.914839700878239,TMA,1.914839700878239,3.0,False,2.7725679440902837,A320,A321,,,,False,
26224.0,VLG9FC,WMT182,13.023163033207132,3.4810494419275173,16.168133869412213,8.252820695230792,5.7149490334063335,TMA,7.785998834812704,TMA,2.072871028814252,TMA,2.072871028814252,3.0,False,2.7149490334063335,A320,A321,,,,False,
26240.0,NJE838T,WMT182,18.175032208481824,10.477381349578495,16.191117894767753,7.480383759497123,3.5941494903680793,TWR,0.3849531464257426,TMA,2.7572314033797056,TMA,2.7572314033797056,3.0,False,0.5941494903680793,C56X,A321,,,,False,
26248.0,WMT182,NJE838T,16.21947540225477,7.094021014527971,17.879227665000364,10.333826259613794,3.640208180829048,TMA,3.109614409429416,TMA,0.713710595815166,TMA,0.713710595815166,3.0,False,0.6402081808290481,A321,C56X,,,,False,
26252.0,WMT182,NJE838T,16.23445660771494,6.895609421544584,17.721342971380746,10.259958377260054,3.67827064723072,TMA,3.2935087436051917,TMA,0.5459809661816957,TMA,0.5459809661816957,3.0,False,0.6782706472307201,A321,C56X,,,,False,
26256.0,WMT182,NJE838T,16.252458208565887,6.703132148369528,17.554736814055296,10.174972361292134,3.70804585063102,TMA,3.4725210957023056,TMA,0.3593304969592711,TMA,0.3593304969592711,3.0,False,0.7080458506310201,A321,C56X,,,,False,
26260.0,WMT182,NJE838T,16.2662303837343,6.5015153054559205,17.389464092086623,10.088438210130745,3.758679274380802,TMA,3.662918298530847,TMA,0.1743101740092663,TMA,0.1743101740092663,3.0,False,0.758679274380802,A321,C56X,,,,False,
26264.0,WMT182,NJE838T,16.28407775048849,6.309212801586975,17.242533927070397,9.963388397553782,3.777782091199462,TMA,3.8444781254341702,TMA,0.0765147484117726,TMA,0.0765147484117726,3.0,False,0.777782091199462,A321,C56X,,,,False,
26268.0,WMT182,NJE838T,16.300245711833462,6.110518873710923,17.09577760414872,9.84453740268449,3.817822071077777,TMA,4.033720613099277,TMA,0.2308769552443827,TMA,0.2308769552443827,3.0,False,0.817822071077777,A321,C56X,,,,False,
26272.0,WMT182,NJE838T,16.31738760930667,5.917845657322794,16.980899655970436,9.691448523406692,3.831491462470528,TMA,4.217803704071579,TMA,0.4220795705858612,TMA,0.4220795705858612,3.0,False,0.8314914624705279,A321,C56X,,,,False,
26276.0,WMT182,NJE838T,16.333063313847305,5.718389340301396,16.890657767936588,9.50254281288768,3.825013605115407,TMA,4.409628128520292,TMA,0.6295366847076946,TMA,0.6295366847076946,3.0,False,0.8250136051154069,A321,C56X,,,,False,
26280.0,WMT182,NJE838T,16.347815119055017,5.520265331292579,16.836000897457257,9.305202586819169,3.8162907885153814,TMA,4.601022436787092,TMA,0.8280232596674997,TMA,0.8280232596674997,3.0,False,0.8162907885153814,A321,C56X,,,,False,
26284.0,WMT182,NJE838T,16.360698365549716,5.315717852006074,16.81707218844735,9.087926105985868,3.799714749506796,TMA,4.799663675452358,TMA,1.032461769593464,TMA,1.032461769593464,3.0,False,0.799714749506796,A321,C56X,,,,False,
26288.0,WMT182,NJE838T,16.37573642776451,5.107410611016093,16.820264806475798,8.866248225026679,3.7850317948440644,TMA,5.002154316444626,TMA,1.238328219479545,TMA,1.238328219479545,3.0,False,0.7850317948440644,A321,C56X,,,,False,
26292.0,WMT182,NJE838T,16.391046579987517,4.899732390257166,16.833439374448904,8.63780424875382,3.7641589503999406,TMA,5.204483059641143,TMA,1.4526728376971485,TMA,1.4526728376971485,3.0,False,0.7641589503999406,A321,C56X,,,,False,
26296.0,WMT182,NJE838T,16.405269518191833,4.685608734466979,16.84690424874918,8.407331024285641,3.747833779367426,TMA,5.413796496021988,TMA,1.672774116886182,TMA,1.672774116886182,3.0,False,0.7478337793674261,A321,C56X,,,,False,
26300.0,WMT182,NJE838T,16.42178087844437,4.467238526978781,16.852538618970183,8.169253653951168,3.726991847503196,TMA,5.627384945673133,TMA,1.9044097345272415,TMA,1.9044097345272415,3.0,False,0.726991847503196,A321,C56X,,,,False,
26304.0,WMT182,NJE838T,16.454133390515796,4.249253344176747,16.85534008506169,7.9373284120446845,3.7098334892522513,TMA,5.838885562373443,TMA,2.1319010638214944,TMA,2.1319010638214944,3.0,False,0.7098334892522513,A321,C56X,,,,False,
26308.0,WMT182,NJE838T,16.544618906467296,4.028663262771433,16.848676840396674,7.700964755067389,3.6848676336477144,TMA,6.046809281364975,TMA,2.3661222721176567,TMA,2.3661222721176567,3.0,False,0.6848676336477144,A321,C56X,,,,False,
26312.0,WMT182,NJE838T,16.63344008683482,3.823597648901034,16.837693050760617,7.468551267327616,3.650672013993246,TMA,6.241610706277715,TMA,2.597477798340233,TMA,2.597477798340233,3.0,False,0.6506720139932458,A321,C56X,,,,False,
26316.0,WMT182,NJE838T,16.781956750238436,3.635530117360851,16.821992921256097,7.235795317710889,3.6004878013737605,TMA,6.41695134187848,TMA,2.830052630128572,TMA,2.830052630128572,3.0,False,0.6004878013737605,A321,C56X,,,,False,
26320.0,WMT182,NJE838T,16.959352809354844,3.4703270171504963,16.805006997050267,7.005046499383501,3.5380876823297527,TMA,6.572275306388416,TMA,3.060922236039977,TMA,3.060922236039977,3.0,False,0.5380876823297527,A321,C56X,,,,False,
26324.0,WMT182,NJE838T,17.15751878225461,3.3234228109886823,16.78487257198889,6.768261721371813,3.4649358315147825,TMA,6.714214117132253,TMA,3.298262308631484,TMA,3.298262308631484,3.0,False,0.46493583151478246,A321,C56X,,,,False,
26328.0,WMT182,NJE838T,17.376106840094035,3.2111853138162982,16.764106160653586,6.527897671092789,3.372703024659323,TMA,6.827854994057398,TMA,3.539273565382067,TMA,3.539273565382067,3.0,False,0.37270302465932303,A321,C56X,,,,False,
26332.0,WMT182,NJE838T,17.616837987469605,3.1234591202914017,16.742674702264587,6.284466206883114,3.279653526012078,TMA,6.925078734494892,TMA,3.783443486886485,TMA,3.783443486886485,3.0,False,0.27965352601207805,A321,C56X,,,,False,
26336.0,WMT182,NJE838T,17.865929726629535,3.0546582768847834,16.72002291326841,6.041623320121476,3.199228437361957,TMA,7.012214257011214,TMA,4.0272062277023855,TMA,4.0272062277023855,3.0,False,0.19922843736195706,A321,C56X,,,,False,
26340.0,WMT182,NJE838T,18.121171181755493,3.001442982477873,16.692073850454914,5.793482163958225,3.136527056036965,TMA,7.092996200943332,TMA,4.276896511791255,TMA,4.276896511791255,3.0,False,0.1365270560369649,A321,C56X,,,,False,
26344.0,WMT182,NJE838T,18.38140590987468,2.94496749346704,16.663186824452225,5.545548548046342,3.1169373825835467,TMA,7.1863607748929255,TMA,4.52649890857439,TMA,4.52649890857439,3.0,False,0.11693738258354669,A321,C56X,,,,False,
26348.0,WMT182,NJE838T,18.648758701986782,2.9005575246282573,16.63272662707833,5.290267838675645,3.1265157463419473,TMA,7.277820868775178,TMA,4.78358717704418,TMA,4.78358717704418,3.0,False,0.1265157463419473,A321,C56X,,,,False,
26352.0,WMT182,NJE838T,18.918302560970925,2.861411943100994,16.601162891329253,5.036306833305802,3.177940218453787,TMA,7.373487325801478,TMA,5.039502127048786,TMA,5.039502127048786,3.0,False,0.17794021845378705,A321,C56X,,,,False,
26356.0,WMT182,NJE838T,19.19434034311197,2.8429671080009595,16.5706458126674,4.777647812549691,3.2598715339163182,TMA,7.4595981687103485,TMA,5.299950347665948,TMA,5.299950347665948,3.0,False,0.25987153391631823,A321,C56X,,,,False,
26360.0,WMT182,NJE838T,19.475831766781724,2.82283035395435,16.539861172924205,4.514699975446603,3.388561072804268,TMA,7.558103120929613,TMA,5.564688243718077,TMA,5.564688243718077,3.0,False,0.3885610728042681,A321,C56X,,,,False,
26364.0,WMT182,NJE838T,19.76292269273669,2.800573819601712,16.51393476429482,4.25124462441929,3.558141135917894,TMA,7.669590469676687,TMA,5.829337583236208,TMA,5.829337583236208,3.0,False,0.5581411359178938,A321,C56X,,,,False,
26616.0,QTR138,TRA3T,18.19353922374916,10.486453677618192,16.144752195008593,7.206524495608402,3.867229464117045,TWR,0.364349118520237,TMA,3.0291295288618025,TMA,3.0291295288618025,3.0,False,0.8672294641170448,B789,B738,,,,False,
26620.0,QTR138,TRA3T,18.076698116457266,10.425679960420627,16.10107900546701,6.958378285797474,3.990645533564018,TWR,0.4959261211905374,TMA,3.276915742899879,TMA,3.276915742899879,3.0,False,0.9906455335640181,B789,B738,,,,False,
26628.0,TRA3T,QTR138,16.01630293685204,6.470488433709423,17.80507479717439,10.301997135812137,4.2284942594935515,TMA,3.765363430547988,TMA,0.6395914541868843,TMA,0.6395914541868843,3.0,False,1.2284942594935515,B738,B789,,,,False,
26632.0,TRA3T,QTR138,15.970100222138656,6.227731907321671,17.649013285186147,10.229415332034865,4.3396105015192115,TMA,4.010269157756999,TMA,0.4674860736635087,TMA,0.4674860736635087,3.0,False,1.3396105015192115,B738,B789,,,,False,
26636.0,TRA3T,QTR138,15.92364256359692,5.9817055509083055,17.478498898099804,10.149059512849057,4.447967767986524,TMA,4.258621904753568,TMA,0.2790314514278694,TMA,0.2790314514278694,3.0,False,1.4479677679865244,B738,B789,,,,False,
26640.0,TRA3T,QTR138,15.87491002330694,5.733311147909383,17.30379213726893,10.066197544672654,4.562412587968857,TMA,4.510137798986894,TMA,0.0859694741765306,TMA,0.0859694741765306,3.0,False,1.5624125879688568,B738,B789,,,,False,
26644.0,TRA3T,QTR138,15.825546211360644,5.486369795260911,17.140685468464305,9.991389622920224,4.693058162134656,TMA,4.760620838973358,TMA,0.0941026272160834,TMA,0.0941026272160834,3.0,False,1.6930581621346557,B738,B789,,,,False,
26648.0,TRA3T,QTR138,15.773496033372137,5.2322823348558725,16.961957843961645,9.901343173482276,4.817942568153381,TMA,5.018855982673027,TMA,0.2941727020353141,TMA,0.2941727020353141,3.0,False,1.8179425681533807,B738,B789,,,,False,
26652.0,TRA3T,QTR138,15.72164245525088,4.982985556048348,16.7939044894528,9.818966203079505,4.953428579120802,TMA,5.272553331643683,TMA,0.4812950828955131,TMA,0.4812950828955131,3.0,False,1.9534285791208017,B738,B789,,,,False,
26656.0,TRA3T,QTR138,15.652233132295946,4.733340495088922,16.619152916076832,9.72740393649422,5.08680681027379,TMA,5.531629874033122,TMA,0.6785714276616307,TMA,0.6785714276616307,3.0,False,2.0868068102737896,B738,B789,,,,False,
26660.0,TRA3T,QTR138,15.528288886577077,4.507974737667861,16.46280103085286,9.625291354181188,5.201946011008028,TMA,5.783172254959384,TMA,0.8645189250453279,TMA,0.8645189250453279,3.0,False,2.201946011008028,B738,B789,,,,False,
26664.0,TRA3T,QTR138,15.37786368071406,4.290771365965882,16.30837036536801,9.495296001763242,5.287052049564798,TMA,6.035451165960476,TMA,1.063016425559093,TMA,1.063016425559093,3.0,False,2.2870520495647977,B738,B789,,,,False,
26668.0,TRA3T,QTR138,15.223133286914877,4.088451617099124,16.1670927219159,9.360831703985518,5.356216126662892,TMA,6.275967406670175,TMA,1.2538706300440952,TMA,1.2538706300440952,3.0,False,2.3562161266628916,B738,B789,,,,False,
26672.0,TRA3T,QTR138,15.02567285023699,3.915604977339788,16.057860186215436,9.204201168294018,5.388381980477059,TMA,6.504062909972426,TMA,1.4322055697786915,TMA,1.4322055697786915,3.0,False,2.3883819804770594,B738,B789,,,,False,
26676.0,TRA3T,QTR138,14.816285319709568,3.754584930551771,15.980187510988602,9.02350123769506,5.3959380428749,TMA,6.727863853213268,TMA,1.6037324900421854,TMA,1.6037324900421854,3.0,False,2.3959380428749,B738,B789,,,,False,
26680.0,TRA3T,QTR138,14.598105839369495,3.5951064723822626,15.938767982799034,8.835205305188596,5.408882579646501,TMA,6.956379907803752,TMA,1.7589379874659672,TMA,1.7589379874659672,3.0,False,2.4088825796465008,B738,B789,,,,False,
26684.0,TRA3T,QTR138,14.381837550844066,3.427695531218617,15.944555899846918,8.642887160591082,5.444291723391283,TMA,7.194323992418395,TMA,1.891664706289104,TMA,1.891664706289104,3.0,False,2.4442917233912826,B738,B789,,,,False,
26688.0,TRA3T,QTR138,14.167426048142929,3.261390872513965,15.952817259045204,8.434850324644906,5.472869857653301,TMA,7.432942049781666,TMA,2.0447026939660846,TMA,2.0447026939660846,3.0,False,2.4728698576533006,B738,B789,,,,False,
26692.0,TRA3T,QTR138,13.952502672985029,3.092390415958333,15.9742706455538,8.233191680608906,5.524073078584114,TMA,7.676392451895118,TMA,2.1940253880425824,TMA,2.1940253880425824,3.0,False,2.524073078584114,B738,B789,,,,False,
26696.0,TRA3T,QTR138,13.735040828325776,2.921714142903115,15.997322489683135,8.032923771930207,5.5894885443279225,TMA,7.924419722351711,TMA,2.3493490908543966,TMA,2.3493490908543966,3.0,False,2.5894885443279225,B738,B789,,,,False,
26700.0,TRA3T,QTR138,13.51784135230563,2.748108638614182,16.023356057109584,7.836857695523751,5.6721222571615,TMA,8.176762541713629,TMA,2.5061406042047696,TMA,2.5061406042047696,3.0,False,2.6721222571615,B738,B789,,,,False,
26788.0,QTR138,BTX6F,17.21330123952756,3.2397598604826703,17.767263435137714,10.287326736113895,7.069304985687044,TMA,6.797566187151154,TMA,0.5991030379431072,TMA,0.5991030379431072,3.0,False,4.069304985687044,B789,FA7X,,,,False,
26792.0,QTR138,BTX6F,17.379571738416278,3.029648917520827,17.62615641884172,10.219831463512476,7.194409569193532,TMA,7.009423450525968,TMA,0.4427103979031244,TMA,0.4427103979031244,3.0,False,4.194409569193532,B789,FA7X,,,,False,
26796.0,QTR138,BTX6F,17.550404672044902,2.815743615618768,17.48888189539216,10.153268923307472,7.337783227448142,TMA,7.229001977902675,TMA,0.2902313970482202,TMA,0.2902313970482202,3.0,False,4.337783227448142,B789,FA7X,,,,False,
26800.0,QTR138,BTX6F,17.724029460145797,2.5946111032769683,17.354780828386122,10.081499128727147,7.495988050796618,TMA,7.45956563431425,TMA,0.1391618624004486,TMA,0.1391618624004486,3.0,False,4.495988050796618,B789,FA7X,,,,False,
26804.0,QTR138,BTX6F,17.902119935379343,2.361817714264764,17.25011222060574,9.968904132530918,7.634977264870779,TMA,7.705503030729221,TMA,0.0736587977556236,TMA,0.0736587977556236,3.0,False,4.634977264870779,B789,FA7X,,,,False,
26808.0,QTR138,BTX6F,18.083401489873605,2.1331439981284523,17.154307962036295,9.8695928070274,7.792037920607364,TMA,7.950886265726122,TMA,0.1811790210632987,TMA,0.1811790210632987,3.0,False,4.792037920607364,B789,FA7X,,,,False,
26812.0,QTR138,BTX6F,18.26639336621561,1.9085054930538,17.09947370662492,9.735016717775023,7.913025934661566,TMA,8.195527117706556,TMA,0.3264976732944941,TMA,0.3264976732944941,3.0,False,4.913025934661566,B789,FA7X,,,,False,
26816.0,QTR138,BTX6F,18.45223052674872,1.6765683680744097,17.067032933815558,9.590826581119048,8.034566287872192,TMA,8.450657525364871,TMA,0.4728898684817731,TMA,0.4728898684817731,3.0,False,5.034566287872192,B789,FA7X,,,,False,
26820.0,QTR138,BTX6F,18.64105937092717,1.4366164395175556,17.062265765274244,9.426161569640737,8.144042033015646,TMA,8.71685147322459,TMA,0.6318947009048226,TMA,0.6318947009048226,3.0,False,5.144042033015646,B789,FA7X,,,,False,
26824.0,QTR138,BTX6F,18.831241464049977,1.1848728918149172,17.066422293745937,9.260504792690496,8.266221464630133,TMA,8.997379329475072,TMA,0.7924017574691223,TMA,0.7924017574691223,3.0,False,5.266221464630133,B789,FA7X,,,,False,
26828.0,QTR138,BTX6F,19.02066327515305,0.9445755049706384,17.06745303668862,9.08333179744182,8.369849713339036,TMA,9.268777628455371,TMA,0.9665560545891811,TMA,0.9665560545891811,3.0,False,5.369849713339036,B789,FA7X,,,,False,
26832.0,QTR138,BTX6F,19.210988173244083,0.7034925544281447,17.065127317338927,8.907855450655665,8.480347242059185,TMA,9.543225018086892,TMA,1.1404188478351982,TMA,1.1404188478351982,3.0,False,5.480347242059185,B789,FA7X,,,,False,
26836.0,QTR138,BTX6F,19.404172560701788,0.4694925186560905,17.05159594526802,8.715835153927523,8.575359093926108,TMA,9.81333880230792,TMA,1.3325305192767334,TMA,1.3325305192767334,3.0,False,5.575359093926108,B789,FA7X,,,,False,
26840.0,QTR138,BTX6F,19.608031318174078,0.2627455870923877,17.035463645363045,8.519762352541917,8.648492949416504,TMA,10.061388337000626,TMA,1.5290784880887056,TMA,1.5290784880887056,3.0,False,5.648492949416504,B789,FA7X,,,,False,
26844.0,QTR138,BTX6F,19.83969947991624,0.0588661776369267,17.013267971152576,8.311526898032758,8.723251918848629,TMA,10.315890501138572,TMA,1.7384679885040262,TMA,1.7384679885040262,3.0,False,5.723251918848629,B789,FA7X,,,,False,
26848.0,QTR138,BTX6F,20.09481571091249,-0.0945431423012065,16.987684776745354,8.09381566377256,8.758052442127996,TMA,10.531049750007377,TMA,1.9576757582606537,TMA,1.9576757582606537,3.0,False,5.758052442127996,B789,FA7X,,,,False,
26852.0,QTR138,BTX6F,20.381420493371003,-0.2219667358258828,16.962583944921608,7.873761053958079,8.788017512004267,TMA,10.734510752883612,TMA,2.179152689822889,TMA,2.179152689822889,3.0,False,5.7880175120042665,B789,FA7X,,,,False,
26856.0,QTR138,BTX6F,20.671360693798977,-0.3303160313450515,16.934787510795957,7.643465455928126,8.805860001085515,TMA,10.926129712330182,TMA,2.4111197046186192,TMA,2.4111197046186192,3.0,False,5.805860001085515,B789,FA7X,,,,False,
26892.0,BTX6F,RYR23VU,16.670242093439104,5.400399648738812,17.894078160731723,10.347282531297994,5.096020503624697,TMA,4.669728561434733,TMA,0.6945662749636201,TMA,0.6945662749636201,3.0,False,2.096020503624697,FA7X,B738,,,,False,
26896.0,BTX6F,RYR23VU,16.638465055564204,5.144070742766101,17.744704177849197,10.275600726732408,5.249415679103639,TMA,4.928016914188196,TMA,0.5737099663128875,TMA,0.5737099663128875,3.0,False,2.249415679103639,FA7X,B738,,,,False,
26900.0,BTX6F,RYR23VU,16.609546379341637,4.890793124121914,17.58295956503517,10.205389551495646,5.403005498418049,TMA,5.182936880392271,TMA,0.3974285970733883,TMA,0.3974285970733883,3.0,False,2.4030054984180493,FA7X,B738,,,,False,
26904.0,BTX6F,RYR23VU,16.578197868296932,4.63034369067136,17.407422154054686,10.132490093228062,5.564281440694577,TMA,5.445265957547644,TMA,0.2076924118214629,TMA,0.2076924118214629,3.0,False,2.564281440694577,FA7X,B738,,,,False,
26908.0,BTX6F,RYR23VU,16.54562816988324,4.370531647079615,17.242186234530536,10.047123176312365,5.719168167415799,TMA,5.707106921340019,TMA,0.0217080812226487,TMA,0.0217080812226487,3.0,False,2.7191681674157993,FA7X,B738,,,,False,
26912.0,BTX6F,RYR23VU,16.515354496303637,4.11032020660383,17.071319516716773,9.964948153124826,5.880966374339139,TMA,5.969072285729089,TMA,0.1678969970281368,TMA,0.1678969970281368,3.0,False,2.880966374339139,FA7X,B738,,,,False,
26968.0,RYR98RR,RYR23VU,18.122478278891524,10.45025362794562,16.218355200079788,7.5816283839200445,3.4430648396340553,TWR,0.4440409214642338,TMA,2.6531799633446767,TMA,2.6531799633446767,3.0,False,0.4430648396340553,B738,B738,,,,False,
26976.0,RYR23VU,RYR98RR,16.258293985908566,7.100347544083458,17.856023775489408,10.32681801615203,3.6003961153801454,TMA,3.0912958889886992,TMA,0.6962463248150847,TMA,0.6962463248150847,3.0,False,0.6003961153801454,B738,B738,,,,False,
26980.0,RYR23VU,RYR98RR,16.280252826941798,6.854959980518758,17.699566121854232,10.25249233922118,3.682075007050404,TMA,3.3190119897316244,TMA,0.5230565186280524,TMA,0.5230565186280524,3.0,False,0.682075007050404,B738,B738,,,,False,
26984.0,RYR23VU,RYR98RR,16.301281718980576,6.610297947448577,17.532308004183474,10.172830709755566,3.769226100590294,TMA,3.5487610728316863,TMA,0.3378569952181358,TMA,0.3378569952181358,3.0,False,0.7692261005902941,B738,B738,,,,False,
26988.0,RYR23VU,RYR98RR,16.317660777630614,6.362895918010878,17.35818263184944,10.088013978760474,3.8677112477057816,TMA,3.784269746196172,TMA,0.1445458790213024,TMA,0.1445458790213024,3.0,False,0.8677112477057816,B738,B738,,,,False,
26992.0,RYR23VU,RYR98RR,16.329173726096876,6.1115735093057015,17.186696354164255,10.004172746144606,3.9859345047662798,TMA,4.026174470631911,TMA,0.0490252669109177,TMA,0.0490252669109177,3.0,False,0.9859345047662798,B738,B738,,,,False,
26996.0,RYR23VU,RYR98RR,16.342641955863037,5.861824043614277,17.014426551469196,9.918456373984972,4.1118803979082985,TMA,4.267255712130061,TMA,0.2399071345418228,TMA,0.2399071345418228,3.0,False,1.1118803979082985,B738,B738,,,,False,
27000.0,RYR23VU,RYR98RR,16.351801722554058,5.603261083264941,16.851425359277382,9.817449368630804,4.243702002130629,TMA,4.518798786875552,TMA,0.4315962892484288,TMA,0.4315962892484288,3.0,False,1.2437020021306289,B738,B738,,,,False,
27004.0,RYR23VU,RYR98RR,16.364607647808544,5.357729092275759,16.72490446176214,9.6785421108226,4.335808913615655,TMA,4.757634960027953,TMA,0.6137092770093494,TMA,0.6137092770093494,3.0,False,1.3358089136156552,B738,B738,,,,False,
27008.0,RYR23VU,RYR98RR,16.37588311000873,5.1022283253836935,16.61975963796997,9.5270606176711,4.431547875828474,TMA,5.007237019582999,TMA,0.7899642153531399,TMA,0.7899642153531399,3.0,False,1.4315478758284739,B738,B738,,,,False,
27012.0,RYR23VU,RYR98RR,16.387797286922087,4.851781105404527,16.543130361974182,9.351467600170407,4.5023668126201795,TMA,5.252339186992655,TMA,0.9655920609667588,TMA,0.9655920609667588,3.0,False,1.5023668126201795,B738,B738,,,,False,
27016.0,RYR23VU,RYR98RR,16.399640770361525,4.598895537545032,16.469962143953353,9.16361075027801,4.565256845889366,TMA,5.50037042296962,TMA,1.1533251052778355,TMA,1.1533251052778355,3.0,False,1.5652568458893663,B738,B738,,,,False,
27020.0,RYR23VU,RYR98RR,16.411756384681823,4.346390482135518,16.425361608448025,8.967658952050327,4.621288497069025,TMA,5.74843394450227,TMA,1.334207713696283,TMA,1.334207713696283,3.0,False,1.621288497069025,B738,B738,,,,False,
27024.0,RYR23VU,RYR98RR,16.417174708639475,4.085005467286167,16.396656710633774,8.75156705252647,4.666606691921085,TMA,6.006588231328278,TMA,1.5283002404181758,TMA,1.5283002404181758,3.0,False,1.6666066919210847,B738,B738,,,,False,
27028.0,RYR23VU,RYR98RR,16.403592811584183,3.8217117201660655,16.38747085381369,8.530958543383864,4.709274419643569,TMA,6.2693626986384965,TMA,1.7224772652851597,TMA,1.7224772652851597,3.0,False,1.7092744196435694,B738,B738,,,,False,
27032.0,RYR23VU,RYR98RR,16.360811459095192,3.558860109490766,16.384377413371915,8.297919730221327,4.739118213659569,TMA,6.535555826435097,TMA,1.9309308290643932,TMA,1.9309308290643932,3.0,False,1.7391182136595686,B738,B738,,,,False,
27036.0,RYR23VU,RYR98RR,16.292128734110314,3.3114605625092386,16.38111175124303,8.061471572747381,4.750844406494663,TMA,6.789945472293471,TMA,2.147660140091649,TMA,2.147660140091649,3.0,False,1.7508444064946627,B738,B738,,,,False,
27040.0,RYR23VU,RYR98RR,16.192196154678843,3.0684298074386995,16.374690534457926,7.813217156624576,4.748295608704801,TMA,7.044686185353209,TMA,2.3803258205660978,TMA,2.3803258205660978,3.0,False,1.748295608704801,B738,B738,,,,False,
27044.0,RYR23VU,RYR98RR,16.07267910449148,2.8181976459215314,16.374909240818532,7.557051945489591,4.7484821920103,TMA,7.31016677602366,TMA,2.6211974224987387,TMA,2.6211974224987387,3.0,False,1.7484821920103002,B738,B738,,,,False,
27048.0,RYR23VU,RYR98RR,15.943580306935152,2.579248725997788,16.376364291941982,7.296502501200206,4.737065036215975,TMA,7.566985342563518,TMA,2.868546873060517,TMA,2.868546873060517,3.0,False,1.7370650362159754,B738,B738,,,,False,
27052.0,RYR23VU,RYR98RR,15.808727255119608,2.3301391403380824,16.384241353514096,7.037668275812012,4.742578100441441,TMA,7.835833083819758,TMA,3.114661724965251,TMA,3.114661724965251,3.0,False,1.742578100441441,B738,B738,,,,False,
27056.0,LHX06E,RYR98RR,18.18738229080682,10.47632097644548,16.392476238570367,6.77874974101389,4.110197170142346,TWR,0.3742213745424237,TMA,3.362698865058372,TMA,3.362698865058372,3.0,False,1.1101971701423459,A20N,B738,,,,False,
27060.0,RYR23VU,RYR98RR,15.537538844855504,1.8129596316981744,16.39995728391787,6.518836525950975,4.784249461294545,TMA,8.395252192200852,TMA,3.613422405235816,TMA,3.613422405235816,3.0,False,1.7842494612945448,B738,B738,,,,False,
27064.0,RYR23VU,RYR98RR,15.400146177561336,1.5489017424417044,16.408557770877135,6.260899733795586,4.818694741530814,TMA,8.681898804393493,TMA,3.863206594704117,TMA,3.863206594704117,3.0,False,1.8186947415308143,B738,B738,,,,False,
27064.0,RYR98RR,LHX06E,16.408557770877135,6.260899733795586,17.93235545348097,10.358560232988584,4.371816664060311,TMA,3.863206594704117,TMA,0.6551080781974452,TMA,0.6551080781974452,3.0,False,1.3718166640603107,B738,A20N,,,,False,
27068.0,RYR23VU,RYR98RR,15.259617910587352,1.2785835464745083,16.414521021577016,5.997991738500982,4.858663898515743,TMA,8.976057503055829,TMA,4.119406745088143,TMA,4.119406745088143,3.0,False,1.8586638985157427,B738,B738,,,,False,
27068.0,RYR98RR,LHX06E,16.414521021577016,5.997991738500982,17.782244342646546,10.290244468811572,4.504897399925572,TMA,4.119406745088143,TMA,0.613945333001306,TMA,0.613945333001306,3.0,False,1.5048973999255724,B738,A20N,,,,False,
27072.0,RYR23VU,RYR98RR,15.11923666158606,1.0084787333080782,16.42063582334251,5.73710533791331,4.904441797391503,TMA,9.27065360123429,TMA,4.374395636589807,TMA,4.374395636589807,3.0,False,1.9044417973915033,B738,B738,,,,False,
27072.0,RYR98RR,LHX06E,16.42063582334251,5.73710533791331,17.62750011336904,10.217202526170924,4.639805193192384,TMA,4.374395636589807,TMA,0.4428606041591293,TMA,0.4428606041591293,3.0,False,1.6398051931923838,B738,A20N,,,,False,
27076.0,RYR23VU,RYR98RR,14.976703673413905,0.727601758046268,16.427773954181156,5.477646955955478,4.966742830256696,TMA,9.576840403293009,TMA,4.628467109606323,TMA,4.628467109606323,3.0,False,1.9667428302566963,B738,B738,,,,False,
27076.0,RYR98RR,LHX06E,16.427773954181156,5.477646955955478,17.47794251953018,10.144661609599462,4.783709835783824,TMA,4.628467109606323,TMA,0.2767866448603763,TMA,0.2767866448603763,3.0,False,1.7837098357838244,B738,A20N,,,,False,
27080.0,RYR23VU,RYR98RR,14.83421776530885,0.4551993211319302,16.43066617871778,5.209175356074888,5.014871451741096,TMA,9.87534486806899,TMA,4.892696532773068,TMA,4.892696532773068,3.0,False,2.0148714517410964,B738,B738,,,,False,
27080.0,RYR98RR,LHX06E,16.43066617871778,5.209175356074888,17.324842846387835,10.073850236493318,4.946171610971418,TMA,4.892696532773068,TMA,0.1083677149948583,TMA,0.1083677149948583,3.0,False,1.946171610971418,B738,A20N,,,,False,
27084.0,RYR98RR,RYR23VU,16.435643770512065,4.948916891484873,14.678859076728845,0.1874856942912513,5.075186647397285,TMA,5.148930305726754,TMA,10.173050231779577,TMA,10.173050231779577,3.0,False,2.0751866473972846,B738,B738,,,,False,
27084.0,RYR23VU,LHX06E,14.678859076728845,0.1874856942912513,17.17312630555977,9.99895862385735,10.123555208345943,TMA,10.173050231779577,TMA,0.0627759328956937,TMA,0.0627759328956937,3.0,False,7.123555208345943,B738,A20N,,,,False,
27088.0,RYR98RR,RYR23VU,16.43957060687164,4.682334337508467,14.502603102196876,-0.0683207090584911,5.13035734482873,TMA,5.4119628072739605,TMA,10.465349067283638,TMA,10.465349067283638,3.0,False,2.13035734482873,B738,B738,,,,False,
27088.0,RYR23VU,LHX06E,14.502603102196876,-0.0683207090584911,17.03697452780902,9.901545146164317,10.286946276427079,TMA,10.465349067283638,TMA,0.2301574672812836,TMA,0.2301574672812836,3.0,False,7.286946276427079,B738,A20N,,,,False,
27092.0,RYR98RR,RYR23VU,16.444753429305155,4.41608777116596,14.286382937718582,-0.2922125810016909,5.179445470817672,TMA,5.674824175425,TMA,10.73880262570426,TMA,10.73880262570426,3.0,False,2.1794454708176723,B738,B738,,,,False,
27092.0,RYR23VU,LHX06E,14.286382937718582,-0.2922125810016909,16.92687935117862,9.774469993968632,10.407224383797365,TMA,10.73880262570426,TMA,0.39581500426489,TMA,0.39581500426489,3.0,False,7.407224383797365,B738,A20N,,,,False,
27096.0,RYR98RR,RYR23VU,16.447971593586686,4.143615929409491,13.994469894189756,-0.4604277449909099,5.21698080739521,TMA,5.944419859453889,TMA,10.9829379789982,TMA,10.9829379789982,3.0,False,2.2169808073952098,B738,B738,,,,False,
27096.0,RYR23VU,LHX06E,13.994469894189756,-0.4604277449909099,16.837847045989133,9.636360814518747,10.489515376928518,TMA,10.9829379789982,TMA,0.5558511055712334,TMA,0.5558511055712334,3.0,False,7.489515376928518,B738,A20N,,,,False,
27100.0,RYR98RR,LHX06E,16.455654604283637,3.878938621021084,16.7773136337898,9.46910687249309,5.599414756117681,TMA,6.20598045428287,TMA,0.7220385357785445,TMA,0.7220385357785445,3.0,False,2.599414756117681,B738,A20N,,,,False,
27104.0,RYR98RR,LHX06E,16.462731820390598,3.611210882425928,16.743630673542462,9.295966765067254,5.691691629992545,TMA,6.470904231712437,TMA,0.8827367966495753,TMA,0.8827367966495753,3.0,False,2.691691629992545,B738,A20N,,,,False,
27108.0,RYR98RR,LHX06E,16.48340432977362,3.344810159996387,16.713551730077413,9.10828517150017,5.7680683104567265,TMA,6.733231942343413,TMA,1.0594605977527936,TMA,1.0594605977527936,3.0,False,2.7680683104567265,B738,A20N,,,,False,
27112.0,RYR98RR,LHX06E,16.53927486815016,3.078885645640786,16.69588946745793,8.91579124817924,5.83900634917116,TMA,6.991926158047829,TMA,1.2391445020119851,TMA,1.2391445020119851,3.0,False,2.83900634917116,B738,A20N,,,,False,
27116.0,RYR98RR,LHX06E,16.64011474339602,2.8287118677473075,16.681266297798082,8.716216336444102,5.887648284277385,TMA,7.232120400980776,TMA,1.4277925513373706,TMA,1.4277925513373706,3.0,False,2.887648284277385,B738,A20N,,,,False,
27120.0,RYR98RR,LHX06E,16.776238880324172,2.598664349689502,16.675207980448683,8.510582034342487,5.912780898430312,TMA,7.452048154821701,TMA,1.6219752559531309,TMA,1.6219752559531309,3.0,False,2.912780898430312,B738,A20N,,,,False,
27124.0,RYR98RR,LHX06E,16.938922808763486,2.3832141505405726,16.669943001921784,8.295086505733162,5.917988246066307,TMA,7.659368346042126,TMA,1.827852901486683,TMA,1.827852901486683,3.0,False,2.917988246066307,B738,A20N,,,,False,
27124.0,RYR98RR,LHX06E,16.938922808763486,2.3832141505405726,16.669943001921784,8.295086505733162,5.917988246066307,TMA,7.838961210499988,TMA,1.827852901486683,TMA,1.827852901486683,3.0,False,2.917988246066307,B738,A20N,,,,False,
27124.0,LHX06E,RYR98RR,16.669943001921784,8.295086505733162,17.13570777417284,2.198842195643312,6.114011082045317,TMA,1.827852901486683,TMA,7.659368346042126,TMA,7.659368346042126,3.0,False,3.114011082045317,A20N,B738,,,,False,
27124.0,LHX06E,RYR98RR,16.669943001921784,8.295086505733162,17.13570777417284,2.198842195643312,6.114011082045317,TMA,1.827852901486683,TMA,7.838961210499988,TMA,7.838961210499988,3.0,False,3.114011082045317,A20N,B738,,,,False,
27128.0,LHX06E,RYR98RR,16.665952119873577,8.073963943592004,17.35358897508776,2.037183191303862,6.075818158556544,TMA,2.040799906620226,TMA,8.001204919462703,TMA,8.001204919462703,3.0,False,3.075818158556544,A20N,B738,,,,False,
27132.0,LHX06E,RYR98RR,16.662926502226554,7.8422936266023795,17.58114495710073,1.8846990633293608,6.027939789945794,TMA,2.2653071824939097,TMA,8.160491179549478,TMA,8.160491179549478,3.0,False,3.027939789945794,A20N,B738,,,,False,
27136.0,LHX06E,RYR98RR,16.655125495949978,7.598988814676439,17.813795224696825,1.746070491905087,5.966503870219721,TMA,2.503543650955743,TMA,8.312283815967083,TMA,8.312283815967083,3.0,False,2.9665038702197206,A20N,B738,,,,False,
27140.0,ANE53GX,LHX06E,18.176532189049716,10.480990836617249,16.650514409446654,7.349194178741373,3.483802602035191,TWR,0.3820933730983666,TMA,2.7483719886564564,TMA,2.7483719886564564,3.0,False,0.4838026020351909,CRJX,A20N,,,,False,
27148.0,LHX06E,ANE53GX,16.635436310724398,6.822458044172141,17.9267972789428,10.362390057647158,3.768120461219792,TMA,3.268080591986459,TMA,0.6585277224077976,TMA,0.6585277224077976,3.0,False,0.7681204612197918,A20N,CRJX,,,,False,
27152.0,LHX06E,ANE53GX,16.627578111071102,6.556629287786818,17.780695503619686,10.29652237534332,3.913627476823893,TMA,3.531219923126001,TMA,0.615153184538049,TMA,0.615153184538049,3.0,False,0.9136274768238928,A20N,CRJX,,,,False,
27156.0,LHX06E,ANE53GX,16.614902854712966,6.277319669117881,17.619422719318937,10.219400867141374,4.068054120854138,TMA,3.8088264276936816,TMA,0.4364045459497754,TMA,0.4364045459497754,3.0,False,1.0680541208541383,A20N,CRJX,,,,False,
27160.0,LHX06E,ANE53GX,16.60211515550793,5.99165632140634,17.457621948153513,10.14234911265707,4.2379408348399,TMA,4.093001553386589,TMA,0.2572238577922044,TMA,0.2572238577922044,3.0,False,1.2379408348399004,A20N,CRJX,,,,False,
27164.0,LHX06E,ANE53GX,16.588716805534876,5.707247933089062,17.289663069765894,10.06438140663783,4.413155081306182,TMA,4.376254468837527,TMA,0.0721152503100968,TMA,0.0721152503100968,3.0,False,1.413155081306182,A20N,CRJX,,,,False,
27168.0,LHX06E,ANE53GX,16.570122749086796,5.409223339283711,17.12299104600155,9.988619766790954,4.612649454922791,TMA,4.673893898437672,TMA,0.1110724271968751,TMA,0.1110724271968751,3.0,False,1.6126494549227912,A20N,CRJX,,,,False,
27172.0,LHX06E,ANE53GX,16.55237062066382,5.112692764447785,16.955743302767,9.910065136819265,4.814300696867643,TMA,4.970055041697501,TMA,0.2958421297523779,TMA,0.2958421297523779,3.0,False,1.814300696867643,A20N,CRJX,,,,False,
27176.0,LHX06E,ANE53GX,16.530801572333957,4.80591851447545,16.792324793644774,9.829199812671806,5.030084432302708,TMA,5.276972795473784,TMA,0.4781612724695792,TMA,0.4781612724695792,3.0,False,2.030084432302708,A20N,CRJX,,,,False,
27180.0,LHX06E,ANE53GX,16.51246391871233,4.503429156558708,16.64803442048514,9.730894805927656,5.229223314822503,TMA,5.579296018627665,TMA,0.6513618399766312,TMA,0.6513618399766312,3.0,False,2.2292233148225034,A20N,CRJX,,,,False,
27184.0,LHX06E,ANE53GX,16.492107221881742,4.194464688474271,16.509162673492895,9.619489926900703,5.425052048228978,TMA,5.888368987315145,TMA,0.8269736733712594,TMA,0.8269736733712594,3.0,False,2.425052048228978,A20N,CRJX,,,,False,
27184.0,LHX06E,ANE53GX,16.492107221881742,4.194464688474271,16.509162673492895,9.619489926900703,5.425052048228978,TMA,6.19659777610437,TMA,0.8269736733712594,TMA,0.8269736733712594,3.0,False,2.425052048228978,A20N,CRJX,,,,False,
27184.0,ANE53GX,LHX06E,16.509162673492895,9.619489926900703,16.472624172936204,3.886300515464933,5.733305843003857,TMA,0.8269736733712594,TMA,5.888368987315145,TMA,5.888368987315145,3.0,False,2.7333058430038566,CRJX,A20N,,,,False,
27184.0,ANE53GX,LHX06E,16.509162673492895,9.619489926900703,16.472624172936204,3.886300515464933,5.733305843003857,TMA,0.8269736733712594,TMA,6.19659777610437,TMA,6.19659777610437,3.0,False,2.7333058430038566,CRJX,A20N,,,,False,
27188.0,ANE53GX,LHX06E,16.3886323335213,9.497055895966303,16.453924498665792,3.5781049399958613,5.91931106515046,TMA,0.9938563537458346,TMA,6.504817334300738,TMA,6.504817334300738,3.0,False,2.9193110651504597,CRJX,A20N,,,,False,
27192.0,ANE53GX,LHX06E,16.276909363595596,9.351135907495186,16.44667568624289,3.2759919441227727,6.0775155104701675,TMA,1.1685850475139994,TMA,6.805728891516736,TMA,6.805728891516736,3.0,False,3.0775155104701675,CRJX,A20N,,,,False,
27196.0,ANE53GX,LHX06E,16.186623508234128,9.198984198207322,16.492097462154554,2.961094419152829,6.24536493986991,TMA,1.3328559636738704,TMA,7.113853551926539,TMA,7.113853551926539,3.0,False,3.2453649398699103,CRJX,A20N,,,,False,
27200.0,ANE53GX,LHX06E,16.116185700998102,9.02661302398398,16.537777752758533,2.672480881590134,6.368102946805287,TMA,1.4987202910265092,TMA,7.396629394786701,TMA,7.396629394786701,3.0,False,3.368102946805287,CRJX,A20N,,,,False,
27204.0,ANE53GX,LHX06E,16.067641395913252,8.850751210482132,16.659938182929128,2.376674258405436,6.501114355656267,TMA,1.656012422080121,TMA,7.681296603691294,TMA,7.681296603691294,3.0,False,3.5011143556562674,CRJX,A20N,,,,False,
27208.0,ANE53GX,LHX06E,16.03271078085601,8.66463143553208,16.793764523873598,2.098388654716951,6.610200228160103,TMA,1.816762925169592,TMA,7.950516214798991,TMA,7.950516214798991,3.0,False,3.610200228160103,CRJX,A20N,,,,False,
27264.0,VLG7CV,ANE53GX,18.06258677294974,10.424578373861149,15.71872830272582,5.298417182889756,5.6365948128512535,TWR,0.509175722648446,TMA,4.732485648697091,TMA,4.732485648697091,3.0,False,2.6365948128512535,A320,CRJX,,,,False,
27264.0,VLG7CV,ANE53GX,18.06258677294974,10.424578373861149,15.71872830272582,5.298417182889756,5.6365948128512535,TWR,0.509175722648446,TMA,4.971868870239804,TMA,4.971868870239804,3.0,False,2.6365948128512535,A320,CRJX,,,,False,
27268.0,VLG7CV,ANE53GX,17.925673849641715,10.36317121526877,15.68829103350532,5.046755844741606,5.768028628389417,TMA,0.6592222035401963,TMA,5.22115864804431,TMA,5.22115864804431,3.0,False,2.768028628389417,A320,CRJX,,,,False,
27272.0,VLG7CV,ANE53GX,17.775217142585337,10.290913681378786,15.628548740849329,4.791994507386328,5.903075241695105,TMA,0.6078279540018489,TMA,5.482255714283664,TMA,5.482255714283664,3.0,False,2.903075241695105,A320,CRJX,,,,False,
27276.0,VLG7CV,ANE53GX,17.60893192508614,10.213151070534982,15.511288312260104,4.563341441318917,6.026645631925975,TMA,0.4242648984914447,TMA,5.735308935614359,TMA,5.735308935614359,3.0,False,3.026645631925975,A320,CRJX,,,,False,
27280.0,VLG7CV,ANE53GX,17.430941136568073,10.130530955317202,15.40011964219997,4.336683336909927,6.139454875419408,TMA,0.2280430110408813,TMA,5.984937832199403,TMA,5.984937832199403,3.0,False,3.139454875419408,A320,CRJX,,,,False,
27284.0,VLG7CV,ANE53GX,17.260127434060024,10.050828002756036,15.24681777814278,4.129372011440154,6.254363023338218,TMA,0.0396796257107146,TMA,6.229640379738131,TMA,6.229640379738131,3.0,False,3.254363023338218,A320,CRJX,,,,False,
27288.0,VLG7CV,ANE53GX,17.08926345569318,9.96897392482938,15.07717073387445,3.929751703337465,6.365588909265005,TMA,0.1500264387251598,TMA,6.473498699320476,TMA,6.473498699320476,3.0,False,3.3655889092650053,A320,CRJX,,,,False,
27292.0,VLG7CV,ANE53GX,16.926095896675783,9.886548309982633,14.88928424918827,3.7479400402434777,6.467697672019831,TMA,0.3328302194151762,TMA,6.708328596733144,TMA,6.708328596733144,3.0,False,3.467697672019831,A320,CRJX,,,,False,
27296.0,VLG7CV,ANE53GX,16.782851580685737,9.7745319694964,14.683270914686869,3.5803003311626136,6.540393303339755,TMA,0.5124721673676831,TMA,6.938472074980008,TMA,6.938472074980008,3.0,False,3.540393303339755,A320,CRJX,,,,False,
27300.0,VLG7CV,ANE53GX,16.67786112169973,9.622680404133636,14.460312756241224,3.4319542188675776,6.575911454246213,TMA,0.6847653184323825,TMA,7.159768466818564,TMA,7.159768466818564,3.0,False,3.5759114542462127,A320,CRJX,,,,False,
27304.0,VLG7CV,ANE53GX,16.5913433971166,9.468431459099902,14.18645640107647,3.323025530455322,6.599204155922354,TMA,0.8499374760940782,TMA,7.368937104639425,TMA,7.368937104639425,3.0,False,3.5992041559223544,A320,CRJX,,,,False,
27308.0,VLG7CV,ANE53GX,16.53314576263091,9.290820050289026,13.92113820276985,3.2223751703464694,6.606709222727481,TMA,1.0163213689656534,TMA,7.572618733816446,TMA,7.572618733816446,3.0,False,3.6067092227274813,A320,CRJX,,,,False,
27316.0,ANE53GX,VLG7CV,13.667523621474558,3.1463106763194992,16.478649393718932,8.910867963947583,6.413466210226929,TMA,7.754103399054435,TMA,1.3500665902486535,TMA,1.3500665902486535,3.0,False,3.413466210226929,CRJX,A320,,,,False,
27320.0,ANE53GX,VLG7CV,13.370155886156407,3.116021239370279,16.461942385029975,8.704401272311332,6.386637233097799,TMA,7.9213239927095325,TMA,1.534797210764964,TMA,1.534797210764964,3.0,False,3.386637233097799,CRJX,A320,,,,False,
27324.0,ANE53GX,VLG7CV,13.073387492331264,3.125016440500306,16.45711234908299,8.499345748829882,6.350827459518149,TMA,8.062115477895079,TMA,1.7180419470370898,TMA,1.7180419470370898,3.0,False,3.3508274595181486,CRJX,A320,,,,False,
27328.0,ANE53GX,VLG7CV,12.775705609171036,3.1682685748069344,16.454219305019254,8.283854534436747,6.300847777950567,TMA,8.182949842520218,TMA,1.914519004625771,TMA,1.914519004625771,3.0,False,3.300847777950567,CRJX,A320,,,,False,
27332.0,VLG7CV,ANE53GX,16.4594851337022,8.068072813320313,12.478043673037805,3.2305773023050763,6.265240531997953,TMA,2.112015437344789,TMA,8.297265917200834,TMA,8.297265917200834,3.0,False,3.2652405319979527,A320,CRJX,,,,False,
27332.0,VLG7CV,ANE53GX,16.4594851337022,8.068072813320313,12.478043673037805,3.2305773023050763,6.265240531997953,TMA,2.329251272615808,TMA,8.297265917200834,TMA,8.297265917200834,3.0,False,3.2652405319979527,A320,CRJX,,,,False,
27332.0,ANE53GX,VLG7CV,12.478043673037805,3.2305773023050763,16.46194784202321,7.835845330900785,6.089333793024086,TMA,8.297265917200834,TMA,2.112015437344789,TMA,2.112015437344789,3.0,False,3.0893337930240863,CRJX,A320,,,,False,
27332.0,ANE53GX,VLG7CV,12.478043673037805,3.2305773023050763,16.46194784202321,7.835845330900785,6.089333793024086,TMA,8.297265917200834,TMA,2.329251272615808,TMA,2.329251272615808,3.0,False,3.0893337930240863,CRJX,A320,,,,False,
27336.0,ANE53GX,VLG7CV,12.177590218476103,3.290360946150664,16.467675349524956,7.601735458814161,6.082169071975134,TMA,8.424711988015948,TMA,2.5499626598449097,TMA,2.5499626598449097,3.0,False,3.082169071975134,CRJX,A320,,,,False,
27484.0,RYR26UP,RYR26UP,16.926976047871634,9.885787425190722,16.789440648848096,9.753719884907204,0.19067726970224444,TMA,0.332391977467213,TMA,0.332391977467213,TMA,0.332391977467213,3.0,True,-2.8093227302977555,B738,B738,,,,False,
27484.0,RYR26UP,RYR26UP,16.926976047871634,9.885787425190722,16.789440648848096,9.753719884907204,0.19067726970224444,TMA,0.332391977467213,TMA,0.5179234023857843,TMA,0.5179234023857843,3.0,False,-2.8093227302977555,B738,B738,,,,False,
27484.0,RYR26UP,RYR26UP,16.926976047871634,9.885787425190722,16.789440648848096,9.753719884907204,0.19067726970224444,TMA,0.5179234023857843,TMA,0.332391977467213,TMA,0.332391977467213,3.0,False,-2.8093227302977555,B738,B738,,,,False,
27484.0,RYR26UP,RYR26UP,16.926976047871634,9.885787425190722,16.789440648848096,9.753719884907204,0.19067726970224444,TMA,0.5179234023857843,TMA,0.5179234023857843,TMA,0.5179234023857843,3.0,False,-2.8093227302977555,B738,B738,,,,False,
27544.0,RYR97BB,RYR26UP,18.12547046444246,10.453128714099536,15.961989617350646,6.470725987809889,4.53212762950166,TWR,0.4401158619663472,TMA,3.782892650933096,TMA,3.782892650933096,3.0,False,1.5321276295016597,B738,B738,,,,False,
27552.0,RYR26UP,RYR97BB,15.88201104295055,5.969837017833185,17.85719907472774,10.325936237387069,4.7829873689435765,TMA,4.282776698531037,TMA,0.696949760455624,TMA,0.696949760455624,3.0,False,1.7829873689435765,B738,B738,,,,False,
27556.0,RYR26UP,RYR97BB,15.840497554320082,5.717551005548979,17.699993552557505,10.252123330417204,4.901027600097943,TMA,4.535549450458023,TMA,0.5232945562879461,TMA,0.5232945562879461,3.0,False,1.901027600097943,B738,B738,,,,False,
27560.0,RYR26UP,RYR97BB,15.794590164302775,5.458419133210039,17.529985047237425,10.175083165911198,5.025785013019611,TMA,4.796473957250067,TMA,0.3366458404183337,TMA,0.3366458404183337,3.0,False,2.025785013019611,B738,B738,,,,False,
27568.0,RYR26UP,RYR97BB,15.682516381159388,4.920799076055792,17.175572569452306,10.004886315237908,5.298788525409766,TMA,5.343342522936063,TMA,0.0573065416541029,TMA,0.0573065416541029,3.0,False,2.2987885254097664,B738,B738,,,,False,
27572.0,RYR26UP,RYR97BB,15.566445520241684,4.6646284275495535,16.995916826432012,9.916062298174822,5.442512830740206,TMA,5.622221811443032,TMA,0.2572692123238901,TMA,0.2572692123238901,3.0,False,2.442512830740206,B738,B738,,,,False,
27576.0,RYR26UP,RYR97BB,15.448369133739318,4.400781444590121,16.828519544122248,9.826583061049138,5.598583600916347,TMA,5.909249438506562,TMA,0.4470806550703219,TMA,0.4470806550703219,3.0,False,2.5985836009163474,B738,B738,,,,False,
27580.0,RYR26UP,RYR97BB,15.256967893675892,4.170857051357319,16.68545975824114,9.689206372202392,5.700242822371726,TMA,6.187079049664095,TMA,0.6402629197777275,TMA,0.6402629197777275,3.0,False,2.7002428223717256,B738,B738,,,,False,
27584.0,RYR26UP,RYR97BB,15.0715694066029,3.93933432841823,16.56905036135978,9.544715353093665,5.801960499835465,TMA,6.466319857140062,TMA,0.8185786014538899,TMA,0.8185786014538899,3.0,False,2.801960499835465,B738,B738,,,,False,
27588.0,RYR26UP,RYR97BB,14.839425943236224,3.744455846668447,16.471005864864303,9.379300172539477,5.866304084980664,TMA,6.72909276699726,TMA,0.9991050246008212,TMA,0.9991050246008212,3.0,False,2.866304084980664,B738,B738,,,,False,
27592.0,RYR26UP,RYR97BB,14.594290950073216,3.5590648512369207,16.386524095898558,9.188857900893954,5.908186644898893,TMA,6.991204226805611,TMA,1.191333065454469,TMA,1.191333065454469,3.0,False,2.908186644898893,B738,B738,,,,False,
27596.0,RYR26UP,RYR97BB,14.343692668743314,3.3790064890788933,16.357162484048565,8.962993747445266,5.935905524748803,TMA,7.254136310000137,TMA,1.379686609341412,TMA,1.379686609341412,3.0,False,2.9359055247488026,B738,B738,,,,False,
27600.0,RYR26UP,RYR97BB,14.09128639195087,3.197926582740992,16.302126045016124,8.773547749936503,5.997946596264785,TMA,7.52221938349888,TMA,1.5635832308474331,TMA,1.5635832308474331,3.0,False,2.997946596264785,B738,B738,,,,False,
27604.0,RYR26UP,RYR97BB,13.845048009773542,3.0160023874479736,16.287512653671918,8.552835344888859,6.051623975041509,TMA,7.791548167772551,TMA,1.7545623546291311,TMA,1.7545623546291311,3.0,False,3.051623975041509,B738,B738,,,,False,
27608.0,RYR26UP,RYR97BB,13.595274772808644,2.8194908554669174,16.283842615474448,8.314761412242305,6.117711625827025,TMA,8.078125954517917,TMA,1.9618564787069404,TMA,1.9618564787069404,3.0,False,3.1177116258270248,B738,B738,,,,False,
27612.0,RYR26UP,RYR97BB,13.355116451416611,2.6329687246082507,16.283435327442387,8.071739616493455,6.176996054240818,TMA,8.35365335566118,TMA,2.1785187015581533,TMA,2.1785187015581533,3.0,False,3.176996054240818,B738,B738,,,,False,
27616.0,RYR26UP,RYR97BB,13.106877031362243,2.4344589459559085,16.278508569050725,7.819884273931784,6.249964205822644,TMA,8.645487687502996,TMA,2.410132543082462,TMA,2.410132543082462,3.0,False,3.2499642058226437,B738,B738,,,,False,
27620.0,RYR97BB,RYR26UP,16.277530426990406,7.562405059707093,12.863520700084075,2.238844551021457,6.324220023453351,TMA,2.6492960604168894,TMA,8.934186205407354,TMA,8.934186205407354,3.0,False,3.3242200234533508,B738,B738,,,,False,
27624.0,KLM1498,RYR97BB,18.36869832719626,10.56504508182229,16.287789964979645,7.308618787335972,3.864517023298634,TWR,0.1723768262010714,TMA,2.8844556643783847,TMA,2.8844556643783847,3.0,False,0.8645170232986339,E190,B738,,,,False,
27624.0,RYR97BB,RYR26UP,16.287789964979645,7.308618787335972,12.621164874438112,2.048006454332066,6.412346035012575,TMA,2.8844556643783847,TMA,9.219779448849446,TMA,9.219779448849446,3.0,False,3.4123460350125754,B738,B738,,,,False,
27628.0,KLM1498,RYR97BB,18.28781531914868,10.531695106352348,16.302902155554587,7.057338799777126,4.001378763882286,TWR,0.2598048625746007,TMA,3.118738454846464,TMA,3.118738454846464,3.0,False,1.0013787638822862,E190,B738,,,,False,
27628.0,RYR97BB,RYR26UP,16.302902155554587,7.057338799777126,12.374630029246095,1.8474071602279336,6.524929853041179,TMA,3.118738454846464,TMA,9.5173310002666,TMA,9.5173310002666,3.0,False,3.5249298530411792,B738,B738,,,,False,
27632.0,KLM1498,RYR97BB,18.19511670197605,10.485796547815193,16.3171866962001,6.805987013760452,4.131297533888576,TWR,0.3631899537991768,TMA,3.3558422268148216,TMA,3.3558422268148216,3.0,False,1.131297533888576,E190,B738,,,,False,
27644.0,RYR97BB,KLM1498,16.360055334990587,6.035519654495815,17.818214732964165,10.311531904730476,4.517799198067081,TMA,4.093746523079805,TMA,0.655507217999674,TMA,0.655507217999674,3.0,False,1.517799198067081,B738,E190,,,,False,
27648.0,RYR97BB,KLM1498,16.372952133667876,5.779194897484092,17.662525823093816,10.23827360011216,4.641808179652714,TMA,4.3421073497763,TMA,0.4834516727870216,TMA,0.4834516727870216,3.0,False,1.6418081796527142,B738,E190,,,,False,
27652.0,RYR97BB,KLM1498,16.3831325234333,5.517979679251813,17.4974465584977,10.163286401082622,4.777088057449642,TMA,4.596683931907295,TMA,0.3021398771092888,TMA,0.3021398771092888,3.0,False,1.7770880574496424,B738,E190,,,,False,
27656.0,RYR97BB,KLM1498,16.395655645465986,5.261517200213357,17.329832764408042,10.0897733465655,4.917798725480958,TMA,4.84690459596306,TMA,0.1191787170679134,TMA,0.1191787170679134,3.0,False,1.9177987254809583,B738,E190,,,,False,
27660.0,RYR97BB,KLM1498,16.405887411669976,5.0033009647315385,17.163318717806533,10.012860652817448,5.066496861936374,TMA,5.099874227315979,TMA,0.0643304004982323,TMA,0.0643304004982323,3.0,False,2.0664968619363737,B738,E190,,,,False,
27664.0,RYR97BB,KLM1498,16.414890942011997,4.739023417550553,17.00224006696665,9.93869162542762,5.232736231322242,TMA,5.35954162049717,TMA,0.241623845559777,TMA,0.241623845559777,3.0,False,2.2327362313222423,B738,E190,,,,False,
27668.0,RYR97BB,KLM1498,16.423667121889665,4.475674087602652,16.842680288238306,9.864768662013812,5.405359596319316,TMA,5.618766824813175,TMA,0.4174667315696079,TMA,0.4174667315696079,3.0,False,2.4053595963193164,B738,E190,,,,False,
27672.0,RYR97BB,KLM1498,16.433295859332258,4.217275354778473,16.688977301373008,9.777771315214608,5.566371199069517,TMA,5.873351497676044,TMA,0.5935917353899327,TMA,0.5935917353899327,3.0,False,2.5663711990695166,B738,E190,,,,False,
27676.0,RYR97BB,KLM1498,16.44354017850207,3.955603224098638,16.54756963509879,9.668615301887144,5.7139591465810415,TMA,6.131439103104279,TMA,0.7693524071939483,TMA,0.7693524071939483,3.0,False,2.7139591465810415,B738,E190,,,,False,
27680.0,RYR97BB,KLM1498,16.45205899247678,3.691660477969634,16.44029407586551,9.529161704383847,5.837513081925411,TMA,6.392296653141341,TMA,0.9330423371396308,TMA,0.9330423371396308,3.0,False,2.837513081925411,B738,E190,,,,False,
27684.0,RYR97BB,KLM1498,16.45991859702439,3.4287059582484485,16.357812071593692,9.385066021841256,5.957235176631761,TMA,6.652502312104839,TMA,1.0833604190001602,TMA,1.0833604190001602,3.0,False,2.9572351766317606,B738,E190,,,,False,
27688.0,RYR97BB,KLM1498,16.456888320095914,3.1607078681194607,16.29323812585563,9.221533864166537,6.063034977668767,TMA,6.919135373629239,TMA,1.2367800357933878,TMA,1.2367800357933878,3.0,False,3.0630349776687673,B738,E190,,,,False,
27692.0,RYR97BB,KLM1498,16.45024711520018,2.9017646135906774,16.264427963395597,9.04590935952475,6.146953994960971,TMA,7.177256283486059,TMA,1.378914574099092,TMA,1.378914574099092,3.0,False,3.1469539949609713,B738,E190,,,,False,
27696.0,RYR97BB,KLM1498,16.43899986553997,2.623278804771337,16.258468854686797,8.869608994841016,6.248938492996677,TMA,7.4553583874804605,TMA,1.514436176275721,TMA,1.514436176275721,3.0,False,3.248938492996677,B738,E190,,,,False,
27700.0,RYR97BB,KLM1498,16.43034833224593,2.3521949846253527,16.26249120755826,8.684988324866973,6.335017561500286,TMA,7.725875051890449,TMA,1.6586220024414648,TMA,1.6586220024414648,3.0,False,3.335017561500286,B738,E190,,,,False,
27704.0,RYR97BB,KLM1498,16.418838331849088,2.065995355314082,16.272739754856627,8.50147026641682,6.437133067261544,TMA,8.01176573475148,TMA,1.805957166888132,TMA,1.805957166888132,3.0,False,3.437133067261544,B738,E190,,,,False,
27708.0,RYR97BB,KLM1498,16.409706172846402,1.7755681403973869,16.273413580143632,8.311358740316546,6.53721151843944,TMA,8.3016675775417,TMA,1.969849994625099,TMA,1.969849994625099,3.0,False,3.53721151843944,B738,E190,,,,False,
27712.0,RYR97BB,KLM1498,16.411118202925074,1.487214237282805,16.269244125859675,8.124685023940454,6.638986872820045,TMA,8.58854788044573,TMA,2.137164812347204,TMA,2.137164812347204,3.0,False,3.6389868728200447,B738,E190,,,,False,
27716.0,RYR97BB,KLM1498,16.438167585738604,1.1899627810009468,16.25726952290585,7.937597865951626,6.750059507055771,TMA,8.882082821367455,TMA,2.311085118138018,TMA,2.311085118138018,3.0,False,3.750059507055771,B738,E190,,,,False,
27720.0,RYR97BB,KLM1498,16.5440168559785,0.8906378251527511,16.235242722740235,7.746328877600403,6.862640983758937,TMA,9.171834856473144,TMA,2.4947830647038063,TMA,2.4947830647038063,3.0,False,3.8626409837589373,B738,E190,,,,False,
27724.0,WMT95Z,KLM1498,18.24714944596509,10.51607399583425,16.211241196408622,7.562753309431817,3.5870636288396964,TWR,0.3033120763456777,TMA,2.6733434125405497,TMA,2.6733434125405497,3.0,False,0.5870636288396964,A21N,E190,,,,False,
27728.0,WMT95Z,KLM1498,18.137127127850444,10.46481190731446,16.17816392492492,7.373015278469835,3.66015617488533,TWR,0.4246686414867538,TMA,2.86178591474527,TMA,2.86178591474527,3.0,False,0.66015617488533,A21N,E190,,,,False,
27736.0,KLM1498,WMT95Z,16.111868068156802,6.996970427518172,17.860309843264137,10.328485738019452,3.762451714646306,TMA,3.2369633385303094,TMA,0.7008378044698572,TMA,0.7008378044698572,3.0,False,0.7624517146463061,E190,A21N,,,,False,
27740.0,KLM1498,WMT95Z,16.077550546453832,6.806860921562451,17.703125367106857,10.25973927503174,3.8163939028090246,TMA,3.4274625524835374,TMA,0.5293068332784698,TMA,0.5293068332784698,3.0,False,0.8163939028090246,E190,A21N,,,,False,
27744.0,KLM1498,WMT95Z,16.041965345993248,6.617913999407095,17.533391124838996,10.177127136941564,3.8590606385756123,TMA,3.6175608232648617,TMA,0.3405904294706713,TMA,0.3405904294706713,3.0,False,0.8590606385756123,E190,A21N,,,,False,
27748.0,KLM1498,WMT95Z,16.008215434864763,6.428743224724547,17.37181421790515,10.102431617017546,3.9185951621438955,TMA,3.8075033063765473,TMA,0.1626021525377168,TMA,0.1626021525377168,3.0,False,0.9185951621438955,E190,A21N,,,,False,
27752.0,KLM1498,WMT95Z,15.971258726224487,6.233508925468208,17.20292584853316,10.021916795085732,3.983596124954951,TMA,4.004419404144757,TMA,0.0251582903116978,TMA,0.0251582903116978,3.0,False,0.9835961249549512,E190,A21N,,,,False,
27756.0,KLM1498,WMT95Z,15.936764189458184,6.041658225064175,17.034479516701218,9.943872122257485,4.053671451796862,TMA,4.19752815940375,TMA,0.2102469858635967,TMA,0.2102469858635967,3.0,False,1.0536714517968617,E190,A21N,,,,False,
27760.0,KLM1498,WMT95Z,15.900051540000897,5.847106302068373,16.868646761479518,9.858910412234012,4.127075104891252,TMA,4.394041070876467,TMA,0.3965691176932031,TMA,0.3965691176932031,3.0,False,1.1270751048912517,E190,A21N,,,,False,
27764.0,KLM1498,WMT95Z,15.86236393268357,5.6491829914182885,16.713056692443892,9.749593196793407,4.187725160973803,TMA,4.5941894199805215,TMA,0.5853571592303974,TMA,0.5853571592303974,3.0,False,1.1877251609738027,E190,A21N,,,,False,
27768.0,KLM1498,WMT95Z,15.82431382315846,5.44678638511473,16.580943059625817,9.623546354640116,4.244739290522667,TMA,4.798833953020002,TMA,0.7636829365325407,TMA,0.7636829365325407,3.0,False,1.2447392905226673,E190,A21N,,,,False,
27772.0,KLM1498,WMT95Z,15.788329476205824,5.243909300036323,16.452198362801994,9.474694762084846,4.282553855408192,TMA,5.003452580425192,TMA,0.9541494500646804,TMA,0.9541494500646804,3.0,False,1.2825538554081923,E190,A21N,,,,False,
27776.0,KLM1498,WMT95Z,15.749393512708355,5.029551169076375,16.351301510593938,9.31100110209407,4.3235525632118605,TMA,5.220030879753676,TMA,1.1344951880475591,TMA,1.1344951880475591,3.0,False,1.3235525632118605,E190,A21N,,,,False,
27780.0,KLM1498,WMT95Z,15.70512735021353,4.809434075773237,16.268766285225436,9.128747531558378,4.355933605828713,TMA,5.443727572283783,TMA,1.3174663519598788,TMA,1.3174663519598788,3.0,False,1.3559336058287128,E190,A21N,,,,False,
27784.0,KLM1498,WMT95Z,15.639164474017496,4.586281700446055,16.226488254051898,8.924846974007005,4.378138629091466,TMA,5.676422332981695,TMA,1.4934081604887002,TMA,1.4934081604887002,3.0,False,1.378138629091466,E190,A21N,,,,False,
27788.0,KLM1498,WMT95Z,15.531594836771257,4.372422399177357,16.20492619934798,8.717521092203542,4.396960060765538,TMA,5.911961927565413,TMA,1.6667247403178302,TMA,1.6667247403178302,3.0,False,1.3969600607655384,E190,A21N,,,,False,
27792.0,KLM1498,WMT95Z,15.377639657957072,4.1748893020818105,16.1966029035014,8.50022688092132,4.402186498601998,TMA,6.145955563833239,TMA,1.8481804295144544,TMA,1.8481804295144544,3.0,False,1.4021864986019983,E190,A21N,,,,False,
27796.0,KLM1498,WMT95Z,15.194073121232844,4.005434695150596,16.192552011369504,8.276223662990692,4.385954685341973,TMA,6.36391694758778,TMA,2.040320136599459,TMA,2.040320136599459,3.0,False,1.3859546853419733,E190,A21N,,,,False,
27800.0,KLM1498,WMT95Z,14.989013880940195,3.847578645903417,16.196165746984846,8.047980311402675,4.370422151145588,TMA,6.580484138898423,TMA,2.2386346081287027,TMA,2.2386346081287027,3.0,False,1.370422151145588,E190,A21N,,,,False,
27804.0,KLM1498,WMT95Z,14.778941484557931,3.689756572401177,16.200870552369523,7.810766391014006,4.359427049394322,TMA,6.801770824393962,TMA,2.449880595241056,TMA,2.449880595241056,3.0,False,1.3594270493943217,E190,A21N,,,,False,
27808.0,KLM1498,WMT95Z,14.566710681813245,3.535624369867977,16.21129927070704,7.57044296596414,4.357112889302169,TMA,7.023314348861641,TMA,2.6662050776235406,TMA,2.6662050776235406,3.0,False,1.3571128893021687,E190,A21N,,,,False,
27812.0,KLM1498,WMT95Z,14.35445706091546,3.3741629788079828,16.224990379835365,7.324274907893817,4.370615419994732,TMA,7.254319270621619,TMA,2.8907214329080464,TMA,2.8907214329080464,3.0,False,1.3706154199947322,E190,A21N,,,,False,
27816.0,KLM1498,WMT95Z,14.141511701572748,3.210253371481545,16.241677803365196,7.072691504552354,4.396490189562306,TMA,7.49021222597005,TMA,3.1227639459207155,TMA,3.1227639459207155,3.0,False,1.3964901895623063,E190,A21N,,,,False,
27820.0,WMT95Z,KLM1498,16.257283911729466,6.808861019242864,13.923035602005957,3.0416373254434124,4.431781755746896,TMA,3.369747705799433,TMA,7.734864685826161,TMA,7.734864685826161,3.0,False,1.4317817557468961,A21N,E190,,,,False,
27824.0,WMT95Z,KLM1498,16.27523713231086,6.543300886722125,13.70061837653624,2.8673825631479715,4.487876698303404,TMA,3.620231328425661,TMA,7.988359318154664,TMA,7.988359318154664,3.0,False,1.4878766983034044,A21N,E190,,,,False,
27828.0,WMT95Z,KLM1498,16.2922479395506,6.268956918075488,13.47130353907202,2.6895035681072748,4.557434979809379,TMA,3.8815610805876473,TMA,8.250106571000893,TMA,8.250106571000893,3.0,False,1.5574349798093792,A21N,E190,,,,False,
27832.0,WMT95Z,KLM1498,16.30977772078107,5.993457357185871,13.242153801825332,2.5086555355167564,4.642645823714937,TMA,4.145655889341204,TMA,8.51624725126887,TMA,8.51624725126887,3.0,False,1.642645823714937,A21N,E190,,,,False,
27836.0,WMT95Z,KLM1498,16.326876150348724,5.704180443833854,13.006274964232182,2.3240143608451675,4.738345173773822,TMA,4.424794343399656,TMA,8.790580755598652,TMA,8.790580755598652,3.0,False,1.7383451737738218,A21N,E190,,,,False,
27840.0,WMT95Z,KLM1498,16.343012551387407,5.409627879492265,12.768448816304137,2.1375384657848104,4.846037043551035,TMA,4.710582383979501,TMA,9.069065215004098,TMA,9.069065215004098,3.0,False,1.8460370435510347,A21N,E190,,,,False,
27844.0,WMT95Z,KLM1498,16.363428142369624,5.116642360238943,12.531750917075744,1.9514833994268768,4.969907605383095,TMA,4.995158997107757,TMA,9.34809362730616,TMA,9.34809362730616,3.0,False,1.9699076053830948,A21N,E190,,,,False,
27848.0,IBE04LK,KLM1498,18.15160153653281,10.4665582818105,12.284510930239575,1.7550314497579529,10.503021085765075,TWR,0.4107626720375474,TMA,9.642778162255611,TMA,9.642778162255611,3.0,False,7.503021085765075,A20N,E190,,,,False,
27852.0,IBE04LK,KLM1498,18.02166801161904,10.40781082695118,12.043986526077182,1.5743227290282849,10.665982745098335,TWR,0.553358139890722,TMA,9.92182485174491,TMA,9.92182485174491,3.0,False,7.665982745098335,A20N,E190,,,,False,
27856.0,WMT95Z,KLM1498,16.41422159412063,4.208761417528646,11.78888030090472,1.3952009112750057,5.413862281318067,TMA,5.884379000431261,TMA,10.20852052027828,TMA,10.20852052027828,3.0,False,2.4138622813180666,A21N,E190,,,,False,
27856.0,KLM1498,IBE04LK,11.78888030090472,1.3952009112750057,17.87540333472076,10.336736716067266,10.816507069731669,TMA,10.20852052027828,TMA,0.7159426960973974,TMA,0.7159426960973974,3.0,False,7.816507069731669,E190,A20N,,,,False,
27860.0,WMT95Z,KLM1498,16.429986849125267,3.904790221954432,11.522350053709632,1.239741975846992,5.584566327817925,TMA,6.183566548612708,TMA,10.48297208268034,TMA,10.48297208268034,3.0,False,2.5845663278179254,A21N,E190,,,,False,
27860.0,KLM1498,IBE04LK,11.522350053709632,1.239741975846992,17.716863384290633,10.263261574294525,10.945131399225522,TMA,10.48297208268034,TMA,0.5432592958933747,TMA,0.5432592958933747,3.0,False,7.945131399225522,E190,A20N,,,,False,
27864.0,WMT95Z,KLM1498,16.4432856380396,3.599110157356725,11.24414479867646,1.0947919972769216,5.770846984147054,TMA,6.485230053977611,TMA,10.757013059733584,TMA,10.757013059733584,3.0,False,2.770846984147054,A21N,E190,,,,False,
27864.0,KLM1498,IBE04LK,11.24414479867646,1.0947919972769216,17.558336573444258,10.191180657858425,11.073089200078769,TMA,10.757013059733584,TMA,0.3691151162587913,TMA,0.3691151162587913,3.0,False,8.073089200078769,E190,A20N,,,,False,
27868.0,WMT95Z,KLM1498,16.448230978405558,3.2882849391078603,10.958325965377831,0.966902277032451,5.9605263623149325,TMA,6.793338729707421,TMA,11.02344445413278,TMA,11.02344445413278,3.0,False,2.9605263623149325,A21N,E190,,,,False,
27868.0,KLM1498,IBE04LK,10.958325965377831,0.966902277032451,17.39599602854764,10.122932499792324,11.192697855402198,TMA,11.02344445413278,TMA,0.1931844112131203,TMA,0.1931844112131203,3.0,False,8.192697855402198,E190,A20N,,,,False,
27872.0,WMT95Z,KLM1498,16.452630643579546,2.9825125028677264,10.66411380876546,0.8576365024332595,6.166200220893614,TMA,7.096723807421584,TMA,11.281984718681969,TMA,11.281984718681969,3.0,False,3.1662002208936144,A21N,E190,,,,False,
27872.0,KLM1498,IBE04LK,10.66411380876546,0.8576365024332595,17.24342816089698,10.054159629719445,11.307670625503444,TMA,11.281984718681969,TMA,0.0266152285696397,TMA,0.0266152285696397,3.0,False,8.307670625503444,E190,A20N,,,,False,
27876.0,WMT95Z,KLM1498,16.47905361664226,2.6803159081677905,10.365310377683445,0.7601352876008165,6.4081939739302225,TMA,7.394503749703976,TMA,11.536531380730024,TMA,11.536531380730024,3.0,False,3.4081939739302225,A21N,E190,,,,False,
27876.0,KLM1498,IBE04LK,10.365310377683445,0.7601352876008165,17.10050008147924,9.95915464381284,11.401084924781516,TMA,11.536531380730024,TMA,0.1451599561816541,TMA,0.1451599561816541,3.0,False,8.401084924781516,E190,A20N,,,,False,
27880.0,WMT95Z,KLM1498,16.540540698588767,2.383418952736022,10.061451559407356,0.6697486211846813,6.7018849645974825,TMA,7.684249750322073,TMA,11.791376173920144,TMA,11.791376173920144,3.0,False,3.7018849645974825,A21N,E190,,,,False,
27880.0,KLM1498,IBE04LK,10.061451559407356,0.6697486211846813,16.99087185852611,9.838322602719368,11.492589548779415,TMA,11.791376173920144,TMA,0.3056121013294221,TMA,0.3056121013294221,3.0,False,8.492589548779415,E190,A20N,,,,False,
27884.0,WMT95Z,IBE04LK,16.646168306951576,2.091254172684043,16.90213512032939,9.694557331131508,7.607610526887401,TMA,7.966961610207084,TMA,0.4693861618755555,TMA,0.4693861618755555,3.0,False,4.607610526887401,A21N,A20N,,,,False,
27888.0,WMT95Z,IBE04LK,16.789956780306145,1.8189316878924395,16.84231351303462,9.53888488574559,7.720130737526735,TMA,8.229779172763447,TMA,0.6270730860180654,TMA,0.6270730860180654,3.0,False,4.720130737526735,A21N,A20N,,,,False,
27892.0,WMT95Z,IBE04LK,16.958840252907216,1.558414010964792,16.80482056516622,9.375678937027049,7.818782065542879,TMA,8.483013652732721,TMA,0.7826173922421817,TMA,0.7826173922421817,3.0,False,4.818782065542879,A21N,A20N,,,,False,
27896.0,WMT95Z,IBE04LK,17.15982489812954,1.3257913566480088,16.776245204024956,9.202362353167082,7.885905404259858,TMA,8.711755778175224,TMA,0.9468793772540304,TMA,0.9468793772540304,3.0,False,4.885905404259858,A21N,A20N,,,,False,
27900.0,WMT95Z,IBE04LK,17.385996889279028,1.1195309427408555,16.754074244380664,9.023537502932228,7.929227322550641,TMA,8.919281251666124,TMA,1.1169039633616855,TMA,1.1169039633616855,3.0,False,4.929227322550641,A21N,A20N,,,,False,
27904.0,WMT95Z,IBE04LK,17.637520236860542,0.9444924277330438,16.739567206363446,8.8426032920143,7.948992066259502,TMA,9.102278834966867,TMA,1.2887505284953071,TMA,1.2887505284953071,3.0,False,4.948992066259502,A21N,A20N,,,,False,
27960.0,IBE04LK,DAL251,16.592315673214856,5.628932019323262,17.937115455364417,10.364767887297289,4.923070974753341,TMA,4.453247401865053,TMA,0.6481650114098293,TMA,0.6481650114098293,3.0,False,1.9230709747533412,A20N,A339,,,,False,
27964.0,IBE04LK,DAL251,16.577895990809886,5.367942977495163,17.792234690359752,10.297243340919762,5.076674162291917,TMA,4.713703481028299,TMA,0.625935915338793,TMA,0.625935915338793,3.0,False,2.0766741622919174,A20N,A339,,,,False,
27968.0,IBE04LK,DAL251,16.56232100511551,5.104006272908319,17.629543720337463,10.220714604950487,5.2268220248134964,TMA,4.977332078367855,TMA,0.446160929960849,TMA,0.446160929960849,3.0,False,2.2268220248134964,A20N,A339,,,,False,
27972.0,IBE04LK,DAL251,16.545092054002172,4.8376048001634135,17.45998438967084,10.134462507378354,5.375288788181299,TMA,5.243695671945982,TMA,0.2562901824805896,TMA,0.2562901824805896,3.0,False,2.375288788181299,A20N,A339,,,,False,
27976.0,IBE04LK,DAL251,16.528950599437373,4.571062151671028,17.28935084681022,10.059081874602834,5.54044844895187,TMA,5.510119798234584,TMA,0.0700015618307281,TMA,0.0700015618307281,3.0,False,2.54044844895187,A20N,A339,,,,False,
27980.0,IBE04LK,DAL251,16.513036823304336,4.305452095808492,17.118172685884222,9.976780381915002,5.703521187912965,TMA,5.775646459241567,TMA,0.1208950938104867,TMA,0.1208950938104867,3.0,False,2.7035211879129646,A20N,A339,,,,False,
27984.0,IBE04LK,DAL251,16.493620682704698,4.037249501162897,16.955447599115224,9.8993739194168,5.8802879857886134,TMA,6.044217684973581,TMA,0.3008586228523809,TMA,0.3008586228523809,3.0,False,2.8802879857886134,A20N,A339,,,,False,
27988.0,IBE04LK,DAL251,16.433738410890538,3.780598860238627,16.790426999113258,9.81436983385075,6.0443046672857665,TMA,6.306282455965837,TMA,0.486485894565205,TMA,0.486485894565205,3.0,False,3.0443046672857665,A20N,A339,,,,False,
27992.0,IBE04LK,DAL251,16.352029569519235,3.530052679314308,16.650958769743376,9.716866248557183,6.194031062830926,TMA,6.565271705725569,TMA,0.6555251728480322,TMA,0.6555251728480322,3.0,False,3.194031062830926,A20N,A339,,,,False,
27996.0,IBE04LK,DAL251,16.259798738578716,3.2738767380602427,16.52677734337746,9.5804218841349,6.312193695926806,TMA,6.831658850290382,TMA,0.8326031440729809,TMA,0.8326031440729809,3.0,False,3.3121936959268057,A20N,A339,,,,False,
28000.0,IBE04LK,DAL251,16.13775874353576,3.0299422011490598,16.43155300675953,9.427999939320308,6.4047995979637165,TMA,7.090887723717002,TMA,0.998684414694102,TMA,0.998684414694102,3.0,False,3.4047995979637165,A20N,A339,,,,False,
28004.0,IBE04LK,DAL251,16.01971933054759,2.78467795031336,16.36676527455989,9.260603229671403,6.485217738139864,TMA,7.351751786128902,TMA,1.155904124677493,TMA,1.155904124677493,3.0,False,3.4852177381398644,A20N,A339,,,,False,
28008.0,IBE04LK,DAL251,15.898391827851665,2.5292549618775992,16.330487835644547,9.083721432108884,6.568693756702066,TMA,7.623984274418151,TMA,1.3059870875285855,TMA,1.3059870875285855,3.0,False,3.568693756702066,A20N,A339,,,,False,
28308.0,WZZ521,WZZ17JZ,18.243196635337924,10.513326997196668,16.09148426786119,7.845185216631881,3.4276590661189976,TWR,0.308037003720191,TMA,2.46685393714405,TMA,2.46685393714405,3.0,False,0.4276590661189976,A21N,A21N,,,,False,
28312.0,WZZ521,WZZ17JZ,18.131025803295387,10.45909959292785,16.109972574075623,7.627902220749295,3.478553537832986,TWR,0.4325775327876171,TMA,2.6540000251240783,TMA,2.6540000251240783,3.0,False,0.47855353783298593,A21N,A21N,,,,False,
28320.0,WZZ17JZ,WZZ521,16.138674417112988,7.167539257507411,17.845541851221697,10.3200520310003,3.5849314114298862,TMA,3.067736202166575,TMA,0.6839025357232315,TMA,0.6839025357232315,3.0,False,0.5849314114298862,A21N,A21N,,,,False,
28324.0,WZZ17JZ,WZZ521,16.15645075798955,6.937764191839984,17.68283329077599,10.251563965666255,3.648439745618199,TMA,3.2778623531744406,TMA,0.5074591211181737,TMA,0.5074591211181737,3.0,False,0.648439745618199,A21N,A21N,,,,False,
28328.0,WZZ17JZ,WZZ521,16.17048984925467,6.691317728901998,17.51087474853969,10.171868264334092,3.729727028607851,TMA,3.507580609824946,TMA,0.3179309059324006,TMA,0.3179309059324006,3.0,False,0.7297270286078512,A21N,A21N,,,,False,
28332.0,WZZ17JZ,WZZ521,16.192179720093048,6.449004743202377,17.343344996812643,10.09284856920545,3.8213583085894496,TMA,3.733392203556709,TMA,0.1327035589434733,TMA,0.1327035589434733,3.0,False,0.8213583085894496,A21N,A21N,,,,False,
28336.0,WZZ17JZ,WZZ521,16.21020821477047,6.189855615318473,17.16978399835702,10.012567222299488,3.9413081222600588,TMA,3.978486665512672,TMA,0.0585258957948476,TMA,0.0585258957948476,3.0,False,0.9413081222600588,A21N,A21N,,,,False,
28340.0,WZZ17JZ,WZZ521,16.233514083270897,5.932103469685335,16.996434762874525,9.929154766953932,4.069209632884921,TMA,4.222738455130686,TMA,0.2508963501400172,TMA,0.2508963501400172,3.0,False,1.0692096328849212,A21N,A21N,,,,False,
28344.0,WZZ17JZ,WZZ521,16.257289132996828,5.664668855875488,16.831514417292244,9.837258833780789,4.211916642199832,TMA,4.477981548665485,TMA,0.4394801011006862,TMA,0.4394801011006862,3.0,False,1.2119166421998324,A21N,A21N,,,,False,
28348.0,WZZ17JZ,WZZ521,16.28587773275579,5.394220810604397,16.68555144670554,9.715911188119852,4.340132117428232,TMA,4.736688879443695,TMA,0.6260659989492888,TMA,0.6260659989492888,3.0,False,1.3401321174282321,A21N,A21N,,,,False,
28352.0,WZZ17JZ,WZZ521,16.312920686512008,5.118633472054968,16.543596451499756,9.577773155149536,4.465102240923651,TMA,5.002137976261886,TMA,0.8200760459316024,TMA,0.8200760459316024,3.0,False,1.4651022409236507,A21N,A21N,,,,False,
28356.0,WZZ17JZ,WZZ521,16.343194007149428,4.84841909671291,16.434040648753385,9.424077110895617,4.576559775098009,TMA,5.2629292860592765,TMA,0.9991175506790896,TMA,0.9991175506790896,3.0,False,1.5765597750980094,A21N,A21N,,,,False,
28360.0,WZZ17JZ,WZZ521,16.370236327277695,4.569325646443166,16.33998234786198,9.247582090178936,4.678354267969212,TMA,5.534062805082471,TMA,1.1845184156886586,TMA,1.1845184156886586,3.0,False,1.6783542679692118,A21N,A21N,,,,False,
28364.0,WZZ17JZ,WZZ521,16.399353956680166,4.291168363627906,16.271760136760008,9.051695861566868,4.762237104714003,TMA,5.804855268259361,TMA,1.3696586765273435,TMA,1.3696586765273435,3.0,False,1.7622371047140026,A21N,A21N,,,,False,
28368.0,WZZ17JZ,WZZ521,16.425591924007627,4.007090094507031,16.24067669401982,8.850385315942722,4.846823933697534,TMA,6.082699631265502,TMA,1.5405888918699877,TMA,1.5405888918699877,3.0,False,1.846823933697534,A21N,A21N,,,,False,
28372.0,WZZ17JZ,WZZ521,16.453617144642,3.719964946099031,16.227770073995575,8.633647664863728,4.918870272736047,TMA,6.364011089878145,TMA,1.7205855919327122,TMA,1.7205855919327122,3.0,False,1.9188702727360472,A21N,A21N,,,,False,
28376.0,WZZ17JZ,WZZ521,16.482293658850647,3.4300366846029453,16.228304791492494,8.412376937544117,4.988809952365371,TMA,6.648651071436533,TMA,1.9051232469074768,TMA,1.9051232469074768,3.0,False,1.9888099523653713,A21N,A21N,,,,False,
28380.0,WZZ17JZ,WZZ521,16.505436267889433,3.13066795347662,16.230436039156025,8.18257769808694,5.059389013852575,TMA,6.943808078500063,TMA,2.103541962488749,TMA,2.103541962488749,3.0,False,2.0593890138525746,A21N,A21N,,,,False,
28384.0,WZZ17JZ,WZZ521,16.534551758656175,2.830999718874248,16.24109218179741,7.95288515204432,5.13028546123604,TMA,7.239112765501828,TMA,2.304051162500801,TMA,2.304051162500801,3.0,False,2.1302854612360402,A21N,A21N,,,,False,
28388.0,WZZ17JZ,WZZ521,16.59024644543097,2.5389259652748977,16.253575246597613,7.714404582056972,5.186417492729676,TMA,7.525028287355031,TMA,2.517015057873711,TMA,2.517015057873711,3.0,False,2.1864174927296762,A21N,A21N,,,,False,
28392.0,WZZ17JZ,WZZ521,16.692352995066212,2.2549898013455003,16.265077738575076,7.46803190936498,5.230523125347382,TMA,7.800387614513588,TMA,2.7419891766309274,TMA,2.7419891766309274,3.0,False,2.230523125347382,A21N,A21N,,,,False,
28396.0,WZZ17JZ,WZZ521,16.835149650462583,1.974696858945869,16.278553951191153,7.212083748279303,5.266879550645638,TMA,8.071937115642177,TMA,2.978857348006441,TMA,2.978857348006441,3.0,False,2.266879550645638,A21N,A21N,,,,False,
28400.0,WZZ17JZ,WZZ521,17.006652963230614,1.721616580290497,16.293868396981363,6.951367916638049,5.278102014731446,TMA,8.318511915828603,TMA,3.2227385763820577,TMA,3.2227385763820577,3.0,False,2.278102014731446,A21N,A21N,,,,False,
28404.0,WZZ17JZ,WZZ521,17.209306700312776,1.4930984001283616,16.30971171720636,6.686251134094017,5.270493947622481,TMA,8.544231668619732,TMA,3.473243672173062,TMA,3.473243672173062,3.0,False,2.270493947622481,A21N,A21N,,,,False,
28408.0,WZZ17JZ,WZZ521,17.444000547099275,1.2864614647837804,16.327104729271994,6.420231527072519,5.253860611049002,TMA,8.753652726043358,TMA,3.726342299663596,TMA,3.726342299663596,3.0,False,2.253860611049002,A21N,A21N,,,,False,
28412.0,WZZ17JZ,WZZ521,17.697782599639506,1.1164613099354783,16.34202313864531,6.145821440927911,5.208891152951028,TMA,8.933493165007025,TMA,3.989931820754496,TMA,3.989931820754496,3.0,False,2.2088911529510282,A21N,A21N,,,,False,
28416.0,WZZ17JZ,WZZ521,17.964835659313124,0.9729307796246204,16.360496549633595,5.877140906074545,5.159959393563217,TMA,9.094708952522632,TMA,4.248609579201751,TMA,4.248609579201751,3.0,False,2.1599593935632173,A21N,A21N,,,,False,
28420.0,WZZ17JZ,WZZ521,18.246438698326024,0.8558221030644723,16.372192796938684,5.593027586236365,5.094498354957149,TMA,9.23838143713521,TMA,4.524963306373438,TMA,4.524963306373438,3.0,False,2.0944983549571488,A21N,A21N,,,,False,
28420.0,WZZ521,AEA68NT,16.372192796938684,5.593027586236365,17.898943119773943,10.348592202673274,4.994633256745113,TMA,4.524963306373438,TMA,0.6896002782084953,TMA,0.6896002782084953,3.0,False,1.9946332567451126,A21N,B738,,,,False,
28424.0,WZZ17JZ,WZZ521,18.53898469028739,0.7702857591550547,16.386635694788513,5.314337337927177,5.028022568462322,TMA,9.360032417380578,TMA,4.796432044633567,TMA,4.796432044633567,3.0,False,2.0280225684623217,A21N,A21N,,,,False,
28424.0,WZZ521,AEA68NT,16.386635694788513,5.314337337927177,17.75358079461037,10.278373099389585,5.148804710513369,TMA,4.796432044633567,TMA,0.5829373735049376,TMA,0.5829373735049376,3.0,False,2.148804710513369,A21N,B738,,,,False,
28428.0,WZZ17JZ,WZZ521,18.8379186903592,0.7011756482703841,16.402423750581622,5.0375458510132525,4.97350400994293,TMA,9.474815563213523,TMA,5.06663420908178,TMA,5.06663420908178,3.0,False,1.9735040099429302,A21N,A21N,,,,False,
28428.0,WZZ521,AEA68NT,16.402423750581622,5.0375458510132525,17.599618598187266,10.211153755183242,5.310319599536706,TMA,5.06663420908178,TMA,0.4149663110881133,TMA,0.4149663110881133,3.0,False,2.3103195995367063,A21N,B738,,,,False,
28432.0,WZZ521,AEA68NT,16.4176729339735,4.758218651953803,17.433339823569717,10.133660966051934,5.470553838764292,TMA,5.340146366795423,TMA,0.2315191487797312,TMA,0.2315191487797312,3.0,False,2.4705538387642916,A21N,B738,,,,False,
28436.0,WZZ521,AEA68NT,16.431261934049484,4.4731452763261705,17.273867263064922,10.058699156238092,5.648751710412163,TMA,5.620195246427111,TMA,0.0553454289021265,TMA,0.0553454289021265,3.0,False,2.6487517104121627,A21N,B738,,,,False,
28440.0,WZZ521,AEA68NT,16.445735112151443,4.193310162177046,17.10895882170573,9.9751676125938,5.81977158193126,TMA,5.895447540322057,TMA,0.1297180300073206,TMA,0.1297180300073206,3.0,False,2.81977158193126,A21N,B738,,,,False,
28444.0,WZZ521,AEA68NT,16.464462907748516,3.90537913927362,16.951684561316178,9.896513811669443,6.010913375061116,TMA,6.1786563030493165,TMA,0.3055152690980261,TMA,0.3055152690980261,3.0,False,3.010913375061116,A21N,B738,,,,False,
28448.0,WZZ521,AEA68NT,16.508290879398743,3.632372270926297,16.799725922970424,9.794125768024458,6.168641709778827,TMA,6.444679714621958,TMA,0.4880062352500317,TMA,0.4880062352500317,3.0,False,3.168641709778827,A21N,B738,,,,False,
28452.0,WZZ521,AEA68NT,16.616263051205877,3.361559942081956,16.67336104375766,9.666623254756036,6.305321844091869,TMA,6.703258395630732,TMA,0.6628111539626181,TMA,0.6628111539626181,3.0,False,3.3053218440918686,A21N,B738,,,,False,
28456.0,WZZ521,AEA68NT,16.710703963146784,3.11343292172106,16.565352508579295,9.5237016210633,6.41191639395834,TMA,6.942799479068677,TMA,0.8343045903218312,TMA,0.8343045903218312,3.0,False,3.4119163939583403,A21N,B738,,,,False,
28460.0,WZZ521,AEA68NT,16.871927085222218,2.870731730176095,16.482272100648455,9.365355731732215,6.506302477489962,TMA,7.175172687485731,TMA,0.999971729038969,TMA,0.999971729038969,3.0,False,3.506302477489962,A21N,B738,,,,False,
28464.0,WZZ521,AEA68NT,17.054180454600235,2.6614240940476503,16.418354721168843,9.194960719828606,6.564402120811518,TMA,7.377822849114168,TMA,1.164787265225248,TMA,1.164787265225248,3.0,False,3.5644021208115184,A21N,B738,,,,False,
28468.0,WZZ521,AEA68NT,17.262558888640992,2.4653678781073807,16.385503322228928,9.018611929580317,6.6116740742976585,TMA,7.57205579532495,TMA,1.318658727071865,TMA,1.318658727071865,3.0,False,3.6116740742976585,A21N,B738,,,,False,
28472.0,WZZ521,AEA68NT,17.49239966740698,2.2965250280980825,16.370802743930522,8.840846955507335,6.639738635542923,TMA,7.745487172151403,TMA,1.4688350356819482,TMA,1.4688350356819482,3.0,False,3.6397386355429227,A21N,B738,,,,False,
28476.0,WZZ521,AEA68NT,17.73491793853956,2.141881149962765,16.367010727391033,8.65326530378726,6.653517395858288,TMA,7.912028262580477,TMA,1.627271298576302,TMA,1.627271298576302,3.0,False,3.6535173958582883,A21N,B738,,,,False,
28480.0,WZZ521,AEA68NT,17.98154024435402,1.9859635347261255,16.37359142846063,8.467972941953233,6.678468787822076,TMA,8.08702605435012,TMA,1.7843862023909214,TMA,1.7843862023909214,3.0,False,3.6784687878220756,A21N,B738,,,,False,
28484.0,WZZ521,AEA68NT,18.2309431944224,1.833607001957089,16.380346288126255,8.282054696107325,6.708739566698379,TMA,8.26542274643795,TMA,1.946975296224261,TMA,1.946975296224261,3.0,False,3.7087395666983793,A21N,B738,,,,False,
28496.0,RYR2VW,AEA68NT,18.189588999983776,10.47963303377153,16.398005570751426,7.68105714264203,3.3229201317984187,TWR,0.3708060450657147,TMA,2.4964549641305296,TMA,2.4964549641305296,3.0,False,0.3229201317984187,B738,B738,,,,False,
28500.0,RYR2VW,AEA68NT,18.07588808449933,10.430580046368233,16.402120817257202,7.466613293342274,3.4039088968323497,TWR,0.4945836432766305,TMA,2.6985317795141297,TMA,2.6985317795141297,3.0,False,0.40390889683234965,B738,B738,,,,False,
28508.0,AEA68NT,RYR2VW,16.41237125762385,7.0150565697971645,17.80064346128877,10.300525688433202,3.5667361888678735,TMA,3.129040833154899,TMA,0.6349486286188265,TMA,0.6349486286188265,3.0,False,0.5667361888678735,B738,B738,,,,False,
28512.0,AEA68NT,RYR2VW,16.416776326522662,6.782610984078248,17.6378620935358,10.223704487078589,3.6513250946462192,TMA,3.3530329618787045,TMA,0.4549735839794354,TMA,0.4549735839794354,3.0,False,0.6513250946462192,B738,B738,,,,False,
28516.0,AEA68NT,RYR2VW,16.420197338769484,6.540507966256845,17.477612908590075,10.133503217679808,3.745362808066391,TMA,3.587741645255849,TMA,0.2723449068521588,TMA,0.2723449068521588,3.0,False,0.7453628080663912,B738,B738,,,,False,
28520.0,AEA68NT,RYR2VW,16.426893773411944,6.2953425292933485,17.27355858038884,10.070518561156906,3.8689527480870454,TMA,3.825687683512081,TMA,0.0606365107340341,TMA,0.0606365107340341,3.0,False,0.8689527480870454,B738,B738,,,,False,
28524.0,AEA68NT,RYR2VW,16.431448794987823,6.044703759054941,17.093472413734236,9.980531515492752,3.9911170616914244,TMA,4.070288054145772,TMA,0.1412627213316121,TMA,0.1412627213316121,3.0,False,0.9911170616914244,B738,B738,,,,False,
28528.0,AEA68NT,RYR2VW,16.435377023265804,5.788453931717372,16.91500040099961,9.897480906723986,4.136924131018212,TMA,4.321217539123587,TMA,0.3380924528890563,TMA,0.3380924528890563,3.0,False,1.1369241310182119,B738,B738,,,,False,
28532.0,AEA68NT,RYR2VW,16.439659824198973,5.529236317017161,16.733531165344015,9.808092157784632,4.288935493944423,TMA,4.575603759567293,TMA,0.540320997036265,TMA,0.540320997036265,3.0,False,1.2889354939444226,B738,B738,,,,False,
28536.0,AEA68NT,RYR2VW,16.444003946291193,5.271858649267953,16.552917278099606,9.719304287506263,4.448779025635076,TMA,4.828681749957859,TMA,0.741552863964561,TMA,0.741552863964561,3.0,False,1.4487790256350763,B738,B738,,,,False,
28540.0,AEA68NT,RYR2VW,16.448572965208918,5.01608632578016,16.382819449973077,9.623993865256642,4.608376657471704,TMA,5.080574465264939,TMA,0.9361814129148788,TMA,0.9361814129148788,3.0,False,1.6083766574717044,B738,B738,,,,False,
28544.0,AEA68NT,RYR2VW,16.448822137448197,4.754639474461279,16.23070543252833,9.497339481511572,4.7477129498148845,TMA,5.339080138095115,TMA,1.129542273395528,TMA,1.129542273395528,3.0,False,1.7477129498148845,B738,B738,,,,False,
28548.0,AEA68NT,RYR2VW,16.44831667669613,4.490315629128545,16.106855633985166,9.339706560093104,4.86139774602023,TMA,5.600812713921387,TMA,1.3160683013097716,TMA,1.3160683013097716,3.0,False,1.8613977460202298,B738,B738,,,,False,
28552.0,AEA68NT,RYR2VW,16.451138327520315,4.234078667323599,16.02286543065151,9.16434878905484,4.948836342760607,TMA,5.854322542639296,TMA,1.4839015994980165,TMA,1.4839015994980165,3.0,False,1.9488363427606066,B738,B738,,,,False,
28556.0,AEA68NT,RYR2VW,16.4674386417426,3.974858011131116,15.968636563319814,8.975222954205652,5.025181894953425,TMA,6.109340060287359,TMA,1.6434780306681442,TMA,1.6434780306681442,3.0,False,2.025181894953425,B738,B738,,,,False,
28560.0,AEA68NT,RYR2VW,16.510739796865632,3.72606662684676,15.964993018302676,8.77131043221491,5.074674827209871,TMA,6.351296468296127,TMA,1.7846295096331872,TMA,1.7846295096331872,3.0,False,2.074674827209871,B738,B738,,,,False,
28564.0,AEA68NT,RYR2VW,16.631542810186907,3.4714593099315723,15.993328813079074,8.566732790674518,5.135088017713688,TMA,6.592429366074994,TMA,1.9168382099244816,TMA,1.9168382099244816,3.0,False,2.135088017713688,B738,B738,,,,False,
28568.0,AEA68NT,RYR2VW,16.73864978924588,3.252074633719101,16.045307134652035,8.367290745613783,5.161991854707463,TMA,6.802496986504544,TMA,2.0434107810427404,TMA,2.0434107810427404,3.0,False,2.1619918547074626,B738,B738,,,,False,
28572.0,AEA68NT,RYR2VW,16.89678903528739,3.045511415770225,16.100837059453273,8.15872258062087,5.174791586546025,TMA,6.999405232479285,TMA,2.188142432418724,TMA,2.188142432418724,3.0,False,2.174791586546025,B738,B738,,,,False,
28576.0,AEA68NT,RYR2VW,17.07132648626907,2.852416453732706,16.15268102689115,7.94318826590822,5.172994019296412,TMA,7.186499832080932,TMA,2.3517181804407503,TMA,2.3517181804407503,3.0,False,2.1729940192964117,B738,B738,,,,False,
28580.0,AEA68NT,RYR2VW,17.26422529527149,2.6736336389914785,16.19451418882547,7.723707087740193,5.162123951341221,TMA,7.363802165739676,TMA,2.531839390855798,TMA,2.531839390855798,3.0,False,2.162123951341221,B738,B738,,,,False,
28584.0,AEA68NT,RYR2VW,17.46374461633435,2.4996252656907694,16.226027436853222,7.495407275959304,5.146822486787886,TMA,7.54154349295665,TMA,2.730367869879369,TMA,2.730367869879369,3.0,False,2.146822486787886,B738,B738,,,,False,
28588.0,AEA68NT,RYR2VW,17.66552557459248,2.32226799047789,16.247854474478252,7.259976632969733,5.137193590496441,TMA,7.727742748129262,TMA,2.9434990647872032,TMA,2.9434990647872032,3.0,False,2.137193590496441,B738,B738,,,,False,
28592.0,AEA68NT,RYR2VW,17.868158464915258,2.142750193401548,16.26858930103591,7.024993552984961,5.137598829436763,TMA,7.920901904465637,TMA,3.159851172502073,TMA,3.159851172502073,3.0,False,2.1375988294367634,B738,B738,,,,False,
28596.0,AEA68NT,RYR2VW,18.07342175569603,1.9607878569097537,16.282319590996615,6.775617086069499,5.137180887448092,TMA,8.121199923396318,TMA,3.3945897023516745,TMA,3.3945897023516745,3.0,False,2.1371808874480918,B738,B738,,,,False,
28600.0,AEA68NT,RYR2VW,18.279696472930105,1.7794445999457886,16.294084199157062,6.518035920229991,5.137791724314146,TMA,8.325232007167148,TMA,3.639766844248346,TMA,3.639766844248346,3.0,False,2.1377917243141464,B738,B738,,,,False,
28604.0,AEA68NT,RYR2VW,18.48859116476148,1.595399902077003,16.305789976541295,6.255374894040362,5.145870961559313,TMA,8.536286437330254,TMA,3.8915349966191823,TMA,3.8915349966191823,3.0,False,2.1458709615593126,B738,B738,,,,False,
28608.0,AEA68NT,RYR2VW,18.69647274894457,1.408066708624994,16.31864513713158,5.991126300205966,5.163186939428265,TMA,8.754179569192436,TMA,4.145986872363859,TMA,4.145986872363859,3.0,False,2.1631869394282646,B738,B738,,,,False,
